date,rate
1962-02-10,0.00067536
1967-11-19,0.000392
1971-08-22,0.0004767
1974-11-10,0.00078018
1975-06-18,0.00080998
1975-08-05,0.00080103
1975-09-09,0.00080521
1975-09-28,0.00087423
1975-11-24,0.00089204
1976-01-04,0.00090218
1976-02-11,0.0009253
1976-03-15,0.00092977
1976-04-19,0.00094134
1976-05-20,0.00095724
1976-06-24,0.00097584
1976-07-19,0.00099779
1976-08-25,0.00102187
1976-09-29,0.00103902
1976-11-01,0.00105197
1976-11-24,0.00107039
1976-12-24,0.00095314
1977-01-17,0.0009718
1977-03-02,0.0010006
1977-03-21,0.00101985
1977-05-25,0.0010388
1977-07-04,0.00106683
1977-07-18,0.00108511
1977-08-01,0.00110456
1977-08-17,0.00111169
1977-09-20,0.00113659
1977-10-17,0.00116267
1977-10-31,0.0017133
1977-11-01,0.0017203
1977-11-02,0.0017209
1977-11-03,0.0017154
1977-11-04,0.0017122
1977-11-07,0.0017124
1977-11-08,0.0017096
1977-11-09,0.001716
1977-11-10,0.0017162
1977-11-11,0.001716
1977-11-14,0.0017104
1977-11-15,0.0017137
1977-11-16,0.0017128
1977-11-17,0.0017178
1977-11-18,0.0017162
1977-11-21,0.0017213
1977-11-22,0.0017247
1977-11-23,0.0017234
1977-11-24,0.001724
1977-11-25,0.0017257
1977-11-28,0.001731
1977-11-29,0.0017315
1977-11-30,0.001725
1977-12-01,0.0017248
1977-12-02,0.0017263
1977-12-05,0.0017266
1977-12-06,0.0017344
1977-12-07,0.001733
1977-12-08,0.0017328
1977-12-09,0.0017329
1977-12-12,0.0017315
1977-12-13,0.0017331
1977-12-14,0.0017446
1977-12-15,0.0017409
1977-12-16,0.001741
1977-12-19,0.0017367
1977-12-20,0.001744
1977-12-21,0.0017426
1977-12-22,0.0017443
1977-12-23,0.0017381
1977-12-27,0.0017432
1977-12-28,0.001745
1977-12-29,0.0017579
1977-12-30,0.0017585
1978-01-03,0.0017611
1978-01-04,0.0017767
1978-01-05,0.0017652
1978-01-06,0.0017672
1978-01-09,0.0017705
1978-01-10,0.0017772
1978-01-11,0.0017868
1978-01-12,0.0017889
1978-01-13,0.0017888
1978-01-16,0.0017912
1978-01-17,0.0017987
1978-01-18,0.0018015
1978-01-19,0.001803
1978-01-20,0.0018064
1978-01-23,0.0018072
1978-01-24,0.0018153
1978-01-25,0.0018225
1978-01-26,0.0018242
1978-01-27,0.0018249
1978-01-31,0.0018247
1978-02-01,0.0018251
1978-02-02,0.0018225
1978-02-03,0.0018222
1978-02-06,0.0018205
1978-02-07,0.0018201
1978-02-08,0.00182
1978-02-09,0.0018167
1978-02-10,0.0018168
1978-02-13,0.0018184
1978-02-14,0.0018186
1978-02-15,0.0018194
1978-02-16,0.0018159
1978-02-17,0.0018166
1978-02-20,0.001825
1978-02-21,0.001831
1978-02-22,0.00183
1978-02-23,0.0018333
1978-02-24,0.0018421
1978-02-27,0.0018485
1978-02-28,0.0018495
1978-03-01,0.0018554
1978-03-02,0.0018616
1978-03-03,0.0018616
1978-03-06,0.0018644
1978-03-07,0.0018604
1978-03-09,0.0018599
1978-03-10,0.0018584
1978-03-13,0.0018541
1978-03-14,0.0018614
1978-03-15,0.0018695
1978-03-16,0.0018764
1978-03-17,0.0018773
1978-03-20,0.0018875
1978-03-21,0.0018847
1978-03-22,0.0018783
1978-03-23,0.0018772
1978-03-28,0.0018764
1978-03-29,0.0018789
1978-03-30,0.0018764
1978-03-31,0.0018745
1978-04-03,0.0018856
1978-04-04,0.0018813
1978-04-05,0.001881
1978-04-06,0.0018857
1978-04-07,0.0018853
1978-04-10,0.0018842
1978-04-11,0.0018859
1978-04-12,0.001889
1978-04-13,0.0018892
1978-04-14,0.0018904
1978-04-17,0.0018874
1978-04-18,0.0018423
1978-04-19,0.0018842
1978-04-20,0.0018833
1978-04-21,0.0018829
1978-04-24,0.0018799
1978-04-25,0.0018876
1978-04-26,0.00189
1978-04-27,0.0018955
1978-05-01,0.0018974
1978-05-02,0.0018949
1978-05-03,0.0018924
1978-05-04,0.0018941
1978-05-05,0.0018981
1978-05-08,0.0018942
1978-05-09,0.0018922
1978-05-10,0.0018984
1978-05-12,0.0019036
1978-05-15,0.0019023
1978-05-16,0.0019115
1978-05-17,0.0019129
1978-05-18,0.0019192
1978-05-19,0.0019229
1978-05-22,0.0019294
1978-05-23,0.0019344
1978-05-24,0.001936
1978-05-25,0.0019398
1978-05-26,0.0019502
1978-05-29,0.0019596
1978-05-30,0.0019686
1978-05-31,0.0019751
1978-06-01,0.0019812
1978-06-02,0.0019792
1978-06-05,0.0019842
1978-06-06,0.0019762
1978-06-07,0.0019793
1978-06-08,0.0019739
1978-06-09,0.0019772
1978-06-12,0.001976
1978-06-13,0.0019842
1978-06-14,0.001981
1978-06-15,0.0019842
1978-06-16,0.0019818
1978-06-19,0.0019843
1978-06-20,0.0019889
1978-06-21,0.0019984
1978-06-22,0.0020039
1978-06-23,0.0020091
1978-06-26,0.0020177
1978-06-27,0.0020267
1978-06-28,0.0020374
1978-06-29,0.0020401
1978-06-30,0.0020487
1978-07-03,0.0020544
1978-07-04,0.0020552
1978-07-05,0.0020497
1978-07-06,0.0020467
1978-07-07,0.0020364
1978-07-10,0.0020427
1978-07-11,0.0020402
1978-07-12,0.0020361
1978-07-13,0.0020472
1978-07-14,0.0020484
1978-07-17,0.0020542
1978-07-18,0.0020606
1978-07-19,0.0020658
1978-07-20,0.0020687
1978-07-21,0.00208
1978-07-24,0.0020832
1978-07-25,0.0020882
1978-07-26,0.0020889
1978-07-27,0.0020933
1978-07-28,0.0020987
1978-07-31,0.0021024
1978-08-01,0.0021102
1978-08-02,0.0021078
1978-08-03,0.0020969
1978-08-04,0.0020987
1978-08-07,0.0021001
1978-08-08,0.0021038
1978-08-09,0.0021108
1978-08-10,0.0021113
1978-08-11,0.0021133
1978-08-14,0.0021164
1978-08-15,0.002127
1978-08-16,0.0021218
1978-08-17,0.0021134
1978-08-18,0.0021107
1978-08-21,0.0021015
1978-08-22,0.0021027
1978-08-23,0.0020912
1978-08-24,0.0020938
1978-08-25,0.0020923
1978-08-28,0.0020914
1978-08-29,0.0020921
1978-08-30,0.0021126
1978-08-31,0.0021162
1978-09-01,0.0021122
1978-09-04,0.0021189
1978-09-05,0.0021171
1978-09-06,0.0021112
1978-09-07,0.0021034
1978-09-08,0.002099
1978-09-11,0.0020981
1978-09-12,0.0021047
1978-09-13,0.0021072
1978-09-14,0.0021184
1978-09-15,0.0021263
1978-09-18,0.0021294
1978-09-19,0.0021316
1978-09-20,0.0021388
1978-09-21,0.0021419
1978-09-22,0.0021308
1978-09-25,0.0021263
1978-09-26,0.0021252
1978-09-27,0.002107
1978-09-28,0.0021072
1978-09-29,0.0021222
1978-10-04,0.0021222
1978-10-05,0.0021227
1978-10-06,0.0021208
1978-10-09,0.0021168
1978-10-10,0.0021187
1978-10-12,0.0021306
1978-10-13,0.002127
1978-10-17,0.0021371
1978-10-18,0.0021436
1978-10-19,0.0021491
1978-10-20,0.002154
1978-10-24,0.0021623
1978-10-25,0.0021742
1978-10-26,0.0021831
1978-10-27,0.0021867
1978-10-30,0.0021917
1978-10-31,0.0022026
1978-11-01,0.0021877
1978-11-02,0.0021368
1978-11-03,0.0021386
1978-11-06,0.0021321
1978-11-08,0.0021398
1978-11-09,0.0021529
1978-11-10,0.0021512
1978-11-13,0.0021528
1978-11-14,0.0021562
1978-11-15,0.0021601
1978-11-16,0.0021593
1978-11-17,0.0021556
1978-11-20,0.002147
1978-11-21,0.002155
1978-11-22,0.0021554
1978-11-23,0.0021605
1978-11-24,0.0021637
1978-11-27,0.0021562
1978-11-28,0.0021522
1978-11-29,0.0021469
1978-11-30,0.0021446
1978-12-01,0.0021215
1978-12-04,0.0021191
1978-12-05,0.0021236
1978-12-06,0.0021235
1978-12-07,0.0021209
1978-12-08,0.0021179
1978-12-11,0.0021236
1978-12-12,0.0021371
1978-12-13,0.0021225
1978-12-14,0.0021225
1978-12-15,0.0021277
1978-12-18,0.002135
1978-12-19,0.0021406
1978-12-20,0.0021525
1978-12-21,0.002156
1978-12-22,0.0021582
1978-12-26,0.0021646
1978-12-27,0.0021801
1978-12-28,0.0021831
1978-12-29,0.0021844
1979-01-02,0.0021953
1979-01-03,0.0021899
1979-01-04,0.0021762
1979-01-05,0.0021759
1979-01-08,0.0021784
1979-01-09,0.0021502
1979-01-10,0.0021378
1979-01-11,0.0021321
1979-01-12,0.0021308
1979-01-15,0.0021442
1979-01-16,0.0021677
1979-01-17,0.0021788
1979-01-18,0.0021804
1979-01-19,0.0021822
1979-01-22,0.0021871
1979-01-23,0.0021848
1979-01-24,0.002181
1979-01-25,0.0021609
1979-01-26,0.0021671
1979-01-30,0.0021745
1979-01-31,0.0021676
1979-02-01,0.0021545
1979-02-02,0.0021648
1979-02-05,0.0021905
1979-02-06,0.0021972
1979-02-07,0.0021935
1979-02-08,0.0021779
1979-02-09,0.0021708
1979-02-12,0.0021996
1979-02-13,0.0022224
1979-02-14,0.0022292
1979-02-15,0.0022376
1979-02-16,0.0022328
1979-02-19,0.0022247
1979-02-20,0.0022329
1979-02-21,0.002233
1979-02-22,0.0022277
1979-02-23,0.0022257
1979-02-26,0.002219
1979-02-27,0.0021865
1979-02-28,0.0021717
1979-03-01,0.0021913
1979-03-02,0.0021724
1979-03-05,0.0021623
1979-03-06,0.0021633
1979-03-07,0.0021797
1979-03-08,0.0022054
1979-03-09,0.0022277
1979-03-12,0.0022436
1979-03-13,0.0022549
1979-03-15,0.0022594
1979-03-16,0.0022796
1979-03-19,0.0022927
1979-03-20,0.0023056
1979-03-21,0.0023161
1979-03-22,0.0023262
1979-03-23,0.0023404
1979-03-26,0.0023472
1979-03-27,0.0023678
1979-03-28,0.002375
1979-03-29,0.0023842
1979-03-30,0.0023931
1979-04-02,0.0023862
1979-04-03,0.0023902
1979-04-04,0.0023898
1979-04-05,0.0023934
1979-04-06,0.0024012
1979-04-09,0.0024108
1979-04-10,0.0024269
1979-04-11,0.0024375
1979-04-17,0.0024523
1979-04-19,0.0024659
1979-04-20,0.0024682
1979-04-23,0.0024676
1979-04-24,0.0024738
1979-04-26,0.0024886
1979-04-27,0.0024927
1979-04-30,0.0024942
1979-05-01,0.0024976
1979-05-03,0.0025069
1979-05-04,0.0025118
1979-05-07,0.0025187
1979-05-08,0.002556
1979-05-09,0.0025596
1979-05-10,0.0025803
1979-05-11,0.0025862
1979-05-14,0.0026021
1979-05-15,0.0026037
1979-05-16,0.002608
1979-05-17,0.0026331
1979-05-18,0.0026408
1979-05-21,0.0026463
1979-05-22,0.0026613
1979-05-23,0.0026579
1979-05-24,0.0026786
1979-05-25,0.0026846
1979-05-28,0.0026862
1979-05-29,0.0026839
1979-05-30,0.0026816
1979-05-31,0.0026677
1979-06-04,0.0026706
1979-06-05,0.0026683
1979-06-06,0.0026552
1979-06-07,0.0026538
1979-06-08,0.0026606
1979-06-11,0.0026849
1979-06-12,0.002705
1979-06-13,0.0027117
1979-06-14,0.0027195
1979-06-15,0.0027311
1979-06-18,0.0027555
1979-06-19,0.0027658
1979-06-20,0.0027775
1979-06-21,0.0027872
1979-06-22,0.0027967
1979-06-25,0.002825
1979-06-26,0.0028431
1979-06-27,0.0028386
1979-06-28,0.0028416
1979-06-29,0.0028266
1979-07-02,0.0028263
1979-07-03,0.002817
1979-07-04,0.0028333
1979-07-05,0.002844
1979-07-06,0.0028491
1979-07-09,0.0028547
1979-07-10,0.0028635
1979-07-11,0.0028743
1979-07-12,0.0028827
1979-07-13,0.0028843
1979-07-16,0.0028875
1979-07-17,0.0029009
1979-07-18,0.0029199
1979-07-19,0.0029156
1979-07-20,0.0029243
1979-07-23,0.0029298
1979-07-24,0.002944
1979-07-25,0.0029448
1979-07-26,0.0029327
1979-07-27,0.0029296
1979-07-30,0.0029364
1979-07-31,0.0029256
1979-08-01,0.0029162
1979-08-03,0.0029182
1979-08-06,0.0029274
1979-08-07,0.0029315
1979-08-08,0.0029421
1979-08-09,0.0029433
1979-08-10,0.0029624
1979-08-13,0.0029846
1979-08-14,0.0029876
1979-08-15,0.0029931
1979-08-16,0.0030057
1979-08-17,0.0030116
1979-08-20,0.0030337
1979-08-21,0.0030437
1979-08-22,0.0030442
1979-08-23,0.003044
1979-08-24,0.0030506
1979-08-27,0.003062
1979-08-28,0.0030596
1979-08-29,0.003058
1979-08-30,0.003058
1979-08-31,0.0030602
1979-09-03,0.0030707
1979-09-04,0.0030815
1979-09-05,0.0030826
1979-09-06,0.0030992
1979-09-07,0.0031027
1979-09-10,0.0031121
1979-09-11,0.0031292
1979-09-12,0.003128
1979-09-13,0.0031337
1979-09-14,0.0031552
1979-09-17,0.0031823
1979-09-18,0.0032036
1979-09-19,0.0032184
1979-09-20,0.0032509
1979-09-21,0.0032733
1979-09-24,0.003268
1979-09-25,0.0032662
1979-09-26,0.003262
1979-09-27,0.0032631
1979-09-28,0.003267
1979-10-02,0.0032706
1979-10-03,0.0032717
1979-10-04,0.0032875
1979-10-05,0.0032903
1979-10-08,0.0032988
1979-10-09,0.0032879
1979-10-10,0.0033107
1979-10-11,0.0033233
1979-10-12,0.0033204
1979-10-15,0.0033206
1979-10-16,0.0033286
1979-10-17,0.003316
1979-10-18,0.0033272
1979-10-19,0.0033388
1979-10-22,0.0033478
1979-10-23,0.0033515
1979-10-24,0.0033461
1979-10-25,0.0033549
1979-10-26,0.0033639
1979-10-29,0.0033665
1979-10-30,0.0033616
1979-10-31,0.0033613
1979-11-01,0.0033611
1979-11-02,0.0033788
1979-11-05,0.003404
1979-11-06,0.0034383
1979-11-07,0.0034566
1979-11-08,0.0034439
1979-11-09,0.003421
1979-11-12,0.0034334
1979-11-13,0.0034333
1979-11-14,0.0034266
1979-11-15,0.0034406
1979-11-16,0.0034538
1979-11-19,0.0034794
1979-11-20,0.0034951
1979-11-21,0.0035144
1979-11-22,0.003535
1979-11-23,0.0035538
1979-11-26,0.003547
1979-11-27,0.0035711
1979-11-28,0.0035867
1979-11-29,0.0035865
1979-11-30,0.0035945
1979-12-03,0.0036283
1979-12-04,0.0036404
1979-12-05,0.0036452
1979-12-06,0.0036674
1979-12-07,0.0036862
1979-12-10,0.0037049
1979-12-11,0.0037332
1979-12-12,0.0037452
1979-12-13,0.0037349
1979-12-14,0.0037213
1979-12-17,0.0037401
1979-12-18,0.0037588
1979-12-19,0.0037738
1979-12-20,0.0037908
1979-12-21,0.0038054
1979-12-24,0.0038233
1979-12-27,0.0038735
1979-12-28,0.0038875
1979-12-31,0.0039097
1980-01-02,0.0039128
1980-01-03,0.0039434
1980-01-04,0.0039429
1980-01-06,3.9429
1980-01-07,0.003983
1980-01-08,0.003994
1980-01-09,0.004004
1980-01-10,0.0040046
1980-01-11,0.0040263
1980-01-13,4.0263
1980-01-14,0.0040274
1980-01-15,0.004043
1980-01-16,0.0040363
1980-01-17,0.0040407
1980-01-18,0.0040525
1980-01-20,4.0525
1980-01-21,0.0040656
1980-01-22,0.004061
1980-01-23,0.0040798
1980-01-24,0.004087
1980-01-25,0.0040838
1980-01-27,4.0838
1980-01-28,4.0838
1980-01-29,0.0040944
1980-01-30,0.004097
1980-01-31,0.0041044
1980-02-01,0.0041056
1980-02-03,4.1056
1980-02-04,0.0041254
1980-02-05,0.0041517
1980-02-06,0.0041557
1980-02-07,0.004173
1980-02-08,0.0041761
1980-02-10,4.1761
1980-02-11,0.0041876
1980-02-12,0.0041886
1980-02-13,0.0041911
1980-02-14,0.0041925
1980-02-15,0.0042054
1980-02-17,4.2054
1980-02-18,0.0042382
1980-02-19,0.0042601
1980-02-20,0.0042745
1980-02-21,0.0042857
1980-02-22,0.0042912
1980-02-24,4.2912
1980-02-25,0.0043813
1980-02-26,0.0043752
1980-02-27,0.0043441
1980-02-28,0.0043427
1980-02-29,0.0043448
1980-03-04,0.0043291
1980-03-05,0.0043193
1980-03-06,0.0043172
1980-03-07,0.00432
1980-03-09,4.32
1980-03-10,0.0043344
1980-03-11,0.0043432
1980-03-12,0.0043682
1980-03-13,0.0043972
1980-03-14,0.0044135
1980-03-16,4.4135
1980-03-17,0.0044282
1980-03-18,0.0044354
1980-03-19,0.0044385
1980-03-20,0.0044506
1980-03-21,0.0044514
1980-03-23,4.4514
1980-03-24,0.0044601
1980-03-25,0.0044644
1980-03-26,0.0044723
1980-03-27,0.0044776
1980-03-28,0.0044843
1980-03-30,4.4843
1980-03-31,0.0044941
1980-04-02,0.0044685
1980-04-03,0.0045075
1980-04-04,4.5075
1980-04-06,4.5075
1980-04-08,0.0045191
1980-04-09,0.0045866
1980-04-10,0.0046335
1980-04-11,0.0046774
1980-04-13,4.6774
1980-04-14,0.0046753
1980-04-15,0.0046753
1980-04-16,0.0046721
1980-04-17,0.0046965
1980-04-18,0.0047287
1980-04-20,4.7287
1980-04-22,0.0047316
1980-04-23,0.0047444
1980-04-24,0.0047845
1980-04-25,4.7845
1980-04-27,4.7845
1980-04-28,0.0048018
1980-04-29,0.0048039
1980-04-30,0.0047989
1980-05-01,0.0048047
1980-05-02,0.0048139
1980-05-04,4.8139
1980-05-05,0.0048494
1980-05-06,0.0048939
1980-05-07,0.0049124
1980-05-08,0.004931
1980-05-09,0.0049512
1980-05-11,4.9512
1980-05-12,0.0049892
1980-05-13,0.005018
1980-05-14,0.0050283
1980-05-15,0.0050402
1980-05-16,0.0050916
1980-05-18,5.0916
1980-05-19,0.0051384
1980-05-20,0.0051363
1980-05-22,0.0051754
1980-05-23,0.0052102
1980-05-25,5.2102
1980-05-26,0.0053039
1980-05-27,0.0053313
1980-05-28,0.0053008
1980-05-29,0.0052892
1980-05-30,0.005267
1980-06-01,5.267
1980-06-02,0.0052679
1980-06-03,0.0052587
1980-06-04,0.0053007
1980-06-05,0.0053294
1980-06-06,0.0053819
1980-06-08,5.3819
1980-06-09,0.005436
1980-06-10,0.0054516
1980-06-11,0.0054713
1980-06-12,0.0054865
1980-06-13,0.0054915
1980-06-15,5.4915
1980-06-16,0.0055202
1980-06-17,0.0055282
1980-06-18,0.0055622
1980-06-19,0.0055746
1980-06-20,0.0055857
1980-06-22,5.5857
1980-06-23,0.0056274
1980-06-24,0.0056472
1980-06-25,0.0056832
1980-06-26,0.0057066
1980-06-27,0.0057331
1980-06-29,5.7331
1980-06-30,0.0057529
1980-07-01,0.0057519
1980-07-02,0.0057722
1980-07-03,0.0057961
1980-07-04,0.0058083
1980-07-06,5.8083
1980-07-07,0.0058349
1980-07-08,0.0058666
1980-07-09,0.0058655
1980-07-10,0.0058784
1980-07-11,0.005894
1980-07-13,5.894
1980-07-14,0.005898
1980-07-15,0.0059203
1980-07-16,0.00593
1980-07-17,0.0059799
1980-07-18,0.0059931
1980-07-20,5.9931
1980-07-21,0.0059896
1980-07-23,0.0059763
1980-07-24,0.0059708
1980-07-25,0.0059714
1980-07-27,5.9714
1980-07-28,0.0059984
1980-07-29,0.0059974
1980-07-30,0.0060126
1980-07-31,0.0060363
1980-08-01,0.0060378
1980-08-03,6.0378
1980-08-04,0.0060525
1980-08-05,0.0060916
1980-08-06,0.0061064
1980-08-07,0.0061307
1980-08-08,0.0061616
1980-08-10,6.1616
1980-08-11,0.0061546
1980-08-12,0.0061687
1980-08-13,0.0062025
1980-08-14,0.0061904
1980-08-15,0.0061941
1980-08-17,6.1941
1980-08-18,0.0062254
1980-08-19,0.0062894
1980-08-20,0.0063466
1980-08-21,0.0063723
1980-08-22,0.0063837
1980-08-24,6.3837
1980-08-25,0.0064179
1980-08-26,0.0064546
1980-08-27,0.0064916
1980-08-28,0.0065007
1980-08-29,0.0065012
1980-08-31,6.5012
1980-09-01,0.00652
1980-09-02,0.0065386
1980-09-03,0.0065485
1980-09-04,0.0065391
1980-09-05,0.0065534
1980-09-07,6.5534
1980-09-08,0.0066154
1980-09-09,0.006639
1980-09-10,0.0066608
1980-09-14,6.6608
1980-09-15,0.0067192
1980-09-16,0.0067311
1980-09-17,0.0067541
1980-09-18,0.0067803
1980-09-19,0.0068261
1980-09-21,6.8261
1980-09-22,0.006831
1980-09-23,0.0068296
1980-09-24,0.006852
1980-09-26,0.0069153
1980-09-28,6.9153
1980-09-29,0.0069118
1980-10-03,0.0069678
1980-10-05,6.9678
1980-10-06,0.0069996
1980-10-07,0.0070202
1980-10-08,0.0070334
1980-10-09,0.007058
1980-10-10,0.0070781
1980-10-12,7.0781
1980-10-13,0.0070999
1980-10-14,0.0071171
1980-10-15,0.007138
1980-10-16,0.0071191
1980-10-17,0.0071546
1980-10-19,7.1546
1980-10-20,0.0071875
1980-10-21,0.0072157
1980-10-22,0.0072457
1980-10-23,0.0072464
1980-10-24,0.007293
1980-10-26,7.293
1980-10-27,0.0073481
1980-10-28,0.0073565
1980-10-29,0.0073684
1980-10-30,0.0074367
1980-10-31,0.007469
1980-11-02,7.469
1980-11-03,0.007466
1980-11-04,0.0074991
1980-11-05,0.0075417
1980-11-06,0.0075896
1980-11-07,0.0076651
1980-11-09,7.6651
1980-11-10,0.0076952
1980-11-11,0.0077409
1980-11-12,0.0077458
1980-11-13,0.0077616
1980-11-14,0.0077785
1980-11-16,7.7785
1980-11-17,0.0078457
1980-11-18,0.0078657
1980-11-19,0.0078823
1980-11-20,0.0079074
1980-11-21,0.0079425
1980-11-23,7.9425
1980-11-24,0.0080076
1980-11-25,0.0080269
1980-11-26,0.0080775
1980-11-27,0.0081183
1980-11-28,0.0081235
1980-11-30,8.1235
1980-12-01,0.0080825
1980-12-02,0.0082026
1980-12-03,0.0082359
1980-12-04,0.0082382
1980-12-05,0.0082911
1980-12-07,8.2911
1980-12-08,0.008406
1980-12-09,0.0084875
1980-12-10,0.008589
1980-12-11,0.0085665
1980-12-12,0.0086154
1980-12-14,8.6154
1980-12-15,0.0086859
1980-12-16,0.0087619
1980-12-17,0.0088484
1980-12-18,0.0087776
1980-12-19,0.0088846
1980-12-21,8.8846
1980-12-22,0.0089174
1980-12-23,0.0089032
1980-12-24,0.0088666
1980-12-26,8.8666
1980-12-28,8.8666
1980-12-29,0.0090136
1980-12-30,0.0089622
1980-12-31,0.0089085
1981-01-02,0.0089935
1981-01-04,8.9935
1981-01-05,0.009086
1981-01-06,0.0091316
1981-01-07,0.0091441
1981-01-08,0.0091065
1981-01-09,0.0091217
1981-01-11,9.1217
1981-01-12,0.0091732
1981-01-13,0.0091281
1981-01-14,0.0092681
1981-01-15,0.0093341
1981-01-16,0.0093291
1981-01-18,9.3291
1981-01-19,0.0094478
1981-01-20,0.00946
1981-01-21,0.0095125
1981-01-22,0.0095896
1981-01-23,0.0095759
1981-01-25,9.5759
1981-01-26,9.5759
1981-01-27,0.0095366
1981-01-28,0.0095036
1981-01-29,0.0094571
1981-01-30,0.0094444
1981-02-01,9.4444
1981-02-02,0.0095069
1981-02-03,0.0093916
1981-02-04,0.0093568
1981-02-05,0.0094217
1981-02-06,0.0094909
1981-02-08,9.4909
1981-02-09,0.00963
1981-02-10,0.009601
1981-02-11,0.009606
1981-02-12,0.0096513
1981-02-13,0.0097436
1981-02-15,9.7436
1981-02-16,0.0098168
1981-02-17,0.0098974
1981-02-18,0.0099843
1981-02-19,0.0099734
1981-02-20,0.0100411
1981-02-22,10.0411
1981-02-23,0.0100221
1981-02-24,0.0099734
1981-02-25,0.0100047
1981-02-26,0.0099795
1981-02-27,0.0100056
1981-03-01,10.0056
1981-03-02,0.009968
1981-03-03,0.0100097
1981-03-04,0.0100493
1981-03-05,0.0101392
1981-03-06,0.010083
1981-03-08,10.083
1981-03-09,0.0101126
1981-03-10,0.0102285
1981-03-11,0.010255
1981-03-12,0.0101722
1981-03-13,0.0102048
1981-03-15,10.2048
1981-03-16,0.0102482
1981-03-17,0.0103068
1981-03-18,0.0103566
1981-03-19,0.0104062
1981-03-20,0.0103977
1981-03-23,0.0104325
1981-03-24,0.0104576
1981-03-25,0.0104453
1981-03-26,0.0103846
1981-03-27,0.0103669
1981-03-29,10.3669
1981-03-30,0.0103476
1981-03-31,0.0103569
1981-04-01,0.0103452
1981-04-02,0.0104159
1981-04-03,0.0104468
1981-04-05,10.4468
1981-04-06,0.01051
1981-04-07,0.0105578
1981-04-08,0.0106631
1981-04-09,0.0106857
1981-04-10,0.0106728
1981-04-12,10.6728
1981-04-13,0.01065
1981-04-14,0.0106122
1981-04-15,0.010641
1981-04-16,0.0106099
1981-04-17,10.6099
1981-04-20,10.6099
1981-04-21,0.0106887
1981-04-22,0.0108067
1981-04-23,0.0107704
1981-04-24,0.0107995
1981-04-26,10.7995
1981-04-27,0.0109156
1981-04-28,0.0108954
1981-04-29,0.0109273
1981-04-30,0.0109157
1981-05-01,0.0109687
1981-05-03,10.9687
1981-05-04,0.0110429
1981-05-05,0.011133
1981-05-06,0.0112232
1981-05-08,0.0112583
1981-05-10,11.2583
1981-05-11,0.0113348
1981-05-12,0.0113397
1981-05-13,0.0113604
1981-05-14,0.0113091
1981-05-15,0.0113455
1981-05-17,11.3455
1981-05-18,0.0115243
1981-05-19,0.0117755
1981-05-20,0.01186
1981-05-21,0.0119733
1981-05-22,0.0119678
1981-05-24,11.9678
1981-05-25,0.0120842
1981-05-26,0.0121181
1981-05-27,0.0121765
1981-05-28,0.0123176
1981-05-29,0.0123037
1981-05-31,12.3037
1981-06-01,0.0124154
1981-06-02,0.0123588
1981-06-03,0.0125768
1981-06-04,0.0126394
1981-06-05,0.0126071
1981-06-07,12.6071
1981-06-09,0.0127299
1981-06-10,0.0128816
1981-06-11,0.0129281
1981-06-12,0.0129553
1981-06-14,12.9553
1981-06-15,0.0130657
1981-06-16,0.0131565
1981-06-17,0.0132324
1981-06-18,0.0131669
1981-06-19,0.0132019
1981-06-21,13.2019
1981-06-22,0.0132673
1981-06-23,0.0133429
1981-06-24,0.0133361
1981-06-25,0.0133162
1981-06-26,0.0133091
1981-06-28,13.3091
1981-06-29,0.0134128
1981-07-01,0.0134642
1981-07-02,0.0135122
1981-07-03,0.0136314
1981-07-05,13.6314
1981-07-06,0.0136912
1981-07-07,0.0137569
1981-07-08,0.0138345
1981-07-09,0.013798
1981-07-10,0.0137674
1981-07-12,13.7674
1981-07-13,0.0137984
1981-07-14,0.0137786
1981-07-15,0.0137688
1981-07-16,0.0138006
1981-07-17,0.0138013
1981-07-19,13.8013
1981-07-20,0.0137901
1981-07-21,0.0137719
1981-07-22,0.0137983
1981-07-23,0.0138526
1981-07-24,0.0138133
1981-07-26,13.8133
1981-07-27,0.013887
1981-07-28,0.0138571
1981-07-29,0.0138586
1981-07-30,0.0138376
1981-07-31,0.0138067
1981-08-02,13.8067
1981-08-03,0.0138216
1981-08-04,0.0138017
1981-08-05,0.0138584
1981-08-06,0.0139293
1981-08-07,0.013894
1981-08-10,0.0138727
1981-08-11,0.0139754
1981-08-12,0.0141025
1981-08-13,0.0141426
1981-08-14,0.0141328
1981-08-16,14.1328
1981-08-17,0.014216
1981-08-18,0.014386
1981-08-19,0.0144217
1981-08-20,0.0144375
1981-08-21,0.0144581
1981-08-23,14.4581
1981-08-24,0.014477
1981-08-25,0.0144263
1981-08-26,0.0144595
1981-08-27,0.0145911
1981-08-28,0.0146273
1981-08-30,14.6273
1981-08-31,0.0146227
1981-09-01,0.0145437
1981-09-02,0.0145412
1981-09-03,0.0145336
1981-09-04,0.0144926
1981-09-06,14.4926
1981-09-07,0.0148538
1981-09-08,0.0150075
1981-09-09,0.0151206
1981-09-10,0.0151499
1981-09-11,0.0152139
1981-09-13,15.2139
1981-09-14,0.0151919
1981-09-15,0.0151997
1981-09-16,0.015256
1981-09-17,0.0152607
1981-09-18,0.0152052
1981-09-20,15.2052
1981-09-21,0.0151671
1981-09-22,0.0151817
1981-09-23,0.0151947
1981-09-24,0.0152145
1981-09-25,0.0152519
1981-09-27,15.2519
1981-09-28,0.0153466
1981-10-01,0.0154158
1981-10-02,0.0154706
1981-10-04,15.4706
1981-10-05,0.015636
1981-10-06,0.0156661
1981-10-07,0.015787
1981-10-09,0.0156793
1981-10-11,15.6793
1981-10-12,0.0156288
1981-10-14,0.0156692
1981-10-15,0.0157133
1981-10-16,0.0156729
1981-10-18,15.6729
1981-10-19,0.0157532
1981-10-21,0.0157066
1981-10-22,0.0157252
1981-10-23,0.0157502
1981-10-25,15.7502
1981-10-26,0.0158019
1981-10-28,0.0158432
1981-10-29,0.0159351
1981-10-30,0.0160454
1981-11-01,16.0454
1981-11-02,0.0161907
1981-11-03,0.0161744
1981-11-04,0.0161537
1981-11-05,0.0162155
1981-11-06,0.0161802
1981-11-08,16.1802
1981-11-09,0.0163122
1981-11-10,0.0162997
1981-11-11,0.0163423
1981-11-12,0.0163977
1981-11-13,0.0164454
1981-11-15,16.4454
1981-11-16,0.0165056
1981-11-17,0.0166347
1981-11-18,0.0166934
1981-11-19,0.0167982
1981-11-20,0.016822
1981-11-22,16.822
1981-11-23,0.0169445
1981-11-24,0.0170663
1981-11-25,0.0170917
1981-11-26,0.0172153
1981-11-27,0.017268
1981-11-29,17.268
1981-11-30,0.0172289
1981-12-01,0.0172259
1981-12-02,0.017159
1981-12-03,0.0171937
1981-12-04,0.0172025
1981-12-06,17.2025
1981-12-07,0.0172906
1981-12-08,0.0172811
1981-12-09,0.0172581
1981-12-10,0.0172056
1981-12-11,0.0171913
1981-12-13,17.1913
1981-12-14,0.0172321
1981-12-15,0.0172606
1981-12-16,0.0173828
1981-12-17,0.0173519
1981-12-18,0.0173142
1981-12-20,17.3142
1981-12-21,0.0174312
1981-12-22,0.0175261
1981-12-23,0.0175749
1981-12-24,0.0175326
1981-12-27,17.5326
1981-12-28,0.0175898
1981-12-29,0.0175492
1981-12-30,0.0175774
1981-12-31,0.0176022
1982-01-03,17.6022
1982-01-04,0.0176515
1982-01-05,0.0176575
1982-01-06,0.0177138
1982-01-07,0.017772
1982-01-08,0.0178343
1982-01-10,17.8343
1982-01-11,0.0179001
1982-01-12,0.0178795
1982-01-13,0.0179322
1982-01-14,0.017891
1982-01-15,0.0179262
1982-01-17,17.9262
1982-01-18,0.0179734
1982-01-19,0.0181422
1982-01-20,0.0181605
1982-01-21,0.0181893
1982-01-22,0.0182047
1982-01-24,18.2047
1982-01-25,0.0182826
1982-01-26,0.0183124
1982-01-27,0.0183815
1982-01-28,0.0183397
1982-01-29,0.0184009
1982-01-31,18.4009
1982-02-01,18.4009
1982-02-02,0.0184828
1982-02-03,0.0185409
1982-02-04,0.0185156
1982-02-05,0.0185965
1982-02-07,18.5965
1982-02-08,0.0186796
1982-02-09,0.0187287
1982-02-10,0.018741
1982-02-11,0.0188014
1982-02-12,0.0187554
1982-02-14,18.7554
1982-02-15,0.0188787
1982-02-16,0.0189695
1982-02-17,0.019022
1982-02-18,0.0191363
1982-02-19,0.0192586
1982-02-21,19.2586
1982-02-22,0.0194244
1982-02-23,0.0193905
1982-02-24,0.0194967
1982-02-25,0.0194301
1982-02-26,0.0194044
1982-02-28,19.4044
1982-03-01,0.0194139
1982-03-02,0.0195198
1982-03-03,0.0195514
1982-03-04,0.0195581
1982-03-05,0.019639
1982-03-07,19.639
1982-03-08,0.0197357
1982-03-11,0.0196642
1982-03-12,0.0197139
1982-03-14,19.7139
1982-03-15,0.0197672
1982-03-16,0.0198252
1982-03-17,0.0199422
1982-03-18,0.0199884
1982-03-19,0.0199464
1982-03-21,19.9464
1982-03-22,0.0200463
1982-03-23,0.0200366
1982-03-24,0.0201881
1982-03-25,0.0200955
1982-03-26,0.0200188
1982-03-28,20.0188
1982-03-29,0.0201033
1982-03-30,0.0201123
1982-03-31,0.0201217
1982-04-01,0.0202062
1982-04-02,0.0203011
1982-04-04,20.3011
1982-04-05,0.0204011
1982-04-06,0.0204205
1982-04-07,0.020579
1982-04-09,20.579
1982-04-11,20.579
1982-04-12,20.579
1982-04-13,0.0208236
1982-04-15,0.0208954
1982-04-16,0.0209687
1982-04-18,20.9687
1982-04-19,0.0211219
1982-04-20,0.0212013
1982-04-21,0.0212251
1982-04-22,0.0212106
1982-04-23,0.0212933
1982-04-25,21.2933
1982-04-26,0.0214456
1982-04-27,0.0215212
1982-04-29,0.0216575
1982-04-30,0.0217579
1982-05-02,21.7579
1982-05-03,0.0217978
1982-05-04,0.0218323
1982-05-05,0.0218429
1982-05-06,0.0219168
1982-05-07,0.0220352
1982-05-09,22.0352
1982-05-10,0.0221204
1982-05-11,0.0221454
1982-05-12,0.0221603
1982-05-13,0.022175
1982-05-14,0.0222887
1982-05-16,22.2887
1982-05-17,0.0223351
1982-05-18,0.0224887
1982-05-19,0.0225522
1982-05-20,0.0227112
1982-05-21,0.0228084
1982-05-23,22.8084
1982-05-24,0.0228838
1982-05-25,0.0229011
1982-05-26,0.0227993
1982-05-27,0.0228411
1982-05-30,22.8411
1982-05-31,0.022973
1982-06-01,0.0230147
1982-06-02,0.0231742
1982-06-03,0.0231815
1982-06-04,0.0232088
1982-06-06,23.2088
1982-06-07,0.0232518
1982-06-08,0.0233035
1982-06-09,0.0232954
1982-06-10,0.0233225
1982-06-11,0.0234206
1982-06-13,23.4206
1982-06-14,0.023597
1982-06-15,0.0237563
1982-06-16,0.0238909
1982-06-17,0.0240614
1982-06-18,0.0240434
1982-06-20,24.0434
1982-06-21,0.0242578
1982-06-22,0.0242891
1982-06-23,0.0244485
1982-06-24,0.0244913
1982-06-25,0.0245718
1982-06-27,24.5718
1982-06-28,0.024567
1982-06-29,0.0245718
1982-06-30,0.0246063
1982-07-01,0.024731
1982-07-02,0.0247334
1982-07-04,24.7334
1982-07-05,0.0249757
1982-07-06,0.0251872
1982-07-07,0.0253061
1982-07-08,0.0253536
1982-07-09,0.0254444
1982-07-11,25.4444
1982-07-12,0.0257773
1982-07-13,0.0257697
1982-07-14,0.0256782
1982-07-15,0.0255947
1982-07-16,0.0256929
1982-07-18,25.6929
1982-07-19,0.025853
1982-07-20,0.025668
1982-07-21,0.0256857
1982-07-22,0.0255108
1982-07-23,0.0253625
1982-07-25,25.3625
1982-07-26,0.025673
1982-07-27,0.0257826
1982-07-28,0.0257732
1982-07-30,0.0256311
1982-08-01,25.6311
1982-08-02,0.0260616
1982-08-03,0.0262124
1982-08-04,0.0261611
1982-08-05,0.026413
1982-08-06,0.0264303
1982-08-08,26.4303
1982-08-09,0.0264741
1982-08-10,0.0265683
1982-08-11,0.0264902
1982-08-12,0.0262878
1982-08-13,0.026369
1982-08-15,26.369
1982-08-16,0.0264279
1982-08-17,0.0263248
1982-08-18,0.0262475
1982-08-19,0.0260713
1982-08-20,0.0263399
1982-08-22,26.3399
1982-08-23,0.0264449
1982-08-24,0.0264576
1982-08-25,0.0264699
1982-08-26,0.0264381
1982-08-27,0.0264638
1982-08-29,26.4638
1982-08-30,0.0266116
1982-08-31,0.0264864
1982-09-01,0.0267221
1982-09-02,0.0268661
1982-09-03,0.0273294
1982-09-05,27.3294
1982-09-06,0.0276155
1982-09-07,0.0278537
1982-09-08,0.0277797
1982-09-09,0.0278715
1982-09-10,0.0277262
1982-09-12,27.7262
1982-09-13,0.0276444
1982-09-14,0.0275783
1982-09-15,0.0275237
1982-09-16,0.0274272
1982-09-17,0.0276894
1982-09-20,0.0278207
1982-09-21,0.0278232
1982-09-22,0.0277554
1982-09-23,0.0277048
1982-09-24,0.0277375
1982-09-26,27.7375
1982-09-28,0.0276791
1982-09-29,0.0277604
1982-09-30,0.0275735
1982-10-01,0.0277874
1982-10-03,27.7874
1982-10-04,0.0277827
1982-10-05,0.0277455
1982-10-06,0.0277296
1982-10-07,0.0276723
1982-10-08,0.0278604
1982-10-10,27.8604
1982-10-11,0.0279807
1982-10-12,0.0280142
1982-10-13,0.0281254
1982-10-14,0.0284036
1982-10-15,0.0281169
1982-10-17,28.1169
1982-10-18,0.0282477
1982-10-19,0.0281477
1982-10-20,0.02802
1982-10-21,0.0279387
1982-10-22,0.0281333
1982-10-24,28.1333
1982-10-25,0.0281414
1982-10-26,0.0282198
1982-10-27,0.0285009
1982-10-28,0.0284191
1982-10-29,0.0285463
1982-10-31,28.5463
1982-11-01,0.0286144
1982-11-02,0.028714
1982-11-03,0.0287706
1982-11-04,0.0288993
1982-11-05,0.0289493
1982-11-07,28.9493
1982-11-08,0.0289649
1982-11-09,0.0291142
1982-11-10,0.0292308
1982-11-11,0.0291604
1982-11-12,0.0292849
1982-11-14,29.2849
1982-11-15,0.0294156
1982-11-16,0.0294062
1982-11-17,0.029566
1982-11-18,0.0294043
1982-11-19,0.029555
1982-11-21,29.555
1982-11-22,0.029756
1982-11-23,0.0297989
1982-11-24,0.0298886
1982-11-25,0.0301162
1982-11-26,0.0302056
1982-11-28,30.2056
1982-11-29,0.0305855
1982-11-30,0.0305374
1982-12-01,0.0309536
1982-12-02,0.0310091
1982-12-03,0.0311863
1982-12-05,31.1863
1982-12-06,0.0311191
1982-12-07,0.0313672
1982-12-08,0.0313481
1982-12-09,0.0313717
1982-12-10,0.0315567
1982-12-12,31.5567
1982-12-13,0.0315862
1982-12-14,0.0316348
1982-12-15,0.0316661
1982-12-16,0.0317336
1982-12-17,0.0320021
1982-12-19,32.0021
1982-12-20,0.0319421
1982-12-21,0.0319794
1982-12-22,0.0320647
1982-12-23,0.0320402
1982-12-24,0.0321936
1982-12-26,32.1936
1982-12-27,32.1936
1982-12-28,0.0326939
1982-12-29,0.0328408
1982-12-30,0.0327866
1982-12-31,0.0329854
1983-01-03,32.9854
1983-01-04,0.0332147
1983-01-05,0.0334111
1983-01-06,0.0334877
1983-01-07,0.0335457
1983-01-09,33.5457
1983-01-10,0.0339206
1983-01-11,0.0339525
1983-01-12,0.0340748
1983-01-13,0.0342362
1983-01-14,0.0343367
1983-01-16,34.3367
1983-01-17,0.0344351
1983-01-18,0.0344757
1983-01-19,0.0343822
1983-01-20,0.0343736
1983-01-21,0.0344304
1983-01-23,34.4304
1983-01-24,0.034394
1983-01-25,0.0345108
1983-01-26,0.0345396
1983-01-27,0.0346524
1983-01-28,0.0347208
1983-01-30,34.7208
1983-01-31,34.7208
1983-02-01,0.0347218
1983-02-02,0.0347716
1983-02-03,0.0348352
1983-02-04,0.0349845
1983-02-06,34.9845
1983-02-07,0.0352223
1983-02-08,0.0353407
1983-02-09,0.0355578
1983-02-10,0.0357101
1983-02-11,0.0355796
1983-02-13,35.5796
1983-02-14,0.0355103
1983-02-15,0.0357645
1983-02-16,0.0357242
1983-02-17,0.035832
1983-02-18,0.0359387
1983-02-20,35.9387
1983-02-21,0.0359196
1983-02-22,0.0360833
1983-02-23,0.0359096
1983-02-24,0.0361568
1983-02-25,0.0360825
1983-03-01,0.0358343
1983-03-02,0.0358625
1983-03-03,0.036004
1983-03-04,0.0359695
1983-03-06,35.9695
1983-03-07,0.0361014
1983-03-08,0.0328328
1983-03-09,0.0325273
1983-03-10,0.032714
1983-03-11,0.0328012
1983-03-13,32.8012
1983-03-14,0.0336027
1983-03-15,0.0337476
1983-03-16,0.0338364
1983-03-17,0.0339393
1983-03-18,0.0337882
1983-03-20,33.7882
1983-03-21,0.0339623
1983-03-22,0.0339289
1983-03-23,0.0340527
1983-03-24,0.0342231
1983-03-25,0.0342493
1983-03-27,34.2493
1983-03-28,0.0342989
1983-03-30,0.0342892
1983-03-31,0.0341958
1983-04-01,34.1958
1983-04-03,34.1958
1983-04-05,0.0345879
1983-04-06,0.0349159
1983-04-07,0.0350061
1983-04-08,0.0347764
1983-04-10,34.7764
1983-04-11,0.034991
1983-04-12,0.0352392
1983-04-13,0.0352282
1983-04-14,0.0353213
1983-04-15,0.0354883
1983-04-17,35.4883
1983-04-19,0.0356446
1983-04-20,0.0357489
1983-04-21,0.0358614
1983-04-22,0.0359055
1983-04-24,35.9055
1983-04-25,35.9055
1983-04-26,0.0360959
1983-04-27,0.0362217
1983-04-28,0.0362893
1983-04-29,0.0363635
1983-05-01,36.3635
1983-05-02,0.0364462
1983-05-03,0.0367311
1983-05-04,0.0369551
1983-05-05,0.0370021
1983-05-06,0.0369845
1983-05-08,36.9845
1983-05-09,0.0373663
1983-05-10,0.0375189
1983-05-11,0.0377665
1983-05-12,0.0378549
1983-05-13,0.0381909
1983-05-15,38.1909
1983-05-16,0.0383075
1983-05-17,0.0383824
1983-05-19,0.0385321
1983-05-20,0.0386348
1983-05-22,38.6348
1983-05-23,0.0385516
1983-05-24,0.0385733
1983-05-25,0.038797
1983-05-26,0.0389514
1983-05-27,0.0390364
1983-05-29,39.0364
1983-05-30,0.0393132
1983-05-31,0.0393613
1983-06-01,0.039439
1983-06-02,0.0394263
1983-06-03,0.0396209
1983-06-05,39.6209
1983-06-06,0.039675
1983-06-07,0.0396479
1983-06-08,0.0395598
1983-06-09,0.03972
1983-06-10,0.0397344
1983-06-12,39.7344
1983-06-13,39.7344
1983-06-14,0.0402047
1983-06-15,0.0400914
1983-06-16,0.0402634
1983-06-17,0.040351
1983-06-19,40.351
1983-06-20,0.0405638
1983-06-21,0.0406354
1983-06-22,0.0408969
1983-06-23,0.0410906
1983-06-24,0.0411373
1983-06-26,41.1373
1983-06-27,0.0412684
1983-06-28,0.0412088
1983-06-29,0.0414694
1983-06-30,0.0415635
1983-07-01,0.0415733
1983-07-03,41.5733
1983-07-04,0.0416363
1983-07-05,0.0418862
1983-07-06,0.0418553
1983-07-07,0.0422154
1983-07-08,0.0422309
1983-07-10,42.2309
1983-07-11,0.0424855
1983-07-12,0.0426793
1983-07-13,0.0429065
1983-07-14,0.0431678
1983-07-15,0.0432338
1983-07-17,43.2338
1983-07-18,0.043402
1983-07-20,0.0436776
1983-07-21,0.0441445
1983-07-22,0.0442716
1983-07-24,44.2716
1983-07-25,0.0441978
1983-07-26,0.0442851
1983-07-27,0.0445506
1983-07-28,0.0446028
1983-07-29,0.0448219
1983-07-31,44.8219
1983-08-01,44.8219
1983-08-02,0.0452914
1983-08-03,0.0454512
1983-08-04,0.0456965
1983-08-05,0.0458248
1983-08-07,45.8248
1983-08-08,0.0461237
1983-08-09,0.0465427
1983-08-10,0.0498151
1983-08-11,0.0497568
1983-08-12,0.0499164
1983-08-14,49.9164
1983-08-15,0.0501407
1983-08-16,0.0505296
1983-08-17,0.0504858
1983-08-18,0.05102
1983-08-19,0.0508942
1983-08-21,50.8942
1983-08-22,0.0512618
1983-08-23,0.0513709
1983-08-24,0.0513968
1983-08-25,0.0512865
1983-08-26,0.051274
1983-08-28,51.274
1983-08-29,0.0514943
1983-08-30,0.0515821
1983-08-31,0.0516455
1983-09-01,0.0516614
1983-09-02,0.0516835
1983-09-04,51.6835
1983-09-05,0.0519766
1983-09-06,0.052486
1983-09-07,0.0526424
1983-09-11,52.6424
1983-09-12,0.053457
1983-09-13,0.0539329
1983-09-14,0.0541723
1983-09-15,0.054178
1983-09-16,0.0542989
1983-09-18,54.2989
1983-09-19,0.0546148
1983-09-20,0.0551639
1983-09-21,0.0553518
1983-09-23,0.0555821
1983-09-25,55.5821
1983-09-26,0.0562859
1983-09-27,0.0566529
1983-09-28,0.0571101
1983-09-30,0.0571306
1983-10-02,57.1306
1983-10-03,57.1306
1983-10-04,0.0581056
1983-10-05,0.0587959
1983-10-06,0.0595521
1983-10-07,0.0599441
1983-10-09,59.9441
1983-10-10,0.0637316
1983-10-11,0.0739281
1983-10-12,0.0736657
1983-10-13,0.0737997
1983-10-14,0.0740264
1983-10-16,74.0264
1983-10-17,0.0747998
1983-10-18,0.0750982
1983-10-19,0.0752561
1983-10-20,0.0747289
1983-10-21,0.075117
1983-10-23,75.117
1983-10-24,0.0754196
1983-10-26,0.0757555
1983-10-27,0.0758448
1983-10-28,0.0761654
1983-10-30,76.1654
1983-10-31,0.0765259
1983-11-01,0.0770482
1983-11-02,0.0773432
1983-11-03,0.0781587
1983-11-04,0.0786051
1983-11-06,78.6051
1983-11-07,0.0787567
1983-11-08,0.0792324
1983-11-09,0.0796748
1983-11-10,0.0802436
1983-11-11,0.0804713
1983-11-13,80.4713
1983-11-14,0.0809144
1983-11-15,0.0816317
1983-11-16,0.0824249
1983-11-17,0.0823995
1983-11-18,0.0830934
1983-11-20,83.0934
1983-11-21,0.0836246
1983-11-22,0.0837985
1983-11-23,0.0847183
1983-11-24,0.0849843
1983-11-25,0.0853655
1983-11-27,85.3655
1983-11-28,0.0860753
1983-11-29,0.0864413
1983-11-30,0.0873059
1983-12-01,0.08834
1983-12-02,0.0897025
1983-12-04,89.7025
1983-12-05,0.0885097
1983-12-06,0.0887361
1983-12-07,0.0892481
1983-12-08,0.0891491
1983-12-09,0.0896169
1983-12-11,89.6169
1983-12-12,0.0907573
1983-12-13,0.0903751
1983-12-14,0.0901091
1983-12-15,0.0899548
1983-12-16,0.0900161
1983-12-18,90.0161
1983-12-19,0.0892628
1983-12-20,0.0897161
1983-12-21,0.0913448
1983-12-22,0.0932753
1983-12-23,0.0941777
1983-12-25,94.1777
1983-12-27,94.1777
1983-12-28,0.0960955
1983-12-29,0.0965618
1983-12-30,0.0971008
1984-01-02,97.1008
1984-01-03,0.0987665
1984-01-04,0.099218
1984-01-05,0.0995386
1984-01-06,0.1009633
1984-01-08,100.9633
1984-01-09,0.1022626
1984-01-10,0.1029036
1984-01-11,0.1035
1984-01-12,0.10332
1984-01-13,0.10351
1984-01-15,103.51
1984-01-16,0.10447
1984-01-17,0.10509
1984-01-18,0.10532
1984-01-19,0.10571
1984-01-20,0.10651
1984-01-22,106.51
1984-01-23,0.1074
1984-01-24,0.10845
1984-01-25,0.11007
1984-01-26,0.11114
1984-01-27,0.11216
1984-01-29,112.16
1984-01-30,112.16
1984-01-31,0.11357
1984-02-01,0.11419
1984-02-02,0.11452
1984-02-03,0.11467
1984-02-05,114.67
1984-02-06,0.1156
1984-02-07,0.1163
1984-02-08,0.11755
1984-02-09,0.11826
1984-02-10,0.11882
1984-02-12,118.82
1984-02-13,0.11998
1984-02-14,0.12069
1984-02-15,0.12079
1984-02-16,0.12278
1984-02-17,0.1232
1984-02-19,123.2
1984-02-20,0.12344
1984-02-21,0.12332
1984-02-22,0.12477
1984-02-23,0.12582
1984-02-24,0.1263
1984-02-26,126.3
1984-02-27,0.12771
1984-02-28,0.12875
1984-02-29,0.12933
1984-03-01,0.13013
1984-03-02,0.13114
1984-03-04,131.14
1984-03-05,0.13433
1984-03-06,0.13451
1984-03-07,0.13566
1984-03-08,0.13544
1984-03-09,0.13709
1984-03-11,137.09
1984-03-12,0.13734
1984-03-13,0.13964
1984-03-14,0.14076
1984-03-15,0.14073
1984-03-16,0.14215
1984-03-20,0.14176
1984-03-21,0.1413
1984-03-22,0.13941
1984-03-23,0.14038
1984-03-25,140.38
1984-03-26,0.14332
1984-03-27,0.14321
1984-03-28,0.14191
1984-03-29,0.14372
1984-03-30,0.1433
1984-04-01,143.3
1984-04-02,0.146
1984-04-03,0.14677
1984-04-04,0.148
1984-04-05,0.14802
1984-04-06,0.14772
1984-04-08,147.72
1984-04-09,0.14858
1984-04-10,0.15007
1984-04-11,0.15227
1984-04-12,0.15255
1984-04-13,0.15368
1984-04-15,153.68
1984-04-16,0.15567
1984-04-18,0.15792
1984-04-19,0.15855
1984-04-20,158.55
1984-04-22,158.55
1984-04-24,0.1621
1984-04-25,162.1
1984-04-26,0.16372
1984-04-27,0.16553
1984-04-29,165.53
1984-04-30,0.16602
1984-05-01,0.16685
1984-05-02,0.16913
1984-05-03,0.17168
1984-05-04,0.17243
1984-05-06,172.43
1984-05-08,0.17112
1984-05-09,0.17095
1984-05-10,0.1715
1984-05-11,0.17078
1984-05-13,170.78
1984-05-14,0.1708
1984-05-15,0.1723
1984-05-16,0.1733
1984-05-17,0.17268
1984-05-18,0.17222
1984-05-20,172.22
1984-05-21,0.1732
1984-05-22,0.17585
1984-05-23,0.17709
1984-05-24,0.17676
1984-05-25,0.17731
1984-05-27,177.31
1984-05-28,0.17908
1984-05-29,0.17968
1984-05-30,0.181
1984-05-31,0.18119
1984-06-01,0.18287
1984-06-03,182.87
1984-06-04,0.18558
1984-06-05,0.18555
1984-06-07,0.18596
1984-06-08,0.18745
1984-06-10,187.45
1984-06-11,187.45
1984-06-12,0.18899
1984-06-13,0.18935
1984-06-14,0.18931
1984-06-15,0.18869
1984-06-17,188.69
1984-06-18,0.19061
1984-06-19,0.19159
1984-06-20,0.19213
1984-06-21,0.19076
1984-06-22,0.19268
1984-06-24,192.68
1984-06-25,0.19461
1984-06-26,0.19793
1984-06-27,0.20132
1984-06-28,0.20128
1984-06-29,0.20449
1984-07-01,204.49
1984-07-02,0.20493
1984-07-03,0.20652
1984-07-04,0.20726
1984-07-05,0.20595
1984-07-06,0.20794
1984-07-08,207.94
1984-07-09,0.20709
1984-07-10,0.20817
1984-07-11,0.20548
1984-07-12,0.20956
1984-07-13,0.21319
1984-07-15,213.19
1984-07-16,0.21483
1984-07-17,0.21524
1984-07-18,0.21637
1984-07-19,0.21811
1984-07-20,0.21985
1984-07-22,219.85
1984-07-25,0.22359
1984-07-26,0.22888
1984-07-27,0.23178
1984-07-29,231.78
1984-07-30,0.23171
1984-07-31,0.23452
1984-08-01,0.23791
1984-08-02,0.23981
1984-08-03,0.24533
1984-08-05,245.33
1984-08-06,0.24585
1984-08-08,0.24681
1984-08-09,0.24816
1984-08-10,0.25169
1984-08-12,251.69
1984-08-13,0.25294
1984-08-14,0.25464
1984-08-15,0.2575
1984-08-16,0.25788
1984-08-17,0.26149
1984-08-19,261.49
1984-08-20,0.26518
1984-08-21,0.26599
1984-08-22,0.26895
1984-08-23,0.27129
1984-08-24,0.2722
1984-08-26,272.2
1984-08-27,0.27303
1984-08-28,0.2731
1984-08-29,0.27536
1984-08-30,0.27501
1984-08-31,0.2779
1984-09-02,277.9
1984-09-03,0.27872
1984-09-04,0.28158
1984-09-05,0.28146
1984-09-06,0.28407
1984-09-07,0.28781
1984-09-09,287.81
1984-09-10,0.29147
1984-09-11,0.294
1984-09-12,0.29529
1984-09-13,0.29737
1984-09-14,0.30274
1984-09-16,302.74
1984-09-17,0.32752
1984-09-18,0.32658
1984-09-19,0.32549
1984-09-20,0.32764
1984-09-21,0.32934
1984-09-23,329.34
1984-09-24,0.33008
1984-09-25,0.33316
1984-09-26,0.33231
1984-09-30,332.31
1984-10-01,0.33917
1984-10-02,0.3434
1984-10-03,0.3492
1984-10-04,0.35477
1984-10-05,0.35777
1984-10-07,357.77
1984-10-08,0.36148
1984-10-09,0.36231
1984-10-10,0.36185
1984-10-12,0.36472
1984-10-14,364.72
1984-10-15,0.37079
1984-10-16,0.37455
1984-10-17,0.37868
1984-10-19,0.38727
1984-10-21,387.27
1984-10-22,0.39378
1984-10-23,0.40121
1984-10-24,0.41235
1984-10-25,0.41705
1984-10-26,0.42508
1984-10-28,425.08
1984-10-29,0.42379
1984-10-30,0.42934
1984-10-31,0.43689
1984-11-01,0.44149
1984-11-02,0.4524
1984-11-04,452.4
1984-11-05,0.45513
1984-11-06,0.45713
1984-11-07,0.45995
1984-11-08,0.46124
1984-11-09,0.46192
1984-11-11,461.92
1984-11-12,0.46405
1984-11-13,0.46732
1984-11-14,0.46848
1984-11-15,0.46844
1984-11-16,0.47271
1984-11-18,472.71
1984-11-19,0.47499
1984-11-20,0.47583
1984-11-21,0.47791
1984-11-22,0.4828
1984-11-23,0.48663
1984-11-25,486.63
1984-11-26,0.48647
1984-11-27,0.49032
1984-11-28,0.49536
1984-11-29,0.49497
1984-11-30,0.50281
1984-12-02,502.81
1984-12-03,0.50209
1984-12-04,0.5045
1984-12-05,0.5047
1984-12-06,0.50367
1984-12-07,0.50684
1984-12-09,506.84
1984-12-10,0.50458
1984-12-11,0.5067
1984-12-12,0.50977
1984-12-13,0.51079
1984-12-14,0.50801
1984-12-16,508.01
1984-12-17,0.50969
1984-12-18,0.50704
1984-12-19,0.50963
1984-12-20,0.50912
1984-12-21,0.51204
1984-12-23,512.04
1984-12-24,0.51575
1984-12-26,515.75
1984-12-27,0.52112
1984-12-28,0.52403
1984-12-30,524.03
1984-12-31,0.52726
1985-01-02,0.52213
1985-01-03,0.52541
1985-01-04,0.52875
1985-01-06,528.75
1985-01-07,0.52726
1985-01-08,0.53348
1985-01-09,0.53675
1985-01-10,0.5406
1985-01-11,0.54506
1985-01-13,545.06
1985-01-14,0.54736
1985-01-15,0.5404
1985-01-16,0.54245
1985-01-17,0.5414
1985-01-18,0.54352
1985-01-20,543.52
1985-01-21,0.54485
1985-01-22,0.54392
1985-01-23,0.545
1985-01-24,0.54703
1985-01-25,0.55206
1985-01-27,552.06
1985-01-28,552.06
1985-01-29,0.55271
1985-01-30,0.55368
1985-01-31,0.55452
1985-02-01,0.55556
1985-02-03,555.56
1985-02-04,0.5539
1985-02-05,0.54248
1985-02-06,0.54244
1985-02-07,0.53326
1985-02-08,0.53943
1985-02-10,539.43
1985-02-11,0.53511
1985-02-12,0.53023
1985-02-13,0.52956
1985-02-14,0.5282
1985-02-15,0.5311
1985-02-17,531.1
1985-02-18,0.52936
1985-02-19,0.50987
1985-02-20,0.49725
1985-02-21,0.5206
1985-02-22,0.52471
1985-02-24,524.71
1985-02-25,0.52432
1985-02-26,0.53178
1985-02-27,0.54332
1985-02-28,0.54891
1985-03-01,0.5446
1985-03-03,544.6
1985-03-04,0.54708
1985-03-05,0.54264
1985-03-06,0.53576
1985-03-08,0.54541
1985-03-10,545.41
1985-03-11,0.55985
1985-03-12,0.56085
1985-03-13,0.56225
1985-03-14,0.5594
1985-03-15,0.56083
1985-03-17,560.83
1985-03-18,0.56543
1985-03-19,0.56945
1985-03-20,0.57629
1985-03-21,0.56937
1985-03-22,0.58234
1985-03-24,582.34
1985-03-25,0.58529
1985-03-26,0.58873
1985-03-27,0.59667
1985-03-28,0.59937
1985-03-29,0.60267
1985-03-31,602.67
1985-04-01,0.59236
1985-04-02,0.58758
1985-04-03,0.5743
1985-04-04,0.58149
1985-04-05,581.49
1985-04-07,581.49
1985-04-08,586.26
1985-04-09,0.60182
1985-04-10,0.60304
1985-04-11,0.60603
1985-04-14,606.03
1985-04-15,0.61063
1985-04-16,0.61345
1985-04-17,0.60417
1985-04-18,0.58332
1985-04-19,0.59358
1985-04-21,593.58
1985-04-22,0.58851
1985-04-23,0.60902
1985-04-24,0.60952
1985-04-26,0.62282
1985-04-28,622.82
1985-04-29,0.62465
1985-04-30,0.62168
1985-05-01,0.61336
1985-05-02,0.61809
1985-05-03,0.62701
1985-05-05,627.01
1985-05-06,0.63764
1985-05-07,0.64053
1985-05-08,0.65396
1985-05-09,0.66402
1985-05-10,0.6653
1985-05-12,665.3
1985-05-13,0.6772
1985-05-14,0.68177
1985-05-15,0.68028
1985-05-16,0.67712
1985-05-17,0.68431
1985-05-19,684.31
1985-05-20,0.70053
1985-05-21,0.7045
1985-05-22,0.69814
1985-05-23,0.68967
1985-05-24,0.6922
1985-05-27,0.6793
1985-05-28,0.68828
1985-05-29,0.69172
1985-05-30,0.69706
1985-05-31,0.69511
1985-06-02,695.11
1985-06-03,0.70535
1985-06-04,0.70902
1985-06-05,0.70657
1985-06-06,0.71191
1985-06-07,0.72376
1985-06-09,723.76
1985-06-10,723.76
1985-06-11,0.73346
1985-06-12,0.74832
1985-06-13,0.74805
1985-06-14,0.74939
1985-06-16,749.39
1985-06-17,0.75464
1985-06-18,0.75907
1985-06-19,0.76956
1985-06-20,0.77573
1985-06-21,0.77812
1985-06-23,778.12
1985-06-24,0.78279
1985-06-25,0.79061
1985-06-26,0.80822
1985-06-27,0.82196
1985-06-28,0.84455
1985-06-30,844.55
1985-07-01,1.002
1985-07-03,1.0009
1985-07-04,1.0056
1985-07-05,1.0082
1985-07-07,1008.2
1985-07-08,1.0159
1985-07-09,1.0183
1985-07-10,1.0359
1985-07-11,1.042
1985-07-12,1.0391
1985-07-14,1039.1
1985-07-15,1.049
1985-07-16,1.0544
1985-07-17,1.0577
1985-07-18,1.0555
1985-07-19,1.0405
1985-07-21,1040.5
1985-07-22,1.053
1985-07-23,1.0562
1985-07-24,1.0466
1985-07-25,1.0421
1985-07-26,1.0423
1985-07-29,1.0673
1985-07-30,1.0663
1985-07-31,1.0734
1985-08-01,1.0609
1985-08-02,1.05
1985-08-04,1050.0
1985-08-05,1050.0
1985-08-06,1.0502
1985-08-07,1.0389
1985-08-08,1.0484
1985-08-09,1.0414
1985-08-11,1041.4
1985-08-12,1.0598
1985-08-13,1.0632
1985-08-14,1.053
1985-08-15,1.034
1985-08-16,1.0367
1985-08-18,1036.7
1985-08-19,1.0419
1985-08-20,1.0452
1985-08-21,1.0501
1985-08-22,1.0429
1985-08-23,1.0479
1985-08-25,1047.9
1985-08-26,1.0512
1985-08-27,1.0468
1985-08-28,1.0529
1985-08-29,1.0472
1985-08-30,1.0555
1985-09-01,1055.5
1985-09-02,1.0461
1985-09-03,1.0352
1985-09-04,1.0371
1985-09-05,1.0371
1985-09-06,1.0256
1985-09-08,1.0256
1985-09-09,1.0066
1985-09-10,0.998
1985-09-11,1.001
1985-09-12,1.0021
1985-09-13,1.0049
1985-09-15,1.0049
1985-09-18,1.0175
1985-09-19,1.0137
1985-09-20,1.0117
1985-09-22,1.0117
1985-09-23,1.0447
1985-09-24,1.051
1985-09-26,1.0646
1985-09-27,1.0679
1985-09-29,1.0679
1985-10-01,1.052
1985-10-02,1.0526
1985-10-03,1.0468
1985-10-04,1.0496
1985-10-06,1.0496
1985-10-08,1.0468
1985-10-09,1.032
1985-10-10,1.035
1985-10-11,1.034
1985-10-13,1.034
1985-10-14,1.0367
1985-10-15,1.0312
1985-10-16,1.0294
1985-10-17,1.042
1985-10-18,1.0385
1985-10-20,1.0385
1985-10-21,1.0402
1985-10-22,1.0351
1985-10-23,1.0256
1985-10-24,1.0273
1985-10-25,1.0384
1985-10-27,1.0384
1985-10-28,1.0413
1985-10-29,1.043
1985-10-30,1.0405
1985-10-31,1.0415
1985-11-01,1.0366
1985-11-03,1.0366
1985-11-04,1.0125
1985-11-05,0.988
1985-11-06,0.9782
1985-11-07,0.9852
1985-11-08,0.9995
1985-11-10,0.9995
1985-11-11,0.9881
1985-11-12,0.9651
1985-11-13,0.9858
1985-11-14,0.9934
1985-11-15,0.9923
1985-11-17,0.9923
1985-11-18,0.9941
1985-11-19,0.9944
1985-11-20,1.0018
1985-11-21,1.0043
1985-11-22,1.0161
1985-11-24,1.0161
1985-11-25,1.0222
1985-11-26,1.0222
1985-11-27,1.0157
1985-11-28,1.0128
1985-11-29,1.0187
1985-12-01,1.0187
1985-12-02,1.0024
1985-12-03,1.0069
1985-12-04,1.0113
1985-12-05,1.0116
1985-12-06,1.0102
1985-12-08,1.0102
1985-12-09,1.0088
1985-12-10,1.0113
1985-12-11,1.0123
1985-12-12,1.0205
1985-12-13,1.0172
1985-12-15,1.0172
1985-12-16,1.0124
1985-12-17,1.0103
1985-12-18,1.0087
1985-12-19,1.0089
1985-12-20,1.0113
1985-12-22,1.0113
1985-12-23,1.0125
1985-12-24,1.0109
1985-12-26,1.0109
1985-12-27,1.019
1985-12-29,1.019
1985-12-30,1.019
1985-12-31,1.0227
1986-01-03,1.018
1986-01-05,1.018
1986-01-06,1.0211
1986-01-07,1.019
1986-01-08,1.0271
1986-01-09,1.0332
1986-01-10,1.0336
1986-01-12,1.0336
1986-01-13,1.037
1986-01-14,1.0237
1986-01-15,1.0309
1986-01-16,1.0347
1986-01-17,1.0382
1986-01-19,1.0382
1986-01-20,1.0356
1986-01-21,1.0439
1986-01-22,1.055
1986-01-23,1.0541
1986-01-24,1.0589
1986-01-26,1.0589
1986-01-27,1.0609
1986-01-28,1.0601
1986-01-29,1.0594
1986-01-30,1.0584
1986-01-31,1.0618
1986-02-02,1.0618
1986-02-03,1.0537
1986-02-04,1.0197
1986-02-05,1.0324
1986-02-06,1.0392
1986-02-07,1.0321
1986-02-09,1.0321
1986-02-10,1.0368
1986-02-11,1.0273
1986-02-12,1.0193
1986-02-13,1.0266
1986-02-14,1.044
1986-02-16,1.044
1986-02-17,1.0343
1986-02-18,1.0478
1986-02-19,1.0467
1986-02-20,1.0415
1986-02-21,1.0362
1986-02-23,1.0362
1986-02-24,1.0477
1986-02-25,1.046
1986-02-26,1.0454
1986-02-27,1.0397
1986-02-28,1.031
1986-03-02,1.031
1986-03-03,1.024
1986-03-04,1.0393
1986-03-05,1.0423
1986-03-06,1.039
1986-03-07,1.0386
1986-03-09,1.0386
1986-03-10,1.0403
1986-03-11,1.0424
1986-03-12,1.0412
1986-03-13,1.0422
1986-03-14,1.0475
1986-03-16,1.0475
1986-03-17,1.0589
1986-03-18,1.0642
1986-03-19,1.0621
1986-03-20,1.0607
1986-03-21,1.0617
1986-03-23,1.0617
1986-03-24,1.0678
1986-03-26,1.0616
1986-03-27,1.0658
1986-03-28,1.068
1986-03-30,1.068
1986-03-31,1.068
1986-04-01,1.0788
1986-04-02,1.0712
1986-04-03,1.0636
1986-04-04,1.0739
1986-04-06,1.0739
1986-04-07,1.0733
1986-04-08,1.0713
1986-04-09,1.0657
1986-04-10,1.0575
1986-04-11,1.0594
1986-04-13,1.0594
1986-04-14,1.0593
1986-04-15,1.0538
1986-04-16,1.0582
1986-04-17,1.0587
1986-04-18,1.0581
1986-04-20,1.0581
1986-04-21,1.0685
1986-04-22,1.0777
1986-04-23,1.0754
1986-04-25,1.0833
1986-04-27,1.0833
1986-04-28,1.0942
1986-04-29,1.0908
1986-05-01,1.0875
1986-05-02,1.0833
1986-05-04,1.0833
1986-05-05,1.0893
1986-05-06,1.0875
1986-05-07,1.086
1986-05-08,1.0941
1986-05-09,1.0938
1986-05-11,1.0938
1986-05-12,1.1011
1986-05-13,1.0765
1986-05-15,1.0627
1986-05-16,1.0594
1986-05-18,1.0594
1986-05-19,1.0749
1986-05-20,1.078
1986-05-21,1.0667
1986-05-22,1.0548
1986-05-23,1.0619
1986-05-25,1.0619
1986-05-26,1.061
1986-05-27,1.0704
1986-05-28,1.0698
1986-05-29,1.0734
1986-05-30,1.0658
1986-06-01,1.0658
1986-06-02,1.0583
1986-06-03,1.0486
1986-06-04,1.043
1986-06-05,1.0368
1986-06-06,1.0329
1986-06-08,1.0329
1986-06-09,1.0326
1986-06-10,1.0443
1986-06-11,1.0304
1986-06-12,1.032
1986-06-15,1.032
1986-06-16,1.0407
1986-06-17,1.0398
1986-06-18,1.0377
1986-06-19,1.0368
1986-06-20,1.0342
1986-06-22,1.0342
1986-06-23,1.0241
1986-06-24,1.0173
1986-06-25,1.0037
1986-06-26,0.9998
1986-06-27,1.0039
1986-06-29,1.0039
1986-06-30,1.0126
1986-07-01,0.9881
1986-07-02,0.9776
1986-07-03,0.9555
1986-07-04,0.9687
1986-07-06,0.9687
1986-07-07,0.9553
1986-07-08,0.9299
1986-07-09,0.9502
1986-07-10,0.952
1986-07-11,0.9526
1986-07-13,0.9526
1986-07-14,0.9626
1986-07-15,0.9545
1986-07-16,0.9525
1986-07-17,0.9497
1986-07-18,0.9567
1986-07-20,0.9567
1986-07-21,0.9582
1986-07-22,0.9522
1986-07-23,0.9397
1986-07-24,0.916
1986-07-25,0.9028
1986-07-27,0.9028
1986-07-28,0.9205
1986-07-29,0.908
1986-07-30,0.9121
1986-07-31,0.8896
1986-08-01,0.9001
1986-08-03,0.9001
1986-08-04,0.9001
1986-08-05,0.9138
1986-08-06,0.9232
1986-08-07,0.9112
1986-08-08,0.9081
1986-08-10,0.9081
1986-08-11,0.9013
1986-08-12,0.9041
1986-08-13,0.9152
1986-08-15,0.9322
1986-08-17,0.9322
1986-08-18,0.9318
1986-08-19,0.9433
1986-08-20,0.9076
1986-08-21,0.9116
1986-08-22,0.9028
1986-08-24,0.9028
1986-08-25,0.9018
1986-08-26,0.9032
1986-08-27,0.9073
1986-08-28,0.904
1986-08-29,0.9063
1986-08-31,0.9063
1986-09-01,0.9052
1986-09-02,0.9086
1986-09-03,0.9092
1986-09-04,0.9142
1986-09-05,0.9152
1986-09-07,0.9152
1986-09-08,0.9163
1986-09-09,0.9105
1986-09-10,0.9136
1986-09-11,0.9176
1986-09-12,0.9227
1986-09-14,0.9227
1986-09-15,0.9298
1986-09-16,0.929
1986-09-17,0.9265
1986-09-18,0.9259
1986-09-19,0.9316
1986-09-21,0.9316
1986-09-22,0.9401
1986-09-23,0.9368
1986-09-24,0.936
1986-09-25,0.9372
1986-09-26,0.9359
1986-09-28,0.9359
1986-09-29,0.9343
1986-09-30,0.9375
1986-10-01,0.9361
1986-10-02,0.9363
1986-10-03,0.9403
1986-10-06,0.9441
1986-10-07,0.9461
1986-10-08,0.9437
1986-10-09,0.9464
1986-10-10,0.9461
1986-10-14,0.9523
1986-10-15,0.9518
1986-10-16,0.9478
1986-10-17,0.9453
1986-10-19,0.9453
1986-10-20,0.943
1986-10-21,0.9422
1986-10-22,0.9439
1986-10-23,0.9551
1986-10-24,0.9511
1986-10-26,0.9511
1986-10-27,0.9553
1986-10-28,0.9594
1986-10-29,0.9588
1986-10-30,0.9538
1986-10-31,0.9588
1986-11-02,0.9588
1986-11-03,0.958
1986-11-04,0.9604
1986-11-05,0.96
1986-11-06,0.9637
1986-11-07,0.9639
1986-11-09,0.9639
1986-11-10,0.9671
1986-11-11,0.9623
1986-11-12,0.9653
1986-11-13,0.9625
1986-11-14,0.9624
1986-11-16,0.9624
1986-11-17,0.9597
1986-11-18,0.9599
1986-11-19,0.9603
1986-11-20,0.9644
1986-11-21,0.968
1986-11-23,0.968
1986-11-24,0.9645
1986-11-25,0.9669
1986-11-26,0.9692
1986-11-27,0.9697
1986-11-28,0.9708
1986-11-30,0.9708
1986-12-01,0.9656
1986-12-02,0.9675
1986-12-03,0.9675
1986-12-04,0.9698
1986-12-05,0.9729
1986-12-07,0.9729
1986-12-08,0.9723
1986-12-09,0.9731
1986-12-10,0.9755
1986-12-11,0.983
1986-12-12,0.9855
1986-12-14,0.9855
1986-12-15,0.9856
1986-12-16,0.9891
1986-12-17,0.9936
1986-12-18,0.9885
1986-12-19,0.997
1986-12-21,0.997
1986-12-22,1.0077
1986-12-23,0.9958
1986-12-24,0.9802
1986-12-26,0.9802
1986-12-28,0.9802
1986-12-29,0.984
1986-12-30,0.9866
1986-12-31,0.9876
1987-01-02,0.9884
1987-01-04,0.9884
1987-01-05,0.9891
1987-01-06,0.9846
1987-01-07,0.9828
1987-01-08,0.9867
1987-01-09,0.9921
1987-01-11,0.9921
1987-01-12,0.9962
1987-01-13,1.0736
1987-01-14,1.0471
1987-01-15,1.0558
1987-01-16,1.057
1987-01-18,1.057
1987-01-19,1.0506
1987-01-20,1.0797
1987-01-21,1.0745
1987-01-22,1.0659
1987-01-23,1.0702
1987-01-25,1.0702
1987-01-26,1.0729
1987-01-27,1.0704
1987-01-28,1.0571
1987-01-29,1.0603
1987-01-30,1.0623
1987-02-01,1.0623
1987-02-02,1.0681
1987-02-03,1.0684
1987-02-04,1.0785
1987-02-05,1.0794
1987-02-06,1.0839
1987-02-08,1.0839
1987-02-09,1.0801
1987-02-10,1.0703
1987-02-11,1.0756
1987-02-12,1.0713
1987-02-13,1.071
1987-02-15,1.071
1987-02-16,1.0648
1987-02-17,1.0648
1987-02-18,1.0725
1987-02-19,1.0763
1987-02-20,1.0741
1987-02-22,1.0741
1987-02-23,1.0767
1987-02-24,1.0822
1987-02-25,1.0893
1987-02-26,1.0898
1987-02-27,1.0927
1987-03-01,1.0927
1987-03-02,1.1005
1987-03-03,1.095
1987-03-04,1.0995
1987-03-05,1.0992
1987-03-06,1.098
1987-03-08,1.098
1987-03-09,1.1013
1987-03-10,1.109
1987-03-11,1.1101
1987-03-12,1.1175
1987-03-13,1.1033
1987-03-16,1.1074
1987-03-17,1.1125
1987-03-18,1.1109
1987-03-19,1.1096
1987-03-20,1.1122
1987-03-22,1.1122
1987-03-23,1.1089
1987-03-24,1.1204
1987-03-25,1.1174
1987-03-26,1.1169
1987-03-27,1.1258
1987-03-29,1.1258
1987-03-30,1.135
1987-03-31,1.1339
1987-04-01,1.1324
1987-04-02,1.132
1987-04-03,1.1408
1987-04-05,1.1408
1987-04-06,1.1408
1987-04-07,1.1339
1987-04-08,1.1398
1987-04-09,1.1444
1987-04-10,1.145
1987-04-12,1.145
1987-04-13,1.1546
1987-04-15,1.1604
1987-04-16,1.1445
1987-04-17,1.1432
1987-04-19,1.1432
1987-04-21,1.1333
1987-04-22,1.1312
1987-04-23,1.138
1987-04-24,1.1287
1987-04-26,1.1287
1987-04-27,1.1312
1987-04-28,1.1271
1987-04-29,1.1237
1987-04-30,1.1191
1987-05-01,1.118
1987-05-03,1.118
1987-05-05,1.1243
1987-05-06,1.1268
1987-05-07,1.1272
1987-05-08,1.1301
1987-05-10,1.1301
1987-05-11,1.1314
1987-05-12,1.1363
1987-05-13,1.1355
1987-05-14,1.1303
1987-05-15,1.1331
1987-05-17,1.1331
1987-05-18,1.1413
1987-05-19,1.1378
1987-05-20,1.1446
1987-05-21,1.1423
1987-05-22,1.1422
1987-05-24,1.1422
1987-05-25,1.1413
1987-05-26,1.1407
1987-05-27,1.1387
1987-05-28,1.1381
1987-05-29,1.143
1987-05-31,1.143
1987-06-01,1.1445
1987-06-02,1.1437
1987-06-04,1.1427
1987-06-05,1.1418
1987-06-07,1.1418
1987-06-08,1.1423
1987-06-09,1.1418
1987-06-10,1.1408
1987-06-11,1.1418
1987-06-12,1.1449
1987-06-14,1.1449
1987-06-15,1.1486
1987-06-16,1.1524
1987-06-17,1.1584
1987-06-18,1.1573
1987-06-19,1.1565
1987-06-21,1.1565
1987-06-22,1.1577
1987-06-23,1.1503
1987-06-24,1.1523
1987-06-25,1.1541
1987-06-26,1.1545
1987-06-28,1.1545
1987-06-29,1.1553
1987-06-30,1.1584
1987-07-01,1.1598
1987-07-02,1.1566
1987-07-03,1.1556
1987-07-05,1.1556
1987-07-06,1.1486
1987-07-07,1.1376
1987-07-08,1.1389
1987-07-09,1.1419
1987-07-10,1.1357
1987-07-12,1.1357
1987-07-13,1.1483
1987-07-14,1.135
1987-07-15,1.1418
1987-07-16,1.1474
1987-07-17,1.1446
1987-07-19,1.1446
1987-07-20,1.1394
1987-07-21,1.1456
1987-07-22,1.1463
1987-07-23,1.1443
1987-07-24,1.1455
1987-07-26,1.1455
1987-07-27,1.1415
1987-07-28,1.136
1987-07-29,1.1314
1987-07-30,1.1262
1987-07-31,1.128
1987-08-02,1.128
1987-08-03,1.1318
1987-08-05,1.1358
1987-08-06,1.1327
1987-08-07,1.1332
1987-08-09,1.1332
1987-08-10,1.1328
1987-08-11,1.1366
1987-08-12,1.1418
1987-08-13,1.1486
1987-08-14,1.1479
1987-08-16,1.1479
1987-08-17,1.1519
1987-08-18,1.1468
1987-08-19,1.1492
1987-08-20,1.1448
1987-08-21,1.1468
1987-08-23,1.1468
1987-08-24,1.1485
1987-08-25,1.1485
1987-08-26,1.1444
1987-08-27,1.1413
1987-08-28,1.1383
1987-08-30,1.1383
1987-08-31,1.1404
1987-09-01,1.1456
1987-09-02,1.1487
1987-09-03,1.1481
1987-09-04,1.1496
1987-09-06,1.1496
1987-09-07,1.1552
1987-09-08,1.1581
1987-09-09,1.1578
1987-09-10,1.1595
1987-09-11,1.1623
1987-09-13,1.1623
1987-09-14,1.1637
1987-09-15,1.1665
1987-09-16,1.1718
1987-09-17,1.1715
1987-09-18,1.1723
1987-09-20,1.1723
1987-09-21,1.1789
1987-09-22,1.1694
1987-09-23,1.1691
1987-09-27,1.1691
1987-09-28,1.1673
1987-09-29,1.1581
1987-09-30,1.1504
1987-10-01,1.1433
1987-10-04,1.1433
1987-10-05,1.1496
1987-10-06,1.1554
1987-10-07,1.1581
1987-10-09,1.1564
1987-10-11,1.1564
1987-10-12,1.1601
1987-10-13,1.1602
1987-10-14,1.154
1987-10-16,1.1528
1987-10-18,1.1528
1987-10-19,1.1509
1987-10-20,1.1426
1987-10-21,1.1407
1987-10-22,1.1463
1987-10-23,1.1462
1987-10-25,1.1462
1987-10-26,1.132
1987-10-27,1.1136
1987-10-28,1.1079
1987-10-29,1.061
1987-10-30,1.0669
1987-11-01,1.0669
1987-11-02,1.0647
1987-11-03,1.0499
1987-11-04,1.0627
1987-11-05,1.0597
1987-11-06,1.0669
1987-11-08,1.0669
1987-11-09,1.0701
1987-11-10,1.0631
1987-11-11,1.0655
1987-11-12,1.0711
1987-11-13,1.0737
1987-11-15,1.0737
1987-11-16,1.083
1987-11-17,1.0955
1987-11-18,1.0955
1987-11-19,1.0955
1987-11-20,1.0929
1987-11-22,1.0929
1987-11-23,1.0763
1987-11-24,1.0854
1987-11-25,1.0894
1987-11-26,1.0883
1987-11-27,1.0851
1987-11-29,1.0851
1987-11-30,1.0984
1987-12-01,1.0985
1987-12-02,1.097
1987-12-03,1.0961
1987-12-04,1.0935
1987-12-06,1.0935
1987-12-07,1.097
1987-12-08,1.0952
1987-12-09,1.0997
1987-12-10,1.0995
1987-12-11,1.1048
1987-12-13,1.1048
1987-12-14,1.1133
1987-12-15,1.1087
1987-12-16,1.1088
1987-12-17,1.1105
1987-12-18,1.1037
1987-12-20,1.1037
1987-12-21,1.1063
1987-12-22,1.1068
1987-12-23,1.1066
1987-12-24,1.1082
1987-12-27,1.1082
1987-12-28,1.1035
1987-12-29,1.1106
1987-12-30,1.1096
1987-12-31,1.1108
1988-01-03,1.1108
1988-01-04,1.1107
1988-01-05,1.1101
1988-01-06,1.102
1988-01-07,1.1032
1988-01-08,1.1059
1988-01-10,1.1059
1988-01-11,1.1094
1988-01-12,1.1067
1988-01-13,1.1108
1988-01-14,1.1095
1988-01-15,1.11
1988-01-17,1.11
1988-01-18,1.1195
1988-01-19,1.1207
1988-01-20,1.1203
1988-01-21,1.122
1988-01-22,1.1256
1988-01-24,1.1256
1988-01-25,1.1311
1988-01-26,1.1308
1988-01-27,1.1277
1988-01-28,1.1264
1988-01-29,1.1268
1988-01-31,1.1268
1988-02-01,1.1245
1988-02-02,1.1277
1988-02-03,1.126
1988-02-04,1.1258
1988-02-05,1.1277
1988-02-07,1.1277
1988-02-08,1.1299
1988-02-09,1.1278
1988-02-10,1.1268
1988-02-11,1.1294
1988-02-12,1.1191
1988-02-14,1.1191
1988-02-15,1.1297
1988-02-16,1.1359
1988-02-17,1.1366
1988-02-18,1.1375
1988-02-19,1.1404
1988-02-21,1.1404
1988-02-22,1.1408
1988-02-23,1.1407
1988-02-24,1.1376
1988-02-25,1.1364
1988-02-26,1.1376
1988-02-28,1.1376
1988-02-29,1.1373
1988-03-01,1.1354
1988-03-02,1.1414
1988-03-04,1.1487
1988-03-06,1.1487
1988-03-07,1.1527
1988-03-08,1.1478
1988-03-09,1.1453
1988-03-10,1.1467
1988-03-11,1.1461
1988-03-13,1.1461
1988-03-14,1.1396
1988-03-15,1.1454
1988-03-16,1.1464
1988-03-17,1.1525
1988-03-18,1.1623
1988-03-20,1.1623
1988-03-21,1.1658
1988-03-22,1.1645
1988-03-23,1.1682
1988-03-24,1.1663
1988-03-25,1.1639
1988-03-27,1.1639
1988-03-28,1.1492
1988-03-29,1.1517
1988-03-30,1.1524
1988-03-31,1.1515
1988-04-01,1.1569
1988-04-03,1.1569
1988-04-04,1.1566
1988-04-05,1.1573
1988-04-06,1.1579
1988-04-07,1.1581
1988-04-10,1.1581
1988-04-11,1.1721
1988-04-12,1.169
1988-04-13,1.1722
1988-04-14,1.175
1988-04-15,1.1709
1988-04-17,1.1709
1988-04-18,1.171
1988-04-19,1.1687
1988-04-20,1.1685
1988-04-22,1.1787
1988-04-24,1.1787
1988-04-25,1.1836
1988-04-26,1.1853
1988-04-27,1.1841
1988-04-28,1.1885
1988-04-29,1.1873
1988-05-01,1.1873
1988-05-02,1.1931
1988-05-03,1.1992
1988-05-04,1.2066
1988-05-05,1.1983
1988-05-06,1.2076
1988-05-08,1.2076
1988-05-09,1.2077
1988-05-10,1.2131
1988-05-11,1.2128
1988-05-12,1.1995
1988-05-13,1.2127
1988-05-15,1.2127
1988-05-16,1.2133
1988-05-17,1.2078
1988-05-18,1.2171
1988-05-19,1.2106
1988-05-20,1.2298
1988-05-23,1.2372
1988-05-24,1.2387
1988-05-25,1.24
1988-05-26,1.2588
1988-05-27,1.2723
1988-05-29,1.2723
1988-05-30,1.2709
1988-05-31,1.276
1988-06-01,1.2848
1988-06-02,1.2761
1988-06-03,1.2785
1988-06-05,1.2785
1988-06-06,1.2502
1988-06-07,1.2593
1988-06-08,1.2772
1988-06-09,1.2739
1988-06-10,1.2789
1988-06-12,1.2789
1988-06-13,1.2795
1988-06-14,1.2736
1988-06-15,1.2812
1988-06-16,1.2883
1988-06-17,1.2987
1988-06-19,1.2987
1988-06-20,1.3115
1988-06-21,1.3125
1988-06-22,1.3116
1988-06-23,1.3206
1988-06-24,1.3319
1988-06-26,1.3319
1988-06-27,1.3164
1988-06-28,1.3158
1988-06-29,1.2828
1988-06-30,1.2853
1988-07-01,1.2802
1988-07-03,1.2802
1988-07-04,1.2712
1988-07-05,1.2825
1988-07-06,1.2952
1988-07-07,1.3009
1988-07-08,1.2994
1988-07-10,1.2994
1988-07-11,1.2907
1988-07-12,1.2929
1988-07-13,1.2999
1988-07-14,1.3018
1988-07-15,1.3013
1988-07-17,1.3013
1988-07-18,1.3026
1988-07-19,1.3085
1988-07-20,1.3188
1988-07-21,1.3224
1988-07-22,1.3224
1988-07-25,1.3197
1988-07-26,1.3156
1988-07-27,1.3077
1988-07-28,1.3144
1988-07-29,1.316
1988-07-31,1.316
1988-08-01,1.3184
1988-08-02,1.3099
1988-08-03,1.3147
1988-08-04,1.3187
1988-08-05,1.3192
1988-08-07,1.3192
1988-08-08,1.3154
1988-08-09,1.3163
1988-08-10,1.3175
1988-08-11,1.3169
1988-08-12,1.317
1988-08-14,1.317
1988-08-15,1.3152
1988-08-16,1.3131
1988-08-17,1.3203
1988-08-18,1.3252
1988-08-19,1.334
1988-08-21,1.334
1988-08-22,1.3418
1988-08-23,1.343
1988-08-24,1.3388
1988-08-25,1.3387
1988-08-26,1.3288
1988-08-28,1.3288
1988-08-29,1.3285
1988-08-30,1.3202
1988-08-31,1.3221
1988-09-01,1.3154
1988-09-02,1.307
1988-09-04,1.307
1988-09-05,1.3098
1988-09-06,1.3204
1988-09-07,1.3138
1988-09-08,1.3126
1988-09-09,1.3163
1988-09-11,1.3163
1988-09-14,1.302
1988-09-15,1.3103
1988-09-16,1.3141
1988-09-18,1.3141
1988-09-19,1.2946
1988-09-22,1.2893
1988-09-23,1.2889
1988-09-25,1.2889
1988-09-27,1.2882
1988-09-28,1.2841
1988-09-29,1.2881
1988-09-30,1.2864
1988-10-02,1.2864
1988-10-04,1.2892
1988-10-05,1.2955
1988-10-06,1.3065
1988-10-07,1.3056
1988-10-09,1.3056
1988-10-10,1.3129
1988-10-11,1.3105
1988-10-12,1.3091
1988-10-13,1.3098
1988-10-14,1.3124
1988-10-16,1.3124
1988-10-17,1.3044
1988-10-18,1.3076
1988-10-19,1.3187
1988-10-20,1.3266
1988-10-21,1.3198
1988-10-23,1.3198
1988-10-24,1.3192
1988-10-25,1.3169
1988-10-26,1.3235
1988-10-27,1.3237
1988-10-28,1.3191
1988-10-30,1.3191
1988-10-31,1.3148
1988-11-02,1.3213
1988-11-03,1.3259
1988-11-04,1.3291
1988-11-06,1.3291
1988-11-07,1.3306
1988-11-08,1.3326
1988-11-09,1.3423
1988-11-10,1.3535
1988-11-11,1.352
1988-11-13,1.352
1988-11-14,1.3559
1988-11-15,1.358
1988-11-16,1.3527
1988-11-17,1.3624
1988-11-18,1.3519
1988-11-20,1.3519
1988-11-21,1.358
1988-11-22,1.3637
1988-11-23,1.3663
1988-11-24,1.3719
1988-11-25,1.3775
1988-11-27,1.3775
1988-11-28,1.3797
1988-11-29,1.3857
1988-11-30,1.3893
1988-12-01,1.3863
1988-12-02,1.3761
1988-12-04,1.3761
1988-12-05,1.3794
1988-12-06,1.3854
1988-12-07,1.3876
1988-12-08,1.3748
1988-12-09,1.3728
1988-12-11,1.3728
1988-12-12,1.3643
1988-12-13,1.3466
1988-12-14,1.3487
1988-12-15,1.3631
1988-12-16,1.3524
1988-12-18,1.3524
1988-12-19,1.358
1988-12-20,1.3539
1988-12-21,1.3655
1988-12-22,1.3666
1988-12-23,1.3671
1988-12-25,1.3671
1988-12-27,1.4414
1988-12-28,1.439
1988-12-29,1.4411
1988-12-30,1.5631
1989-01-03,1.5631
1989-01-04,1.5732
1989-01-05,1.5762
1989-01-06,1.5672
1989-01-08,1.5672
1989-01-09,1.5719
1989-01-10,1.5798
1989-01-11,1.576
1989-01-12,1.582
1989-01-13,1.5717
1989-01-15,1.5717
1989-01-16,1.5733
1989-01-17,1.5642
1989-01-18,1.5723
1989-01-19,1.5814
1989-01-20,1.5865
1989-01-22,1.5865
1989-01-23,1.5894
1989-01-24,1.5889
1989-01-25,1.596
1989-01-26,1.5949
1989-01-27,1.5914
1989-01-29,1.5914
1989-01-30,1.5891
1989-01-31,1.6102
1989-02-01,1.6233
1989-02-02,1.6091
1989-02-03,1.6014
1989-02-05,1.6014
1989-02-06,1.603
1989-02-07,1.5981
1989-02-08,1.6126
1989-02-09,1.6105
1989-02-10,1.5999
1989-02-12,1.5999
1989-02-13,1.6064
1989-02-14,1.6022
1989-02-15,1.5782
1989-02-16,1.5315
1989-02-17,1.4914
1989-02-19,1.4914
1989-02-20,1.4769
1989-02-21,1.4581
1989-02-22,1.4705
1989-02-23,1.4809
1989-02-24,1.4809
1989-02-26,1.4809
1989-02-27,1.4425
1989-03-01,1.4405
1989-03-02,1.4434
1989-03-03,1.4555
1989-03-05,1.4555
1989-03-06,1.4675
1989-03-07,1.4589
1989-03-08,1.4671
1989-03-09,1.4741
1989-03-10,1.4906
1989-03-12,1.4906
1989-03-13,1.4845
1989-03-14,1.4637
1989-03-15,1.4586
1989-03-16,1.4759
1989-03-17,1.4791
1989-03-19,1.4791
1989-03-20,1.4928
1989-03-22,1.4948
1989-03-23,1.4991
1989-03-24,1.5024
1989-03-26,1.5024
1989-03-27,1.5002
1989-03-28,1.4884
1989-03-29,1.484
1989-03-30,1.4881
1989-03-31,1.4917
1989-04-02,1.4917
1989-04-03,1.4959
1989-04-04,1.4886
1989-04-05,1.4589
1989-04-06,1.4637
1989-04-07,1.4625
1989-04-09,1.4625
1989-04-10,1.4647
1989-04-11,1.4726
1989-04-12,1.4724
1989-04-13,1.464
1989-04-14,1.4674
1989-04-16,1.4674
1989-04-17,1.4722
1989-04-18,1.4452
1989-04-19,1.4461
1989-04-21,1.443
1989-04-23,1.443
1989-04-24,1.4324
1989-04-25,1.4446
1989-04-27,1.454
1989-04-28,1.4455
1989-04-30,1.4455
1989-05-01,1.4498
1989-05-02,1.4545
1989-05-03,1.4624
1989-05-04,1.47
1989-05-05,1.4725
1989-05-07,1.4725
1989-05-08,1.4752
1989-05-09,1.4718
1989-05-11,1.4628
1989-05-12,1.448
1989-05-14,1.448
1989-05-15,1.4486
1989-05-16,1.4394
1989-05-17,1.4309
1989-05-18,1.4342
1989-05-19,1.434
1989-05-21,1.434
1989-05-22,1.4085
1989-05-23,1.4257
1989-05-24,1.4261
1989-05-25,1.4467
1989-05-26,1.4437
1989-05-28,1.4437
1989-05-29,1.4161
1989-05-30,1.4291
1989-05-31,1.4377
1989-06-01,1.4396
1989-06-02,1.4464
1989-06-04,1.4464
1989-06-05,1.4371
1989-06-06,1.4363
1989-06-07,1.4402
1989-06-08,1.4412
1989-06-11,1.4412
1989-06-12,1.4351
1989-06-13,1.4419
1989-06-14,1.444
1989-06-15,1.4469
1989-06-16,1.4533
1989-06-18,1.4533
1989-06-19,1.4603
1989-06-20,1.4605
1989-06-21,1.4786
1989-06-22,1.4951
1989-06-23,1.5489
1989-06-25,1.5489
1989-06-26,1.5517
1989-06-27,1.5412
1989-06-28,1.5274
1989-06-29,1.5257
1989-06-30,1.5181
1989-07-02,1.5181
1989-07-03,1.5194
1989-07-04,1.517
1989-07-05,1.5247
1989-07-06,1.5141
1989-07-07,1.5062
1989-07-09,1.5062
1989-07-10,1.5074
1989-07-11,1.4935
1989-07-12,1.4958
1989-07-13,1.4941
1989-07-14,1.4907
1989-07-16,1.4907
1989-07-17,1.5012
1989-07-18,1.5089
1989-07-19,1.4747
1989-07-20,1.4815
1989-07-21,1.486
1989-07-23,1.486
1989-07-24,1.4863
1989-07-25,1.4878
1989-07-26,1.4872
1989-07-27,1.4896
1989-07-28,1.4783
1989-07-30,1.4783
1989-07-31,1.4827
1989-08-01,1.4893
1989-08-02,1.5007
1989-08-03,1.5054
1989-08-04,1.509
1989-08-06,1.509
1989-08-07,1.5188
1989-08-08,1.5228
1989-08-09,1.5194
1989-08-11,1.5153
1989-08-13,1.5153
1989-08-14,1.5204
1989-08-15,1.5141
1989-08-16,1.5148
1989-08-17,1.5148
1989-08-18,1.5194
1989-08-20,1.5194
1989-08-21,1.5214
1989-08-22,1.5305
1989-08-23,1.5296
1989-08-24,1.5282
1989-08-25,1.5311
1989-08-27,1.5311
1989-08-28,1.5348
1989-08-29,1.5416
1989-08-30,1.5439
1989-08-31,1.539
1989-09-01,1.5308
1989-09-03,1.5308
1989-09-04,1.5294
1989-09-05,1.5306
1989-09-06,1.5408
1989-09-07,1.5437
1989-09-08,1.5442
1989-09-10,1.5442
1989-09-11,1.5423
1989-09-12,1.5459
1989-09-13,1.5644
1989-09-14,1.567
1989-09-15,1.5761
1989-09-17,1.5761
1989-09-18,1.5754
1989-09-19,1.5689
1989-09-20,1.5697
1989-09-21,1.5689
1989-09-22,1.5892
1989-09-24,1.5892
1989-09-25,1.5747
1989-09-26,1.5728
1989-09-27,1.5655
1989-09-28,1.554
1989-09-29,1.546
1989-10-02,1.5483
1989-10-03,1.5556
1989-10-04,1.553
1989-10-05,1.5535
1989-10-06,1.5632
1989-10-10,1.5706
1989-10-11,1.5676
1989-10-12,1.5477
1989-10-13,1.5438
1989-10-15,1.5438
1989-10-16,1.5236
1989-10-17,1.5418
1989-10-18,1.5386
1989-10-19,1.5403
1989-10-20,1.5405
1989-10-22,1.5405
1989-10-23,1.5362
1989-10-24,1.537
1989-10-25,1.5382
1989-10-26,1.557
1989-10-27,1.5571
1989-10-29,1.5571
1989-10-30,1.5656
1989-10-31,1.557
1989-11-01,1.5506
1989-11-02,1.5519
1989-11-03,1.5467
1989-11-05,1.5467
1989-11-06,1.5556
1989-11-07,1.5593
1989-11-08,1.5686
1989-11-09,1.567
1989-11-10,1.572
1989-11-12,1.572
1989-11-13,1.5774
1989-11-14,1.5742
1989-11-15,1.5688
1989-11-16,1.5584
1989-11-17,1.559
1989-11-19,1.559
1989-11-20,1.565
1989-11-21,1.5478
1989-11-22,1.5407
1989-11-23,1.5555
1989-11-24,1.5559
1989-11-26,1.5559
1989-11-27,1.5593
1989-11-28,1.5596
1989-11-29,1.5403
1989-11-30,1.5373
1989-12-01,1.5319
1989-12-03,1.5319
1989-12-04,1.5359
1989-12-05,1.5384
1989-12-06,1.5455
1989-12-07,1.5399
1989-12-08,1.5463
1989-12-10,1.5463
1989-12-11,1.5507
1989-12-12,1.5422
1989-12-13,1.5332
1989-12-14,1.5348
1989-12-15,1.5342
1989-12-17,1.5342
1989-12-18,1.5245
1989-12-19,1.5257
1989-12-20,1.5434
1989-12-21,1.5324
1989-12-22,1.5359
1989-12-24,1.5359
1989-12-27,1.5602
1989-12-28,1.5521
1989-12-29,1.5542
1989-12-31,1.5542
1990-01-02,1.5355
1990-01-03,1.5338
1990-01-04,1.532
1990-01-05,1.5246
1990-01-07,1.5246
1990-01-08,1.5195
1990-01-09,1.5176
1990-01-10,1.517
1990-01-11,1.5374
1990-01-12,1.5389
1990-01-14,1.5389
1990-01-15,1.5342
1990-01-16,1.535
1990-01-17,1.5442
1990-01-18,1.5501
1990-01-19,1.5536
1990-01-21,1.5536
1990-01-22,1.5554
1990-01-23,1.5242
1990-01-24,1.4954
1990-01-25,1.4869
1990-01-26,1.4891
1990-01-28,1.4891
1990-01-29,1.4854
1990-01-30,1.4894
1990-01-31,1.4943
1990-02-01,1.4862
1990-02-02,1.4943
1990-02-04,1.4943
1990-02-05,1.4879
1990-02-06,1.4806
1990-02-07,1.4653
1990-02-08,1.4556
1990-02-09,1.4621
1990-02-11,1.4621
1990-02-12,1.4623
1990-02-13,1.4692
1990-02-14,1.4586
1990-02-15,1.4555
1990-02-16,1.4706
1990-02-18,1.4706
1990-02-19,1.4766
1990-02-20,1.4826
1990-02-21,1.473
1990-02-22,1.4931
1990-02-23,1.4935
1990-02-25,1.4935
1990-02-26,1.4964
1990-02-27,1.4883
1990-02-28,1.4852
1990-03-01,1.4987
1990-03-02,1.5341
1990-03-04,1.5341
1990-03-05,1.5478
1990-03-06,1.537
1990-03-07,1.5322
1990-03-08,1.5244
1990-03-09,1.5314
1990-03-12,1.5334
1990-03-13,1.5399
1990-03-14,1.5419
1990-03-15,1.5275
1990-03-16,1.5119
1990-03-18,1.5119
1990-03-19,1.5145
1990-03-20,1.5171
1990-03-21,1.5221
1990-03-22,1.5187
1990-03-23,1.5143
1990-03-25,1.5143
1990-03-26,1.5067
1990-03-27,1.5064
1990-03-28,1.5051
1990-03-29,1.5033
1990-03-30,1.5064
1990-04-01,1.5064
1990-04-02,1.5107
1990-04-03,1.5225
1990-04-04,1.5321
1990-04-05,1.5239
1990-04-06,1.531
1990-04-08,1.531
1990-04-09,1.5377
1990-04-11,1.5324
1990-04-12,1.5339
1990-04-13,1.5332
1990-04-15,1.5332
1990-04-17,1.5414
1990-04-18,1.5361
1990-04-19,1.5419
1990-04-20,1.5477
1990-04-22,1.5477
1990-04-23,1.5533
1990-04-24,1.5466
1990-04-25,1.552
1990-04-26,1.5297
1990-04-27,1.5101
1990-04-29,1.5101
1990-05-01,1.5011
1990-05-02,1.5198
1990-05-03,1.5219
1990-05-04,1.5195
1990-05-06,1.5195
1990-05-07,1.525
1990-05-08,1.5202
1990-05-09,1.5246
1990-05-10,1.5202
1990-05-11,1.5322
1990-05-13,1.5322
1990-05-14,1.5316
1990-05-15,1.5394
1990-05-16,1.5419
1990-05-17,1.5338
1990-05-18,1.5422
1990-05-20,1.5422
1990-05-21,1.5545
1990-05-22,1.5507
1990-05-23,1.556
1990-05-24,1.547
1990-05-25,1.5488
1990-05-27,1.5488
1990-05-28,1.55
1990-05-29,1.5577
1990-05-31,1.5572
1990-06-01,1.5544
1990-06-03,1.5544
1990-06-04,1.5546
1990-06-05,1.5538
1990-06-06,1.5739
1990-06-07,1.5898
1990-06-08,1.5982
1990-06-10,1.5982
1990-06-11,1.5996
1990-06-12,1.5989
1990-06-13,1.6026
1990-06-15,1.6001
1990-06-17,1.6001
1990-06-18,1.5996
1990-06-19,1.5992
1990-06-20,1.6057
1990-06-21,1.6218
1990-06-22,1.6174
1990-06-24,1.6174
1990-06-25,1.6475
1990-06-26,1.6493
1990-06-27,1.6462
1990-06-28,1.6201
1990-06-29,1.6401
1990-07-01,1.6401
1990-07-02,1.6312
1990-07-03,1.6507
1990-07-04,1.6557
1990-07-05,1.6602
1990-07-06,1.6535
1990-07-08,1.6535
1990-07-09,1.6538
1990-07-10,1.6585
1990-07-11,1.6586
1990-07-12,1.629
1990-07-13,1.6241
1990-07-15,1.6241
1990-07-16,1.623
1990-07-17,1.6264
1990-07-18,1.6247
1990-07-19,1.6256
1990-07-20,1.6194
1990-07-22,1.6194
1990-07-23,1.6204
1990-07-24,1.6221
1990-07-25,1.6224
1990-07-26,1.6219
1990-07-27,1.6208
1990-07-29,1.6208
1990-07-30,1.6218
1990-08-01,1.618
1990-08-02,1.5968
1990-08-03,1.5951
1990-08-05,1.5951
1990-08-06,1.5945
1990-08-07,1.6077
1990-08-08,1.6199
1990-08-09,1.6249
1990-08-10,1.633
1990-08-12,1.633
1990-08-13,1.6316
1990-08-14,1.6246
1990-08-15,1.6133
1990-08-16,1.6196
1990-08-17,1.6276
1990-08-19,1.6276
1990-08-20,1.6337
1990-08-21,1.6481
1990-08-22,1.6589
1990-08-23,1.6708
1990-08-24,1.692
1990-08-26,1.692
1990-08-27,1.6839
1990-08-28,1.7085
1990-08-29,1.7084
1990-08-30,1.6891
1990-08-31,1.6705
1990-09-02,1.6705
1990-09-03,1.6576
1990-09-04,1.6491
1990-09-05,1.677
1990-09-06,1.6686
1990-09-07,1.6636
1990-09-09,1.6636
1990-09-10,1.6955
1990-09-11,1.6967
1990-09-12,1.6996
1990-09-13,1.6924
1990-09-14,1.6965
1990-09-16,1.6965
1990-09-17,1.6973
1990-09-18,1.7018
1990-09-19,1.6989
1990-09-23,1.6989
1990-09-24,1.7144
1990-09-25,1.7061
1990-09-26,1.714
1990-09-27,1.7115
1990-09-30,1.7115
1990-10-01,1.7005
1990-10-02,1.7037
1990-10-03,1.6997
1990-10-05,1.7008
1990-10-07,1.7008
1990-10-08,1.6934
1990-10-09,1.6897
1990-10-10,1.68
1990-10-12,1.6549
1990-10-14,1.6549
1990-10-15,1.6118
1990-10-16,1.5893
1990-10-17,1.5822
1990-10-18,1.5556
1990-10-19,1.5596
1990-10-21,1.5596
1990-10-22,1.5732
1990-10-23,1.5682
1990-10-24,1.5825
1990-10-25,1.5738
1990-10-26,1.5888
1990-10-28,1.5888
1990-10-29,1.5859
1990-10-30,1.5858
1990-10-31,1.5822
1990-11-01,1.5899
1990-11-02,1.5688
1990-11-04,1.5688
1990-11-05,1.5744
1990-11-06,1.586
1990-11-07,1.568
1990-11-08,1.5633
1990-11-09,1.5681
1990-11-11,1.5681
1990-11-12,1.5624
1990-11-13,1.5592
1990-11-14,1.547
1990-11-15,1.5434
1990-11-16,1.5465
1990-11-18,1.5465
1990-11-19,1.526
1990-11-20,1.5312
1990-11-21,1.5373
1990-11-22,1.5382
1990-11-23,1.5397
1990-11-25,1.5397
1990-11-26,1.5413
1990-11-27,1.5528
1990-11-28,1.5457
1990-11-29,1.5481
1990-11-30,1.5631
1990-12-02,1.5631
1990-12-03,1.5639
1990-12-04,1.5725
1990-12-05,1.5626
1990-12-06,1.5583
1990-12-07,1.5584
1990-12-09,1.5584
1990-12-10,1.5332
1990-12-11,1.5536
1990-12-12,1.5487
1990-12-13,1.5371
1990-12-14,1.5451
1990-12-16,1.5451
1990-12-17,1.5452
1990-12-18,1.5558
1990-12-19,1.5558
1990-12-20,1.5668
1990-12-21,1.5802
1990-12-23,1.5802
1990-12-24,1.6002
1990-12-27,1.5983
1990-12-28,1.598
1990-12-30,1.598
1990-12-31,1.5796
1991-01-02,1.5728
1991-01-03,1.5669
1991-01-04,1.5801
1991-01-06,1.5801
1991-01-07,1.5863
1991-01-08,1.589
1991-01-09,1.5806
1991-01-10,1.576
1991-01-11,1.5821
1991-01-13,1.5821
1991-01-14,1.5799
1991-01-15,1.5908
1991-01-16,1.6005
1991-01-17,1.5869
1991-01-18,1.5856
1991-01-20,1.5856
1991-01-21,1.5807
1991-01-22,1.5812
1991-01-23,1.5849
1991-01-24,1.5711
1991-01-25,1.5619
1991-01-27,1.5619
1991-01-28,1.5679
1991-01-29,1.5764
1991-01-30,1.5791
1991-01-31,1.5721
1991-02-01,1.5661
1991-02-03,1.5661
1991-02-04,1.5665
1991-02-05,1.5555
1991-02-06,1.5557
1991-02-07,1.5616
1991-02-08,1.5571
1991-02-10,1.5571
1991-02-11,1.5578
1991-02-12,1.557
1991-02-13,1.5718
1991-02-14,1.5733
1991-02-15,1.5763
1991-02-17,1.5763
1991-02-18,1.5824
1991-02-19,1.5893
1991-02-20,1.5841
1991-02-21,1.5915
1991-02-22,1.5881
1991-02-24,1.5881
1991-02-25,1.5869
1991-02-26,1.5914
1991-02-27,1.5944
1991-03-01,1.6019
1991-03-03,1.6019
1991-03-04,1.5921
1991-03-05,1.5812
1991-03-06,1.5848
1991-03-07,1.5787
1991-03-08,1.5741
1991-03-10,1.5741
1991-03-11,1.6772
1991-03-12,1.6811
1991-03-13,1.6732
1991-03-14,1.6821
1991-03-15,1.6917
1991-03-17,1.6917
1991-03-18,1.6944
1991-03-19,1.7117
1991-03-20,1.7166
1991-03-21,1.7057
1991-03-22,1.7126
1991-03-24,1.7126
1991-03-25,1.7194
1991-03-26,1.7323
1991-03-27,1.7371
1991-03-28,1.7526
1991-03-31,1.7526
1991-04-02,1.7401
1991-04-03,1.7443
1991-04-04,1.754
1991-04-07,1.754
1991-04-08,1.7664
1991-04-09,1.7648
1991-04-10,1.7571
1991-04-11,1.7591
1991-04-12,1.7502
1991-04-14,1.7502
1991-04-15,1.7463
1991-04-16,1.7371
1991-04-17,1.7402
1991-04-19,1.7494
1991-04-21,1.7494
1991-04-22,1.7608
1991-04-23,1.7773
1991-04-24,1.7756
1991-04-25,1.7793
1991-04-26,1.7856
1991-04-28,1.7856
1991-04-29,1.809
1991-04-30,1.7985
1991-05-01,1.7685
1991-05-02,1.7742
1991-05-03,1.7828
1991-05-05,1.7828
1991-05-06,1.8077
1991-05-07,1.8129
1991-05-08,1.8472
1991-05-09,1.834
1991-05-10,1.8462
1991-05-12,1.8462
1991-05-13,1.8409
1991-05-14,1.8431
1991-05-15,1.8461
1991-05-16,1.8533
1991-05-17,1.8619
1991-05-20,1.8781
1991-05-21,1.8708
1991-05-22,1.8599
1991-05-23,1.8396
1991-05-24,1.8245
1991-05-26,1.8245
1991-05-27,1.815
1991-05-28,1.8234
1991-05-29,1.8182
1991-05-30,1.8067
1991-05-31,1.8125
1991-06-02,1.8125
1991-06-03,1.8271
1991-06-04,1.8325
1991-06-05,1.8244
1991-06-06,1.8039
1991-06-07,1.802
1991-06-09,1.802
1991-06-10,1.8064
1991-06-11,1.8127
1991-06-12,1.8205
1991-06-13,1.8153
1991-06-14,1.8073
1991-06-16,1.8073
1991-06-17,1.8187
1991-06-18,1.8354
1991-06-19,1.8286
1991-06-20,1.8276
1991-06-21,1.8346
1991-06-23,1.8346
1991-06-24,1.8265
1991-06-25,1.8276
1991-06-26,1.8318
1991-06-27,1.8307
1991-06-28,1.838
1991-06-30,1.838
1991-07-01,1.8391
1991-07-02,1.8297
1991-07-03,1.8349
1991-07-04,1.8274
1991-07-05,1.834
1991-07-07,1.834
1991-07-08,1.8329
1991-07-09,1.8262
1991-07-10,1.8299
1991-07-11,1.8336
1991-07-12,1.8402
1991-07-14,1.8402
1991-07-15,1.8349
1991-07-16,1.8446
1991-07-17,1.8446
1991-07-18,1.8359
1991-07-19,1.8303
1991-07-22,1.8419
1991-07-23,1.8372
1991-07-24,1.83
1991-07-25,1.8237
1991-07-26,1.8278
1991-07-28,1.8278
1991-07-29,1.8348
1991-07-30,1.8278
1991-07-31,1.8354
1991-08-01,1.8269
1991-08-02,1.8285
1991-08-04,1.8285
1991-08-05,1.8294
1991-08-06,1.8268
1991-08-07,1.826
1991-08-08,1.8198
1991-08-09,1.816
1991-08-11,1.816
1991-08-12,1.8266
1991-08-13,1.8218
1991-08-14,1.8141
1991-08-15,1.8089
1991-08-16,1.8131
1991-08-18,1.8131
1991-08-19,1.842
1991-08-20,1.8602
1991-08-21,1.8486
1991-08-22,1.8429
1991-08-23,1.844
1991-08-25,1.844
1991-08-26,1.8377
1991-08-27,1.8332
1991-08-28,1.8375
1991-08-29,1.824
1991-08-30,1.8312
1991-09-01,1.8312
1991-09-02,1.8249
1991-09-03,1.8159
1991-09-04,1.8225
1991-09-05,1.828
1991-09-06,1.821
1991-09-08,1.821
1991-09-11,1.8239
1991-09-12,1.8377
1991-09-13,1.8279
1991-09-15,1.8279
1991-09-16,1.8445
1991-09-19,1.8522
1991-09-20,1.8601
1991-09-22,1.8601
1991-09-24,1.8741
1991-09-25,1.8736
1991-09-26,1.8747
1991-09-27,1.8999
1991-09-29,1.8999
1991-10-01,1.9045
1991-10-02,1.9051
1991-10-03,1.8956
1991-10-04,1.8946
1991-10-06,1.8946
1991-10-07,1.8995
1991-10-08,1.8992
1991-10-09,1.916
1991-10-10,1.9116
1991-10-11,1.921
1991-10-13,1.921
1991-10-14,1.9302
1991-10-15,1.9388
1991-10-16,1.9369
1991-10-17,1.945
1991-10-18,1.9435
1991-10-20,1.9435
1991-10-21,1.9411
1991-10-22,1.9449
1991-10-23,1.9297
1991-10-24,1.9325
1991-10-25,1.9284
1991-10-27,1.9284
1991-10-28,1.921
1991-10-29,1.9135
1991-10-30,1.8963
1991-10-31,1.873
1991-11-01,1.8685
1991-11-03,1.8685
1991-11-04,1.858
1991-11-05,1.8618
1991-11-06,1.8617
1991-11-07,1.8591
1991-11-08,1.8605
1991-11-10,1.8605
1991-11-11,1.8603
1991-11-12,1.8571
1991-11-13,1.8515
1991-11-14,1.8515
1991-11-15,1.8467
1991-11-17,1.8467
1991-11-18,1.8367
1991-11-19,1.8384
1991-11-20,1.8346
1991-11-21,1.8391
1991-11-22,1.8358
1991-11-24,1.8358
1991-11-25,1.8326
1991-11-26,1.8326
1991-11-27,1.8372
1991-11-28,1.8331
1991-11-29,1.8416
1991-12-01,1.8416
1991-12-02,1.8292
1991-12-03,1.8344
1991-12-04,1.8351
1991-12-05,1.8196
1991-12-06,1.8054
1991-12-08,1.8054
1991-12-09,1.787
1991-12-10,1.7863
1991-12-11,1.7955
1991-12-12,1.7868
1991-12-13,1.7848
1991-12-15,1.7848
1991-12-16,1.7917
1991-12-17,1.7885
1991-12-18,1.7878
1991-12-19,1.7873
1991-12-20,1.7659
1991-12-22,1.7659
1991-12-23,1.7465
1991-12-24,1.7374
1991-12-27,1.732
1991-12-29,1.732
1991-12-30,1.7372
1991-12-31,1.7359
1992-01-02,1.7264
1992-01-03,1.7343
1992-01-05,1.7343
1992-01-06,1.7406
1992-01-07,1.7247
1992-01-08,1.7171
1992-01-09,1.7066
1992-01-10,1.6875
1992-01-12,1.6875
1992-01-13,1.702
1992-01-14,1.7079
1992-01-15,1.7191
1992-01-16,1.7227
1992-01-17,1.7281
1992-01-19,1.7281
1992-01-20,1.7143
1992-01-21,1.7257
1992-01-22,1.7305
1992-01-23,1.7339
1992-01-24,1.7089
1992-01-26,1.7089
1992-01-27,1.7145
1992-01-28,1.7253
1992-01-29,1.7217
1992-01-30,1.7177
1992-01-31,1.7316
1992-02-02,1.7316
1992-02-03,1.7385
1992-02-04,1.7353
1992-02-05,1.7169
1992-02-06,1.709
1992-02-07,1.7172
1992-02-09,1.7172
1992-02-10,1.7185
1992-02-11,1.7283
1992-02-12,1.7319
1992-02-13,1.7521
1992-02-14,1.7554
1992-02-16,1.7554
1992-02-17,1.7517
1992-02-18,1.7642
1992-02-19,1.7759
1992-02-20,1.7818
1992-02-21,1.7752
1992-02-23,1.7752
1992-02-24,1.7743
1992-02-25,1.776
1992-02-26,1.7711
1992-02-27,1.7829
1992-02-28,1.7793
1992-03-01,1.7793
1992-03-02,1.7852
1992-03-03,1.7874
1992-03-04,1.7934
1992-03-05,1.8057
1992-03-06,1.8135
1992-03-08,1.8135
1992-03-09,1.8104
1992-03-10,1.8127
1992-03-11,1.8177
1992-03-12,1.8173
1992-03-13,1.811
1992-03-15,1.811
1992-03-16,1.8154
1992-03-17,1.8157
1992-03-18,1.8288
1992-03-22,1.8288
1992-03-23,1.8423
1992-03-24,1.843
1992-03-25,1.8457
1992-03-26,1.8446
1992-03-27,1.8484
1992-03-29,1.8484
1992-03-30,1.8445
1992-03-31,1.8476
1992-04-01,1.8406
1992-04-02,1.8359
1992-04-03,1.8296
1992-04-05,1.8296
1992-04-06,1.8281
1992-04-07,1.8272
1992-04-08,1.8181
1992-04-09,1.8201
1992-04-10,1.8143
1992-04-12,1.8143
1992-04-13,1.8251
1992-04-14,1.8363
1992-04-15,1.8419
1992-04-16,1.8386
1992-04-19,1.8386
1992-04-21,1.8538
1992-04-22,1.8507
1992-04-23,1.8445
1992-04-26,1.8445
1992-04-27,1.831
1992-04-28,1.8364
1992-04-29,1.8461
1992-04-30,1.8418
1992-05-01,1.8315
1992-05-03,1.8315
1992-05-04,1.8337
1992-05-05,1.8378
1992-05-06,1.8384
1992-05-08,1.8222
1992-05-10,1.8222
1992-05-11,1.8294
1992-05-12,1.8241
1992-05-13,1.8298
1992-05-14,1.8394
1992-05-15,1.843
1992-05-17,1.843
1992-05-18,1.8359
1992-05-19,1.8311
1992-05-20,1.8304
1992-05-21,1.8432
1992-05-22,1.8539
1992-05-24,1.8539
1992-05-25,1.8572
1992-05-26,1.8597
1992-05-27,1.8689
1992-05-28,1.8732
1992-05-29,1.8667
1992-05-31,1.8667
1992-06-01,1.8572
1992-06-02,1.8676
1992-06-03,1.8732
1992-06-04,1.8758
1992-06-05,1.8695
1992-06-08,1.8702
1992-06-09,1.8715
1992-06-10,1.8716
1992-06-11,1.8719
1992-06-12,1.8656
1992-06-14,1.8656
1992-06-15,1.8513
1992-06-16,1.8492
1992-06-17,1.8467
1992-06-18,1.8535
1992-06-19,1.8524
1992-06-21,1.8524
1992-06-22,1.8503
1992-06-24,1.848
1992-06-25,1.8445
1992-06-26,1.8317
1992-06-28,1.8317
1992-06-29,1.8275
1992-06-30,1.8265
1992-07-01,1.8171
1992-07-02,1.8143
1992-07-03,1.815
1992-07-05,1.815
1992-07-06,1.8244
1992-07-07,1.8133
1992-07-08,1.8109
1992-07-09,1.8124
1992-07-10,1.8266
1992-07-12,1.8266
1992-07-13,1.8156
1992-07-14,1.8265
1992-07-15,1.8256
1992-07-16,1.818
1992-07-17,1.8128
1992-07-19,1.8128
1992-07-20,1.8136
1992-07-21,1.8336
1992-07-22,1.8362
1992-07-23,1.8372
1992-07-24,1.8362
1992-07-26,1.8362
1992-07-27,1.8331
1992-07-28,1.8256
1992-07-29,1.8212
1992-07-30,1.8328
1992-07-31,1.8207
1992-08-02,1.8207
1992-08-03,1.8197
1992-08-04,1.8185
1992-08-05,1.8126
1992-08-06,1.8144
1992-08-07,1.8129
1992-08-10,1.808
1992-08-11,1.7938
1992-08-12,1.7645
1992-08-13,1.7637
1992-08-14,1.7612
1992-08-16,1.7612
1992-08-17,1.7744
1992-08-18,1.7696
1992-08-19,1.7735
1992-08-20,1.7654
1992-08-21,1.7574
1992-08-23,1.7574
1992-08-24,1.7304
1992-08-25,1.7186
1992-08-26,1.7252
1992-08-27,1.7299
1992-08-28,1.7322
1992-08-30,1.7322
1992-08-31,1.7232
1992-09-01,1.7279
1992-09-02,1.7272
1992-09-03,1.7296
1992-09-04,1.75
1992-09-06,1.75
1992-09-07,1.7305
1992-09-08,1.7183
1992-09-09,1.7305
1992-09-10,1.7423
1992-09-11,1.7592
1992-09-13,1.7592
1992-09-14,1.8079
1992-09-15,1.7886
1992-09-16,1.8055
1992-09-17,1.8178
1992-09-18,1.8116
1992-09-20,1.8116
1992-09-21,1.8123
1992-09-22,1.796
1992-09-23,1.8103
1992-09-24,1.8021
1992-09-25,1.8007
1992-09-27,1.8007
1992-09-30,1.7464
1992-10-01,1.742
1992-10-02,1.7571
1992-10-04,1.7571
1992-10-05,1.7549
1992-10-08,1.7918
1992-10-09,1.787
1992-10-11,1.787
1992-10-13,1.7959
1992-10-14,1.7898
1992-10-15,1.7871
1992-10-16,1.7914
1992-10-18,1.7914
1992-10-20,1.7964
1992-10-21,1.8092
1992-10-22,1.811
1992-10-23,1.8041
1992-10-25,1.8041
1992-10-26,1.8171
1992-10-27,1.7943
1992-10-28,1.7827
1992-10-29,1.778
1992-10-30,1.7807
1992-11-01,1.7807
1992-11-02,1.7745
1992-11-03,1.821
1992-11-04,1.7962
1992-11-05,1.815
1992-11-06,1.8212
1992-11-08,1.8212
1992-11-09,1.8412
1992-11-10,1.8246
1992-11-11,1.8238
1992-11-12,1.8265
1992-11-13,1.8262
1992-11-15,1.8262
1992-11-16,1.8231
1992-11-17,1.817
1992-11-18,1.8186
1992-11-19,1.8117
1992-11-20,1.8123
1992-11-22,1.8123
1992-11-23,1.8406
1992-11-24,1.8428
1992-11-25,1.8582
1992-11-26,1.855
1992-11-27,1.8602
1992-11-29,1.8602
1992-11-30,1.8481
1992-12-01,1.8429
1992-12-02,1.8396
1992-12-03,1.8474
1992-12-04,1.8606
1992-12-06,1.8606
1992-12-07,1.8627
1992-12-08,1.8526
1992-12-09,1.8583
1992-12-10,1.8506
1992-12-11,1.8561
1992-12-13,1.8561
1992-12-14,1.8476
1992-12-15,1.8509
1992-12-16,1.8466
1992-12-17,1.8467
1992-12-18,1.8525
1992-12-20,1.8525
1992-12-21,1.8567
1992-12-22,1.8623
1992-12-23,1.8695
1992-12-24,1.8727
1992-12-27,1.8727
1992-12-28,1.8888
1992-12-29,1.8942
1992-12-30,1.9005
1992-12-31,1.902
1993-01-03,1.902
1993-01-04,1.9133
1993-01-05,1.8967
1993-01-06,1.8634
1993-01-07,1.8733
1993-01-08,1.8782
1993-01-10,1.8782
1993-01-11,1.877
1993-01-12,1.8819
1993-01-13,1.8854
1993-01-14,1.8692
1993-01-15,1.8777
1993-01-17,1.8777
1993-01-18,1.8864
1993-01-19,1.871
1993-01-20,1.8641
1993-01-21,1.8482
1993-01-22,1.8689
1993-01-24,1.8689
1993-01-25,1.8564
1993-01-26,1.8537
1993-01-27,1.8658
1993-01-28,1.8678
1993-01-29,1.8806
1993-01-31,1.8806
1993-02-01,1.8807
1993-02-02,1.8961
1993-02-03,1.8976
1993-02-04,1.8978
1993-02-05,1.8967
1993-02-07,1.8967
1993-02-08,1.8868
1993-02-09,1.8896
1993-02-10,1.8883
1993-02-11,1.8999
1993-02-12,1.9023
1993-02-14,1.9023
1993-02-15,1.9056
1993-02-16,1.8996
1993-02-17,1.9186
1993-02-18,1.9312
1993-02-19,1.9278
1993-02-21,1.9278
1993-02-22,1.9201
1993-02-23,1.9298
1993-02-24,1.9382
1993-02-25,1.9318
1993-02-26,1.936
1993-02-28,1.936
1993-03-01,1.9646
1993-03-02,1.9682
1993-03-03,1.9629
1993-03-04,1.9701
1993-03-05,1.9803
1993-03-08,1.9737
1993-03-09,1.9632
1993-03-10,1.9765
1993-03-11,1.9852
1993-03-12,1.9791
1993-03-14,1.9791
1993-03-15,1.9816
1993-03-16,1.9695
1993-03-17,1.9729
1993-03-18,1.9986
1993-03-19,1.9944
1993-03-21,1.9944
1993-03-22,1.9865
1993-03-23,1.965
1993-03-24,1.9578
1993-03-25,1.9622
1993-03-26,1.9752
1993-03-28,1.9752
1993-03-29,1.9643
1993-03-30,1.9792
1993-03-31,1.948
1993-04-01,1.9286
1993-04-02,1.9175
1993-04-04,1.9175
1993-04-05,1.9231
1993-04-07,1.9484
1993-04-08,1.9604
1993-04-11,1.9604
1993-04-13,1.9581
1993-04-14,1.9747
1993-04-15,1.9706
1993-04-16,1.9678
1993-04-18,1.9678
1993-04-19,1.9707
1993-04-20,1.9698
1993-04-21,1.9644
1993-04-22,1.9532
1993-04-23,1.9446
1993-04-25,1.9446
1993-04-27,1.9707
1993-04-28,1.9526
1993-04-29,1.9499
1993-04-30,1.9389
1993-05-02,1.9389
1993-05-03,1.9301
1993-05-04,1.9049
1993-05-05,1.9022
1993-05-06,1.9203
1993-05-07,1.922
1993-05-09,1.922
1993-05-10,1.9196
1993-05-11,1.922
1993-05-12,1.9208
1993-05-13,1.918
1993-05-14,1.9252
1993-05-16,1.9252
1993-05-17,1.9134
1993-05-18,1.907
1993-05-19,1.9017
1993-05-20,1.9013
1993-05-21,1.8967
1993-05-23,1.8967
1993-05-24,1.9085
1993-05-25,1.9151
1993-05-27,1.9021
1993-05-28,1.8883
1993-05-30,1.8883
1993-06-01,1.8376
1993-06-02,1.8504
1993-06-03,1.8477
1993-06-04,1.8413
1993-06-06,1.8413
1993-06-07,1.8522
1993-06-08,1.8425
1993-06-09,1.8417
1993-06-10,1.8568
1993-06-11,1.8588
1993-06-13,1.8588
1993-06-14,1.8602
1993-06-15,1.8512
1993-06-16,1.8686
1993-06-17,1.8712
1993-06-18,1.8674
1993-06-20,1.8674
1993-06-21,1.9071
1993-06-22,1.9221
1993-06-23,1.9115
1993-06-24,1.8796
1993-06-25,1.8876
1993-06-27,1.8876
1993-06-28,1.8856
1993-06-29,1.8883
1993-06-30,1.8694
1993-07-01,1.8749
1993-07-02,1.867
1993-07-04,1.867
1993-07-05,1.8978
1993-07-06,1.8908
1993-07-07,1.9005
1993-07-08,1.9164
1993-07-09,1.9192
1993-07-11,1.9192
1993-07-12,1.9244
1993-07-13,1.915
1993-07-14,1.9203
1993-07-15,1.9071
1993-07-16,1.9182
1993-07-18,1.9182
1993-07-19,1.8983
1993-07-20,1.8982
1993-07-21,1.901
1993-07-22,1.8977
1993-07-23,1.8966
1993-07-25,1.8966
1993-07-26,1.9443
1993-07-28,1.9427
1993-07-29,1.9353
1993-07-30,1.9643
1993-08-01,1.9643
1993-08-02,1.9917
1993-08-03,1.9734
1993-08-04,1.9644
1993-08-05,1.9659
1993-08-06,1.9474
1993-08-08,1.9474
1993-08-09,1.9472
1993-08-10,1.9522
1993-08-11,1.9626
1993-08-12,1.9432
1993-08-13,1.9346
1993-08-15,1.9346
1993-08-16,1.9305
1993-08-17,1.9358
1993-08-18,1.9283
1993-08-19,1.9263
1993-08-20,1.9365
1993-08-22,1.9365
1993-08-23,1.9239
1993-08-24,1.9074
1993-08-25,1.9233
1993-08-26,1.9299
1993-08-27,1.9102
1993-08-29,1.9102
1993-08-30,1.9306
1993-08-31,1.9228
1993-09-01,1.927
1993-09-02,1.9032
1993-09-03,1.8691
1993-09-05,1.8691
1993-09-06,1.8537
1993-09-07,1.8645
1993-09-08,1.8731
1993-09-09,1.8646
1993-09-10,1.8495
1993-09-12,1.8495
1993-09-13,1.8522
1993-09-14,1.8445
1993-09-15,1.8397
1993-09-19,1.8397
1993-09-20,1.8481
1993-09-21,1.8644
1993-09-22,1.8723
1993-09-23,1.8668
1993-09-26,1.8668
1993-09-27,1.8759
1993-09-28,1.8623
1993-09-29,1.8526
1993-10-01,1.8636
1993-10-03,1.8636
1993-10-04,1.8601
1993-10-05,1.8536
1993-10-06,1.8758
1993-10-08,1.8747
1993-10-10,1.8747
1993-10-11,1.877
1993-10-12,1.8827
1993-10-13,1.8859
1993-10-14,1.9012
1993-10-15,1.9008
1993-10-17,1.9008
1993-10-18,1.8984
1993-10-19,1.9197
1993-10-20,1.9197
1993-10-21,1.9314
1993-10-22,1.9381
1993-10-24,1.9381
1993-10-25,1.9437
1993-10-26,1.9563
1993-10-27,1.9413
1993-10-28,1.9512
1993-10-29,1.9445
1993-10-31,1.9445
1993-11-01,1.9725
1993-11-02,1.9775
1993-11-03,1.9846
1993-11-04,1.9766
1993-11-05,1.9783
1993-11-07,1.9783
1993-11-08,1.968
1993-11-09,1.9596
1993-11-10,1.9624
1993-11-11,1.9478
1993-11-12,1.9529
1993-11-14,1.9529
1993-11-15,1.9188
1993-11-16,1.9393
1993-11-17,1.957
1993-11-18,1.9547
1993-11-19,1.9504
1993-11-21,1.9504
1993-11-22,1.9484
1993-11-23,1.9628
1993-11-24,1.9559
1993-11-25,1.9617
1993-11-26,1.9617
1993-11-28,1.9617
1993-11-29,1.9612
1993-11-30,1.958
1993-12-01,1.9556
1993-12-02,1.9659
1993-12-03,1.984
1993-12-05,1.984
1993-12-06,1.9823
1993-12-07,1.9762
1993-12-08,1.9842
1993-12-09,1.9934
1993-12-10,1.9859
1993-12-12,1.9859
1993-12-13,1.9882
1993-12-14,1.9875
1993-12-15,1.9993
1993-12-16,2.0079
1993-12-17,1.9893
1993-12-19,1.9893
1993-12-20,2.0229
1993-12-21,2.0219
1993-12-22,2.0261
1993-12-23,2.0171
1993-12-24,2.0174
1993-12-26,2.0174
1993-12-27,2.0226
1993-12-28,2.0286
1993-12-29,2.0161
1993-12-30,2.0226
1993-12-31,2.0232
1994-01-02,2.0232
1994-01-03,2.0239
1994-01-04,2.0538
1994-01-05,2.0507
1994-01-06,2.0474
1994-01-07,2.0439
1994-01-09,2.0439
1994-01-10,2.0423
1994-01-11,2.0581
1994-01-12,2.0524
1994-01-13,2.0547
1994-01-14,2.0538
1994-01-16,2.0538
1994-01-17,2.0641
1994-01-18,2.0746
1994-01-19,2.0797
1994-01-20,2.1
1994-01-21,2.0926
1994-01-23,2.0926
1994-01-24,2.1005
1994-01-25,2.1164
1994-01-26,2.1207
1994-01-27,2.1369
1994-01-28,2.1162
1994-01-30,2.1162
1994-01-31,2.1209
1994-02-01,2.1292
1994-02-02,2.1246
1994-02-03,2.1242
1994-02-04,2.1289
1994-02-06,2.1289
1994-02-07,2.1392
1994-02-08,2.1449
1994-02-09,2.1415
1994-02-10,2.1579
1994-02-11,2.1402
1994-02-13,2.1402
1994-02-14,2.1193
1994-02-15,2.1023
1994-02-16,2.1015
1994-02-17,2.1113
1994-02-18,2.1148
1994-02-20,2.1148
1994-02-21,2.1125
1994-02-22,2.1409
1994-02-23,2.153
1994-02-24,2.1826
1994-02-27,2.1826
1994-02-28,2.128
1994-03-01,2.1166
1994-03-02,2.1039
1994-03-03,2.0946
1994-03-04,2.1117
1994-03-06,2.1117
1994-03-07,2.1513
1994-03-08,2.142
1994-03-09,2.1175
1994-03-10,2.1094
1994-03-11,2.1108
1994-03-13,2.1108
1994-03-14,2.1332
1994-03-15,2.1398
1994-03-16,2.1244
1994-03-17,2.1201
1994-03-18,2.1134
1994-03-20,2.1134
1994-03-21,2.1253
1994-03-22,2.1044
1994-03-23,2.1126
1994-03-24,2.1132
1994-03-25,2.0969
1994-03-28,2.1076
1994-03-29,2.1057
1994-03-30,2.092
1994-03-31,2.0826
1994-04-03,2.0826
1994-04-05,2.0978
1994-04-06,2.1139
1994-04-07,2.1183
1994-04-08,2.1465
1994-04-10,2.1465
1994-04-11,2.158
1994-04-12,2.1728
1994-04-13,2.1704
1994-04-15,2.1692
1994-04-17,2.1692
1994-04-18,2.1646
1994-04-19,2.139
1994-04-20,2.1359
1994-04-21,2.1222
1994-04-22,2.1438
1994-04-24,2.1438
1994-04-25,2.1482
1994-04-26,2.158
1994-04-27,2.1584
1994-04-28,2.1465
1994-04-29,2.1365
1994-05-01,2.1365
1994-05-02,2.1383
1994-05-03,2.1252
1994-05-04,2.121
1994-05-05,2.1439
1994-05-06,2.1612
1994-05-08,2.1612
1994-05-09,2.1516
1994-05-10,2.1709
1994-05-11,2.1787
1994-05-12,2.1699
1994-05-13,2.1687
1994-05-15,2.1687
1994-05-17,2.1823
1994-05-18,2.1987
1994-05-19,2.1931
1994-05-20,2.1945
1994-05-22,2.1945
1994-05-23,2.2001
1994-05-24,2.2155
1994-05-25,2.2173
1994-05-26,2.2178
1994-05-27,2.221
1994-05-29,2.221
1994-05-30,2.2324
1994-05-31,2.2366
1994-06-01,2.2451
1994-06-02,2.2428
1994-06-03,2.2411
1994-06-05,2.2411
1994-06-06,2.2572
1994-06-07,2.2442
1994-06-08,2.242
1994-06-09,2.2393
1994-06-10,2.2436
1994-06-12,2.2436
1994-06-13,2.2485
1994-06-14,2.2259
1994-06-15,2.2216
1994-06-16,2.2114
1994-06-17,2.24
1994-06-19,2.24
1994-06-20,2.2565
1994-06-21,2.2568
1994-06-22,2.269
1994-06-23,2.2409
1994-06-24,2.2296
1994-06-26,2.2296
1994-06-27,2.1992
1994-06-28,2.2049
1994-06-29,2.1917
1994-06-30,2.217
1994-07-01,2.2209
1994-07-03,2.2209
1994-07-04,2.2158
1994-07-05,2.2119
1994-07-06,2.1861
1994-07-07,2.2073
1994-07-08,2.1966
1994-07-10,2.1966
1994-07-11,2.1915
1994-07-12,2.1951
1994-07-13,2.2013
1994-07-14,2.2019
1994-07-15,2.2145
1994-07-18,2.205
1994-07-19,2.2084
1994-07-20,2.2405
1994-07-21,2.2354
1994-07-22,2.2567
1994-07-24,2.2567
1994-07-25,2.2665
1994-07-26,2.2751
1994-07-27,2.257
1994-07-28,2.2443
1994-07-29,2.2596
1994-07-31,2.2596
1994-08-01,2.2468
1994-08-02,2.2485
1994-08-03,2.238
1994-08-04,2.2267
1994-08-05,2.2636
1994-08-07,2.2636
1994-08-08,2.2608
1994-08-09,2.2631
1994-08-10,2.2564
1994-08-11,2.2704
1994-08-12,2.2466
1994-08-14,2.2466
1994-08-15,2.2477
1994-08-16,2.2484
1994-08-17,2.2554
1994-08-18,2.243
1994-08-19,2.2295
1994-08-21,2.2295
1994-08-22,2.2236
1994-08-23,2.2246
1994-08-24,2.2385
1994-08-25,2.2415
1994-08-26,2.2402
1994-08-28,2.2402
1994-08-29,2.2602
1994-08-30,2.2589
1994-08-31,2.249
1994-09-01,2.2513
1994-09-02,2.2498
1994-09-04,2.2498
1994-09-05,2.2355
1994-09-08,2.2476
1994-09-09,2.2568
1994-09-11,2.2568
1994-09-12,2.2442
1994-09-13,2.2488
1994-09-16,2.2508
1994-09-18,2.2508
1994-09-19,2.2454
1994-09-21,2.2363
1994-09-22,2.2225
1994-09-23,2.2319
1994-09-25,2.2319
1994-09-26,2.242
1994-09-28,2.2428
1994-09-29,2.2304
1994-09-30,2.2271
1994-10-02,2.2271
1994-10-03,2.2414
1994-10-04,2.2293
1994-10-05,2.2298
1994-10-06,2.2303
1994-10-07,2.2227
1994-10-09,2.2227
1994-10-10,2.2304
1994-10-11,2.2292
1994-10-12,2.2295
1994-10-13,2.2346
1994-10-14,2.2234
1994-10-16,2.2234
1994-10-17,2.2222
1994-10-18,2.226
1994-10-19,2.2181
1994-10-20,2.2227
1994-10-21,2.2089
1994-10-23,2.2089
1994-10-24,2.2317
1994-10-25,2.2192
1994-10-26,2.228
1994-10-27,2.2327
1994-10-28,2.2352
1994-10-30,2.2352
1994-10-31,2.2379
1994-11-01,2.2287
1994-11-02,2.2242
1994-11-03,2.2321
1994-11-04,2.2375
1994-11-06,2.2375
1994-11-07,2.2513
1994-11-08,2.26
1994-11-09,2.27
1994-11-10,2.2646
1994-11-11,2.2528
1994-11-13,2.2528
1994-11-14,2.256
1994-11-15,2.2509
1994-11-16,2.2566
1994-11-17,2.2584
1994-11-18,2.2884
1994-11-20,2.2884
1994-11-21,2.3008
1994-11-22,2.3163
1994-11-23,2.2946
1994-11-24,2.3068
1994-11-25,2.3162
1994-11-27,2.3162
1994-11-28,2.3287
1994-11-29,2.3195
1994-11-30,2.3283
1994-12-01,2.3185
1994-12-02,2.3224
1994-12-04,2.3224
1994-12-05,2.3339
1994-12-06,2.3231
1994-12-07,2.3209
1994-12-08,2.3181
1994-12-09,2.3354
1994-12-11,2.3354
1994-12-12,2.3377
1994-12-13,2.34
1994-12-14,2.3409
1994-12-15,2.3451
1994-12-16,2.3402
1994-12-18,2.3402
1994-12-19,2.3416
1994-12-20,2.3567
1994-12-21,2.3725
1994-12-22,2.3702
1994-12-23,2.3673
1994-12-25,2.3673
1994-12-27,2.3619
1994-12-28,2.3665
1994-12-29,2.3538
1994-12-30,2.343
1995-01-01,2.343
1995-01-03,2.3304
1995-01-04,2.3308
1995-01-05,2.3274
1995-01-06,2.3195
1995-01-08,2.3195
1995-01-09,2.3142
1995-01-10,2.3099
1995-01-11,2.3165
1995-01-12,2.3201
1995-01-13,2.2896
1995-01-15,2.2896
1995-01-16,2.2879
1995-01-17,2.2826
1995-01-18,2.2826
1995-01-19,2.3033
1995-01-20,2.3138
1995-01-22,2.3138
1995-01-23,2.3083
1995-01-24,2.313
1995-01-25,2.296
1995-01-26,2.2987
1995-01-27,2.2886
1995-01-29,2.2886
1995-01-30,2.2823
1995-01-31,2.2708
1995-02-01,2.2854
1995-02-02,2.2822
1995-02-03,2.271
1995-02-05,2.271
1995-02-06,2.2725
1995-02-07,2.2582
1995-02-08,2.2581
1995-02-09,2.2524
1995-02-10,2.2503
1995-02-12,2.2503
1995-02-13,2.2537
1995-02-14,2.2461
1995-02-15,2.2507
1995-02-16,2.2377
1995-02-17,2.2109
1995-02-19,2.2109
1995-02-20,2.2209
1995-02-21,2.2234
1995-02-22,2.2282
1995-02-23,2.217
1995-02-24,2.2111
1995-02-26,2.2111
1995-02-27,2.2119
1995-02-28,2.2044
1995-03-01,2.202
1995-03-02,2.1999
1995-03-03,2.2046
1995-03-05,2.2046
1995-03-06,2.1778
1995-03-07,2.1917
1995-03-08,2.194
1995-03-09,2.2098
1995-03-10,2.2132
1995-03-12,2.2132
1995-03-13,2.2296
1995-03-14,2.2237
1995-03-15,2.2135
1995-03-19,2.2135
1995-03-20,2.174
1995-03-21,2.1423
1995-03-22,2.1628
1995-03-23,2.1612
1995-03-24,2.1731
1995-03-26,2.1731
1995-03-27,2.1737
1995-03-28,2.1586
1995-03-29,2.1573
1995-03-30,2.1485
1995-03-31,2.157
1995-04-02,2.157
1995-04-03,2.171
1995-04-04,2.1744
1995-04-05,2.1852
1995-04-06,2.1895
1995-04-07,2.1867
1995-04-09,2.1867
1995-04-10,2.1984
1995-04-11,2.2034
1995-04-12,2.2021
1995-04-13,2.2003
1995-04-16,2.2003
1995-04-18,2.1929
1995-04-19,2.1755
1995-04-20,2.1772
1995-04-23,2.1772
1995-04-24,2.1495
1995-04-25,2.1513
1995-04-26,2.162
1995-04-27,2.1551
1995-04-28,2.159
1995-04-30,2.159
1995-05-01,2.1637
1995-05-02,2.1585
1995-05-03,2.1638
1995-05-05,2.2
1995-05-07,2.2
1995-05-08,2.1944
1995-05-09,2.169
1995-05-10,2.171
1995-05-11,2.2035
1995-05-12,2.2394
1995-05-14,2.2394
1995-05-15,2.2199
1995-05-16,2.2256
1995-05-17,2.2032
1995-05-18,2.201
1995-05-19,2.1769
1995-05-21,2.1769
1995-05-22,2.1849
1995-05-23,2.1809
1995-05-24,2.1865
1995-05-25,2.173
1995-05-26,2.1642
1995-05-28,2.1642
1995-05-30,2.1577
1995-05-31,2.146
1995-06-01,2.1657
1995-06-02,2.1515
1995-06-05,2.1534
1995-06-06,2.1623
1995-06-07,2.1601
1995-06-08,2.1594
1995-06-09,2.1529
1995-06-11,2.1529
1995-06-12,2.1479
1995-06-13,2.1485
1995-06-14,2.1472
1995-06-15,2.1539
1995-06-16,2.1565
1995-06-18,2.1565
1995-06-19,2.1553
1995-06-20,2.1506
1995-06-21,2.1628
1995-06-22,2.1394
1995-06-23,2.1431
1995-06-25,2.1431
1995-06-26,2.138
1995-06-27,2.125
1995-06-28,2.1214
1995-06-29,2.1222
1995-06-30,2.0968
1995-07-02,2.0968
1995-07-03,2.0988
1995-07-04,2.0981
1995-07-05,2.0872
1995-07-06,2.0971
1995-07-07,2.1107
1995-07-09,2.1107
1995-07-10,2.1124
1995-07-11,2.1277
1995-07-12,2.1335
1995-07-13,2.166
1995-07-14,2.1486
1995-07-16,2.1486
1995-07-17,2.1554
1995-07-18,2.1484
1995-07-19,2.1566
1995-07-20,2.1594
1995-07-21,2.1631
1995-07-23,2.1631
1995-07-24,2.1677
1995-07-25,2.1771
1995-07-26,2.2
1995-07-27,2.1896
1995-07-28,2.2005
1995-07-30,2.2005
1995-07-31,2.2096
1995-08-01,2.2208
1995-08-02,2.2139
1995-08-03,2.2272
1995-08-04,2.2228
1995-08-07,2.2365
1995-08-08,2.2461
1995-08-09,2.2407
1995-08-10,2.2358
1995-08-11,2.2482
1995-08-13,2.2482
1995-08-14,2.2397
1995-08-15,2.2314
1995-08-16,2.22
1995-08-17,2.2297
1995-08-18,2.2369
1995-08-20,2.2369
1995-08-21,2.2406
1995-08-22,2.2514
1995-08-23,2.2585
1995-08-24,2.2675
1995-08-25,2.2675
1995-08-27,2.2675
1995-08-28,2.2621
1995-08-29,2.2833
1995-08-30,2.2971
1995-08-31,2.2853
1995-09-01,2.2819
1995-09-03,2.2819
1995-09-04,2.2822
1995-09-05,2.2868
1995-09-06,2.2876
1995-09-07,2.2845
1995-09-08,2.2962
1995-09-10,2.2962
1995-09-11,2.2871
1995-09-12,2.3101
1995-09-13,2.3279
1995-09-14,2.3133
1995-09-15,2.3212
1995-09-17,2.3212
1995-09-18,2.2982
1995-09-19,2.3162
1995-09-20,2.301
1995-09-21,2.2892
1995-09-22,2.2693
1995-09-24,2.2693
1995-09-27,2.2569
1995-09-28,2.2581
1995-09-29,2.2608
1995-10-01,2.2608
1995-10-02,2.2913
1995-10-05,2.2865
1995-10-06,2.2854
1995-10-08,2.2854
1995-10-10,2.2781
1995-10-11,2.2944
1995-10-12,2.282
1995-10-13,2.2776
1995-10-15,2.2776
1995-10-17,2.2699
1995-10-18,2.2552
1995-10-19,2.253
1995-10-20,2.2553
1995-10-22,2.2553
1995-10-23,2.2531
1995-10-24,2.263
1995-10-25,2.2793
1995-10-26,2.2914
1995-10-27,2.2908
1995-10-29,2.2908
1995-10-30,2.3037
1995-10-31,2.3049
1995-11-01,2.3
1995-11-02,2.2819
1995-11-03,2.2957
1995-11-05,2.2957
1995-11-06,2.2855
1995-11-07,2.2658
1995-11-08,2.2643
1995-11-09,2.2364
1995-11-10,2.2269
1995-11-12,2.2269
1995-11-13,2.2232
1995-11-14,2.2371
1995-11-15,2.2289
1995-11-16,2.2384
1995-11-17,2.2594
1995-11-19,2.2594
1995-11-20,2.3032
1995-11-21,2.2899
1995-11-22,2.2638
1995-11-23,2.2594
1995-11-24,2.2774
1995-11-26,2.2774
1995-11-27,2.2725
1995-11-28,2.3024
1995-11-29,2.2995
1995-11-30,2.2873
1995-12-01,2.2939
1995-12-03,2.2939
1995-12-04,2.2757
1995-12-05,2.2707
1995-12-06,2.2897
1995-12-07,2.2927
1995-12-08,2.2954
1995-12-10,2.2954
1995-12-11,2.292
1995-12-12,2.3104
1995-12-13,2.3182
1995-12-14,2.3079
1995-12-15,2.3067
1995-12-17,2.3067
1995-12-18,2.3126
1995-12-19,2.3183
1995-12-20,2.3295
1995-12-21,2.3534
1995-12-22,2.3538
1995-12-24,2.3538
1995-12-27,2.3588
1995-12-28,2.3384
1995-12-29,2.3357
1995-12-31,2.3357
1996-01-02,2.3232
1996-01-03,2.3368
1996-01-04,2.3395
1996-01-05,2.3226
1996-01-07,2.3226
1996-01-08,2.3385
1996-01-09,2.329
1996-01-10,2.3206
1996-01-11,2.3292
1996-01-12,2.3211
1996-01-14,2.3211
1996-01-15,2.3184
1996-01-16,2.3253
1996-01-17,2.3119
1996-01-18,2.3113
1996-01-19,2.3043
1996-01-21,2.3043
1996-01-22,2.2855
1996-01-23,2.2936
1996-01-24,2.3068
1996-01-25,2.3056
1996-01-26,2.3271
1996-01-28,2.3271
1996-01-29,2.3281
1996-01-30,2.33
1996-01-31,2.3377
1996-02-01,2.3333
1996-02-02,2.3695
1996-02-04,2.3695
1996-02-05,2.3636
1996-02-06,2.3599
1996-02-07,2.36
1996-02-08,2.3757
1996-02-09,2.3548
1996-02-11,2.3548
1996-02-12,2.355
1996-02-13,2.3442
1996-02-14,2.3505
1996-02-15,2.3478
1996-02-16,2.3472
1996-02-18,2.3472
1996-02-19,2.335
1996-02-20,2.3306
1996-02-21,2.3272
1996-02-22,2.3424
1996-02-23,2.3552
1996-02-25,2.3552
1996-02-26,2.3601
1996-02-27,2.3516
1996-02-28,2.3546
1996-02-29,2.3706
1996-03-01,2.3673
1996-03-03,2.3673
1996-03-04,2.3537
1996-03-07,2.3669
1996-03-08,2.3728
1996-03-10,2.3728
1996-03-11,2.3785
1996-03-12,2.3819
1996-03-13,2.3901
1996-03-14,2.3948
1996-03-15,2.3924
1996-03-17,2.3924
1996-03-18,2.3881
1996-03-19,2.3912
1996-03-20,2.3899
1996-03-21,2.4079
1996-03-22,2.4009
1996-03-24,2.4009
1996-03-25,2.3913
1996-03-26,2.4025
1996-03-27,2.4262
1996-03-28,2.4492
1996-03-29,2.4295
1996-03-31,2.4295
1996-04-01,2.4354
1996-04-02,2.445
1996-04-07,2.445
1996-04-09,2.4617
1996-04-11,2.4863
1996-04-12,2.4879
1996-04-14,2.4879
1996-04-15,2.4978
1996-04-16,2.5014
1996-04-17,2.4933
1996-04-18,2.513
1996-04-19,2.4963
1996-04-21,2.4963
1996-04-22,2.5009
1996-04-23,2.5019
1996-04-25,2.5003
1996-04-26,2.5092
1996-04-28,2.5092
1996-04-29,2.5074
1996-04-30,2.5131
1996-05-01,2.5283
1996-05-02,2.5543
1996-05-03,2.5546
1996-05-05,2.5546
1996-05-06,2.6003
1996-05-07,2.6231
1996-05-08,2.6136
1996-05-09,2.5794
1996-05-10,2.5971
1996-05-12,2.5971
1996-05-13,2.5768
1996-05-14,2.5837
1996-05-15,2.6006
1996-05-16,2.6086
1996-05-17,2.5983
1996-05-19,2.5983
1996-05-20,2.6096
1996-05-21,2.6002
1996-05-22,2.5871
1996-05-23,2.5911
1996-05-26,2.5911
1996-05-28,2.6114
1996-05-30,2.6324
1996-05-31,2.6351
1996-06-02,2.6351
1996-06-03,2.637
1996-06-04,2.6218
1996-06-05,2.6028
1996-06-06,2.5726
1996-06-07,2.5733
1996-06-09,2.5733
1996-06-10,2.5834
1996-06-11,2.5954
1996-06-12,2.5907
1996-06-13,2.5883
1996-06-14,2.5726
1996-06-16,2.5726
1996-06-17,2.5812
1996-06-18,2.5819
1996-06-19,2.5739
1996-06-20,2.5737
1996-06-21,2.5787
1996-06-23,2.5787
1996-06-24,2.551
1996-06-25,2.5572
1996-06-26,2.5475
1996-06-27,2.5192
1996-06-28,2.528
1996-06-30,2.528
1996-07-01,2.5225
1996-07-02,2.5078
1996-07-03,2.4977
1996-07-04,2.5036
1996-07-05,2.5131
1996-07-07,2.5131
1996-07-08,2.5286
1996-07-09,2.5165
1996-07-10,2.5357
1996-07-11,2.548
1996-07-12,2.5303
1996-07-14,2.5303
1996-07-15,2.5249
1996-07-16,2.5189
1996-07-18,2.5217
1996-07-19,2.5203
1996-07-21,2.5203
1996-07-22,2.5106
1996-07-23,2.4964
1996-07-24,2.4966
1996-07-26,2.4946
1996-07-28,2.4946
1996-07-29,2.4983
1996-07-30,2.4836
1996-07-31,2.4396
1996-08-01,2.4341
1996-08-02,2.4359
1996-08-04,2.4359
1996-08-05,2.4315
1996-08-06,2.4406
1996-08-07,2.4483
1996-08-08,2.4487
1996-08-09,2.4459
1996-08-11,2.4459
1996-08-12,2.4418
1996-08-13,2.4445
1996-08-14,2.4523
1996-08-15,2.4653
1996-08-16,2.4668
1996-08-18,2.4668
1996-08-19,2.4905
1996-08-20,2.4761
1996-08-21,2.4875
1996-08-22,2.4988
1996-08-23,2.4904
1996-08-25,2.4904
1996-08-26,2.4837
1996-08-27,2.4762
1996-08-28,2.4831
1996-08-29,2.484
1996-08-30,2.4814
1996-09-01,2.4814
1996-09-02,2.4849
1996-09-03,2.4896
1996-09-04,2.4935
1996-09-05,2.4902
1996-09-06,2.5011
1996-09-08,2.5011
1996-09-09,2.5222
1996-09-10,2.5286
1996-09-11,2.5339
1996-09-12,2.5274
1996-09-16,2.5067
1996-09-17,2.5014
1996-09-18,2.4969
1996-09-19,2.5032
1996-09-20,2.5165
1996-09-24,2.5043
1996-09-25,2.5062
1996-09-26,2.5194
1996-09-27,2.5279
1996-09-29,2.5279
1996-09-30,2.551
1996-10-01,2.526
1996-10-02,2.5329
1996-10-03,2.5195
1996-10-04,2.5182
1996-10-06,2.5182
1996-10-07,2.5081
1996-10-08,2.5123
1996-10-09,2.5191
1996-10-10,2.5158
1996-10-11,2.523
1996-10-13,2.523
1996-10-14,2.5255
1996-10-15,2.5296
1996-10-16,2.5344
1996-10-17,2.5607
1996-10-18,2.5964
1996-10-20,2.5964
1996-10-21,2.6106
1996-10-22,2.5853
1996-10-23,2.5834
1996-10-24,2.5986
1996-10-25,2.602
1996-10-27,2.602
1996-10-28,2.5745
1996-10-29,2.5714
1996-10-30,2.5876
1996-10-31,2.5934
1996-11-01,2.5811
1996-11-03,2.5811
1996-11-04,2.5571
1996-11-05,2.5557
1996-11-06,2.5677
1996-11-07,2.5443
1996-11-08,2.5501
1996-11-10,2.5501
1996-11-11,2.5576
1996-11-12,2.5499
1996-11-13,2.5482
1996-11-14,2.5605
1996-11-15,2.5571
1996-11-17,2.5571
1996-11-18,2.5534
1996-11-19,2.5649
1996-11-20,2.5754
1996-11-21,2.6349
1996-11-22,2.6319
1996-11-24,2.6319
1996-11-25,2.6341
1996-11-26,2.6297
1996-11-27,2.6408
1996-11-28,2.64
1996-11-29,2.6331
1996-12-01,2.6331
1996-12-02,2.684
1996-12-03,2.6677
1996-12-04,2.6262
1996-12-05,2.6175
1996-12-06,2.6097
1996-12-08,2.6097
1996-12-09,2.6241
1996-12-10,2.6241
1996-12-11,2.6017
1996-12-12,2.6034
1996-12-13,2.6059
1996-12-15,2.6059
1996-12-16,2.6002
1996-12-17,2.6032
1996-12-18,2.5955
1996-12-19,2.6029
1996-12-20,2.5979
1996-12-22,2.5979
1996-12-23,2.6033
1996-12-24,2.6015
1996-12-25,2.6015
1996-12-26,2.6015
1996-12-27,2.5962
1996-12-29,2.5962
1996-12-31,2.5867
1997-01-02,2.5704
1997-01-03,2.5659
1997-01-05,2.5659
1997-01-06,2.5614
1997-01-07,2.56
1997-01-08,2.5409
1997-01-09,2.5278
1997-01-10,2.5188
1997-01-13,2.5427
1997-01-14,2.5347
1997-01-15,2.5358
1997-01-16,2.5394
1997-01-17,2.5449
1997-01-20,2.5528
1997-01-21,2.5551
1997-01-22,2.5537
1997-01-23,2.5494
1997-01-24,2.5504
1997-01-27,2.5524
1997-01-28,2.5601
1997-01-29,2.5436
1997-01-30,2.5299
1997-01-31,2.5271
1997-02-03,2.5524
1997-02-04,2.5309
1997-02-05,2.5272
1997-02-06,2.5348
1997-02-07,2.5346
1997-02-10,2.5187
1997-02-11,2.5357
1997-02-12,2.5257
1997-02-13,2.5717
1997-02-17,2.5667
1997-02-18,2.5708
1997-02-19,2.5655
1997-02-20,2.5804
1997-02-24,2.6049
1997-02-25,2.5926
1997-02-26,2.5895
1997-02-27,2.5952
1997-03-03,2.6329
1997-03-04,2.6532
1997-03-05,2.6443
1997-03-06,2.65
1997-03-07,2.6539
1997-03-10,2.6503
1997-03-11,2.6575
1997-03-12,2.6824
1997-03-13,2.6659
1997-03-14,2.6874
1997-03-17,2.6721
1997-03-18,2.654
1997-03-19,2.6504
1997-03-20,2.6489
1997-03-21,2.6435
1997-03-25,2.6495
1997-03-26,2.6412
1997-03-27,2.6352
1997-04-01,2.6455
1997-04-02,2.6371
1997-04-03,2.6265
1997-04-04,2.609
1997-04-07,2.6336
1997-04-08,2.6341
1997-04-09,2.6484
1997-04-10,2.6423
1997-04-11,2.6728
1997-04-14,2.6509
1997-04-15,2.6385
1997-04-16,2.6278
1997-04-17,2.6325
1997-04-18,2.6371
1997-04-23,2.6412
1997-04-24,2.6415
1997-04-25,2.6424
1997-04-29,2.6583
1997-04-30,2.6634
1997-05-01,2.6763
1997-05-02,2.6682
1997-05-05,2.6645
1997-05-06,2.6508
1997-05-07,2.641
1997-05-08,2.6467
1997-05-09,2.6439
1997-05-13,2.6472
1997-05-14,2.6453
1997-05-15,2.6341
1997-05-16,2.6288
1997-05-19,2.6235
1997-05-20,2.6224
1997-05-21,2.6354
1997-05-22,2.6523
1997-05-23,2.6063
1997-05-27,2.6017
1997-05-28,2.5963
1997-05-29,2.6007
1997-05-30,2.583
1997-06-02,2.588
1997-06-03,2.5813
1997-06-04,2.59
1997-06-05,2.5932
1997-06-06,2.598
1997-06-09,2.5868
1997-06-10,2.5924
1997-06-12,2.5632
1997-06-13,2.5667
1997-06-16,2.5666
1997-06-17,2.5568
1997-06-18,2.5696
1997-06-19,2.56
1997-06-20,2.5776
1997-06-23,2.616
1997-06-24,2.6293
1997-06-25,2.6471
1997-06-26,2.6913
1997-06-27,2.6913
1997-06-30,2.675
1997-07-01,2.6708
1997-07-02,2.6419
1997-07-03,2.6481
1997-07-04,2.6612
1997-07-07,2.6616
1997-07-08,2.6628
1997-07-09,2.6544
1997-07-10,2.6379
1997-07-11,2.6425
1997-07-14,2.6238
1997-07-15,2.6253
1997-07-16,2.6163
1997-07-17,2.6153
1997-07-18,2.611
1997-07-21,2.6122
1997-07-22,2.6127
1997-07-23,2.5872
1997-07-24,2.5903
1997-07-25,2.631
1997-07-28,2.6072
1997-07-29,2.6129
1997-07-30,2.6398
1997-07-31,2.6329
1997-08-01,2.6232
1997-08-04,2.6149
1997-08-05,2.6172
1997-08-06,2.6053
1997-08-07,2.5972
1997-08-08,2.5856
1997-08-11,2.605
1997-08-13,2.6274
1997-08-14,2.6247
1997-08-15,2.6124
1997-08-18,2.6089
1997-08-19,2.611
1997-08-20,2.6252
1997-08-21,2.6431
1997-08-22,2.6515
1997-08-25,2.6414
1997-08-26,2.6248
1997-08-27,2.6368
1997-08-28,2.6001
1997-08-29,2.5816
1997-09-01,2.5678
1997-09-02,2.5531
1997-09-03,2.558
1997-09-04,2.5648
1997-09-05,2.5769
1997-09-08,2.5743
1997-09-09,2.5643
1997-09-10,2.5559
1997-09-11,2.5333
1997-09-12,2.5254
1997-09-15,2.5237
1997-09-16,2.5108
1997-09-17,2.5135
1997-09-18,2.5037
1997-09-19,2.5176
1997-09-22,2.5291
1997-09-23,2.5351
1997-09-24,2.5235
1997-09-25,2.5437
1997-09-26,2.5343
1997-09-29,2.5235
1997-09-30,2.5327
1997-10-06,2.5295
1997-10-07,2.524
1997-10-08,2.5388
1997-10-09,2.5699
1997-10-13,2.5821
1997-10-14,2.5767
1997-10-15,2.5832
1997-10-17,2.5884
1997-10-20,2.5705
1997-10-21,2.5681
1997-10-22,2.5214
1997-10-24,2.5128
1997-10-27,2.4486
1997-10-28,2.4837
1997-10-29,2.492
1997-10-30,2.4909
1997-10-31,2.4835
1997-11-03,2.5236
1997-11-04,2.4931
1997-11-05,2.4885
1997-11-06,2.4648
1997-11-07,2.4749
1997-11-10,2.4609
1997-11-11,2.4667
1997-11-12,2.4514
1997-11-13,2.4623
1997-11-14,2.4679
1997-11-17,2.4521
1997-11-18,2.4567
1997-11-19,2.4381
1997-11-20,2.4316
1997-11-21,2.4586
1997-11-24,2.4442
1997-11-25,2.433
1997-11-26,2.4202
1997-11-27,2.4049
1997-11-28,2.4214
1997-12-01,2.3875
1997-12-02,2.3929
1997-12-08,2.3712
1997-12-09,2.363
1997-12-10,2.3627
1997-12-11,2.3596
1997-12-12,2.3416
1997-12-15,2.3257
1997-12-16,2.3004
1997-12-17,2.3374
1997-12-18,2.3428
1997-12-19,2.3098
1997-12-22,2.3041
1997-12-23,2.3187
1997-12-24,2.3231
1997-12-29,2.3139
1997-12-30,2.313
1997-12-31,2.3099
1998-01-02,2.3074
1998-01-05,2.2919
1998-01-06,2.2687
1998-01-07,2.2726
1998-01-08,2.2732
1998-01-09,2.2879
1998-01-12,2.2842
1998-01-13,2.2924
1998-01-14,2.3372
1998-01-15,2.3395
1998-01-16,2.3743
1998-01-19,2.4031
1998-01-20,2.3892
1998-01-21,2.3851
1998-01-22,2.3546
1998-01-23,2.3723
1998-01-26,2.4041
1998-01-27,2.414
1998-01-28,2.4207
1998-01-29,2.424
1998-01-30,2.4131
1998-02-02,2.4601
1998-02-03,2.4601
1998-02-04,2.4168
1998-02-05,2.4407
1998-02-06,2.4246
1998-02-09,2.4086
1998-02-10,2.4535
1998-02-11,2.4487
1998-02-12,2.4443
1998-02-13,2.4226
1998-02-16,2.3835
1998-02-17,2.4172
1998-02-18,2.4038
1998-02-19,2.4307
1998-02-20,2.4364
1998-02-23,2.4004
1998-02-24,2.3956
1998-02-25,2.3926
1998-02-26,2.4075
1998-02-27,2.4232
1998-03-02,2.4402
1998-03-03,2.434
1998-03-04,2.4097
1998-03-05,2.4039
1998-03-06,2.4026
1998-03-09,2.3899
1998-03-10,2.3989
1998-03-11,2.3948
1998-03-16,2.3967
1998-03-17,2.3971
1998-03-18,2.3848
1998-03-19,2.3844
1998-03-20,2.3799
1998-03-23,2.4041
1998-03-24,2.4092
1998-03-25,2.3941
1998-03-26,2.4165
1998-03-27,2.4168
1998-03-30,2.3874
1998-03-31,2.385
1998-04-01,2.3833
1998-04-02,2.3671
1998-04-03,2.3906
1998-04-06,2.4473
1998-04-07,2.4262
1998-04-08,2.4221
1998-04-09,2.4159
1998-04-14,2.438
1998-04-15,2.4083
1998-04-16,2.4226
1998-04-20,2.4128
1998-04-21,2.4376
1998-04-22,2.4468
1998-04-23,2.4401
1998-04-24,2.4344
1998-04-27,2.3966
1998-04-28,2.3999
1998-04-29,2.406
1998-05-04,2.3884
1998-05-05,2.3707
1998-05-06,2.3606
1998-05-07,2.3428
1998-05-08,2.3454
1998-05-11,2.3292
1998-05-12,2.3398
1998-05-13,2.3
1998-05-14,2.3
1998-05-15,2.2974
1998-05-18,2.269
1998-05-19,2.2823
1998-05-20,2.2882
1998-05-21,2.2992
1998-05-22,2.2954
1998-05-26,2.2649
1998-05-27,2.2595
1998-05-28,2.2638
1998-05-29,2.2861
1998-06-01,2.2554
1998-06-02,2.241
1998-06-03,2.2421
1998-06-04,2.2303
1998-06-05,2.2101
1998-06-08,2.1855
1998-06-09,2.1879
1998-06-10,2.1421
1998-06-11,2.171
1998-06-12,2.1757
1998-06-15,2.1608
1998-06-16,2.1768
1998-06-17,2.1901
1998-06-18,2.2463
1998-06-19,2.2634
1998-06-22,2.2268
1998-06-23,2.2222
1998-06-24,2.2353
1998-06-25,2.2226
1998-06-26,2.2319
1998-06-29,2.2137
1998-06-30,2.2561
1998-07-01,2.2725
1998-07-02,2.2538
1998-07-03,2.2754
1998-07-06,2.2518
1998-07-07,2.2763
1998-07-08,2.261
1998-07-09,2.2547
1998-07-10,2.256
1998-07-13,2.2427
1998-07-14,2.2636
1998-07-15,2.2828
1998-07-16,2.3042
1998-07-17,2.3031
1998-07-20,2.2855
1998-07-21,2.2945
1998-07-22,2.2721
1998-07-23,2.2592
1998-07-24,2.2784
1998-07-27,2.2271
1998-07-28,2.2302
1998-07-29,2.237
1998-07-30,2.2479
1998-07-31,2.2183
1998-08-03,2.1985
1998-08-04,2.2128
1998-08-05,2.228
1998-08-06,2.2131
1998-08-07,2.2296
1998-08-10,2.2034
1998-08-11,2.1874
1998-08-12,2.2076
1998-08-13,2.1911
1998-08-14,2.2015
1998-08-17,2.1829
1998-08-18,2.1743
1998-08-19,2.2105
1998-08-20,2.1946
1998-08-21,2.1876
1998-08-24,2.1641
1998-08-25,2.1478
1998-08-26,2.1473
1998-08-27,2.1133
1998-08-28,2.169
1998-08-31,2.1668
1998-09-01,2.2157
1998-09-02,2.2279
1998-09-03,2.204
1998-09-04,2.27
1998-09-07,2.2829
1998-09-08,2.2812
1998-09-09,2.2496
1998-09-10,2.264
1998-09-11,2.3139
1998-09-14,2.2805
1998-09-15,2.2956
1998-09-16,2.2786
1998-09-17,2.2756
1998-09-18,2.2752
1998-09-23,2.2166
1998-09-24,2.2364
1998-09-25,2.2662
1998-09-28,2.2553
1998-10-01,2.317
1998-10-02,2.3293
1998-10-06,2.3555
1998-10-07,2.4914
1998-10-08,2.6793
1998-10-09,2.6127
1998-10-13,2.6123
1998-10-14,2.625
1998-10-15,2.6645
1998-10-16,2.6736
1998-10-19,2.6774
1998-10-20,2.7197
1998-10-21,2.7304
1998-10-22,2.7265
1998-10-23,2.6537
1998-10-26,2.5928
1998-10-27,2.5691
1998-10-28,2.6026
1998-10-29,2.6584
1998-10-30,2.6492
1998-11-02,2.6874
1998-11-03,2.6877
1998-11-04,2.7098
1998-11-05,2.7321
1998-11-06,2.7224
1998-11-09,2.7361
1998-11-10,2.7
1998-11-11,2.6889
1998-11-12,2.6836
1998-11-13,2.6714
1998-11-16,2.6551
1998-11-17,2.6293
1998-11-18,2.6597
1998-11-19,2.6886
1998-11-20,2.6927
1998-11-23,2.6822
1998-11-24,2.6838
1998-11-25,2.6646
1998-11-26,2.6514
1998-11-27,2.6687
1998-11-30,2.6519
1998-12-01,2.6363
1998-12-02,2.6667
1998-12-03,2.6198
1998-12-04,2.5966
1998-12-07,2.5873
1998-12-08,2.5864
1998-12-09,2.5657
1998-12-10,2.5817
1998-12-11,2.6012
1998-12-14,2.5742
1998-12-15,2.5983
1998-12-16,2.5919
1998-12-17,2.6079
1998-12-18,2.6084
1998-12-21,2.5915
1998-12-22,2.579
1998-12-23,2.5694
1998-12-24,2.5567
1998-12-28,2.5363
1998-12-29,2.5455
1998-12-30,2.5536
1998-12-31,2.5528
1999-01-04,2.5589
1999-01-05,2.5556
1999-01-06,2.5374
1999-01-07,2.5575
1999-01-08,2.5881
1999-01-11,2.5965
1999-01-12,2.5829
1999-01-13,2.5923
1999-01-14,2.5846
1999-01-15,2.5776
1999-01-18,2.5695
1999-01-19,2.5804
1999-01-20,2.5988
1999-01-21,2.598
1999-01-22,2.6057
1999-01-25,2.5728
1999-01-26,2.5671
1999-01-27,2.5692
1999-01-28,2.5582
1999-01-29,2.5863
1999-02-01,2.5875
1999-02-02,2.6048
1999-02-03,2.6314
1999-02-04,2.6042
1999-02-05,2.6629
1999-02-08,2.6651
1999-02-09,2.639
1999-02-10,2.6306
1999-02-11,2.6335
1999-02-12,2.6057
1999-02-15,2.6269
1999-02-16,2.5926
1999-02-17,2.5711
1999-02-18,2.5816
1999-02-19,2.5912
1999-02-22,2.5927
1999-02-23,2.5987
1999-02-24,2.5618
1999-02-25,2.547
1999-02-26,2.5162
1999-03-01,2.5041
1999-03-04,2.5099
1999-03-05,2.5254
1999-03-08,2.5316
1999-03-09,2.5571
1999-03-10,2.5569
1999-03-11,2.5503
1999-03-12,2.5475
1999-03-15,2.5427
1999-03-16,2.535
1999-03-17,2.5198
1999-03-18,2.5354
1999-03-19,2.5262
1999-03-22,2.546
1999-03-23,2.5785
1999-03-24,2.5777
1999-03-25,2.5848
1999-03-26,2.5885
1999-03-29,2.5502
1999-03-30,2.5368
1999-04-06,2.5397
1999-04-08,2.5193
1999-04-09,2.5323
1999-04-12,2.5604
1999-04-13,2.567
1999-04-14,2.5752
1999-04-15,2.5596
1999-04-16,2.5894
1999-04-19,2.6251
1999-04-20,2.6166
1999-04-22,2.6142
1999-04-23,2.6458
1999-04-26,2.6503
1999-04-27,2.6541
1999-04-28,2.7083
1999-04-29,2.7297
1999-04-30,2.7402
1999-05-03,2.7401
1999-05-04,2.7286
1999-05-05,2.6973
1999-05-06,2.7549
1999-05-07,2.7516
1999-05-10,2.7683
1999-05-11,2.7922
1999-05-12,2.7635
1999-05-13,2.7679
1999-05-14,2.7432
1999-05-18,2.7428
1999-05-19,2.7071
1999-05-20,2.7059
1999-05-24,2.7013
1999-05-25,2.7217
1999-05-26,2.6859
1999-05-27,2.6844
1999-05-28,2.6861
1999-06-01,2.6409
1999-06-02,2.6404
1999-06-03,2.6487
1999-06-04,2.6623
1999-06-07,2.6998
1999-06-08,2.6991
1999-06-09,2.709
1999-06-10,2.7042
1999-06-11,2.7175
1999-06-14,2.6983
1999-06-15,2.6899
1999-06-16,2.6772
1999-06-17,2.6816
1999-06-18,2.6558
1999-06-21,2.6726
1999-06-22,2.6641
1999-06-23,2.7027
1999-06-24,2.7165
1999-06-25,2.7316
1999-06-28,2.6903
1999-06-29,2.6732
1999-06-30,2.6953
1999-07-01,2.7216
1999-07-02,2.7178
1999-07-05,2.7307
1999-07-06,2.736
1999-07-07,2.7066
1999-07-08,2.7173
1999-07-09,2.7277
1999-07-12,2.7088
1999-07-13,2.718
1999-07-14,2.6984
1999-07-15,2.6961
1999-07-16,2.6994
1999-07-19,2.6801
1999-07-20,2.6627
1999-07-21,2.6387
1999-07-23,2.6554
1999-07-26,2.6604
1999-07-27,2.6568
1999-07-28,2.6554
1999-07-29,2.6829
1999-07-30,2.7158
1999-08-02,2.717
1999-08-03,2.7156
1999-08-04,2.742
1999-08-05,2.7435
1999-08-06,2.7306
1999-08-09,2.7199
1999-08-10,2.7344
1999-08-11,2.7181
1999-08-12,2.7149
1999-08-13,2.7312
1999-08-16,2.7326
1999-08-17,2.7225
1999-08-18,2.7021
1999-08-19,2.6733
1999-08-20,2.7021
1999-08-23,2.689
1999-08-24,2.6889
1999-08-25,2.6866
1999-08-26,2.6869
1999-08-27,2.6816
1999-08-30,2.6816
1999-08-31,2.7079
1999-09-01,2.6954
1999-09-02,2.7203
1999-09-03,2.7289
1999-09-06,2.714
1999-09-07,2.7144
1999-09-08,2.7459
1999-09-09,2.7569
1999-09-13,2.7895
1999-09-14,2.7731
1999-09-15,2.7511
1999-09-16,2.7435
1999-09-17,2.7552
1999-09-21,2.7451
1999-09-22,2.7725
1999-09-23,2.7674
1999-09-24,2.7838
1999-09-27,2.7959
1999-09-28,2.7805
1999-09-29,2.8036
1999-09-30,2.7899
1999-10-01,2.8057
1999-10-04,2.8072
1999-10-05,2.8288
1999-10-06,2.814
1999-10-07,2.8127
1999-10-08,2.7984
1999-10-11,2.7847
1999-10-12,2.7846
1999-10-13,2.809
1999-10-14,2.7716
1999-10-15,2.7721
1999-10-18,2.7478
1999-10-19,2.7612
1999-10-20,2.7678
1999-10-21,2.7689
1999-10-22,2.7776
1999-10-25,2.7765
1999-10-26,2.7805
1999-10-27,2.7526
1999-10-28,2.7424
1999-10-29,2.737
1999-11-01,2.7085
1999-11-02,2.7157
1999-11-03,2.729
1999-11-04,2.6873
1999-11-05,2.693
1999-11-08,2.6981
1999-11-09,2.6837
1999-11-10,2.6984
1999-11-11,2.7023
1999-11-12,2.7078
1999-11-15,2.7333
1999-11-16,2.7212
1999-11-17,2.7066
1999-11-18,2.7042
1999-11-19,2.6992
1999-11-22,2.703
1999-11-23,2.6964
1999-11-24,2.6757
1999-11-25,2.6837
1999-11-26,2.7011
1999-11-29,2.6939
1999-11-30,2.6818
1999-12-01,2.6962
1999-12-02,2.6863
1999-12-03,2.6639
1999-12-06,2.6748
1999-12-07,2.6918
1999-12-08,2.7007
1999-12-09,2.7051
1999-12-10,2.6799
1999-12-13,2.6735
1999-12-14,2.6596
1999-12-15,2.6592
1999-12-16,2.6806
1999-12-17,2.7036
1999-12-20,2.6792
1999-12-21,2.6894
1999-12-22,2.695
1999-12-23,2.6836
1999-12-24,2.6762
1999-12-27,2.685
1999-12-28,2.6695
1999-12-29,2.693
1999-12-30,2.7055
2000-01-03,2.7093
2000-01-04,2.7234
2000-01-05,2.7265
2000-01-06,2.7245
2000-01-07,2.7069
2000-01-10,2.7015
2000-01-11,2.6898
2000-01-12,2.713
2000-01-13,2.7346
2000-01-14,2.7305
2000-01-17,2.7119
2000-01-18,2.6913
2000-01-19,2.7126
2000-01-20,2.7197
2000-01-21,2.7177
2000-01-24,2.6857
2000-01-25,2.6895
2000-01-26,2.6744
2000-01-27,2.6641
2000-01-28,2.6446
2000-01-31,2.591
2000-02-01,2.5907
2000-02-02,2.5846
2000-02-03,2.5655
2000-02-04,2.5674
2000-02-07,2.6013
2000-02-08,2.5801
2000-02-09,2.5857
2000-02-10,2.5716
2000-02-11,2.5591
2000-02-14,2.5556
2000-02-15,2.5411
2000-02-16,2.5515
2000-02-17,2.5629
2000-02-18,2.5577
2000-02-21,2.5436
2000-02-22,2.5416
2000-02-23,2.5116
2000-02-24,2.4929
2000-02-25,2.4969
2000-02-28,2.4785
2000-02-29,2.4756
2000-03-01,2.4446
2000-03-02,2.4554
2000-03-03,2.4397
2000-03-06,2.4166
2000-03-07,2.4134
2000-03-08,2.4359
2000-03-09,2.4475
2000-03-10,2.4448
2000-03-13,2.4408
2000-03-14,2.4417
2000-03-15,2.4359
2000-03-16,2.4419
2000-03-17,2.4238
2000-03-20,2.4165
2000-03-23,2.4502
2000-03-24,2.4539
2000-03-27,2.4693
2000-03-28,2.4533
2000-03-29,2.4407
2000-03-30,2.4668
2000-03-31,2.4335
2000-04-03,2.461
2000-04-04,2.4307
2000-04-05,2.4591
2000-04-06,2.4345
2000-04-07,2.4089
2000-04-10,2.4116
2000-04-11,2.406
2000-04-12,2.4041
2000-04-13,2.4206
2000-04-14,2.4065
2000-04-17,2.4106
2000-04-18,2.4035
2000-04-25,2.3949
2000-04-27,2.378
2000-04-28,2.3754
2000-05-02,2.3935
2000-05-03,2.4014
2000-05-04,2.4222
2000-05-05,2.4413
2000-05-08,2.4197
2000-05-09,2.4029
2000-05-11,2.3951
2000-05-12,2.3964
2000-05-15,2.3749
2000-05-16,2.3805
2000-05-17,2.3545
2000-05-18,2.3505
2000-05-19,2.3855
2000-05-22,2.3947
2000-05-23,2.4217
2000-05-24,2.3956
2000-05-25,2.3699
2000-05-26,2.3781
2000-05-30,2.4103
2000-05-31,2.3862
2000-06-01,2.3799
2000-06-02,2.3649
2000-06-05,2.4115
2000-06-06,2.4018
2000-06-07,2.4404
2000-06-08,2.4457
2000-06-12,2.4173
2000-06-13,2.4484
2000-06-14,2.4708
2000-06-15,2.459
2000-06-16,2.4891
2000-06-19,2.4573
2000-06-20,2.4783
2000-06-21,2.4612
2000-06-22,2.4542
2000-06-23,2.4353
2000-06-26,2.4262
2000-06-27,2.4545
2000-06-28,2.4599
2000-06-29,2.4617
2000-06-30,2.4514
2000-07-03,2.4436
2000-07-04,2.4377
2000-07-05,2.4206
2000-07-06,2.4095
2000-07-07,2.4047
2000-07-10,2.439
2000-07-11,2.4134
2000-07-12,2.4152
2000-07-13,2.4148
2000-07-14,2.4
2000-07-17,2.3918
2000-07-18,2.3891
2000-07-19,2.3715
2000-07-20,2.3717
2000-07-21,2.4079
2000-07-24,2.3988
2000-07-25,2.3891
2000-07-26,2.4165
2000-07-27,2.4166
2000-07-28,2.4141
2000-07-31,2.3613
2000-08-01,2.3678
2000-08-02,2.3754
2000-08-03,2.3792
2000-08-04,2.3823
2000-08-07,2.3861
2000-08-08,2.3901
2000-08-09,2.3533
2000-08-11,2.3668
2000-08-14,2.3433
2000-08-15,2.3583
2000-08-16,2.377
2000-08-17,2.3838
2000-08-18,2.3957
2000-08-21,2.3755
2000-08-22,2.3577
2000-08-23,2.2934
2000-08-24,2.3087
2000-08-25,2.3155
2000-08-28,2.3106
2000-08-29,2.3066
2000-08-30,2.2886
2000-08-31,2.3041
2000-09-01,2.2975
2000-09-04,2.3161
2000-09-05,2.2948
2000-09-06,2.2774
2000-09-07,2.2409
2000-09-08,2.2597
2000-09-11,2.2447
2000-09-12,2.2639
2000-09-13,2.2412
2000-09-14,2.2296
2000-09-15,2.2273
2000-09-18,2.2018
2000-09-19,2.2067
2000-09-20,2.1923
2000-09-21,2.1873
2000-09-22,2.2388
2000-09-25,2.2082
2000-09-26,2.2135
2000-09-27,2.2115
2000-09-28,2.2106
2000-10-02,2.1936
2000-10-03,2.1844
2000-10-04,2.1682
2000-10-05,2.1744
2000-10-06,2.1614
2000-10-10,2.181
2000-10-11,2.1868
2000-10-12,2.197
2000-10-13,2.1892
2000-10-16,2.1622
2000-10-17,2.1507
2000-10-18,2.1396
2000-10-19,2.1333
2000-10-20,2.179
2000-10-23,2.1951
2000-10-24,2.202
2000-10-25,2.1583
2000-10-26,2.1418
2000-10-27,2.153
2000-10-30,2.1748
2000-10-31,2.1258
2000-11-01,2.1546
2000-11-02,2.1672
2000-11-03,2.1538
2000-11-06,2.1684
2000-11-07,2.1594
2000-11-08,2.1765
2000-11-09,2.1568
2000-11-10,2.1714
2000-11-13,2.1399
2000-11-14,2.141
2000-11-15,2.1441
2000-11-16,2.1376
2000-11-17,2.1351
2000-11-20,2.1067
2000-11-21,2.0977
2000-11-22,2.1367
2000-11-23,2.1455
2000-11-24,2.1482
2000-11-27,2.1319
2000-11-28,2.1617
2000-11-29,2.1532
2000-11-30,2.1474
2000-12-01,2.2009
2000-12-04,2.2355
2000-12-05,2.215
2000-12-06,2.2303
2000-12-07,2.2468
2000-12-08,2.2387
2000-12-11,2.2228
2000-12-12,2.2186
2000-12-13,2.2118
2000-12-14,2.2201
2000-12-15,2.2348
2000-12-18,2.2152
2000-12-19,2.2075
2000-12-20,2.2331
2000-12-21,2.2498
2000-12-22,2.2575
2000-12-27,2.2569
2000-12-28,2.2467
2000-12-29,2.2426
2001-01-02,2.2801
2001-01-03,2.3129
2001-01-04,2.2905
2001-01-05,2.3296
2001-01-08,2.3344
2001-01-09,2.3166
2001-01-10,2.295
2001-01-11,2.2981
2001-01-12,2.3033
2001-01-15,2.271
2001-01-16,2.2862
2001-01-17,2.2838
2001-01-18,2.29
2001-01-19,2.3106
2001-01-22,2.291
2001-01-23,2.3005
2001-01-24,2.2852
2001-01-25,2.247
2001-01-26,2.2442
2001-01-29,2.2526
2001-01-30,2.2615
2001-01-31,2.2545
2001-02-01,2.3025
2001-02-02,2.3016
2001-02-05,2.2845
2001-02-07,2.264
2001-02-08,2.244
2001-02-09,2.2005
2001-02-12,2.2097
2001-02-13,2.2037
2001-02-14,2.1695
2001-02-15,2.1522
2001-02-16,2.1664
2001-02-19,2.1791
2001-02-20,2.156
2001-02-21,2.1736
2001-02-22,2.1593
2001-02-23,2.1554
2001-02-26,2.1677
2001-02-27,2.161
2001-02-28,2.1648
2001-03-01,2.1741
2001-03-02,2.1713
2001-03-05,2.1555
2001-03-06,2.1348
2001-03-07,2.1132
2001-03-08,2.0936
2001-03-12,2.0986
2001-03-13,2.0796
2001-03-14,2.0687
2001-03-15,2.0609
2001-03-16,2.0588
2001-03-19,2.0919
2001-03-20,2.084
2001-03-21,2.0961
2001-03-22,2.0701
2001-03-23,2.0863
2001-03-26,2.0669
2001-03-27,2.0826
2001-03-28,2.0856
2001-03-29,2.0775
2001-03-30,2.0409
2001-04-02,2.037
2001-04-03,2.0426
2001-04-04,2.0548
2001-04-05,2.0547
2001-04-06,2.0652
2001-04-09,2.0794
2001-04-10,2.0541
2001-04-11,2.0913
2001-04-12,2.1113
2001-04-16,2.1157
2001-04-17,2.121
2001-04-18,2.0849
2001-04-19,2.095
2001-04-20,2.1336
2001-04-23,2.0995
2001-04-24,2.0882
2001-04-25,2.0966
2001-04-27,2.1204
2001-04-30,2.1016
2001-05-01,2.1332
2001-05-02,2.153
2001-05-03,2.1615
2001-05-04,2.1531
2001-05-07,2.1515
2001-05-08,2.1586
2001-05-09,2.1564
2001-05-10,2.1783
2001-05-11,2.1738
2001-05-14,2.147
2001-05-15,2.1485
2001-05-16,2.1649
2001-05-17,2.187
2001-05-18,2.1801
2001-05-21,2.1897
2001-05-22,2.1673
2001-05-23,2.1407
2001-05-24,2.1161
2001-05-25,2.1501
2001-05-29,2.1284
2001-05-30,2.114
2001-05-31,2.0956
2001-06-01,2.0944
2001-06-04,2.1212
2001-06-05,2.1085
2001-06-06,2.1325
2001-06-07,2.1434
2001-06-08,2.1649
2001-06-11,2.1837
2001-06-12,2.1808
2001-06-13,2.185
2001-06-14,2.1813
2001-06-15,2.1989
2001-06-18,2.1858
2001-06-19,2.1753
2001-06-20,2.1583
2001-06-21,2.1648
2001-06-22,2.1571
2001-06-25,2.1606
2001-06-26,2.1652
2001-06-27,2.1729
2001-06-28,2.1295
2001-06-29,2.1085
2001-07-02,2.1257
2001-07-03,2.1576
2001-07-04,2.1715
2001-07-05,2.1634
2001-07-06,2.1472
2001-07-09,2.1266
2001-07-10,2.1475
2001-07-11,2.1464
2001-07-12,2.1176
2001-07-13,2.1276
2001-07-16,2.1464
2001-07-17,2.1339
2001-07-18,2.1524
2001-07-19,2.1662
2001-07-20,2.162
2001-07-23,2.1207
2001-07-24,2.1267
2001-07-25,2.1294
2001-07-26,2.1336
2001-07-27,2.1296
2001-07-30,2.1241
2001-07-31,2.1329
2001-08-01,2.1626
2001-08-02,2.1918
2001-08-03,2.1782
2001-08-06,2.1794
2001-08-07,2.1793
2001-08-08,2.1791
2001-08-09,2.185
2001-08-10,2.1893
2001-08-13,2.1947
2001-08-14,2.1884
2001-08-15,2.2366
2001-08-16,2.2314
2001-08-17,2.2366
2001-08-20,2.2594
2001-08-21,2.26
2001-08-22,2.2789
2001-08-23,2.2527
2001-08-24,2.255
2001-08-27,2.2421
2001-08-28,2.2281
2001-08-29,2.2561
2001-08-30,2.2466
2001-08-31,2.2727
2001-09-03,2.2441
2001-09-04,2.2319
2001-09-05,2.2356
2001-09-06,2.2372
2001-09-07,2.2306
2001-09-10,2.2189
2001-09-11,2.2318
2001-09-12,2.2419
2001-09-13,2.2331
2001-09-14,2.2312
2001-09-20,2.142
2001-09-21,2.1334
2001-09-24,2.147
2001-09-25,2.1503
2001-09-28,2.1533
2001-10-01,2.1457
2001-10-03,2.1725
2001-10-04,2.1806
2001-10-05,2.181
2001-10-08,2.1929
2001-10-10,2.1761
2001-10-11,2.1497
2001-10-12,2.1622
2001-10-15,2.2183
2001-10-16,2.2033
2001-10-17,2.2067
2001-10-18,2.1939
2001-10-19,2.1893
2001-10-22,2.1819
2001-10-23,2.181
2001-10-24,2.1915
2001-10-25,2.1826
2001-10-26,2.1598
2001-10-29,2.1683
2001-10-30,2.1852
2001-10-31,2.1566
2001-11-01,2.1903
2001-11-02,2.1672
2001-11-05,2.1598
2001-11-06,2.181
2001-11-07,2.1988
2001-11-08,2.1842
2001-11-09,2.1706
2001-11-12,2.1916
2001-11-13,2.1879
2001-11-14,2.2088
2001-11-15,2.2018
2001-11-16,2.2094
2001-11-19,2.2069
2001-11-20,2.2034
2001-11-21,2.1885
2001-11-22,2.1825
2001-11-23,2.1919
2001-11-26,2.2009
2001-11-27,2.2185
2001-11-28,2.206
2001-11-29,2.1918
2001-11-30,2.1954
2001-12-03,2.2024
2001-12-04,2.1937
2001-12-05,2.1805
2001-12-06,2.187
2001-12-07,2.1915
2001-12-10,2.1744
2001-12-11,2.1717
2001-12-12,2.1898
2001-12-13,2.2014
2001-12-14,2.1975
2001-12-17,2.1934
2001-12-18,2.192
2001-12-19,2.1911
2001-12-20,2.1687
2001-12-21,2.1935
2001-12-24,2.2028
2001-12-26,2.2217
2001-12-27,2.2163
2001-12-28,2.2348
2001-12-31,2.253
2002-01-02,2.2808
2002-01-03,2.3074
2002-01-04,2.3241
2002-01-07,2.3389
2002-01-08,2.3365
2002-01-09,2.3316
2002-01-10,2.3491
2002-01-11,2.3486
2002-01-14,2.3258
2002-01-15,2.3339
2002-01-16,2.3378
2002-01-17,2.333
2002-01-18,2.3279
2002-01-21,2.3573
2002-01-22,2.3806
2002-01-23,2.3919
2002-01-24,2.3782
2002-01-25,2.3842
2002-01-28,2.3759
2002-01-29,2.3804
2002-01-30,2.3384
2002-01-31,2.3417
2002-02-01,2.3296
2002-02-04,2.3477
2002-02-05,2.3607
2002-02-06,2.3515
2002-02-07,2.3687
2002-02-08,2.3883
2002-02-11,2.4334
2002-02-12,2.4004
2002-02-13,2.361
2002-02-14,2.3886
2002-02-15,2.3991
2002-02-18,2.4216
2002-02-19,2.4382
2002-02-20,2.4302
2002-02-21,2.4185
2002-02-22,2.4165
2002-02-25,2.3793
2002-02-28,2.3862
2002-03-01,2.4205
2002-03-04,2.4318
2002-03-05,2.4392
2002-03-06,2.4535
2002-03-07,2.4528
2002-03-08,2.4367
2002-03-11,2.4283
2002-03-12,2.4272
2002-03-13,2.4304
2002-03-14,2.4288
2002-03-15,2.4387
2002-03-18,2.4339
2002-03-19,2.4235
2002-03-20,2.4467
2002-03-21,2.4665
2002-03-22,2.4642
2002-03-25,2.482
2002-03-26,2.4677
2002-04-02,2.5461
2002-04-04,2.5425
2002-04-05,2.52
2002-04-08,2.5135
2002-04-09,2.5269
2002-04-10,2.5313
2002-04-11,2.5462
2002-04-12,2.5687
2002-04-15,2.553
2002-04-16,2.5468
2002-04-18,2.5759
2002-04-19,2.5854
2002-04-22,2.5836
2002-04-23,2.5771
2002-04-24,2.6253
2002-04-25,2.6605
2002-04-26,2.655
2002-04-29,2.6553
2002-04-30,2.6288
2002-05-01,2.6188
2002-05-02,2.6092
2002-05-03,2.5975
2002-05-06,2.6083
2002-05-07,2.6329
2002-05-08,2.6565
2002-05-09,2.6624
2002-05-10,2.6823
2002-05-13,2.6934
2002-05-14,2.6739
2002-05-15,2.6729
2002-05-16,2.6752
2002-05-20,2.6789
2002-05-21,2.7057
2002-05-22,2.7139
2002-05-23,2.7223
2002-05-24,2.7216
2002-05-27,2.7163
2002-05-28,2.7696
2002-05-29,2.8082
2002-05-30,2.7875
2002-05-31,2.794
2002-06-03,2.7937
2002-06-04,2.8421
2002-06-05,2.8489
2002-06-06,2.8458
2002-06-07,2.8593
2002-06-10,2.8375
2002-06-11,2.8303
2002-06-12,2.8292
2002-06-13,2.8165
2002-06-14,2.8094
2002-06-17,2.7575
2002-06-18,2.7676
2002-06-19,2.8058
2002-06-20,2.8386
2002-06-21,2.8572
2002-06-24,2.8547
2002-06-25,2.8006
2002-06-26,2.8098
2002-06-27,2.7219
2002-06-28,2.6888
2002-07-01,2.6717
2002-07-02,2.6747
2002-07-03,2.6645
2002-07-04,2.6518
2002-07-05,2.6696
2002-07-08,2.6983
2002-07-09,2.6945
2002-07-10,2.6907
2002-07-11,2.6277
2002-07-12,2.6484
2002-07-15,2.625
2002-07-16,2.626
2002-07-17,2.585
2002-07-19,2.5966
2002-07-22,2.565
2002-07-23,2.5361
2002-07-24,2.5233
2002-07-25,2.5652
2002-07-26,2.5618
2002-07-29,2.5536
2002-07-30,2.5629
2002-07-31,2.5644
2002-08-01,2.5301
2002-08-02,2.5498
2002-08-05,2.5385
2002-08-06,2.4741
2002-08-07,2.5076
2002-08-08,2.508
2002-08-09,2.502
2002-08-12,2.5264
2002-08-13,2.5217
2002-08-14,2.5229
2002-08-15,2.5296
2002-08-16,2.5439
2002-08-19,2.5206
2002-08-20,2.5239
2002-08-21,2.5257
2002-08-22,2.5241
2002-08-23,2.5265
2002-08-26,2.5433
2002-08-27,2.5841
2002-08-28,2.5805
2002-08-29,2.5763
2002-08-30,2.5791
2002-09-02,2.5793
2002-09-03,2.5755
2002-09-04,2.5678
2002-09-05,2.5829
2002-09-09,2.5885
2002-09-10,2.6045
2002-09-11,2.6078
2002-09-12,2.6236
2002-09-13,2.6084
2002-09-17,2.5738
2002-09-18,2.5972
2002-09-19,2.6435
2002-09-20,2.6393
2002-09-23,2.6428
2002-09-24,2.622
2002-09-25,2.6692
2002-09-26,2.6282
2002-09-27,2.6443
2002-09-30,2.653
2002-10-01,2.6371
2002-10-02,2.6301
2002-10-03,2.6347
2002-10-04,2.6462
2002-10-07,2.672
2002-10-08,2.6587
2002-10-09,2.6547
2002-10-10,2.6447
2002-10-11,2.6429
2002-10-14,2.6392
2002-10-15,2.6394
2002-10-16,2.6384
2002-10-17,2.6263
2002-10-18,2.6241
2002-10-21,2.6299
2002-10-22,2.6408
2002-10-23,2.6234
2002-10-24,2.6308
2002-10-25,2.6381
2002-10-28,2.6494
2002-10-29,2.6698
2002-10-30,2.6267
2002-10-31,2.6377
2002-11-01,2.6474
2002-11-04,2.6605
2002-11-05,2.6676
2002-11-06,2.6359
2002-11-07,2.6507
2002-11-08,2.6623
2002-11-11,2.6355
2002-11-12,2.6429
2002-11-13,2.6267
2002-11-14,2.6274
2002-11-15,2.6258
2002-11-18,2.627
2002-11-19,2.6369
2002-11-20,2.6166
2002-11-21,2.6309
2002-11-22,2.6361
2002-11-25,2.621
2002-11-26,2.6054
2002-11-27,2.58
2002-11-28,2.5931
2002-11-29,2.5966
2002-12-02,2.5928
2002-12-03,2.5972
2002-12-04,2.6079
2002-12-05,2.6118
2002-12-06,2.6325
2002-12-09,2.6439
2002-12-10,2.6337
2002-12-11,2.6128
2002-12-12,2.6357
2002-12-13,2.6393
2002-12-16,2.6199
2002-12-17,2.6418
2002-12-18,2.6381
2002-12-19,2.6745
2002-12-20,2.6808
2002-12-23,2.6615
2002-12-24,2.674
2002-12-26,2.6846
2002-12-27,2.7052
2002-12-30,2.6857
2002-12-31,2.6757
2003-01-02,2.6961
2003-01-03,2.706
2003-01-06,2.7463
2003-01-07,2.74
2003-01-08,2.7604
2003-01-09,2.7886
2003-01-10,2.7799
2003-01-13,2.8149
2003-01-14,2.8144
2003-01-15,2.823
2003-01-16,2.8288
2003-01-17,2.8607
2003-01-20,2.8666
2003-01-21,2.8621
2003-01-22,2.8719
2003-01-23,2.8924
2003-01-24,2.8919
2003-01-27,2.8963
2003-01-29,2.8864
2003-01-30,2.8328
2003-01-31,2.8362
2003-02-03,2.8202
2003-02-04,2.8679
2003-02-05,2.8944
2003-02-06,2.875
2003-02-07,2.8704
2003-02-10,2.8884
2003-02-11,2.862
2003-02-12,2.8787
2003-02-13,2.8897
2003-02-14,2.9285
2003-02-17,2.8621
2003-02-18,2.8618
2003-02-19,2.8811
2003-02-20,2.9117
2003-02-21,2.9243
2003-02-24,2.9358
2003-02-25,2.9599
2003-02-26,2.943
2003-02-27,2.938
2003-02-28,2.9117
2003-03-03,2.9417
2003-03-04,2.9512
2003-03-05,2.969
2003-03-06,2.9488
2003-03-07,2.9618
2003-03-10,2.9826
2003-03-11,2.9681
2003-03-12,2.9325
2003-03-13,2.8923
2003-03-14,2.8578
2003-03-17,2.8859
2003-03-20,2.8182
2003-03-21,2.8083
2003-03-24,2.8004
2003-03-25,2.8059
2003-03-26,2.8045
2003-03-27,2.8214
2003-03-28,2.8281
2003-03-31,2.8242
2003-04-01,2.8109
2003-04-02,2.8098
2003-04-03,2.7837
2003-04-04,2.7954
2003-04-07,2.7597
2003-04-08,2.7889
2003-04-09,2.7917
2003-04-10,2.8071
2003-04-11,2.829
2003-04-14,2.7662
2003-04-15,2.7655
2003-04-22,2.8548
2003-04-24,2.8153
2003-04-25,2.8211
2003-04-28,2.8358
2003-04-29,2.796
2003-05-02,2.83
2003-05-05,2.8318
2003-05-06,2.8466
2003-05-08,2.8615
2003-05-09,2.8845
2003-05-12,2.8958
2003-05-13,2.911
2003-05-14,2.8961
2003-05-19,2.9609
2003-05-20,2.9798
2003-05-21,3.0142
2003-05-22,2.9971
2003-05-23,2.9448
2003-05-27,2.9236
2003-05-28,2.8935
2003-05-29,2.8447
2003-05-30,2.8484
2003-06-02,2.874
2003-06-03,2.8809
2003-06-04,2.9098
2003-06-05,2.9471
2003-06-09,2.8961
2003-06-10,2.9064
2003-06-11,2.9152
2003-06-12,2.9214
2003-06-13,2.9264
2003-06-16,2.9126
2003-06-17,2.9106
2003-06-18,2.9407
2003-06-19,2.9246
2003-06-20,2.9445
2003-06-23,2.9189
2003-06-24,2.9087
2003-06-25,2.914
2003-06-26,2.8873
2003-06-27,2.8814
2003-06-30,2.8772
2003-07-01,2.9156
2003-07-02,2.9205
2003-07-03,2.918
2003-07-04,2.9277
2003-07-07,2.9178
2003-07-08,2.8897
2003-07-09,2.8718
2003-07-10,2.8229
2003-07-11,2.8671
2003-07-14,2.8928
2003-07-15,2.8919
2003-07-16,2.8818
2003-07-17,2.9135
2003-07-18,2.8794
2003-07-21,2.8674
2003-07-22,2.8713
2003-07-23,2.8709
2003-07-24,2.9088
2003-07-25,2.9194
2003-07-28,2.9022
2003-07-29,2.9167
2003-07-30,2.9053
2003-07-31,2.8715
2003-08-01,2.8617
2003-08-04,2.9078
2003-08-05,2.8665
2003-08-06,2.8746
2003-08-08,2.8883
2003-08-11,2.9105
2003-08-12,2.923
2003-08-13,2.9093
2003-08-14,2.9181
2003-08-15,2.9246
2003-08-18,2.9258
2003-08-19,2.9025
2003-08-20,2.919
2003-08-21,2.9375
2003-08-22,2.9196
2003-08-25,2.9205
2003-08-26,2.8769
2003-08-27,2.8628
2003-08-28,2.8497
2003-08-29,2.8588
2003-09-01,2.8719
2003-09-02,2.8591
2003-09-03,2.8377
2003-09-04,2.8396
2003-09-05,2.8595
2003-09-08,2.8827
2003-09-09,2.9103
2003-09-10,2.9368
2003-09-11,2.9544
2003-09-12,2.9845
2003-09-15,2.9913
2003-09-16,2.9747
2003-09-17,2.9707
2003-09-18,2.9757
2003-09-19,2.9982
2003-09-22,3.0236
2003-09-23,3.0063
2003-09-24,3.0147
2003-09-25,3.0347
2003-09-29,2.9828
2003-09-30,3.0299
2003-10-01,3.0242
2003-10-02,3.0189
2003-10-03,3.0229
2003-10-07,3.0622
2003-10-08,3.0658
2003-10-09,3.0443
2003-10-10,3.045
2003-10-13,3.031
2003-10-14,3.0302
2003-10-15,3.0383
2003-10-16,3.0476
2003-10-17,3.0617
2003-10-20,3.0729
2003-10-21,3.0967
2003-10-22,3.1396
2003-10-23,3.1301
2003-10-24,3.142
2003-10-27,3.1498
2003-10-28,3.1506
2003-10-29,3.1822
2003-10-30,3.1967
2003-10-31,3.1653
2003-11-03,3.1835
2003-11-04,3.1369
2003-11-05,3.1739
2003-11-06,3.1919
2003-11-07,3.1777
2003-11-10,3.2154
2003-11-11,3.241
2003-11-12,3.235
2003-11-13,3.2466
2003-11-14,3.2641
2003-11-17,3.2427
2003-11-18,3.2374
2003-11-19,3.245
2003-11-20,3.2386
2003-11-21,3.2401
2003-11-24,3.2311
2003-11-25,3.2131
2003-11-26,3.2194
2003-11-27,3.2156
2003-11-28,3.2204
2003-12-01,3.2211
2003-12-02,3.2242
2003-12-03,3.2555
2003-12-04,3.2619
2003-12-05,3.263
2003-12-08,3.2826
2003-12-09,3.2583
2003-12-10,3.2505
2003-12-11,3.2283
2003-12-12,3.2557
2003-12-15,3.219
2003-12-16,3.2551
2003-12-17,3.2379
2003-12-18,3.2235
2003-12-19,3.2391
2003-12-22,3.2207
2003-12-23,3.207
2003-12-24,3.2367
2003-12-29,3.2487
2003-12-30,3.2505
2003-12-31,3.2928
2004-01-02,3.329
2004-01-05,3.3787
2004-01-06,3.3724
2004-01-07,3.376
2004-01-08,3.3801
2004-01-09,3.3953
2004-01-12,3.411
2004-01-13,3.4235
2004-01-14,3.4229
2004-01-15,3.4126
2004-01-16,3.3797
2004-01-19,3.3491
2004-01-20,3.3855
2004-01-21,3.414
2004-01-22,3.466
2004-01-23,3.4592
2004-01-26,3.4477
2004-01-27,3.4526
2004-01-28,3.475
2004-01-29,3.4518
2004-01-30,3.4046
2004-02-02,3.4154
2004-02-03,3.4097
2004-02-04,3.4152
2004-02-05,3.421
2004-02-06,3.4093
2004-02-09,3.4744
2004-02-10,3.5025
2004-02-11,3.493
2004-02-12,3.5164
2004-02-13,3.5139
2004-02-16,3.5149
2004-02-17,3.5437
2004-02-18,3.5407
2004-02-19,3.5176
2004-02-20,3.4998
2004-02-23,3.4486
2004-02-24,3.4616
2004-02-25,3.4687
2004-02-26,3.447
2004-02-27,3.4452
2004-03-01,3.4655
2004-03-02,3.4594
2004-03-03,3.3836
2004-03-04,3.3827
2004-03-05,3.3755
2004-03-09,3.4267
2004-03-10,3.376
2004-03-11,3.3281
2004-03-12,3.2949
2004-03-15,3.3044
2004-03-16,3.3265
2004-03-17,3.3252
2004-03-18,3.3333
2004-03-19,3.3436
2004-03-22,3.3802
2004-03-23,3.3782
2004-03-24,3.3662
2004-03-25,3.3423
2004-03-26,3.3507
2004-03-29,3.3734
2004-03-30,3.4024
2004-03-31,3.4478
2004-04-01,3.4516
2004-04-02,3.4567
2004-04-07,3.445
2004-04-08,3.456
2004-04-13,3.4314
2004-04-14,3.3512
2004-04-15,3.3438
2004-04-16,3.3658
2004-04-19,3.3918
2004-04-20,3.3652
2004-04-21,3.3371
2004-04-22,3.344
2004-04-23,3.3461
2004-04-26,3.3543
2004-04-28,3.3593
2004-04-29,3.2806
2004-04-30,3.3047
2004-05-03,3.304
2004-05-04,3.3313
2004-05-05,3.3382
2004-05-06,3.3378
2004-05-07,3.2882
2004-05-10,3.2202
2004-05-11,3.2132
2004-05-12,3.2359
2004-05-13,3.1813
2004-05-14,3.1686
2004-05-17,3.182
2004-05-18,3.1655
2004-05-19,3.1992
2004-05-20,3.194
2004-05-21,3.2125
2004-05-24,3.2047
2004-05-25,3.2093
2004-05-28,3.2566
2004-06-01,3.2549
2004-06-02,3.1832
2004-06-03,3.1496
2004-06-04,3.1488
2004-06-07,3.1851
2004-06-08,3.1725
2004-06-09,3.1487
2004-06-10,3.122
2004-06-11,3.137
2004-06-14,3.1187
2004-06-15,3.0924
2004-06-16,3.1191
2004-06-17,3.1023
2004-06-18,3.0685
2004-06-21,3.097
2004-06-22,3.0873
2004-06-23,3.0875
2004-06-24,3.1421
2004-06-25,3.1446
2004-06-28,3.1383
2004-06-29,3.1305
2004-06-30,3.1121
2004-07-01,3.1531
2004-07-02,3.1497
2004-07-05,3.1869
2004-07-06,3.2118
2004-07-07,3.2336
2004-07-08,3.2223
2004-07-09,3.2323
2004-07-12,3.2519
2004-07-13,3.2545
2004-07-14,3.2529
2004-07-15,3.2517
2004-07-16,3.2526
2004-07-19,3.2878
2004-07-20,3.2719
2004-07-21,3.2471
2004-07-22,3.2187
2004-07-23,3.1926
2004-07-26,3.199
2004-07-28,3.153
2004-07-29,3.1515
2004-07-30,3.1653
2004-08-02,3.1789
2004-08-03,3.165
2004-08-04,3.1818
2004-08-05,3.2018
2004-08-06,3.2038
2004-08-09,3.2451
2004-08-10,3.2389
2004-08-11,3.2301
2004-08-12,3.245
2004-08-13,3.2145
2004-08-16,3.2537
2004-08-17,3.256
2004-08-18,3.244
2004-08-19,3.2773
2004-08-20,3.2807
2004-08-23,3.259
2004-08-24,3.2078
2004-08-25,3.2015
2004-08-26,3.2002
2004-08-27,3.212
2004-08-30,3.1772
2004-08-31,3.1666
2004-09-01,3.176
2004-09-02,3.1522
2004-09-03,3.1469
2004-09-06,3.1251
2004-09-07,3.1274
2004-09-08,3.1091
2004-09-09,3.1205
2004-09-10,3.1091
2004-09-13,3.1339
2004-09-14,3.1346
2004-09-20,3.1317
2004-09-23,3.202
2004-09-27,3.1976
2004-09-28,3.2175
2004-09-29,3.2147
2004-10-01,3.2402
2004-10-04,3.2306
2004-10-05,3.22
2004-10-06,3.2204
2004-10-08,3.2527
2004-10-11,3.2682
2004-10-12,3.2578
2004-10-13,3.2252
2004-10-14,3.2591
2004-10-15,3.2549
2004-10-18,3.2643
2004-10-19,3.2526
2004-10-20,3.275
2004-10-21,3.2702
2004-10-22,3.2756
2004-10-25,3.3059
2004-10-26,3.3063
2004-10-27,3.3373
2004-10-28,3.3415
2004-10-29,3.3349
2004-11-01,3.3137
2004-11-02,3.319
2004-11-03,3.3495
2004-11-04,3.3628
2004-11-05,3.3568
2004-11-08,3.3576
2004-11-09,3.3538
2004-11-10,3.3658
2004-11-11,3.3635
2004-11-12,3.3959
2004-11-15,3.4112
2004-11-16,3.391
2004-11-17,3.4224
2004-11-18,3.4253
2004-11-19,3.4342
2004-11-22,3.4257
2004-11-23,3.4477
2004-11-24,3.4475
2004-11-25,3.4556
2004-11-26,3.4343
2004-11-29,3.4321
2004-11-30,3.3785
2004-12-01,3.3796
2004-12-02,3.3994
2004-12-03,3.3761
2004-12-06,3.3779
2004-12-07,3.3652
2004-12-08,3.2935
2004-12-09,3.2819
2004-12-10,3.2735
2004-12-13,3.3068
2004-12-14,3.2925
2004-12-15,3.2945
2004-12-16,3.3071
2004-12-17,3.2991
2004-12-20,3.3047
2004-12-21,3.3165
2004-12-22,3.3259
2004-12-23,3.3203
2004-12-24,3.329
2004-12-27,3.3486
2004-12-28,3.3859
2004-12-29,3.4087
2004-12-30,3.3653
2004-12-31,3.357
2005-01-03,3.3857
2005-01-04,3.3835
2005-01-05,3.3517
2005-01-06,3.3453
2005-01-07,3.3578
2005-01-10,3.3156
2005-01-11,3.3204
2005-01-12,3.3128
2005-01-13,3.3338
2005-01-14,3.3108
2005-01-17,3.3105
2005-01-18,3.2932
2005-01-19,3.3304
2005-01-20,3.3198
2005-01-21,3.337
2005-01-24,3.3642
2005-01-25,3.374
2005-01-26,3.401
2005-01-27,3.4125
2005-01-28,3.408
2005-01-31,3.3949
2005-02-01,3.3764
2005-02-02,3.4007
2005-02-03,3.3925
2005-02-04,3.3562
2005-02-07,3.3799
2005-02-08,3.3521
2005-02-09,3.3618
2005-02-10,3.3987
2005-02-11,3.4277
2005-02-14,3.4385
2005-02-15,3.4264
2005-02-16,3.4178
2005-02-17,3.4268
2005-02-18,3.4259
2005-02-21,3.4419
2005-02-22,3.454
2005-02-23,3.4493
2005-02-24,3.4344
2005-02-25,3.4217
2005-02-28,3.4518
2005-03-01,3.4195
2005-03-02,3.3827
2005-03-03,3.3995
2005-03-04,3.4013
2005-03-07,3.4217
2005-03-08,3.423
2005-03-09,3.4089
2005-03-10,3.4133
2005-03-11,3.4003
2005-03-14,3.3889
2005-03-15,3.4101
2005-03-16,3.4124
2005-03-17,3.424
2005-03-18,3.41
2005-03-21,3.397
2005-03-22,3.4022
2005-03-23,3.3638
2005-03-24,3.3616
2005-03-28,3.3583
2005-03-29,3.3832
2005-03-30,3.3847
2005-03-31,3.3752
2005-04-01,3.3687
2005-04-04,3.3584
2005-04-05,3.3394
2005-04-06,3.3404
2005-04-07,3.3568
2005-04-08,3.351
2005-04-11,3.3806
2005-04-12,3.3918
2005-04-13,3.4146
2005-04-14,3.3943
2005-04-15,3.3745
2005-04-18,3.3629
2005-04-19,3.3603
2005-04-20,3.3803
2005-04-21,3.3821
2005-04-25,3.4026
2005-04-26,3.4006
2005-04-27,3.3922
2005-04-28,3.3973
2005-04-29,3.4183
2005-05-02,3.4082
2005-05-03,3.3827
2005-05-04,3.3944
2005-05-05,3.4061
2005-05-06,3.3944
2005-05-09,3.375
2005-05-10,3.3684
2005-05-11,3.3959
2005-05-13,3.3527
2005-05-16,3.3109
2005-05-17,3.3115
2005-05-18,3.3055
2005-05-19,3.3098
2005-05-20,3.3178
2005-05-23,3.316
2005-05-24,3.3405
2005-05-25,3.3308
2005-05-26,3.3378
2005-05-27,3.3496
2005-05-31,3.3365
2005-06-01,3.3098
2005-06-02,3.3208
2005-06-03,3.3392
2005-06-06,3.3615
2005-06-07,3.3849
2005-06-08,3.3892
2005-06-09,3.4006
2005-06-10,3.3958
2005-06-14,3.4138
2005-06-15,3.4307
2005-06-16,3.4609
2005-06-17,3.4783
2005-06-20,3.5317
2005-06-21,3.5159
2005-06-22,3.505
2005-06-23,3.505
2005-06-24,3.5083
2005-06-27,3.4929
2005-06-28,3.4988
2005-06-29,3.4789
2005-06-30,3.4794
2005-07-01,3.4793
2005-07-04,3.4464
2005-07-05,3.4119
2005-07-06,3.4169
2005-07-07,3.425
2005-07-08,3.407
2005-07-11,3.4056
2005-07-12,3.413
2005-07-13,3.4119
2005-07-14,3.4093
2005-07-15,3.4187
2005-07-18,3.4157
2005-07-19,3.4308
2005-07-20,3.4453
2005-07-21,3.4542
2005-07-22,3.4789
2005-07-25,3.4528
2005-07-26,3.4432
2005-07-27,3.4285
2005-07-28,3.4246
2005-07-29,3.4386
2005-08-01,3.4397
2005-08-02,3.4427
2005-08-03,3.4428
2005-08-04,3.4524
2005-08-05,3.45
2005-08-08,3.4652
2005-08-09,3.4379
2005-08-10,3.4479
2005-08-11,3.4812
2005-08-12,3.5063
2005-08-15,3.4955
2005-08-16,3.4724
2005-08-17,3.4225
2005-08-18,3.3842
2005-08-19,3.3737
2005-08-22,3.4053
2005-08-23,3.3945
2005-08-24,3.3907
2005-08-25,3.4233
2005-08-26,3.4336
2005-08-29,3.426
2005-08-30,3.4079
2005-08-31,3.3935
2005-09-01,3.4063
2005-09-02,3.4378
2005-09-05,3.4396
2005-09-06,3.4437
2005-09-07,3.4528
2005-09-08,3.4642
2005-09-09,3.4837
2005-09-12,3.4848
2005-09-13,3.4743
2005-09-14,3.4942
2005-09-15,3.4828
2005-09-16,3.4841
2005-09-19,3.4758
2005-09-20,3.5065
2005-09-21,3.5318
2005-09-22,3.5204
2005-09-23,3.4935
2005-09-26,3.4754
2005-09-27,3.4469
2005-09-28,3.4739
2005-09-29,3.4874
2005-09-30,3.4972
2005-10-06,3.4808
2005-10-07,3.4843
2005-10-10,3.4893
2005-10-11,3.4828
2005-10-14,3.4907
2005-10-17,3.4827
2005-10-19,3.4803
2005-10-20,3.4787
2005-10-21,3.4738
2005-10-24,3.4698
2005-10-26,3.4915
2005-10-27,3.5046
2005-10-28,3.5033
2005-10-31,3.4772
2005-11-01,3.4628
2005-11-02,3.4431
2005-11-03,3.4647
2005-11-04,3.4442
2005-11-07,3.4335
2005-11-08,3.4265
2005-11-09,3.4369
2005-11-10,3.4497
2005-11-11,3.451
2005-11-14,3.4518
2005-11-15,3.4505
2005-11-16,3.4535
2005-11-17,3.4658
2005-11-18,3.46
2005-11-21,3.4852
2005-11-22,3.4768
2005-11-23,3.4826
2005-11-24,3.4779
2005-11-25,3.4594
2005-11-28,3.4487
2005-11-29,3.4501
2005-11-30,3.4471
2005-12-01,3.4543
2005-12-02,3.4612
2005-12-05,3.4835
2005-12-06,3.4854
2005-12-07,3.4631
2005-12-08,3.4607
2005-12-09,3.4728
2005-12-12,3.4675
2005-12-13,3.472
2005-12-14,3.4676
2005-12-15,3.4328
2005-12-16,3.4205
2005-12-19,3.4148
2005-12-20,3.3984
2005-12-21,3.372
2005-12-22,3.3789
2005-12-23,3.349
2005-12-27,3.3579
2005-12-28,3.3503
2005-12-29,3.3524
2005-12-30,3.3772
2006-01-03,3.3787
2006-01-04,3.4032
2006-01-05,3.4546
2006-01-06,3.4486
2006-01-09,3.4691
2006-01-10,3.483
2006-01-11,3.4893
2006-01-12,3.4866
2006-01-13,3.4763
2006-01-16,3.4761
2006-01-17,3.4729
2006-01-18,3.4657
2006-01-19,3.4424
2006-01-20,3.4614
2006-01-23,3.4742
2006-01-24,3.4606
2006-01-25,3.4693
2006-01-26,3.4826
2006-01-27,3.4891
2006-01-30,3.4781
2006-01-31,3.5112
2006-02-01,3.5183
2006-02-02,3.5319
2006-02-03,3.5285
2006-02-06,3.504
2006-02-07,3.505
2006-02-08,3.4733
2006-02-09,3.4684
2006-02-10,3.4811
2006-02-13,3.469
2006-02-14,3.4769
2006-02-15,3.5038
2006-02-16,3.4697
2006-02-17,3.4594
2006-02-20,3.4724
2006-02-21,3.4781
2006-02-22,3.4767
2006-02-23,3.49
2006-02-24,3.4867
2006-02-27,3.48
2006-02-28,3.4857
2006-03-01,3.4939
2006-03-02,3.5107
2006-03-03,3.4989
2006-03-06,3.4927
2006-03-07,3.4618
2006-03-08,3.4626
2006-03-09,3.4678
2006-03-10,3.4683
2006-03-13,3.4587
2006-03-16,3.4574
2006-03-17,3.4162
2006-03-20,3.3563
2006-03-21,3.3498
2006-03-22,3.3489
2006-03-23,3.3531
2006-03-24,3.3172
2006-03-27,3.3107
2006-03-29,3.3116
2006-03-30,3.3307
2006-03-31,3.3457
2006-04-03,3.3521
2006-04-04,3.3264
2006-04-05,3.3375
2006-04-06,3.3639
2006-04-07,3.3717
2006-04-10,3.3592
2006-04-11,3.3619
2006-04-18,3.3891
2006-04-20,3.3883
2006-04-21,3.3795
2006-04-24,3.3988
2006-04-25,3.3776
2006-04-26,3.3881
2006-04-27,3.4006
2006-04-28,3.3977
2006-05-01,3.4038
2006-05-02,3.3972
2006-05-04,3.4536
2006-05-05,3.4353
2006-05-08,3.4256
2006-05-09,3.4072
2006-05-10,3.4253
2006-05-11,3.4278
2006-05-12,3.4379
2006-05-15,3.4056
2006-05-16,3.3922
2006-05-17,3.419
2006-05-18,3.4042
2006-05-19,3.3917
2006-05-22,3.3683
2006-05-23,3.3908
2006-05-24,3.4116
2006-05-25,3.4211
2006-05-26,3.4306
2006-05-30,3.4453
2006-05-31,3.4294
2006-06-01,3.3892
2006-06-05,3.3648
2006-06-06,3.335
2006-06-07,3.3163
2006-06-08,3.3325
2006-06-09,3.3394
2006-06-12,3.3426
2006-06-13,3.3379
2006-06-14,3.3238
2006-06-15,3.2979
2006-06-16,3.2948
2006-06-19,3.2806
2006-06-20,3.2929
2006-06-21,3.2896
2006-06-22,3.2871
2006-06-23,3.2698
2006-06-26,3.2764
2006-06-27,3.2927
2006-06-28,3.2655
2006-06-29,3.2642
2006-06-30,3.2965
2006-07-03,3.2862
2006-07-04,3.2733
2006-07-05,3.261
2006-07-06,3.2649
2006-07-07,3.2759
2006-07-10,3.2941
2006-07-11,3.2883
2006-07-12,3.3412
2006-07-13,3.385
2006-07-14,3.3991
2006-07-17,3.3625
2006-07-18,3.3539
2006-07-19,3.3244
2006-07-20,3.3389
2006-07-21,3.3556
2006-07-24,3.3565
2006-07-25,3.3485
2006-07-26,3.3635
2006-07-27,3.379
2006-07-28,3.3695
2006-07-31,3.3631
2006-08-01,3.3482
2006-08-02,3.3763
2006-08-04,3.3476
2006-08-07,3.3561
2006-08-08,3.3134
2006-08-09,3.3386
2006-08-10,3.3756
2006-08-11,3.372
2006-08-14,3.3421
2006-08-15,3.327
2006-08-16,3.3361
2006-08-17,3.3416
2006-08-18,3.3175
2006-08-21,3.3264
2006-08-22,3.3255
2006-08-23,3.342
2006-08-24,3.3432
2006-08-25,3.3381
2006-08-28,3.335
2006-08-29,3.3544
2006-08-30,3.3461
2006-08-31,3.335
2006-09-01,3.3414
2006-09-04,3.3668
2006-09-05,3.3574
2006-09-06,3.3516
2006-09-07,3.3453
2006-09-08,3.3195
2006-09-11,3.3115
2006-09-12,3.3057
2006-09-13,3.2911
2006-09-14,3.3105
2006-09-15,3.2867
2006-09-18,3.2725
2006-09-19,3.2747
2006-09-20,3.2657
2006-09-21,3.2661
2006-09-25,3.2498
2006-09-26,3.2484
2006-09-27,3.23
2006-09-28,3.2228
2006-09-29,3.2177
2006-10-03,3.208
2006-10-04,3.1853
2006-10-05,3.1787
2006-10-06,3.1596
2006-10-09,3.1694
2006-10-10,3.1697
2006-10-11,3.1742
2006-10-12,3.1941
2006-10-13,3.1945
2006-10-16,3.2126
2006-10-17,3.2154
2006-10-18,3.2246
2006-10-19,3.2334
2006-10-20,3.2515
2006-10-23,3.2445
2006-10-24,3.2418
2006-10-25,3.259
2006-10-26,3.2662
2006-10-27,3.2744
2006-10-30,3.294
2006-10-31,3.2947
2006-11-01,3.3021
2006-11-02,3.3131
2006-11-03,3.3217
2006-11-06,3.3176
2006-11-07,3.3468
2006-11-08,3.3343
2006-11-09,3.3109
2006-11-10,3.2931
2006-11-13,3.2794
2006-11-14,3.2782
2006-11-15,3.2812
2006-11-16,3.3157
2006-11-17,3.2997
2006-11-20,3.3161
2006-11-21,3.3253
2006-11-22,3.3399
2006-11-23,3.3411
2006-11-24,3.3378
2006-11-27,3.3443
2006-11-28,3.3425
2006-11-30,3.3443
2006-12-01,3.3389
2006-12-04,3.3335
2006-12-05,3.3251
2006-12-06,3.301
2006-12-07,3.3181
2006-12-08,3.3096
2006-12-11,3.2908
2006-12-12,3.303
2006-12-13,3.2988
2006-12-14,3.2667
2006-12-15,3.2666
2006-12-18,3.2804
2006-12-19,3.2842
2006-12-20,3.2818
2006-12-21,3.284
2006-12-22,3.2938
2006-12-26,3.3179
2006-12-27,3.3206
2006-12-28,3.3179
2006-12-29,3.3397
2007-01-02,3.3442
2007-01-03,3.3238
2007-01-04,3.2974
2007-01-05,3.3192
2007-01-08,3.3054
2007-01-09,3.3068
2007-01-10,3.3119
2007-01-11,3.3167
2007-01-12,3.2997
2007-01-15,3.3134
2007-01-16,3.3111
2007-01-17,3.3217
2007-01-18,3.325
2007-01-19,3.3273
2007-01-22,3.3315
2007-01-23,3.3437
2007-01-24,3.3047
2007-01-25,3.2987
2007-01-26,3.2873
2007-01-29,3.2841
2007-01-30,3.2847
2007-01-31,3.2872
2007-02-01,3.2907
2007-02-02,3.2797
2007-02-05,3.2962
2007-02-06,3.2933
2007-02-07,3.2958
2007-02-08,3.296
2007-02-09,3.2935
2007-02-12,3.2783
2007-02-13,3.2861
2007-02-14,3.3043
2007-02-15,3.315
2007-02-16,3.297
2007-02-19,3.2832
2007-02-20,3.2916
2007-02-21,3.3045
2007-02-22,3.296
2007-02-23,3.3053
2007-02-26,3.3277
2007-02-27,3.3285
2007-02-28,3.3138
2007-03-01,3.3143
2007-03-02,3.2948
2007-03-06,3.2672
2007-03-07,3.2879
2007-03-08,3.2755
2007-03-09,3.266
2007-03-12,3.285
2007-03-13,3.3089
2007-03-14,3.2984
2007-03-15,3.3159
2007-03-16,3.3413
2007-03-19,3.3552
2007-03-20,3.3688
2007-03-21,3.3628
2007-03-22,3.382
2007-03-23,3.3773
2007-03-26,3.3933
2007-03-27,3.3831
2007-03-28,3.3735
2007-03-29,3.3742
2007-03-30,3.3529
2007-04-04,3.3651
2007-04-05,3.3804
2007-04-10,3.3978
2007-04-11,3.3907
2007-04-12,3.3587
2007-04-13,3.3876
2007-04-16,3.3732
2007-04-17,3.3835
2007-04-18,3.3909
2007-04-19,3.3943
2007-04-20,3.3964
2007-04-23,3.3925
2007-04-25,3.3572
2007-04-26,3.3356
2007-04-27,3.3161
2007-04-30,3.3333
2007-05-01,3.3505
2007-05-02,3.3555
2007-05-03,3.3381
2007-05-04,3.3096
2007-05-07,3.298
2007-05-08,3.3051
2007-05-09,3.295
2007-05-10,3.2895
2007-05-11,3.2971
2007-05-14,3.2977
2007-05-15,3.3059
2007-05-16,3.2685
2007-05-17,3.2638
2007-05-18,3.2829
2007-05-21,3.2768
2007-05-22,3.282
2007-05-24,3.2874
2007-05-25,3.3004
2007-05-29,3.3011
2007-05-30,3.3143
2007-05-31,3.3244
2007-06-01,3.3759
2007-06-04,3.3851
2007-06-05,3.4107
2007-06-06,3.447
2007-06-07,3.5068
2007-06-08,3.5322
2007-06-11,3.5288
2007-06-12,3.5261
2007-06-13,3.5355
2007-06-14,3.5001
2007-06-15,3.4938
2007-06-18,3.4853
2007-06-19,3.5159
2007-06-20,3.5443
2007-06-21,3.5813
2007-06-22,3.5826
2007-06-25,3.6121
2007-06-26,3.6223
2007-06-27,3.6126
2007-06-28,3.6008
2007-06-29,3.6106
2007-07-02,3.6237
2007-07-03,3.5858
2007-07-04,3.5871
2007-07-05,3.6185
2007-07-06,3.6303
2007-07-09,3.6375
2007-07-10,3.6389
2007-07-11,3.6665
2007-07-12,3.679
2007-07-13,3.7124
2007-07-16,3.7455
2007-07-17,3.7471
2007-07-18,3.7528
2007-07-19,3.7302
2007-07-20,3.7176
2007-07-23,3.7429
2007-07-25,3.7345
2007-07-26,3.7862
2007-07-27,3.7148
2007-07-30,3.6794
2007-07-31,3.7036
2007-08-01,3.6901
2007-08-02,3.7071
2007-08-03,3.6898
2007-08-06,3.6821
2007-08-07,3.6709
2007-08-08,3.6714
2007-08-09,3.6496
2007-08-10,3.616
2007-08-13,3.5737
2007-08-14,3.5408
2007-08-15,3.487
2007-08-16,3.3445
2007-08-17,3.3046
2007-08-20,3.3736
2007-08-21,3.366
2007-08-22,3.36
2007-08-23,3.4042
2007-08-24,3.4277
2007-08-27,3.4582
2007-08-28,3.4101
2007-08-29,3.3732
2007-08-30,3.3537
2007-08-31,3.398
2007-09-03,3.3916
2007-09-04,3.4062
2007-09-05,3.3854
2007-09-06,3.4039
2007-09-07,3.4145
2007-09-10,3.4021
2007-09-11,3.3938
2007-09-17,3.4346
2007-09-18,3.4268
2007-09-19,3.457
2007-09-20,3.5036
2007-09-24,3.505
2007-09-25,3.4866
2007-09-26,3.5148
2007-09-28,3.532
2007-10-01,3.5436
2007-10-02,3.5412
2007-10-03,3.5659
2007-10-05,3.577
2007-10-08,3.5953
2007-10-09,3.6197
2007-10-10,3.6099
2007-10-11,3.6504
2007-10-12,3.6368
2007-10-15,3.66
2007-10-16,3.5994
2007-10-17,3.5953
2007-10-18,3.5774
2007-10-19,3.5911
2007-10-22,3.5402
2007-10-23,3.5893
2007-10-24,3.6185
2007-10-25,3.633
2007-10-26,3.6451
2007-10-29,3.6756
2007-10-30,3.6548
2007-10-31,3.6586
2007-11-01,3.6857
2007-11-02,3.6511
2007-11-05,3.6311
2007-11-06,3.6515
2007-11-07,3.6782
2007-11-08,3.657
2007-11-09,3.637
2007-11-12,3.503
2007-11-13,3.5452
2007-11-14,3.5401
2007-11-15,3.5105
2007-11-16,3.499
2007-11-19,3.5024
2007-11-20,3.4579
2007-11-21,3.4022
2007-11-22,3.3998
2007-11-23,3.369
2007-11-26,3.4146
2007-11-27,3.3847
2007-11-28,3.4042
2007-11-29,3.3889
2007-11-30,3.3978
2007-12-03,3.391
2007-12-04,3.3599
2007-12-05,3.3373
2007-12-06,3.3776
2007-12-07,3.3902
2007-12-10,3.4282
2007-12-11,3.4691
2007-12-12,3.4737
2007-12-13,3.4591
2007-12-14,3.4714
2007-12-17,3.4451
2007-12-18,3.4248
2007-12-19,3.3927
2007-12-20,3.3892
2007-12-21,3.393
2007-12-24,3.3774
2007-12-26,3.4212
2007-12-27,3.3817
2007-12-28,3.372
2007-12-31,3.3783
2008-01-02,3.3994
2008-01-03,3.3794
2008-01-04,3.353
2008-01-07,3.343
2008-01-08,3.341
2008-01-09,3.3514
2008-01-10,3.361
2008-01-11,3.3781
2008-01-14,3.3531
2008-01-15,3.3412
2008-01-16,3.2753
2008-01-17,3.3073
2008-01-18,3.3147
2008-01-21,3.29
2008-01-22,3.2612
2008-01-23,3.2122
2008-01-24,3.2269
2008-01-25,3.2757
2008-01-28,3.2686
2008-01-29,3.234
2008-01-30,3.2437
2008-01-31,3.2326
2008-02-01,3.2321
2008-02-04,3.2454
2008-02-05,3.2591
2008-02-06,3.2473
2008-02-07,3.257
2008-02-08,3.2353
2008-02-11,3.273
2008-02-12,3.2471
2008-02-13,3.2391
2008-02-14,3.2714
2008-02-15,3.2525
2008-02-18,3.287
2008-02-19,3.3087
2008-02-20,3.3094
2008-02-21,3.3164
2008-02-22,3.3131
2008-02-25,3.3086
2008-02-26,3.3644
2008-02-27,3.3877
2008-02-28,3.4117
2008-02-29,3.4273
2008-03-03,3.41
2008-03-04,3.3778
2008-03-05,3.3265
2008-03-06,3.3712
2008-03-07,3.357
2008-03-10,3.3143
2008-03-11,3.2523
2008-03-12,3.2346
2008-03-13,3.1898
2008-03-14,3.2807
2008-03-17,3.1613
2008-03-18,3.1412
2008-03-19,3.1492
2008-03-20,3.0715
2008-03-24,3.1832
2008-03-25,3.2118
2008-03-26,3.227
2008-03-27,3.2288
2008-03-28,3.2419
2008-03-31,3.2494
2008-04-01,3.2233
2008-04-02,3.2437
2008-04-03,3.2533
2008-04-04,3.3027
2008-04-07,3.3705
2008-04-08,3.3523
2008-04-09,3.3389
2008-04-10,3.3744
2008-04-11,3.3566
2008-04-14,3.296
2008-04-15,3.2233
2008-04-16,3.2439
2008-04-17,3.2476
2008-04-18,3.2145
2008-04-21,3.2501
2008-04-22,3.2731
2008-04-23,3.2806
2008-04-24,3.2596
2008-04-25,3.2554
2008-04-28,3.2512
2008-04-29,3.2366
2008-04-30,3.1996
2008-05-01,3.2124
2008-05-02,3.2094
2008-05-05,3.2358
2008-05-06,3.229
2008-05-07,3.261
2008-05-09,3.2587
2008-05-12,3.2587
2008-05-13,3.2343
2008-05-14,3.1966
2008-05-15,3.2026
2008-05-16,3.1731
2008-05-19,3.2153
2008-05-20,3.2407
2008-05-21,3.2388
2008-05-22,3.2041
2008-05-23,3.1995
2008-05-27,3.1585
2008-05-28,3.1497
2008-05-29,3.1286
2008-05-30,3.0836
2008-06-02,3.1148
2008-06-03,3.1352
2008-06-04,3.1928
2008-06-05,3.2134
2008-06-06,3.1938
2008-06-10,3.2101
2008-06-11,3.2217
2008-06-12,3.209
2008-06-13,3.208
2008-06-16,3.2097
2008-06-17,3.1396
2008-06-18,3.1505
2008-06-19,3.1888
2008-06-20,3.1945
2008-06-23,3.2086
2008-06-24,3.2173
2008-06-25,3.2394
2008-06-26,3.2402
2008-06-27,3.249
2008-06-30,3.2261
2008-07-01,3.1956
2008-07-02,3.1512
2008-07-03,3.1255
2008-07-04,3.1485
2008-07-07,3.1089
2008-07-08,3.11
2008-07-09,3.0746
2008-07-10,3.1823
2008-07-11,3.2507
2008-07-14,3.2255
2008-07-15,3.246
2008-07-16,3.2694
2008-07-17,3.2912
2008-07-18,3.2874
2008-07-21,3.3424
2008-07-22,3.3893
2008-07-23,3.3534
2008-07-24,3.3536
2008-07-25,3.3394
2008-07-28,3.3353
2008-07-29,3.319
2008-07-30,3.286
2008-07-31,3.2774
2008-08-01,3.2916
2008-08-04,3.309
2008-08-05,3.2584
2008-08-06,3.2477
2008-08-07,3.2226
2008-08-08,3.2039
2008-08-11,3.1775
2008-08-12,3.1377
2008-08-13,3.1191
2008-08-14,3.141
2008-08-15,3.0922
2008-08-18,3.1159
2008-08-19,3.1007
2008-08-20,3.1099
2008-08-21,3.0673
2008-08-22,3.038
2008-08-25,3.0487
2008-08-26,3.0124
2008-08-27,3.0739
2008-08-28,3.1058
2008-08-29,3.1022
2008-09-01,3.0876
2008-09-02,3.0292
2008-09-03,2.9862
2008-09-04,2.9883
2008-09-05,2.9351
2008-09-08,2.9371
2008-09-09,2.9137
2008-09-10,2.8924
2008-09-11,2.8802
2008-09-12,2.9336
2008-09-15,2.911
2008-09-16,2.8157
2008-09-17,2.8259
2008-09-18,2.8427
2008-09-19,2.8607
2008-09-22,2.9194
2008-09-23,2.8698
2008-09-24,2.8659
2008-09-25,2.8518
2008-09-26,2.8379
2008-10-02,2.7381
2008-10-03,2.6944
2008-10-06,2.592
2008-10-07,2.5367
2008-10-10,2.3819
2008-10-13,2.4266
2008-10-15,2.5252
2008-10-16,2.4785
2008-10-17,2.5334
2008-10-20,2.6309
2008-10-22,2.5908
2008-10-23,2.5475
2008-10-24,2.3602
2008-10-27,2.3439
2008-10-28,2.3623
2008-10-29,2.4484
2008-10-30,2.5351
2008-10-31,2.503
2008-11-03,2.539
2008-11-04,2.5791
2008-11-05,2.655
2008-11-06,2.6197
2008-11-07,2.5611
2008-11-10,2.6166
2008-11-11,2.531
2008-11-12,2.5713
2008-11-13,2.5125
2008-11-14,2.5383
2008-11-17,2.5375
2008-11-18,2.5613
2008-11-19,2.5701
2008-11-20,2.5051
2008-11-21,2.5091
2008-11-24,2.5475
2008-11-25,2.538
2008-11-26,2.5164
2008-11-27,2.5537
2008-11-28,2.5796
2008-12-01,2.5602
2008-12-02,2.5607
2008-12-03,2.559
2008-12-04,2.555
2008-12-05,2.5735
2008-12-08,2.6142
2008-12-09,2.5766
2008-12-10,2.5712
2008-12-11,2.5987
2008-12-12,2.5627
2008-12-15,2.5645
2008-12-16,2.5664
2008-12-17,2.5791
2008-12-18,2.5998
2008-12-19,2.5724
2008-12-22,2.6218
2008-12-23,2.6214
2008-12-24,2.6393
2008-12-29,2.6734
2008-12-30,2.6063
2008-12-31,2.6106
2009-01-02,2.6309
2009-01-05,2.7291
2009-01-06,2.7477
2009-01-07,2.7782
2009-01-08,2.7278
2009-01-09,2.7373
2009-01-12,2.6731
2009-01-13,2.6182
2009-01-14,2.6163
2009-01-15,2.5686
2009-01-16,2.5944
2009-01-19,2.5926
2009-01-20,2.5643
2009-01-21,2.5321
2009-01-22,2.5893
2009-01-23,2.568
2009-01-26,2.6257
2009-01-27,2.635
2009-01-28,2.6965
2009-01-29,2.644
2009-01-30,2.6211
2009-02-02,2.5542
2009-02-03,2.6031
2009-02-04,2.6133
2009-02-05,2.6364
2009-02-06,2.6393
2009-02-09,2.7175
2009-02-11,2.6533
2009-02-12,2.6227
2009-02-13,2.677
2009-02-16,2.6438
2009-02-17,2.6454
2009-02-18,2.6449
2009-02-19,2.6731
2009-02-20,2.6512
2009-02-23,2.6935
2009-02-24,2.687
2009-02-25,2.7216
2009-02-26,2.7252
2009-02-27,2.6664
2009-03-02,2.6721
2009-03-03,2.695
2009-03-04,2.6927
2009-03-05,2.7038
2009-03-06,2.6998
2009-03-09,2.6983
2009-03-12,2.7164
2009-03-13,2.741
2009-03-16,2.7409
2009-03-17,2.7311
2009-03-18,2.7268
2009-03-19,2.7805
2009-03-20,2.7832
2009-03-23,2.834
2009-03-24,2.8432
2009-03-25,2.8553
2009-03-26,2.9179
2009-03-27,2.9292
2009-03-30,2.868
2009-03-31,2.9004
2009-04-01,2.917
2009-04-02,2.9774
2009-04-03,2.9917
2009-04-06,2.9545
2009-04-07,2.9544
2009-04-14,3.0274
2009-04-16,3.0125
2009-04-17,3.0114
2009-04-20,2.9729
2009-04-21,2.9494
2009-04-22,2.9626
2009-04-23,3.002
2009-04-24,3.0503
2009-04-27,3.0217
2009-04-28,2.9892
2009-04-30,3.0446
2009-05-01,3.0456
2009-05-04,3.0498
2009-05-05,3.0744
2009-05-06,3.0687
2009-05-07,3.1365
2009-05-08,3.1012
2009-05-11,3.1269
2009-05-12,3.1407
2009-05-13,3.1354
2009-05-14,3.1105
2009-05-15,3.1351
2009-05-18,3.1586
2009-05-19,3.1969
2009-05-20,3.1597
2009-05-21,3.0953
2009-05-22,3.087
2009-05-26,3.0876
2009-05-27,3.1235
2009-05-28,3.0821
2009-06-01,3.1578
2009-06-02,3.197
2009-06-03,3.2179
2009-06-04,3.1534
2009-06-05,3.169
2009-06-08,3.1467
2009-06-09,3.1383
2009-06-10,3.1752
2009-06-11,3.194
2009-06-12,3.1845
2009-06-15,3.1748
2009-06-16,3.1539
2009-06-17,3.1225
2009-06-18,3.1417
2009-06-19,3.1852
2009-06-22,3.1424
2009-06-23,3.1288
2009-06-24,3.1405
2009-06-25,3.1563
2009-06-26,3.1957
2009-06-29,3.1673
2009-06-30,3.1914
2009-07-01,3.1363
2009-07-02,3.1001
2009-07-03,3.1023
2009-07-06,3.0909
2009-07-07,3.1341
2009-07-08,3.1201
2009-07-09,3.096
2009-07-10,3.084
2009-07-13,3.0837
2009-07-14,3.1207
2009-07-15,3.1319
2009-07-16,3.1304
2009-07-17,3.1259
2009-07-20,3.1719
2009-07-21,3.1627
2009-07-22,3.1677
2009-07-23,3.1782
2009-07-24,3.1611
2009-07-27,3.1466
2009-07-28,3.1482
2009-07-29,3.12
2009-07-31,3.1383
2009-08-03,3.1458
2009-08-04,3.2447
2009-08-05,3.2848
2009-08-06,3.3052
2009-08-07,3.281
2009-08-10,3.2628
2009-08-11,3.2324
2009-08-12,3.1687
2009-08-13,3.2157
2009-08-14,3.1924
2009-08-17,3.1134
2009-08-18,3.1533
2009-08-19,3.147
2009-08-20,3.1666
2009-08-21,3.1644
2009-08-24,3.1954
2009-08-25,3.1856
2009-08-26,3.1602
2009-08-27,3.1583
2009-08-28,3.2132
2009-08-31,3.1919
2009-09-01,3.1755
2009-09-02,3.1691
2009-09-03,3.1839
2009-09-04,3.167
2009-09-07,3.216
2009-09-08,3.2671
2009-09-09,3.2622
2009-09-10,3.2431
2009-09-11,3.2659
2009-09-14,3.2365
2009-09-15,3.2275
2009-09-16,3.2581
2009-09-17,3.2717
2009-09-21,3.225
2009-09-22,3.261
2009-09-23,3.2631
2009-09-24,3.2653
2009-09-25,3.2709
2009-09-29,3.2964
2009-09-30,3.3179
2009-10-01,3.3187
2009-10-02,3.2623
2009-10-05,3.2881
2009-10-06,3.3097
2009-10-07,3.3354
2009-10-08,3.3754
2009-10-09,3.3715
2009-10-12,3.3796
2009-10-13,3.3825
2009-10-14,3.3848
2009-10-15,3.4098
2009-10-16,3.4217
2009-10-19,3.4156
2009-10-20,3.4334
2009-10-21,3.4186
2009-10-22,3.414
2009-10-23,3.4238
2009-10-26,3.412
2009-10-27,3.4073
2009-10-28,3.3817
2009-10-29,3.4045
2009-10-30,3.4195
2009-11-02,3.4143
2009-11-03,3.41
2009-11-04,3.4374
2009-11-05,3.4384
2009-11-06,3.4582
2009-11-09,3.4788
2009-11-10,3.4872
2009-11-11,3.4898
2009-11-12,3.5072
2009-11-13,3.5038
2009-11-16,3.5074
2009-11-17,3.4969
2009-11-18,3.5167
2009-11-19,3.4765
2009-11-20,3.4911
2009-11-23,3.5114
2009-11-24,3.4711
2009-11-25,3.4947
2009-11-26,3.4615
2009-11-27,3.4356
2009-11-30,3.4585
2009-12-01,3.4792
2009-12-02,3.5043
2009-12-03,3.5044
2009-12-04,3.4917
2009-12-07,3.4688
2009-12-08,3.4545
2009-12-09,3.4604
2009-12-10,3.4674
2009-12-11,3.4598
2009-12-14,3.4347
2009-12-15,3.4306
2009-12-16,3.4077
2009-12-17,3.3773
2009-12-18,3.3688
2009-12-21,3.3703
2009-12-22,3.3397
2009-12-23,3.3356
2009-12-24,3.3586
2009-12-28,3.3684
2009-12-29,3.3945
2009-12-30,3.386
2009-12-31,3.3981
2010-01-04,3.4103
2010-01-05,3.4173
2010-01-06,3.4176
2010-01-07,3.4182
2010-01-08,3.4066
2010-01-11,3.4302
2010-01-12,3.4144
2010-01-13,3.3938
2010-01-14,3.4206
2010-01-15,3.4127
2010-01-18,3.4155
2010-01-19,3.4005
2010-01-20,3.3847
2010-01-21,3.3816
2010-01-22,3.3834
2010-01-25,3.3723
2010-01-26,3.345
2010-01-27,3.355
2010-01-28,3.3653
2010-01-29,3.3324
2010-02-01,3.289
2010-02-02,3.2722
2010-02-03,3.2966
2010-02-04,3.2765
2010-02-05,3.2376
2010-02-08,3.2334
2010-02-09,3.2432
2010-02-10,3.2821
2010-02-11,3.3187
2010-02-12,3.303
2010-02-15,3.3397
2010-02-16,3.3499
2010-02-17,3.3747
2010-02-18,3.3612
2010-02-19,3.3515
2010-02-22,3.3862
2010-02-23,3.3871
2010-02-24,3.3642
2010-02-25,3.3635
2010-02-26,3.3762
2010-03-02,3.42
2010-03-03,3.4011
2010-03-04,3.4098
2010-03-05,3.4026
2010-03-08,3.4313
2010-03-09,3.4161
2010-03-10,3.4339
2010-03-11,3.4189
2010-03-12,3.4111
2010-03-15,3.3931
2010-03-16,3.4025
2010-03-17,3.4258
2010-03-18,3.4353
2010-03-19,3.4394
2010-03-22,3.4072
2010-03-23,3.4241
2010-03-24,3.4181
2010-03-25,3.4217
2010-03-26,3.4172
2010-03-31,3.4002
2010-04-01,3.3929
2010-04-06,3.4164
2010-04-07,3.4347
2010-04-08,3.4188
2010-04-09,3.4387
2010-04-12,3.4162
2010-04-13,3.416
2010-04-14,3.4551
2010-04-15,3.4517
2010-04-16,3.4482
2010-04-19,3.4218
2010-04-21,3.4624
2010-04-22,3.4631
2010-04-23,3.4402
2010-04-26,3.4574
2010-04-27,3.4495
2010-04-28,3.4496
2010-04-29,3.4605
2010-04-30,3.4602
2010-05-03,3.4564
2010-05-04,3.4293
2010-05-05,3.4052
2010-05-06,3.4154
2010-05-07,3.3696
2010-05-10,3.3951
2010-05-11,3.3604
2010-05-12,3.3582
2010-05-13,3.3747
2010-05-14,3.3619
2010-05-17,3.3161
2010-05-18,3.2923
2010-05-20,3.1639
2010-05-21,3.1575
2010-05-24,3.1561
2010-05-25,3.138
2010-05-26,3.1892
2010-05-27,3.2192
2010-05-28,3.2694
2010-06-01,3.2262
2010-06-02,3.2159
2010-06-03,3.264
2010-06-04,3.261
2010-06-07,3.1736
2010-06-08,3.158
2010-06-09,3.2183
2010-06-10,3.2453
2010-06-11,3.2541
2010-06-14,3.2903
2010-06-15,3.2727
2010-06-16,3.2939
2010-06-17,3.3043
2010-06-18,3.3174
2010-06-21,3.3701
2010-06-22,3.3597
2010-06-23,3.37
2010-06-24,3.3484
2010-06-25,3.3385
2010-06-28,3.3971
2010-06-29,3.3279
2010-06-30,3.3044
2010-07-01,3.2635
2010-07-02,3.2972
2010-07-05,3.259
2010-07-06,3.2961
2010-07-07,3.3093
2010-07-08,3.377
2010-07-09,3.3828
2010-07-12,3.3771
2010-07-13,3.375
2010-07-14,3.4029
2010-07-15,3.4069
2010-07-16,3.3806
2010-07-19,3.3535
2010-07-21,3.4146
2010-07-22,3.4368
2010-07-23,3.4501
2010-07-26,3.4619
2010-07-27,3.445
2010-07-28,3.4078
2010-07-29,3.422
2010-07-30,3.393
2010-08-02,3.4321
2010-08-03,3.4216
2010-08-04,3.4483
2010-08-05,3.4394
2010-08-06,3.463
2010-08-09,3.4527
2010-08-10,3.4308
2010-08-11,3.425
2010-08-12,3.3989
2010-08-13,3.4127
2010-08-16,3.3898
2010-08-17,3.4103
2010-08-18,3.4083
2010-08-19,3.4103
2010-08-20,3.3708
2010-08-23,3.4035
2010-08-24,3.3756
2010-08-25,3.3646
2010-08-26,3.385
2010-08-27,3.4003
2010-08-30,3.4263
2010-08-31,3.3981
2010-09-01,3.4372
2010-09-02,3.4435
2010-09-03,3.4395
2010-09-06,3.4572
2010-09-07,3.4426
2010-09-13,3.5157
2010-09-14,3.5259
2010-09-15,3.5137
2010-09-16,3.4932
2010-09-20,3.5177
2010-09-21,3.5263
2010-09-22,3.5278
2010-09-24,3.5252
2010-09-27,3.5304
2010-09-28,3.5406
2010-09-29,3.5596
2010-10-01,3.5373
2010-10-04,3.5132
2010-10-05,3.4738
2010-10-06,3.5086
2010-10-07,3.5551
2010-10-08,3.514
2010-10-11,3.5434
2010-10-12,3.5559
2010-10-13,3.5497
2010-10-14,3.5702
2010-10-15,3.5545
2010-10-18,3.5357
2010-10-19,3.5149
2010-10-20,3.5378
2010-10-21,3.5676
2010-10-22,3.5623
2010-10-25,3.5794
2010-10-26,3.5831
2010-10-27,3.5347
2010-10-28,3.5646
2010-10-29,3.5249
2010-11-01,3.5887
2010-11-02,3.6158
2010-11-03,3.607
2010-11-04,3.6317
2010-11-05,3.6277
2010-11-08,3.6522
2010-11-09,3.6812
2010-11-10,3.6449
2010-11-11,3.6628
2010-11-12,3.6325
2010-11-15,3.6237
2010-11-16,3.6007
2010-11-17,3.5954
2010-11-18,3.6101
2010-11-19,3.5971
2010-11-22,3.5865
2010-11-23,3.5745
2010-11-24,3.5711
2010-11-25,3.5774
2010-11-26,3.5497
2010-11-29,3.5406
2010-11-30,3.5257
2010-12-01,3.5386
2010-12-02,3.5313
2010-12-03,3.5659
2010-12-06,3.5869
2010-12-07,3.6054
2010-12-08,3.567
2010-12-09,3.569
2010-12-10,3.565
2010-12-13,3.5783
2010-12-14,3.5972
2010-12-15,3.5646
2010-12-16,3.5615
2010-12-17,3.553
2010-12-20,3.5827
2010-12-21,3.5872
2010-12-22,3.5875
2010-12-23,3.6045
2010-12-24,3.6076
2010-12-27,3.5911
2010-12-28,3.6219
2010-12-29,3.6219
2010-12-30,3.6189
2010-12-31,3.6113
2011-01-03,3.6172
2011-01-04,3.5629
2011-01-05,3.5397
2011-01-06,3.55
2011-01-07,3.549
2011-01-10,3.5384
2011-01-11,3.5007
2011-01-12,3.4955
2011-01-13,3.5619
2011-01-14,3.5282
2011-01-17,3.5358
2011-01-18,3.5205
2011-01-19,3.5603
2011-01-20,3.5743
2011-01-21,3.5822
2011-01-24,3.5918
2011-01-25,3.5945
2011-01-26,3.5937
2011-01-27,3.6273
2011-01-28,3.6502
2011-01-31,3.6902
2011-02-01,3.7148
2011-02-02,3.7066
2011-02-03,3.7307
2011-02-04,3.7854
2011-02-07,3.7214
2011-02-08,3.731
2011-02-09,3.7049
2011-02-10,3.7037
2011-02-11,3.6821
2011-02-14,3.672
2011-02-15,3.6537
2011-02-16,3.6088
2011-02-17,3.6262
2011-02-18,3.6673
2011-02-21,3.6407
2011-02-22,3.6447
2011-02-23,3.6484
2011-02-24,3.6799
2011-02-25,3.6895
2011-02-28,3.6769
2011-03-01,3.6917
2011-03-02,3.6857
2011-03-03,3.6735
2011-03-04,3.6572
2011-03-07,3.6577
2011-03-08,3.6219
2011-03-09,3.6085
2011-03-10,3.5768
2011-03-11,3.5781
2011-03-14,3.5807
2011-03-15,3.5153
2011-03-16,3.5329
2011-03-17,3.5107
2011-03-18,3.5183
2011-03-22,3.5682
2011-03-23,3.5714
2011-03-24,3.6075
2011-03-25,3.6416
2011-03-28,3.6322
2011-03-29,3.6045
2011-03-30,3.6193
2011-03-31,3.6016
2011-04-01,3.5923
2011-04-04,3.5934
2011-04-05,3.5726
2011-04-06,3.5951
2011-04-07,3.6137
2011-04-08,3.6204
2011-04-11,3.6318
2011-04-12,3.6107
2011-04-13,3.5868
2011-04-14,3.6003
2011-04-15,3.5935
2011-04-20,3.6324
2011-04-21,3.6626
2011-04-26,3.6681
2011-04-27,3.7016
2011-04-28,3.7159
2011-04-29,3.7051
2011-05-02,3.6976
2011-05-03,3.6891
2011-05-04,3.6747
2011-05-05,3.6353
2011-05-06,3.6767
2011-05-09,3.714
2011-05-11,3.7621
2011-05-12,3.723
2011-05-13,3.7295
2011-05-16,3.731
2011-05-17,3.733
2011-05-18,3.7344
2011-05-19,3.7233
2011-05-20,3.7132
2011-05-23,3.6999
2011-05-24,3.6923
2011-05-25,3.6734
2011-05-26,3.6714
2011-05-27,3.7114
2011-05-31,3.6644
2011-06-01,3.675
2011-06-02,3.6323
2011-06-03,3.6129
2011-06-06,3.6338
2011-06-07,3.5959
2011-06-09,3.5744
2011-06-10,3.6073
2011-06-13,3.6284
2011-06-14,3.6124
2011-06-15,3.6501
2011-06-16,3.6591
2011-06-17,3.6467
2011-06-20,3.6437
2011-06-21,3.6128
2011-06-22,3.6192
2011-06-23,3.6268
2011-06-24,3.6257
2011-06-27,3.6092
2011-06-28,3.6223
2011-06-29,3.6415
2011-06-30,3.6604
2011-07-01,3.6402
2011-07-04,3.6362
2011-07-05,3.6503
2011-07-06,3.6479
2011-07-07,3.6528
2011-07-08,3.6603
2011-07-11,3.6696
2011-07-12,3.6705
2011-07-13,3.6668
2011-07-14,3.6849
2011-07-15,3.6624
2011-07-18,3.664
2011-07-19,3.6706
2011-07-20,3.6753
2011-07-21,3.6695
2011-07-22,3.6743
2011-07-25,3.6897
2011-07-26,3.7191
2011-07-27,3.7555
2011-07-28,3.7853
2011-07-29,3.7471
2011-08-01,3.7704
2011-08-02,3.7418
2011-08-03,3.7344
2011-08-04,3.6987
2011-08-05,3.6858
2011-08-08,3.6744
2011-08-10,3.6386
2011-08-11,3.6275
2011-08-12,3.6484
2011-08-15,3.6597
2011-08-16,3.6861
2011-08-17,3.7057
2011-08-18,3.7174
2011-08-19,3.7156
2011-08-22,3.7444
2011-08-23,3.7546
2011-08-24,3.7839
2011-08-25,3.7781
2011-08-26,3.8064
2011-08-29,3.8283
2011-08-30,3.7965
2011-08-31,3.7998
2011-09-01,3.8244
2011-09-02,3.8315
2011-09-05,3.8395
2011-09-06,3.8746
2011-09-07,3.8996
2011-09-08,3.9142
2011-09-09,3.9185
2011-09-12,3.8526
2011-09-13,3.839
2011-09-14,3.8119
2011-09-15,3.7931
2011-09-16,3.7781
2011-09-19,3.7884
2011-09-20,3.7864
2011-09-21,3.7757
2011-09-22,3.6566
2011-09-23,3.6394
2011-09-26,3.6512
2011-09-27,3.6847
2011-10-03,3.6174
2011-10-04,3.5491
2011-10-05,3.5783
2011-10-06,3.6038
2011-10-10,3.6504
2011-10-11,3.667
2011-10-12,3.7048
2011-10-14,3.7493
2011-10-17,3.757
2011-10-18,3.7041
2011-10-19,3.7545
2011-10-21,3.7246
2011-10-24,3.7914
2011-10-25,3.8129
2011-10-26,3.7869
2011-10-27,3.8649
2011-10-28,3.85
2011-10-31,3.8096
2011-11-01,3.7703
2011-11-02,3.783
2011-11-03,3.7913
2011-11-04,3.8081
2011-11-07,3.8053
2011-11-08,3.8002
2011-11-09,3.7966
2011-11-10,3.7727
2011-11-11,3.7852
2011-11-14,3.8062
2011-11-15,3.7798
2011-11-16,3.7709
2011-11-17,3.7472
2011-11-18,3.7299
2011-11-21,3.698
2011-11-22,3.6863
2011-11-23,3.6596
2011-11-24,3.6849
2011-11-25,3.6817
2011-11-28,3.7761
2011-11-29,3.7931
2011-11-30,3.8095
2011-12-01,3.8254
2011-12-02,3.8288
2011-12-05,3.8232
2011-12-06,3.827
2011-12-07,3.8414
2011-12-08,3.8493
2011-12-09,3.8025
2011-12-12,3.8032
2011-12-13,3.8185
2011-12-14,3.8018
2011-12-15,3.7696
2011-12-16,3.7914
2011-12-19,3.7774
2011-12-20,3.7796
2011-12-21,3.8086
2011-12-22,3.8349
2011-12-23,3.8428
2011-12-27,3.8326
2011-12-28,3.8687
2011-12-29,3.8416
2011-12-30,3.8774
2012-01-03,3.9458
2012-01-04,3.9757
2012-01-05,3.9473
2012-01-06,3.9398
2012-01-09,3.9236
2012-01-10,3.9564
2012-01-11,3.9558
2012-01-12,3.9716
2012-01-13,3.9658
2012-01-16,3.9706
2012-01-17,3.9952
2012-01-18,3.9651
2012-01-19,3.941
2012-01-20,3.9389
2012-01-23,3.9836
2012-01-24,3.9644
2012-01-25,3.9635
2012-01-26,4.0137
2012-01-27,4.0095
2012-01-30,3.9752
2012-01-31,3.9777
2012-02-01,3.987
2012-02-02,3.9877
2012-02-03,3.9798
2012-02-06,3.979
2012-02-07,4.0237
2012-02-08,4.0093
2012-02-09,4.0142
2012-02-10,3.9727
2012-02-13,3.9973
2012-02-14,4.0059
2012-02-15,4.0172
2012-02-16,4.0206
2012-02-17,4.0358
2012-02-20,4.0182
2012-02-21,3.9836
2012-02-22,3.9916
2012-02-23,4.0173
2012-02-24,4.0323
2012-02-27,4.0578
2012-02-28,4.0789
2012-02-29,4.0806
2012-03-01,4.0761
2012-03-02,4.0816
2012-03-05,4.0641
2012-03-06,4.0402
2012-03-07,4.026
2012-03-12,3.9791
2012-03-13,3.9722
2012-03-14,3.9631
2012-03-15,3.98
2012-03-16,3.9656
2012-03-19,3.9808
2012-03-20,3.9366
2012-03-21,3.9182
2012-03-22,3.8971
2012-03-23,3.8928
2012-03-26,3.9145
2012-03-27,3.9089
2012-03-28,3.8696
2012-03-29,3.8638
2012-03-30,3.8616
2012-04-02,3.8637
2012-04-03,3.8621
2012-04-04,3.8465
2012-04-05,3.8539
2012-04-10,3.8528
2012-04-11,3.8687
2012-04-12,3.9057
2012-04-16,3.8886
2012-04-17,3.8914
2012-04-18,3.9105
2012-04-19,3.9003
2012-04-20,3.8787
2012-04-23,3.8732
2012-04-24,3.8692
2012-04-25,3.8769
2012-04-27,3.905
2012-04-30,3.9103
2012-05-01,3.8859
2012-05-02,3.9115
2012-05-03,3.8893
2012-05-04,3.8757
2012-05-07,3.8763
2012-05-08,3.8548
2012-05-09,3.8385
2012-05-10,3.8589
2012-05-11,3.8326
2012-05-14,3.8229
2012-05-15,3.8253
2012-05-16,3.8045
2012-05-17,3.793
2012-05-18,3.7795
2012-05-21,3.7698
2012-05-22,3.7735
2012-05-23,3.7633
2012-05-24,3.7589
2012-05-25,3.7691
2012-05-28,3.807
2012-05-29,3.8138
2012-05-30,3.7964
2012-05-31,3.7822
2012-06-01,3.7793
2012-06-04,3.7763
2012-06-05,3.7871
2012-06-06,3.8392
2012-06-07,3.862
2012-06-08,3.8149
2012-06-11,3.8425
2012-06-12,3.8551
2012-06-13,3.8704
2012-06-14,3.8605
2012-06-15,3.8785
2012-06-18,3.8896
2012-06-19,3.921
2012-06-20,3.943
2012-06-21,3.9483
2012-06-22,3.9122
2012-06-25,3.9144
2012-06-26,3.9595
2012-06-27,3.9767
2012-06-28,3.9649
2012-06-29,3.9899
2012-07-02,4.0196
2012-07-03,4.0279
2012-07-04,4.0243
2012-07-05,4.0364
2012-07-06,4.0377
2012-07-09,4.032
2012-07-10,4.0482
2012-07-11,4.065
2012-07-12,4.0298
2012-07-13,4.0367
2012-07-16,4.0693
2012-07-17,4.0961
2012-07-18,4.1309
2012-07-19,4.2063
2012-07-20,4.1628
2012-07-23,4.1547
2012-07-24,4.1804
2012-07-25,4.1768
2012-07-26,4.234
2012-07-27,4.2605
2012-07-30,4.2352
2012-07-31,4.2041
2012-08-01,4.1843
2012-08-02,4.1803
2012-08-03,4.2123
2012-08-06,4.1981
2012-08-07,4.2327
2012-08-08,4.2199
2012-08-09,4.2152
2012-08-10,4.2118
2012-08-13,4.2699
2012-08-14,4.2481
2012-08-15,4.2241
2012-08-16,4.24
2012-08-17,4.2046
2012-08-20,4.2106
2012-08-21,4.2283
2012-08-22,4.2062
2012-08-23,4.1943
2012-08-24,4.1814
2012-08-27,4.1826
2012-08-28,4.1651
2012-08-29,4.1749
2012-08-30,4.1761
2012-08-31,4.1513
2012-09-03,4.1191
2012-09-04,4.1167
2012-09-05,4.1071
2012-09-06,4.1173
2012-09-07,4.134
2012-09-10,4.1171
2012-09-11,4.1091
2012-09-12,4.1344
2012-09-13,4.1388
2012-09-14,4.1413
2012-09-19,4.0823
2012-09-20,4.0747
2012-09-21,4.0839
2012-09-24,4.0706
2012-09-27,4.0879
2012-09-28,4.0884
2012-10-02,4.0068
2012-10-03,3.9641
2012-10-04,3.9607
2012-10-05,3.953
2012-10-09,3.9508
2012-10-10,3.9586
2012-10-11,3.9588
2012-10-12,3.9458
2012-10-15,3.9081
2012-10-16,3.9163
2012-10-17,3.9219
2012-10-18,3.9546
2012-10-19,3.9602
2012-10-22,3.9384
2012-10-23,3.935
2012-10-24,3.9855
2012-10-25,4.0064
2012-10-26,3.9971
2012-10-29,4.023
2012-10-30,4.0411
2012-10-31,4.0261
2012-11-01,4.0205
2012-11-02,4.0299
2012-11-05,4.043
2012-11-06,4.0644
2012-11-07,4.053
2012-11-08,4.0645
2012-11-09,4.0559
2012-11-12,4.0994
2012-11-13,4.0878
2012-11-14,4.0851
2012-11-15,4.0828
2012-11-16,4.0869
2012-11-19,4.0957
2012-11-20,4.0801
2012-11-21,4.0609
2012-11-22,4.0131
2012-11-23,4.0324
2012-11-26,4.0409
2012-11-27,4.0416
2012-11-28,4.036
2012-11-29,4.0064
2012-11-30,3.9675
2012-12-03,3.9654
2012-12-04,3.9966
2012-12-05,3.9847
2012-12-06,4.0001
2012-12-07,4.0156
2012-12-10,4.0187
2012-12-11,3.9916
2012-12-12,3.9878
2012-12-13,3.9875
2012-12-14,4.0018
2012-12-17,3.9792
2012-12-18,3.9688
2012-12-19,3.9396
2012-12-20,3.931
2012-12-21,3.913
2012-12-24,3.8972
2012-12-26,3.8829
2012-12-27,3.8679
2012-12-28,3.872
2012-12-31,3.8704
2013-01-02,3.8968
2013-01-03,3.9237
2013-01-04,3.9359
2013-01-07,3.9799
2013-01-08,3.956
2013-01-09,3.9741
2013-01-10,3.9952
2013-01-11,3.9557
2013-01-14,3.9469
2013-01-15,3.9408
2013-01-16,3.9393
2013-01-17,3.9144
2013-01-18,3.9063
2013-01-21,3.932
2013-01-23,3.9279
2013-01-24,3.904
2013-01-25,3.8825
2013-01-28,3.8782
2013-01-29,3.8935
2013-01-30,3.885
2013-01-31,3.8829
2013-02-01,3.8207
2013-02-04,3.8443
2013-02-05,3.8328
2013-02-06,3.8132
2013-02-07,3.8106
2013-02-08,3.8164
2013-02-11,3.7995
2013-02-12,3.7914
2013-02-13,3.8083
2013-02-14,3.8061
2013-02-15,3.816
2013-02-18,3.7921
2013-02-19,3.8104
2013-02-20,3.7791
2013-02-21,3.7674
2013-02-22,3.8246
2013-02-26,3.8267
2013-02-27,3.7988
2013-02-28,3.8041
2013-03-01,3.8104
2013-03-04,3.7879
2013-03-05,3.8138
2013-03-06,3.8273
2013-03-07,3.8211
2013-03-08,3.7925
2013-03-11,3.774
2013-03-12,3.7938
2013-03-13,3.8099
2013-03-14,3.8327
2013-03-15,3.817
2013-03-18,3.8368
2013-03-19,3.82
2013-03-20,3.8221
2013-03-21,3.8341
2013-03-22,3.8291
2013-03-27,3.8069
2013-03-28,3.8047
2013-04-02,3.7909
2013-04-03,3.7937
2013-04-04,3.7832
2013-04-05,3.7789
2013-04-08,3.7695
2013-04-09,3.7973
2013-04-10,3.8227
2013-04-11,3.8306
2013-04-12,3.8231
2013-04-15,3.7808
2013-04-17,3.749
2013-04-18,3.7451
2013-04-19,3.7559
2013-04-22,3.7285
2013-04-23,3.7171
2013-04-24,3.7179
2013-04-25,3.723
2013-04-26,3.7098
2013-04-29,3.7142
2013-04-30,3.7182
2013-05-01,3.7126
2013-05-02,3.6598
2013-05-03,3.6573
2013-05-06,3.6577
2013-05-07,3.6251
2013-05-08,3.6343
2013-05-09,3.6361
2013-05-10,3.5768
2013-05-13,3.562
2013-05-14,3.6265
2013-05-16,3.5826
2013-05-17,3.5463
2013-05-20,3.5825
2013-05-21,3.5957
2013-05-22,3.579
2013-05-23,3.5895
2013-05-24,3.5775
2013-05-28,3.5923
2013-05-29,3.5612
2013-05-30,3.547
2013-05-31,3.5447
2013-06-03,3.5635
2013-06-04,3.5541
2013-06-05,3.5097
2013-06-06,3.4696
2013-06-07,3.4448
2013-06-10,3.43
2013-06-11,3.4026
2013-06-12,3.4649
2013-06-13,3.462
2013-06-14,3.4559
2013-06-17,3.4652
2013-06-18,3.3977
2013-06-19,3.4121
2013-06-20,3.3389
2013-06-21,3.3464
2013-06-24,3.3418
2013-06-25,3.3398
2013-06-26,3.3635
2013-06-27,3.3874
2013-06-28,3.3466
2013-07-01,3.3445
2013-07-02,3.3333
2013-07-03,3.3143
2013-07-04,3.3215
2013-07-05,3.3382
2013-07-08,3.3248
2013-07-09,3.3498
2013-07-10,3.3571
2013-07-11,3.3293
2013-07-12,3.3019
2013-07-15,3.2588
2013-07-17,3.2938
2013-07-18,3.3016
2013-07-19,3.2868
2013-07-22,3.2931
2013-07-23,3.2999
2013-07-24,3.3026
2013-07-25,3.2984
2013-07-26,3.3216
2013-07-29,3.3224
2013-07-30,3.2419
2013-07-31,3.2177
2013-08-01,3.1977
2013-08-02,3.1829
2013-08-05,3.1712
2013-08-06,3.1844
2013-08-07,3.1771
2013-08-08,3.2113
2013-08-09,3.2293
2013-08-12,3.2487
2013-08-13,3.2412
2013-08-14,3.2608
2013-08-15,3.2769
2013-08-16,3.2687
2013-08-19,3.267
2013-08-20,3.2363
2013-08-21,3.2261
2013-08-22,3.2244
2013-08-23,3.227
2013-08-26,3.2497
2013-08-27,3.2745
2013-08-28,3.2723
2013-08-29,3.243
2013-08-30,3.2337
2013-09-02,3.2549
2013-09-03,3.2806
2013-09-09,3.3355
2013-09-10,3.3465
2013-09-11,3.3172
2013-09-12,3.296
2013-09-16,3.3131
2013-09-17,3.3047
2013-09-18,3.3115
2013-09-20,3.3127
2013-09-23,3.3138
2013-09-24,3.3203
2013-09-25,3.3262
2013-09-27,3.3342
2013-09-30,3.2983
2013-10-01,3.3295
2013-10-02,3.303
2013-10-03,3.3183
2013-10-04,3.3468
2013-10-07,3.3352
2013-10-08,3.3769
2013-10-09,3.3717
2013-10-10,3.3575
2013-10-11,3.3611
2013-10-14,3.3524
2013-10-15,3.3783
2013-10-16,3.3895
2013-10-17,3.3995
2013-10-18,3.4083
2013-10-21,3.4201
2013-10-22,3.4106
2013-10-23,3.3872
2013-10-24,3.3944
2013-10-25,3.3819
2013-10-28,3.3922
2013-10-29,3.3477
2013-10-30,3.3456
2013-10-31,3.347
2013-11-01,3.3374
2013-11-04,3.3572
2013-11-05,3.3656
2013-11-06,3.3627
2013-11-07,3.3578
2013-11-08,3.3449
2013-11-11,3.3103
2013-11-12,3.2934
2013-11-13,3.2882
2013-11-14,3.2847
2013-11-15,3.2818
2013-11-18,3.3125
2013-11-19,3.3178
2013-11-20,3.3309
2013-11-21,3.3085
2013-11-22,3.272
2013-11-25,3.2641
2013-11-26,3.2279
2013-11-27,3.2213
2013-11-28,3.2267
2013-11-29,3.2114
2013-12-02,3.2264
2013-12-03,3.2136
2013-12-04,3.179
2013-12-05,3.1858
2013-12-06,3.1843
2013-12-09,3.1808
2013-12-10,3.1898
2013-12-11,3.1935
2013-12-12,3.1737
2013-12-13,3.1324
2013-12-16,3.1331
2013-12-17,3.1339
2013-12-18,3.1212
2013-12-19,3.1145
2013-12-20,3.1191
2013-12-23,3.1371
2013-12-24,3.1102
2013-12-26,3.1034
2013-12-27,3.1135
2013-12-30,3.0882
2013-12-31,3.1026
2014-01-02,3.0862
2014-01-03,3.1486
2014-01-06,3.1353
2014-01-07,3.1229
2014-01-08,3.1309
2014-01-09,3.11
2014-01-10,3.1108
2014-01-13,3.1578
2014-01-14,3.139
2014-01-15,3.1071
2014-01-16,3.0668
2014-01-17,3.0726
2014-01-20,3.0781
2014-01-21,3.0721
2014-01-22,3.0965
2014-01-23,3.0606
2014-01-24,3.0279
2014-01-27,3.048
2014-01-28,3.0751
2014-01-29,3.0553
2014-01-30,3.062
2014-01-31,3.0639
2014-02-03,3.0972
2014-02-04,3.1389
2014-02-05,3.1597
2014-02-06,3.1809
2014-02-07,3.1597
2014-02-10,3.1483
2014-02-11,3.1762
2014-02-12,3.1843
2014-02-13,3.1477
2014-02-14,3.1628
2014-02-17,3.1691
2014-02-18,3.169
2014-02-19,3.1718
2014-02-20,3.1586
2014-02-21,3.1592
2014-02-24,3.1498
2014-02-25,3.1763
2014-02-26,3.1637
2014-02-27,3.1407
2014-02-28,3.134
2014-03-03,3.113
2014-03-04,3.1243
2014-03-05,3.1297
2014-03-06,3.1451
2014-03-07,3.1573
2014-03-10,3.1383
2014-03-11,3.1368
2014-03-12,3.102
2014-03-13,3.1393
2014-03-14,3.132
2014-03-18,3.142
2014-03-19,3.1566
2014-03-20,3.1378
2014-03-21,3.1595
2014-03-24,3.1785
2014-03-25,3.1934
2014-03-26,3.2204
2014-03-27,3.2355
2014-03-28,3.2423
2014-03-31,3.2182
2014-04-01,3.2116
2014-04-02,3.2131
2014-04-03,3.2061
2014-04-04,3.2135
2014-04-07,3.2378
2014-04-08,3.2457
2014-04-09,3.263
2014-04-10,3.2658
2014-04-11,3.2484
2014-04-16,3.2466
2014-04-17,3.2522
2014-04-22,3.2612
2014-04-23,3.2407
2014-04-24,3.2219
2014-04-25,3.2187
2014-04-28,3.2353
2014-04-29,3.2138
2014-04-30,3.2143
2014-05-01,3.2046
2014-05-02,3.2064
2014-05-05,3.2071
2014-05-07,3.2217
2014-05-08,3.2344
2014-05-09,3.2345
2014-05-12,3.2393
2014-05-13,3.2356
2014-05-14,3.2447
2014-05-15,3.2344
2014-05-16,3.2358
2014-05-19,3.2335
2014-05-20,3.2104
2014-05-21,3.2187
2014-05-22,3.2204
2014-05-23,3.2209
2014-05-27,3.2197
2014-05-28,3.2175
2014-05-29,3.2305
2014-05-30,3.2369
2014-06-02,3.2153
2014-06-03,3.2238
2014-06-05,3.225
2014-06-06,3.2363
2014-06-09,3.2378
2014-06-10,3.2418
2014-06-11,3.2524
2014-06-12,3.2549
2014-06-13,3.2512
2014-06-16,3.246
2014-06-17,3.2334
2014-06-18,3.2288
2014-06-19,3.2436
2014-06-20,3.2352
2014-06-23,3.2605
2014-06-24,3.2267
2014-06-25,3.2224
2014-06-26,3.2318
2014-06-27,3.2336
2014-06-30,3.23
2014-07-01,3.2363
2014-07-02,3.2422
2014-07-03,3.2105
2014-07-04,3.1985
2014-07-07,3.2031
2014-07-08,3.2237
2014-07-09,3.2326
2014-07-10,3.2112
2014-07-11,3.2202
2014-07-14,3.2178
2014-07-15,3.1886
2014-07-16,3.186
2014-07-17,3.1971
2014-07-18,3.2102
2014-07-21,3.209
2014-07-22,3.2082
2014-07-23,3.2224
2014-07-24,3.2117
2014-07-25,3.2226
2014-07-28,3.224
2014-07-29,3.2198
2014-07-30,3.2119
2014-07-31,3.1876
2014-08-01,3.1712
2014-08-04,3.1851
2014-08-06,3.1895
2014-08-07,3.1983
2014-08-08,3.215
2014-08-11,3.2161
2014-08-12,3.2239
2014-08-13,3.2467
2014-08-14,3.2331
2014-08-15,3.2329
2014-08-18,3.2656
2014-08-19,3.2899
2014-08-20,3.2834
2014-08-21,3.2838
2014-08-22,3.2816
2014-08-25,3.3
2014-08-26,3.3252
2014-08-27,3.3384
2014-08-28,3.3321
2014-08-29,3.3372
2014-09-01,3.3441
2014-09-02,3.3223
2014-09-03,3.3391
2014-09-04,3.3511
2014-09-05,3.3721
2014-09-08,3.3651
2014-09-09,3.3505
2014-09-10,3.3061
2014-09-11,3.3075
2014-09-12,3.2949
2014-09-15,3.2703
2014-09-16,3.2868
2014-09-17,3.3066
2014-09-18,3.2738
2014-09-19,3.2613
2014-09-22,3.2504
2014-09-23,3.2609
2014-09-29,3.218
2014-09-30,3.2172
2014-10-01,3.1945
2014-10-02,3.1999
2014-10-06,3.2009
2014-10-07,3.2588
2014-10-08,3.2873
2014-10-10,3.2568
2014-10-13,3.2586
2014-10-14,3.2766
2014-10-15,3.2509
2014-10-17,3.2511
2014-10-20,3.2866
2014-10-21,3.2865
2014-10-22,3.2915
2014-10-23,3.3092
2014-10-24,3.322
2014-10-27,3.333
2014-10-28,3.3272
2014-10-29,3.338
2014-10-30,3.3146
2014-10-31,3.3369
2014-11-03,3.3034
2014-11-04,3.3178
2014-11-05,3.2712
2014-11-06,3.261
2014-11-07,3.2709
2014-11-10,3.2762
2014-11-11,3.2919
2014-11-12,3.3254
2014-11-13,3.3349
2014-11-14,3.3179
2014-11-17,3.3394
2014-11-18,3.3451
2014-11-19,3.3178
2014-11-20,3.3144
2014-11-21,3.308
2014-11-24,3.3335
2014-11-25,3.3007
2014-11-26,3.2915
2014-11-27,3.3277
2014-11-28,3.308
2014-12-01,3.3197
2014-12-02,3.3457
2014-12-03,3.3667
2014-12-04,3.3383
2014-12-05,3.3151
2014-12-08,3.3119
2014-12-09,3.2689
2014-12-10,3.2898
2014-12-11,3.2467
2014-12-12,3.2375
2014-12-15,3.2262
2014-12-16,3.2451
2014-12-17,3.2097
2014-12-18,3.2232
2014-12-19,3.2066
2014-12-22,3.1969
2014-12-23,3.1855
2014-12-24,3.1717
2014-12-29,3.2028
2014-12-30,3.193
2014-12-31,3.187
2015-01-02,3.19
2015-01-05,3.196
2015-01-06,3.2298
2015-01-07,3.1946
2015-01-08,3.2232
2015-01-09,3.215
2015-01-12,3.2261
2015-01-13,3.2177
2015-01-14,3.2012
2015-01-15,3.2182
2015-01-16,3.2143
2015-01-19,3.2262
2015-01-20,3.2219
2015-01-21,3.2302
2015-01-22,3.1961
2015-01-23,3.1541
2015-01-26,3.1647
2015-01-27,3.1714
2015-01-28,3.1429
2015-01-29,3.0584
2015-01-30,3.0484
2015-02-02,3.0715
2015-02-03,3.0134
2015-02-04,3.0427
2015-02-05,3.0279
2015-02-06,3.0327
2015-02-09,3.031
2015-02-10,3.0128
2015-02-11,2.9867
2015-02-12,2.9914
2015-02-13,3.0089
2015-02-16,3.0281
2015-02-17,3.0198
2015-02-18,3.0021
2015-02-19,2.9941
2015-02-20,3.0266
2015-02-23,3.0066
2015-02-24,3.0685
2015-02-25,3.1018
2015-02-26,3.1064
2015-02-27,3.0998
2015-03-02,3.1051
2015-03-03,3.1123
2015-03-04,3.1237
2015-03-09,3.1033
2015-03-10,3.0844
2015-03-11,3.086
2015-03-12,3.09
2015-03-13,3.0876
2015-03-16,3.072
2015-03-18,3.0599
2015-03-19,3.0662
2015-03-20,3.1079
2015-03-23,3.1392
2015-03-24,3.0998
2015-03-25,3.1102
2015-03-26,3.1051
2015-03-27,3.0988
2015-03-30,3.042
2015-03-31,3.0243
2015-04-01,3.0215
2015-04-02,2.9879
2015-04-07,3.021
2015-04-08,3.0306
2015-04-09,3.0347
2015-04-13,3.0378
2015-04-14,3.0183
2015-04-15,3.0249
2015-04-16,3.0628
2015-04-17,3.0704
2015-04-20,3.0577
2015-04-21,3.0472
2015-04-22,3.0732
2015-04-24,3.0629
2015-04-27,3.0718
2015-04-28,3.0858
2015-04-29,3.0969
2015-04-30,3.0541
2015-05-01,3.0454
2015-05-04,3.0439
2015-05-05,3.0541
2015-05-06,3.0891
2015-05-07,3.0738
2015-05-08,3.0592
2015-05-11,3.0576
2015-05-12,3.0827
2015-05-13,3.0996
2015-05-14,3.0962
2015-05-15,3.0696
2015-05-18,3.0569
2015-05-19,3.0693
2015-05-20,3.0604
2015-05-21,3.0439
2015-05-22,3.0626
2015-05-26,3.0237
2015-05-27,2.9898
2015-05-28,2.9726
2015-05-29,2.9664
2015-06-01,2.9574
2015-06-02,2.966
2015-06-03,3.0031
2015-06-04,2.9706
2015-06-05,2.9535
2015-06-08,2.9554
2015-06-09,2.9447
2015-06-10,2.9616
2015-06-11,2.9608
2015-06-12,2.9627
2015-06-15,2.9683
2015-06-16,2.9691
2015-06-17,2.9503
2015-06-18,2.9889
2015-06-19,2.9772
2015-06-22,2.9754
2015-06-23,2.914
2015-06-24,2.9139
2015-06-25,2.917
2015-06-26,2.9222
2015-06-29,2.912
2015-06-30,2.8952
2015-07-01,2.9078
2015-07-02,2.8736
2015-07-03,2.8424
2015-07-06,2.8277
2015-07-07,2.8098
2015-07-08,2.8176
2015-07-09,2.8192
2015-07-10,2.8183
2015-07-13,2.8083
2015-07-14,2.8066
2015-07-15,2.8088
2015-07-16,2.8048
2015-07-17,2.8053
2015-07-20,2.8212
2015-07-21,2.8088
2015-07-22,2.8224
2015-07-23,2.8302
2015-07-24,2.7937
2015-07-27,2.7728
2015-07-28,2.761
2015-07-29,2.7675
2015-07-30,2.7488
2015-07-31,2.7548
2015-08-03,2.7443
2015-08-04,2.7934
2015-08-05,2.8013
2015-08-06,2.795
2015-08-07,2.8088
2015-08-10,2.8054
2015-08-11,2.7961
2015-08-12,2.8038
2015-08-13,2.7952
2015-08-14,2.7929
2015-08-17,2.7989
2015-08-18,2.8114
2015-08-19,2.8491
2015-08-20,2.8396
2015-08-21,2.8344
2015-08-24,2.8001
2015-08-25,2.791
2015-08-26,2.799
2015-08-27,2.8054
2015-08-28,2.8151
2015-08-31,2.8
2015-09-01,2.7771
2015-09-02,2.7516
2015-09-03,2.7583
2015-09-04,2.7426
2015-09-07,2.7274
2015-09-08,2.7368
2015-09-09,2.7318
2015-09-10,2.7622
2015-09-11,2.7239
2015-09-16,2.7804
2015-09-17,2.7779
2015-09-18,2.8027
2015-09-21,2.8108
2015-09-24,2.7399
2015-09-25,2.7732
2015-09-29,2.7452
2015-09-30,2.758
2015-10-01,2.7645
2015-10-02,2.7597
2015-10-06,2.752
2015-10-07,2.7772
2015-10-08,2.7692
2015-10-09,2.8069
2015-10-12,2.8248
2015-10-13,2.8205
2015-10-14,2.7935
2015-10-15,2.8012
2015-10-16,2.7773
2015-10-19,2.8042
2015-10-20,2.8105
2015-10-21,2.7909
2015-10-22,2.7794
2015-10-23,2.8262
2015-10-26,2.8242
2015-10-27,2.8013
2015-10-28,2.7616
2015-10-29,2.7535
2015-10-30,2.7491
2015-11-02,2.7622
2015-11-03,2.784
2015-11-04,2.7865
2015-11-05,2.7745
2015-11-06,2.7859
2015-11-09,2.7634
2015-11-10,2.7669
2015-11-11,2.7571
2015-11-12,2.7693
2015-11-13,2.7726
2015-11-16,2.7659
2015-11-17,2.7765
2015-11-18,2.7714
2015-11-19,2.7887
2015-11-20,2.7986
2015-11-23,2.7939
2015-11-24,2.7927
2015-11-25,2.8104
2015-11-26,2.8023
2015-11-27,2.8062
2015-11-30,2.7934
2015-12-01,2.8247
2015-12-02,2.8441
2015-12-03,2.8504
2015-12-04,2.8234
2015-12-07,2.8045
2015-12-08,2.7962
2015-12-09,2.8
2015-12-10,2.8236
2015-12-11,2.8009
2015-12-14,2.781
2015-12-15,2.7926
2015-12-16,2.7892
2015-12-17,2.8013
2015-12-18,2.7819
2015-12-21,2.7945
2015-12-22,2.8277
2015-12-23,2.8154
2015-12-24,2.8305
2015-12-28,2.8225
2015-12-29,2.8226
2015-12-30,2.842
2015-12-31,2.8509
2016-01-04,2.8169
2016-01-05,2.8155
2016-01-06,2.789
2016-01-07,2.7534
2016-01-08,2.7589
2016-01-11,2.7515
2016-01-12,2.7614
2016-01-13,2.7698
2016-01-14,2.7319
2016-01-15,2.7129
2016-01-18,2.7241
2016-01-19,2.7429
2016-01-20,2.7319
2016-01-21,2.745
2016-01-22,2.7877
2016-01-25,2.7826
2016-01-26,2.771
2016-01-27,2.7971
2016-01-28,2.8009
2016-01-29,2.8048
2016-02-01,2.7939
2016-02-02,2.7922
2016-02-03,2.8034
2016-02-04,2.8208
2016-02-05,2.7938
2016-02-08,2.7498
2016-02-09,2.7188
2016-02-10,2.7508
2016-02-11,2.7495
2016-02-12,2.7529
2016-02-15,2.7833
2016-02-16,2.7993
2016-02-17,2.785
2016-02-18,2.7977
2016-02-19,2.783
2016-02-22,2.8084
2016-02-23,2.8338
2016-02-24,2.8113
2016-02-25,2.8099
2016-02-26,2.8209
2016-02-29,2.7951
2016-03-01,2.7904
2016-03-02,2.8049
2016-03-03,2.8484
2016-03-04,2.869
2016-03-07,2.894
2016-03-08,2.9163
2016-03-09,2.9266
2016-03-10,2.9205
2016-03-11,2.9049
2016-03-14,2.9213
2016-03-15,2.9032
2016-03-16,2.8972
2016-03-17,2.9295
2016-03-18,2.9415
2016-03-21,2.9323
2016-03-22,2.9271
2016-03-23,2.91
2016-03-28,2.8897
2016-03-29,2.8786
2016-03-30,2.9051
2016-03-31,2.8964
2016-04-01,2.9066
2016-04-04,2.8847
2016-04-05,2.8655
2016-04-06,2.8803
2016-04-07,2.8568
2016-04-08,2.8606
2016-04-11,2.8612
2016-04-12,2.8832
2016-04-13,2.8871
2016-04-14,2.9184
2016-04-15,2.9189
2016-04-18,2.9078
2016-04-19,2.9333
2016-04-20,2.9384
2016-04-21,2.939
2016-04-25,2.9097
2016-04-26,2.9127
2016-04-27,2.8694
2016-04-28,2.8778
2016-05-02,2.8587
2016-05-03,2.8354
2016-05-04,2.8199
2016-05-05,2.8308
2016-05-06,2.7916
2016-05-09,2.7782
2016-05-10,2.777
2016-05-11,2.7734
2016-05-13,2.7475
2016-05-16,2.7785
2016-05-17,2.7955
2016-05-18,2.7928
2016-05-19,2.7781
2016-05-20,2.8013
2016-05-23,2.7964
2016-05-24,2.7671
2016-05-25,2.778
2016-05-26,2.7688
2016-05-27,2.7762
2016-05-31,2.7906
2016-06-01,2.7966
2016-06-02,2.7795
2016-06-03,2.8063
2016-06-06,2.8173
2016-06-07,2.8419
2016-06-08,2.8555
2016-06-09,2.8556
2016-06-10,2.8457
2016-06-13,2.8678
2016-06-14,2.8382
2016-06-15,2.8678
2016-06-16,2.8446
2016-06-17,2.8535
2016-06-20,2.87
2016-06-21,2.8921
2016-06-22,2.8915
2016-06-23,2.8964
2016-06-24,2.8662
2016-06-27,2.8906
2016-06-28,2.8706
2016-06-29,2.8691
2016-06-30,2.8647
2016-07-01,2.8687
2016-07-04,2.9032
2016-07-05,2.8948
2016-07-06,2.9073
2016-07-07,2.9162
2016-07-08,2.9129
2016-07-11,2.9347
2016-07-12,2.9553
2016-07-13,2.9518
2016-07-14,2.9433
2016-07-15,2.9399
2016-07-18,2.9291
2016-07-19,2.8906
2016-07-20,2.8888
2016-07-21,2.8874
2016-07-22,2.8682
2016-07-25,2.879
2016-07-26,2.8912
2016-07-27,2.8688
2016-07-28,2.8823
2016-07-29,2.8691
2016-08-01,2.8819
2016-08-02,2.893
2016-08-03,2.9037
2016-08-04,2.9167
2016-08-05,2.9246
2016-08-08,2.9238
2016-08-09,2.9278
2016-08-10,2.9499
2016-08-11,2.9405
2016-08-12,2.9297
2016-08-15,2.9203
2016-08-16,2.9174
2016-08-17,2.8903
2016-08-18,2.9035
2016-08-19,2.8756
2016-08-22,2.8757
2016-08-23,2.88
2016-08-24,2.8762
2016-08-25,2.8695
2016-08-26,2.8658
2016-08-29,2.8626
2016-08-30,2.8575
2016-08-31,2.8441
2016-09-01,2.8446
2016-09-02,2.8416
2016-09-05,2.8593
2016-09-06,2.8767
2016-09-07,2.8907
2016-09-08,2.8949
2016-09-09,2.8637
2016-09-12,2.8339
2016-09-13,2.8384
2016-09-14,2.8282
2016-09-15,2.8239
2016-09-16,2.8232
2016-09-19,2.8493
2016-09-20,2.8502
2016-09-21,2.8717
2016-09-22,2.8792
2016-09-23,2.8709
2016-09-26,2.8692
2016-09-27,2.8679
2016-09-28,2.8787
2016-09-29,2.8781
2016-09-30,2.8611
2016-10-05,2.8762
2016-10-06,2.8673
2016-10-07,2.8729
2016-10-10,2.8773
2016-10-13,2.8781
2016-10-14,2.9052
2016-10-18,2.9315
2016-10-19,2.9291
2016-10-20,2.9374
2016-10-21,2.9363
2016-10-25,2.9374
2016-10-26,2.9493
2016-10-27,2.9249
2016-10-28,2.9208
2016-10-31,2.9289
2016-11-01,2.9372
2016-11-02,2.9166
2016-11-03,2.9273
2016-11-04,2.924
2016-11-07,2.9253
2016-11-08,2.935
2016-11-09,2.9156
2016-11-10,2.9422
2016-11-11,2.9177
2016-11-14,2.9071
2016-11-15,2.9065
2016-11-16,2.882
2016-11-17,2.8777
2016-11-18,2.8576
2016-11-21,2.849
2016-11-22,2.8599
2016-11-23,2.867
2016-11-24,2.8652
2016-11-25,2.882
2016-11-28,2.8781
2016-11-29,2.8691
2016-11-30,2.8572
2016-12-01,2.832
2016-12-02,2.8388
2016-12-05,2.8365
2016-12-06,2.8383
2016-12-07,2.8324
2016-12-08,2.8384
2016-12-09,2.8562
2016-12-12,2.8568
2016-12-13,2.8523
2016-12-14,2.8565
2016-12-15,2.8388
2016-12-16,2.8285
2016-12-19,2.8075
2016-12-20,2.7898
2016-12-21,2.7826
2016-12-22,2.7525
2016-12-23,2.7532
2016-12-27,2.7662
2016-12-28,2.7668
2016-12-29,2.7717
2016-12-30,2.7768
2017-01-03,2.7775
2017-01-04,2.8003
2017-01-05,2.8093
2017-01-06,2.8208
2017-01-09,2.8193
2017-01-10,2.8248
2017-01-11,2.8421
2017-01-12,2.8698
2017-01-13,2.8621
2017-01-16,2.8578
2017-01-17,2.8851
2017-01-18,2.8796
2017-01-19,2.881
2017-01-20,2.8668
2017-01-23,2.8724
2017-01-24,2.8665
2017-01-25,2.8599
2017-01-26,2.8525
2017-01-27,2.8581
2017-01-30,2.8509
2017-01-31,2.8562
2017-02-01,2.8597
2017-02-02,2.8862
2017-02-03,2.8758
2017-02-06,2.8699
2017-02-07,2.8608
2017-02-08,2.8639
2017-02-09,2.8688
2017-02-10,2.8656
2017-02-13,2.8734
2017-02-14,2.8815
2017-02-15,2.8757
2017-02-16,2.8631
2017-02-17,2.8579
2017-02-20,2.8436
2017-02-21,2.8411
2017-02-22,2.8509
2017-02-23,2.8564
2017-02-24,2.8501
2017-02-27,2.8228
2017-02-28,2.8086
2017-03-01,2.7811
2017-03-02,2.8097
2017-03-03,2.7888
2017-03-06,2.7963
2017-03-07,2.7934
2017-03-08,2.7862
2017-03-09,2.7731
2017-03-10,2.7652
2017-03-14,2.7688
2017-03-15,2.7762
2017-03-16,2.7916
2017-03-17,2.7912
2017-03-20,2.7947
2017-03-21,2.7953
2017-03-22,2.8008
2017-03-23,2.7834
2017-03-24,2.7788
2017-03-27,2.7648
2017-03-28,2.7489
2017-03-29,2.7732
2017-03-30,2.773
2017-03-31,2.7814
2017-04-03,2.7594
2017-04-04,2.7527
2017-04-05,2.7691
2017-04-06,2.7582
2017-04-07,2.747
2017-04-12,2.7409
2017-04-13,2.7674
2017-04-18,2.7669
2017-04-19,2.7585
2017-04-20,2.7573
2017-04-21,2.7733
2017-04-24,2.7645
2017-04-25,2.7483
2017-04-26,2.7241
2017-04-27,2.7232
2017-04-28,2.7041
2017-05-03,2.7008
2017-05-04,2.6803
2017-05-05,2.6688
2017-05-08,2.6684
2017-05-09,2.649
2017-05-10,2.6619
2017-05-11,2.6638
2017-05-12,2.6699
2017-05-15,2.6776
2017-05-16,2.673
2017-05-17,2.6676
2017-05-18,2.6827
2017-05-19,2.6729
2017-05-22,2.6751
2017-05-23,2.6913
2017-05-24,2.6858
2017-05-25,2.6693
2017-05-26,2.6582
2017-05-30,2.6527
2017-06-01,2.6227
2017-06-02,2.6257
2017-06-05,2.6507
2017-06-06,2.6546
2017-06-07,2.6796
2017-06-08,2.6711
2017-06-09,2.6627
2017-06-12,2.6653
2017-06-13,2.6653
2017-06-14,2.6756
2017-06-15,2.6697
2017-06-16,2.6814
2017-06-19,2.6796
2017-06-20,2.6889
2017-06-21,2.6813
2017-06-22,2.6738
2017-06-23,2.6814
2017-06-26,2.6765
2017-06-27,2.6767
2017-06-28,2.6721
2017-06-29,2.6775
2017-06-30,2.6832
2017-07-03,2.6735
2017-07-04,2.6723
2017-07-05,2.6767
2017-07-06,2.6811
2017-07-07,2.6788
2017-07-10,2.6929
2017-07-11,2.7208
2017-07-12,2.7188
2017-07-13,2.7351
2017-07-14,2.7443
2017-07-17,2.7749
2017-07-18,2.8292
2017-07-19,2.8472
2017-07-20,2.8276
2017-07-21,2.8109
2017-07-24,2.8533
2017-07-25,2.8292
2017-07-26,2.8252
2017-07-27,2.8499
2017-07-28,2.8376
2017-07-31,2.8369
2017-08-02,2.8495
2017-08-03,2.8441
2017-08-04,2.8788
2017-08-07,2.8648
2017-08-08,2.8602
2017-08-09,2.8409
2017-08-10,2.8359
2017-08-11,2.8179
2017-08-14,2.8205
2017-08-15,2.8138
2017-08-16,2.8499
2017-08-17,2.8769
2017-08-18,2.87
2017-08-21,2.8732
2017-08-22,2.8645
2017-08-23,2.8602
2017-08-24,2.84
2017-08-25,2.8443
2017-08-28,2.8447
2017-08-29,2.8546
2017-08-30,2.8437
2017-08-31,2.8345
2017-09-01,2.8416
2017-09-04,2.8483
2017-09-05,2.8438
2017-09-06,2.8408
2017-09-07,2.8305
2017-09-08,2.8365
2017-09-11,2.8363
2017-09-12,2.8412
2017-09-13,2.8442
2017-09-14,2.8295
2017-09-15,2.8171
2017-09-18,2.8142
2017-09-19,2.8106
2017-09-25,2.7958
2017-09-26,2.7824
2017-09-27,2.7858
2017-09-28,2.7612
2017-10-02,2.7661
2017-10-03,2.7578
2017-10-04,2.766
2017-10-06,2.7364
2017-10-09,2.7237
2017-10-10,2.7264
2017-10-11,2.7297
2017-10-13,2.7451
2017-10-16,2.7512
2017-10-17,2.7542
2017-10-18,2.7508
2017-10-19,2.7556
2017-10-20,2.7393
2017-10-23,2.7263
2017-10-24,2.7241
2017-10-25,2.7053
2017-10-26,2.7072
2017-10-27,2.7021
2017-10-30,2.7055
2017-10-31,2.6963
2017-11-01,2.6932
2017-11-02,2.7018
2017-11-03,2.6957
2017-11-06,2.6928
2017-11-07,2.6905
2017-11-08,2.6944
2017-11-09,2.6985
2017-11-10,2.7085
2017-11-13,2.7071
2017-11-14,2.7067
2017-11-15,2.6825
2017-11-16,2.6743
2017-11-17,2.6546
2017-11-20,2.6584
2017-11-21,2.6735
2017-11-22,2.6654
2017-11-23,2.6804
2017-11-24,2.6752
2017-11-27,2.676
2017-11-28,2.6641
2017-11-29,2.6515
2017-11-30,2.6467
2017-12-01,2.6462
2017-12-04,2.6533
2017-12-05,2.6689
2017-12-06,2.6656
2017-12-07,2.6456
2017-12-08,2.6444
2017-12-11,2.648
2017-12-12,2.6798
2017-12-13,2.685
2017-12-14,2.7044
2017-12-15,2.7061
2017-12-18,2.6914
2017-12-19,2.6865
2017-12-20,2.6863
2017-12-21,2.6755
2017-12-22,2.6887
2017-12-26,2.6904
2017-12-27,2.7044
2017-12-28,2.7019
2017-12-29,2.7078
2018-01-02,2.7079
2018-01-03,2.7105
2018-01-04,2.7028
2018-01-05,2.705
2018-01-08,2.6959
2018-01-09,2.697
2018-01-10,2.6897
2018-01-11,2.6918
2018-01-12,2.6881
2018-01-15,2.7044
2018-01-16,2.711
2018-01-17,2.7506
2018-01-18,2.7404
2018-01-19,2.7353
2018-01-22,2.7405
2018-01-23,2.7254
2018-01-24,2.748
2018-01-25,2.7497
2018-01-26,2.7395
2018-01-29,2.7609
2018-01-30,2.7534
2018-01-31,2.7607
2018-02-01,2.7397
2018-02-02,2.7399
2018-02-05,2.7332
2018-02-06,2.7383
2018-02-07,2.7421
2018-02-08,2.7303
2018-02-09,2.7411
2018-02-12,2.7624
2018-02-13,2.7713
2018-02-14,2.7792
2018-02-15,2.7937
2018-02-16,2.8216
2018-02-19,2.7898
2018-02-20,2.7632
2018-02-21,2.7492
2018-02-22,2.7331
2018-02-23,2.7268
2018-02-26,2.7475
2018-02-27,2.7253
2018-02-28,2.7204
2018-03-05,2.6776
2018-03-06,2.7003
2018-03-07,2.707
2018-03-08,2.6975
2018-03-09,2.6943
2018-03-12,2.7047
2018-03-13,2.7114
2018-03-14,2.7126
2018-03-15,2.6943
2018-03-16,2.6885
2018-03-19,2.6741
2018-03-20,2.6833
2018-03-21,2.6839
2018-03-22,2.6872
2018-03-23,2.6971
2018-03-26,2.7027
2018-03-27,2.6893
2018-03-28,2.682
2018-03-29,2.6999
2018-04-03,2.7073
2018-04-04,2.7051
2018-04-05,2.7166
2018-04-09,2.7053
2018-04-10,2.713
2018-04-11,2.7255
2018-04-12,2.7278
2018-04-13,2.7356
2018-04-16,2.7227
2018-04-17,2.7435
2018-04-18,2.7276
2018-04-20,2.7174
2018-04-23,2.7083
2018-04-24,2.7113
2018-04-25,2.7179
2018-04-26,2.7101
2018-04-27,2.7134
2018-04-30,2.7082
2018-05-01,2.7147
2018-05-02,2.7081
2018-05-03,2.7347
2018-05-04,2.7263
2018-05-07,2.7175
2018-05-08,2.685
2018-05-09,2.6815
2018-05-10,2.6825
2018-05-11,2.6928
2018-05-14,2.6986
2018-05-15,2.7037
2018-05-16,2.6905
2018-05-17,2.6959
2018-05-18,2.6989
2018-05-21,2.6967
2018-05-22,2.7084
2018-05-23,2.6959
2018-05-24,2.6962
2018-05-25,2.7033
2018-05-29,2.7036
2018-05-30,2.6991
2018-05-31,2.6995
2018-06-01,2.6904
2018-06-04,2.7288
2018-06-05,2.7222
2018-06-06,2.7283
2018-06-07,2.7322
2018-06-08,2.7055
2018-06-11,2.717
2018-06-12,2.7222
2018-06-13,2.7186
2018-06-14,2.7161
2018-06-15,2.6899
2018-06-18,2.7006
2018-06-19,2.6854
2018-06-20,2.6886
2018-06-21,2.6703
2018-06-22,2.6786
2018-06-25,2.6843
2018-06-26,2.6857
2018-06-27,2.6941
2018-06-28,2.6794
2018-06-29,2.6989
2018-07-02,2.6956
2018-07-03,2.7028
2018-07-04,2.7001
2018-07-05,2.6839
2018-07-06,2.6953
2018-07-09,2.7076
2018-07-10,2.7078
2018-07-11,2.688
2018-07-12,2.6946
2018-07-13,2.6942
2018-07-16,2.7049
2018-07-17,2.6893
2018-07-18,2.679
2018-07-19,2.6839
2018-07-20,2.6865
2018-07-23,2.6915
2018-07-24,2.7018
2018-07-25,2.6999
2018-07-26,2.7001
2018-07-27,2.704
2018-07-30,2.7136
2018-07-31,2.7198
2018-08-01,2.7261
2018-08-02,2.7153
2018-08-03,2.7202
2018-08-06,2.7392
2018-08-07,2.7455
2018-08-08,2.7315
2018-08-09,2.7342
2018-08-10,2.7002
2018-08-13,2.699
2018-08-14,2.6817
2018-08-15,2.6683
2018-08-16,2.6791
2018-08-17,2.6693
2018-08-20,2.675
2018-08-21,2.6878
2018-08-22,2.6774
2018-08-23,2.652
2018-08-24,2.649
2018-08-27,2.6624
2018-08-28,2.6631
2018-08-29,2.6619
2018-08-30,2.6329
2018-08-31,2.6141
2018-09-03,2.6058
2018-09-04,2.6025
2018-09-05,2.5972
2018-09-06,2.585
2018-09-07,2.5618
2018-09-12,2.5546
2018-09-13,2.571
2018-09-14,2.5669
2018-09-17,2.5707
2018-09-20,2.6056
2018-09-21,2.6069
2018-09-25,2.5969
2018-09-26,2.5974
2018-09-27,2.6026
2018-09-28,2.6166
2018-10-02,2.6165
2018-10-03,2.6028
2018-10-04,2.5789
2018-10-05,2.564
2018-10-08,2.555
2018-10-09,2.5738
2018-10-10,2.5755
2018-10-11,2.5798
2018-10-12,2.5829
2018-10-15,2.5885
2018-10-16,2.5989
2018-10-17,2.6013
2018-10-18,2.6088
2018-10-19,2.6058
2018-10-22,2.5953
2018-10-23,2.6003
2018-10-24,2.609
2018-10-25,2.6172
2018-10-26,2.6027
2018-10-29,2.6259
2018-10-31,2.6369
2018-11-01,2.6525
2018-11-02,2.6727
2018-11-05,2.6602
2018-11-06,2.6697
2018-11-07,2.6779
2018-11-08,2.679
2018-11-09,2.6683
2018-11-12,2.65
2018-11-13,2.6556
2018-11-14,2.6636
2018-11-15,2.6846
2018-11-16,2.6974
2018-11-19,2.7088
2018-11-20,2.7043
2018-11-21,2.7072
2018-11-22,2.7056
2018-11-23,2.7057
2018-11-26,2.7064
2018-11-27,2.6989
2018-11-28,2.7013
2018-11-29,2.7227
2018-11-30,2.705
2018-12-03,2.7407
2018-12-04,2.7518
2018-12-05,2.7184
2018-12-06,2.6874
2018-12-07,2.6997
2018-12-10,2.6907
2018-12-11,2.7048
2018-12-12,2.7
2018-12-13,2.7121
2018-12-14,2.7003
2018-12-17,2.7109
2018-12-18,2.7074
2018-12-19,2.699
2018-12-20,2.6802
2018-12-21,2.6822
2018-12-24,2.6642
2018-12-26,2.663
2018-12-27,2.6622
2018-12-28,2.6578
2018-12-31,2.6452
2019-01-02,2.6258
2019-01-03,2.6053
2019-01-04,2.6218
2019-01-07,2.636
2019-01-08,2.6371
2019-01-09,2.6392
2019-01-10,2.6363
2019-01-11,2.6518
2019-01-14,2.6301
2019-01-15,2.6432
2019-01-16,2.6396
2019-01-17,2.6431
2019-01-18,2.6506
2019-01-21,2.6441
2019-01-22,2.6296
2019-01-23,2.6291
2019-01-24,2.616
2019-01-25,2.6164
2019-01-28,2.6403
2019-01-29,2.6351
2019-01-30,2.6406
2019-01-31,2.6508
2019-02-01,2.6338
2019-02-04,2.6221
2019-02-05,2.6167
2019-02-06,2.5825
2019-02-07,2.576
2019-02-08,2.5729
2019-02-11,2.5777
2019-02-12,2.5838
2019-02-13,2.5869
2019-02-14,2.6023
2019-02-15,2.5809
2019-02-18,2.5897
2019-02-19,2.5807
2019-02-20,2.5902
2019-02-21,2.5731
2019-02-22,2.5694
2019-02-25,2.5872
2019-02-26,2.5897
2019-02-27,2.5938
2019-02-28,2.5733
2019-03-01,2.5695
2019-03-04,2.5704
2019-03-05,2.5593
2019-03-06,2.5421
2019-03-07,2.5454
2019-03-08,2.5445
2019-03-11,2.5524
2019-03-12,2.5606
2019-03-13,2.5545
2019-03-14,2.539
2019-03-15,2.5532
2019-03-18,2.5581
2019-03-19,2.5593
2019-03-20,2.5607
2019-03-25,2.5741
2019-03-26,2.5779
2019-03-27,2.5769
2019-03-28,2.5775
2019-03-29,2.5729
2019-04-01,2.5823
2019-04-02,2.5675
2019-04-03,2.5617
2019-04-04,2.563
2019-04-05,2.5555
2019-04-08,2.5442
2019-04-10,2.5584
2019-04-11,2.5655
2019-04-12,2.5551
2019-04-15,2.5549
2019-04-16,2.5413
2019-04-17,2.5738
2019-04-18,2.5704
2019-04-23,2.5554
2019-04-24,2.5461
2019-04-25,2.5445
2019-04-29,2.5504
2019-04-30,2.5444
2019-05-01,2.5286
2019-05-02,2.5272
2019-05-03,2.518
2019-05-06,2.5107
2019-05-07,2.5152
2019-05-08,2.5141
2019-05-10,2.4963
2019-05-13,2.4895
2019-05-14,2.4842
2019-05-15,2.4701
2019-05-16,2.4679
2019-05-17,2.4626
2019-05-20,2.4712
2019-05-21,2.4752
2019-05-22,2.4872
2019-05-23,2.4834
2019-05-24,2.4882
2019-05-28,2.5015
2019-05-29,2.5038
2019-05-30,2.5085
2019-05-31,2.5137
2019-06-03,2.5266
2019-06-04,2.5221
2019-06-05,2.5224
2019-06-06,2.5126
2019-06-07,2.5113
2019-06-10,2.4955
2019-06-11,2.4901
2019-06-12,2.4892
2019-06-13,2.4811
2019-06-14,2.4839
2019-06-17,2.4793
2019-06-18,2.471
2019-06-19,2.4805
2019-06-20,2.478
2019-06-21,2.4888
2019-06-24,2.5036
2019-06-25,2.5113
2019-06-26,2.5075
2019-06-27,2.504
2019-06-28,2.5004
2019-07-01,2.5009
2019-07-02,2.4999
2019-07-03,2.5057
2019-07-04,2.5049
2019-07-05,2.5007
2019-07-08,2.4957
2019-07-09,2.4728
2019-07-10,2.4733
2019-07-11,2.4755
2019-07-12,2.4861
2019-07-15,2.4874
2019-07-16,2.4896
2019-07-17,2.481
2019-07-18,2.4919
2019-07-19,2.4982
2019-07-22,2.4914
2019-07-23,2.4876
2019-07-24,2.4577
2019-07-25,2.4558
2019-07-26,2.4436
2019-07-29,2.4348
2019-07-30,2.41
2019-07-31,2.4117
2019-08-01,2.4126
2019-08-02,2.3874
2019-08-05,2.3645
2019-08-06,2.373
2019-08-07,2.3483
2019-08-08,2.3645
2019-08-09,2.3684
2019-08-12,2.3537
2019-08-13,2.365
2019-08-14,2.3582
2019-08-15,2.3836
2019-08-16,2.4026
2019-08-19,2.4029
2019-08-20,2.3884
2019-08-21,2.3968
2019-08-22,2.3845
2019-08-23,2.3731
2019-08-26,2.38
2019-08-27,2.3805
2019-08-28,2.3782
2019-08-29,2.3759
2019-08-30,2.3756
2019-09-02,2.3762
2019-09-03,2.3886
2019-09-04,2.3943
2019-09-05,2.3959
2019-09-06,2.4027
2019-09-09,2.4236
2019-09-10,2.4263
2019-09-11,2.4339
2019-09-12,2.4349
2019-09-13,2.4238
2019-09-16,2.4309
2019-09-18,2.4214
2019-09-19,2.3908
2019-09-20,2.39
2019-09-23,2.3823
2019-09-24,2.3817
2019-09-25,2.3721
2019-09-26,2.378
2019-09-27,2.3548
2019-10-02,2.3274
2019-10-03,2.349
2019-10-04,2.3523
2019-10-07,2.3525
2019-10-10,2.3698
2019-10-11,2.3831
2019-10-15,2.3771
2019-10-16,2.3831
2019-10-17,2.4039
2019-10-18,2.4154
2019-10-22,2.4274
2019-10-23,2.4201
2019-10-24,2.407
2019-10-25,2.4176
2019-10-28,2.4097
2019-10-29,2.4193
2019-10-30,2.4223
2019-10-31,2.4341
2019-11-01,2.428
2019-11-04,2.4349
2019-11-05,2.4215
2019-11-06,2.4085
2019-11-07,2.4051
2019-11-08,2.4037
2019-11-11,2.4003
2019-11-12,2.4005
2019-11-13,2.3857
2019-11-14,2.3664
2019-11-15,2.3603
2019-11-18,2.358
2019-11-19,2.3581
2019-11-20,2.3638
2019-11-21,2.353
2019-11-22,2.3534
2019-11-25,2.3507
2019-11-26,2.3472
2019-11-27,2.3549
2019-11-28,2.3508
2019-11-29,2.355
2019-12-02,2.359
2019-12-03,2.3844
2019-12-04,2.3737
2019-12-05,2.3676
2019-12-06,2.3706
2019-12-09,2.3689
2019-12-10,2.3571
2019-12-11,2.3776
2019-12-12,2.3977
2019-12-13,2.4064
2019-12-16,2.4076
2019-12-17,2.3924
2019-12-18,2.4003
2019-12-19,2.3991
2019-12-20,2.3963
2019-12-23,2.4053
2019-12-24,2.3981
2019-12-26,2.4049
2019-12-27,2.4127
2019-12-30,2.4232
2019-12-31,2.4231
2020-01-02,2.4143
2020-01-03,2.4049
2020-01-06,2.4152
2020-01-07,2.3856
2020-01-08,2.3795
2020-01-09,2.3809
2020-01-10,2.3871
2020-01-13,2.3949
2020-01-14,2.3951
2020-01-15,2.3844
2020-01-16,2.3945
2020-01-17,2.3851
2020-01-20,2.3712
2020-01-21,2.3728
2020-01-22,2.3639
2020-01-23,2.3746
2020-01-24,2.3663
2020-01-27,2.3402
2020-01-28,2.3338
2020-01-29,2.3335
2020-01-30,2.3194
2020-01-31,2.3093
2020-02-03,2.3068
2020-02-04,2.3151
2020-02-05,2.3347
2020-02-06,2.3189
2020-02-07,2.2975
2020-02-10,2.2898
2020-02-11,2.2926
2020-02-12,2.3087
2020-02-13,2.3082
2020-02-14,2.3099
2020-02-17,2.3032
2020-02-18,2.2843
2020-02-19,2.2913
2020-02-20,2.2747
2020-02-21,2.2575
2020-02-24,2.2692
2020-02-25,2.2604
2020-02-26,2.2597
2020-02-27,2.2581
2020-02-28,2.2676
2020-03-03,2.2704
2020-03-04,2.2914
2020-03-05,2.2932
2020-03-06,2.316
2020-03-09,2.3122
2020-03-12,2.3129
2020-03-13,2.3048
2020-03-16,2.3006
2020-03-17,2.315
2020-03-18,2.2578
2020-03-19,2.1297
2020-03-20,2.1284
2020-03-23,2.1184
2020-03-24,2.1653
2020-03-25,2.1896
2020-03-26,2.1745
2020-03-27,2.1813
2020-03-30,2.1965
2020-03-31,2.1722
2020-04-01,2.1587
2020-04-02,2.2135
2020-04-03,2.1969
2020-04-06,2.1999
2020-04-07,2.2302
2020-04-14,2.2929
2020-04-16,2.2627
2020-04-17,2.2698
2020-04-20,2.2804
2020-04-21,2.2271
2020-04-22,2.2427
2020-04-23,2.2554
2020-04-24,2.2395
2020-04-27,2.2676
2020-04-28,2.2653
2020-04-30,2.2913
2020-05-01,2.2519
2020-05-04,2.2592
2020-05-05,2.2694
2020-05-06,2.2624
2020-05-07,2.2725
2020-05-11,2.28
2020-05-12,2.2889
2020-05-13,2.2884
2020-05-14,2.2737
2020-05-15,2.284
2020-05-18,2.284
2020-05-19,2.3077
2020-05-20,2.3029
2020-05-21,2.3126
2020-05-22,2.2989
2020-05-26,2.324
2020-05-27,2.3344
2020-05-28,2.3147
2020-06-01,2.3618
2020-06-02,2.3897
2020-06-03,2.3841
2020-06-04,2.3999
2020-06-05,2.4185
2020-06-08,2.415
2020-06-09,2.3891
2020-06-10,2.4122
2020-06-11,2.384
2020-06-12,2.3897
2020-06-15,2.378
2020-06-16,2.401
2020-06-17,2.3832
2020-06-18,2.3765
2020-06-19,2.3631
2020-06-22,2.3687
2020-06-23,2.3815
2020-06-24,2.3695
2020-06-25,2.3689
2020-06-26,2.3649
2020-06-29,2.3636
2020-06-30,2.3723
2020-07-01,2.3802
2020-07-02,2.3871
2020-07-03,2.3825
2020-07-06,2.4012
2020-07-07,2.3946
2020-07-08,2.3982
2020-07-09,2.4032
2020-07-10,2.4019
2020-07-13,2.4009
2020-07-14,2.3919
2020-07-15,2.409
2020-07-16,2.3914
2020-07-17,2.4096
2020-07-20,2.4013
2020-07-21,2.4235
2020-07-22,2.4507
2020-07-23,2.4385
2020-07-24,2.4227
2020-07-27,2.4355
2020-07-28,2.439
2020-07-29,2.4462
2020-07-31,2.4504
2020-08-03,2.4253
2020-08-04,2.4445
2020-08-05,2.4599
2020-08-06,2.4481
2020-08-07,2.4593
2020-08-10,2.439
2020-08-11,2.444
2020-08-12,2.4316
2020-08-13,2.4443
2020-08-14,2.433
2020-08-17,2.4489
2020-08-18,2.4612
2020-08-19,2.4727
2020-08-20,2.4378
2020-08-21,2.4473
2020-08-24,2.4485
2020-08-25,2.44
2020-08-26,2.4501
2020-08-27,2.4404
2020-08-28,2.4619
2020-08-31,2.4739
2020-09-01,2.4751
2020-09-02,2.4692
2020-09-03,2.4577
2020-09-04,2.4544
2020-09-07,2.4593
2020-09-08,2.4564
2020-09-09,2.4647
2020-09-10,2.482
2020-09-11,2.5053
2020-09-14,2.4993
2020-09-15,2.5095
2020-09-16,2.5029
2020-09-17,2.4937
2020-09-21,2.4989
2020-09-22,2.4841
2020-09-23,2.4551
2020-09-24,2.4467
2020-09-25,2.455
2020-09-29,2.4656
2020-09-30,2.4483
2020-10-01,2.4622
2020-10-02,2.4547
2020-10-05,2.4587
2020-10-06,2.4404
2020-10-07,2.4311
2020-10-08,2.4308
2020-10-09,2.4291
2020-10-12,2.4387
2020-10-13,2.4354
2020-10-14,2.426
2020-10-15,2.4048
2020-10-16,2.3966
2020-10-19,2.4022
2020-10-20,2.3767
2020-10-21,2.3982
2020-10-22,2.4
2020-10-23,2.4126
2020-10-26,2.4129
2020-10-27,2.4109
2020-10-28,2.4029
2020-10-29,2.3962
2020-10-30,2.4065
2020-11-02,2.3921
2020-11-03,2.4348
2020-11-04,2.4382
2020-11-05,2.4385
2020-11-06,2.4553
2020-11-09,2.4572
2020-11-10,2.4573
2020-11-11,2.4684
2020-11-12,2.4514
2020-11-13,2.4334
2020-11-16,2.4505
2020-11-17,2.4574
2020-11-18,2.4455
2020-11-19,2.4361
2020-11-20,2.4386
2020-11-23,2.4477
2020-11-24,2.455
2020-11-25,2.445
2020-11-26,2.4458
2020-11-27,2.4477
2020-11-30,2.4421
2020-12-01,2.4297
2020-12-02,2.4197
2020-12-03,2.4305
2020-12-04,2.4254
2020-12-07,2.419
2020-12-08,2.4076
2020-12-09,2.4349
2020-12-10,2.4352
2020-12-11,2.4505
2020-12-14,2.4659
2020-12-15,2.4498
2020-12-16,2.461
2020-12-17,2.4764
2020-12-18,2.4598
2020-12-21,2.4419
2020-12-22,2.4408
2020-12-23,2.4378
2020-12-24,2.4456
2020-12-28,2.4405
2020-12-29,2.4428
2020-12-30,2.4617
2020-12-31,2.4834
2021-01-04,2.4782
2021-01-05,2.4664
2021-01-06,2.4891
2021-01-07,2.4638
2021-01-08,2.48
2021-01-11,2.4535
2021-01-12,2.4413
2021-01-13,2.4255
2021-01-14,2.4198
2021-01-15,2.5023
2021-01-18,2.4773
2021-01-19,2.4933
2021-01-20,2.5143
2021-01-21,2.5516
2021-01-22,2.5348
2021-01-25,2.5233
2021-01-26,2.5255
2021-01-27,2.5134
2021-01-28,2.5064
2021-01-29,2.5161
2021-02-01,2.5083
2021-02-02,2.5055
2021-02-03,2.5145
2021-02-04,2.5141
2021-02-05,2.5036
2021-02-08,2.5147
2021-02-09,2.5146
2021-02-10,2.5145
2021-02-11,2.5227
2021-02-12,2.5107
2021-02-15,2.523
2021-02-16,2.5238
2021-02-17,2.5218
2021-02-18,2.5399
2021-02-19,2.5532
2021-02-22,2.5776
2021-02-23,2.5808
2021-02-24,2.5854
2021-02-25,2.6188
2021-03-01,2.5562
2021-03-02,2.573
2021-03-03,2.5696
2021-03-04,2.5806
2021-03-05,2.5473
2021-03-08,2.5538
2021-03-09,2.5661
2021-03-10,2.556
2021-03-11,2.5665
2021-03-12,2.5683
2021-03-15,2.5627
2021-03-16,2.554
2021-03-17,2.5382
2021-03-18,2.5761
2021-03-19,2.5533
2021-03-22,2.5567
2021-03-24,2.5113
2021-03-25,2.5119
2021-03-26,2.5339
2021-03-29,2.5504
2021-03-30,2.5392
2021-03-31,2.5383
2021-04-01,2.5199
2021-04-05,2.5326
2021-04-06,2.5185
2021-04-07,2.5171
2021-04-08,2.509
2021-04-09,2.4952
2021-04-12,2.511
2021-04-13,2.5114
2021-04-14,2.5285
2021-04-16,2.5387
2021-04-19,2.538
2021-04-20,2.5288
2021-04-21,2.5161
2021-04-22,2.5276
2021-04-23,2.5179
2021-04-26,2.5235
2021-04-27,2.5217
2021-04-28,2.5182
2021-04-29,2.5281
2021-04-30,2.5198
2021-05-03,2.511
2021-05-04,2.5091
2021-05-05,2.5267
2021-05-06,2.5289
2021-05-07,2.5349
2021-05-10,2.5626
2021-05-11,2.5778
2021-05-12,2.5596
2021-05-13,2.5359
2021-05-14,2.5381
2021-05-18,2.5542
2021-05-19,2.5296
2021-05-20,2.5306
2021-05-21,2.5223
2021-05-24,2.5173
2021-05-25,2.5164
2021-05-26,2.5265
2021-05-27,2.5162
2021-05-28,2.5156
2021-06-01,2.5068
2021-06-02,2.5126
2021-06-03,2.512
2021-06-04,2.4977
2021-06-07,2.5202
2021-06-08,2.5136
2021-06-09,2.5147
2021-06-10,2.5088
2021-06-11,2.5191
2021-06-14,2.5072
2021-06-15,2.4937
2021-06-16,2.4957
2021-06-17,2.4742
2021-06-18,2.4612
2021-06-21,2.454
2021-06-22,2.4485
2021-06-23,2.4632
2021-06-24,2.4652
2021-06-25,2.4648
2021-06-28,2.4649
2021-06-29,2.4546
2021-06-30,2.445
2021-07-01,2.4445
2021-07-02,2.4407
2021-07-05,2.4581
2021-07-06,2.4733
2021-07-07,2.4563
2021-07-08,2.434
2021-07-09,2.4385
2021-07-12,2.448
2021-07-13,2.4531
2021-07-14,2.4447
2021-07-15,2.4318
2021-07-16,2.4389
2021-07-19,2.4187
2021-07-20,2.4151
2021-07-21,2.4085
2021-07-22,2.4139
2021-07-23,2.4093
2021-07-26,2.401
2021-07-27,2.3975
2021-07-28,2.3878
2021-07-29,2.3969
2021-07-30,2.3924
2021-08-02,2.3749
2021-08-03,2.3784
2021-08-04,2.3829
2021-08-05,2.3805
2021-08-06,2.377
2021-08-09,2.3687
2021-08-10,2.3685
2021-08-11,2.3611
2021-08-12,2.3691
2021-08-13,2.3657
2021-08-16,2.3596
2021-08-17,2.3486
2021-08-18,2.3477
2021-08-19,2.3204
2021-08-20,2.3078
2021-08-23,2.3202
2021-08-24,2.3314
2021-08-25,2.3439
2021-08-26,2.3386
2021-08-27,2.3442
2021-08-30,2.3494
2021-08-31,2.3502
2021-09-01,2.3521
2021-09-02,2.3709
2021-09-03,2.3825
2021-09-09,2.3622
2021-09-10,2.3666
2021-09-13,2.356
2021-09-14,2.3546
2021-09-17,2.3474
2021-09-20,2.3262
2021-09-22,2.3268
2021-09-23,2.325
2021-09-24,2.3286
2021-09-27,2.3273
2021-09-29,2.3256
2021-09-30,2.3223
2021-10-01,2.3258
2021-10-04,2.3416
2021-10-05,2.3468
2021-10-06,2.3485
2021-10-07,2.3525
2021-10-08,2.3564
2021-10-11,2.3715
2021-10-12,2.3822
2021-10-13,2.3794
2021-10-14,2.3879
2021-10-15,2.3879
2021-10-18,2.3843
2021-10-19,2.4008
2021-10-20,2.4072
2021-10-21,2.4071
2021-10-22,2.4067
2021-10-25,2.4018
2021-10-26,2.4059
2021-10-27,2.3939
2021-10-28,2.3935
2021-10-29,2.3829
2021-11-01,2.3555
2021-11-02,2.3367
2021-11-03,2.3339
2021-11-04,2.3174
2021-11-05,2.3013
2021-11-08,2.2971
2021-11-09,2.2981
2021-11-10,2.2874
2021-11-11,2.2797
2021-11-12,2.2706
2021-11-15,2.2852
2021-11-16,2.2696
2021-11-17,2.2387
2021-11-18,2.2443
2021-11-19,2.2422
2021-11-22,2.2422
2021-11-23,2.2457
2021-11-24,2.2847
2021-11-25,2.268
2021-11-26,2.2712
2021-11-29,2.2564
2021-11-30,2.2557
2021-12-01,2.2536
2021-12-02,2.2499
2021-12-03,2.2263
2021-12-06,2.2239
2021-12-07,2.2385
2021-12-08,2.2185
2021-12-09,2.2176
2021-12-10,2.2182
2021-12-13,2.2138
2021-12-14,2.2179
2021-12-15,2.2337
2021-12-16,2.2393
2021-12-17,2.2324
2021-12-20,2.2422
2021-12-21,2.2578
2021-12-22,2.2702
2021-12-23,2.2815
2021-12-24,2.2805
2021-12-27,2.2615
2021-12-28,2.256
2021-12-29,2.2489
2021-12-30,2.2592
2021-12-31,2.2598
2022-01-03,2.2398
2022-01-04,2.2275
2022-01-05,2.2438
2022-01-06,2.2292
2022-01-07,2.2229
2022-01-10,2.2381
2022-01-11,2.2453
2022-01-12,2.2442
2022-01-13,2.2751
2022-01-14,2.2632
2022-01-17,2.2419
2022-01-18,2.2457
2022-01-19,2.2537
2022-01-20,2.2696
2022-01-21,2.2564
2022-01-24,2.2597
2022-01-25,2.269
2022-01-26,2.2791
2022-01-27,2.2613
2022-01-28,2.2381
2022-01-31,2.2531
2022-02-01,2.2491
2022-02-02,2.2596
2022-02-03,2.268
2022-02-04,2.2748
2022-02-07,2.27
2022-02-08,2.2938
2022-02-09,2.308
2022-02-10,2.3181
2022-02-11,2.3082
2022-02-14,2.3144
2022-02-15,2.3013
2022-02-16,2.2836
2022-02-17,2.2998
2022-02-18,2.3043
2022-02-21,2.3116
2022-02-22,2.3265
2022-02-23,2.3395
2022-02-24,2.3431
2022-02-25,2.3443
2022-02-28,2.3397
2022-03-01,2.3466
2022-03-02,2.3493
2022-03-03,2.366
2022-03-04,2.3917
2022-03-07,2.4289
2022-03-08,2.4067
2022-03-09,2.4062
2022-03-10,2.4016
2022-03-11,2.3922
2022-03-14,2.3678
2022-03-15,2.3687
2022-03-16,2.3662
2022-03-21,2.3899
2022-03-22,2.3958
2022-03-23,2.4131
2022-03-24,2.4141
2022-03-25,2.4181
2022-03-28,2.4225
2022-03-29,2.4119
2022-03-30,2.3989
2022-03-31,2.3776
2022-04-01,2.407
2022-04-04,2.4096
2022-04-05,2.4442
2022-04-06,2.4416
2022-04-07,2.4161
2022-04-08,2.4057
2022-04-11,2.3907
2022-04-12,2.39
2022-04-13,2.3811
2022-04-14,2.3824
2022-04-19,2.3933
2022-04-20,2.4026
2022-04-21,2.398
2022-04-25,2.3521
2022-04-26,2.3695
2022-04-27,2.375
2022-04-28,2.3559
2022-04-29,2.374
2022-05-02,2.3673
2022-05-03,2.3863
2022-05-04,2.3884
2022-05-06,2.4165
2022-05-09,2.4045
2022-05-10,2.4083
2022-05-11,2.402
2022-05-12,2.3856
2022-05-13,2.3543
2022-05-16,2.3629
2022-05-17,2.3655
2022-05-18,2.3521
2022-05-19,2.3724
2022-05-20,2.3704
2022-05-23,2.3906
2022-05-24,2.3703
2022-05-25,2.3737
2022-05-26,2.3837
2022-05-27,2.3965
2022-05-30,2.381
2022-05-31,2.3953
2022-06-01,2.391
2022-06-02,2.4086
2022-06-06,2.4042
2022-06-07,2.3963
2022-06-08,2.4035
2022-06-09,2.3944
2022-06-10,2.4079
2022-06-13,2.3964
2022-06-14,2.3757
2022-06-15,2.3986
2022-06-16,2.4114
2022-06-17,2.4176
2022-06-20,2.4155
2022-06-21,2.4063
2022-06-22,2.3918
2022-06-23,2.377
2022-06-24,2.3717
2022-06-27,2.3558
2022-06-28,2.3866
2022-06-29,2.3761
2022-06-30,2.4055
2022-07-01,2.3973
2022-07-04,2.4072
2022-07-05,2.3924
2022-07-06,2.3864
2022-07-07,2.3883
2022-07-08,2.3707
2022-07-11,2.3587
2022-07-12,2.347
2022-07-13,2.3568
2022-07-14,2.3375
2022-07-15,2.3428
2022-07-18,2.3573
2022-07-19,2.3691
2022-07-20,2.3801
2022-07-21,2.3722
2022-07-22,2.3808
2022-07-25,2.3938
2022-07-26,2.3882
2022-07-27,2.3799
2022-07-28,2.3955
2022-07-29,2.382
2022-08-01,2.3819
2022-08-02,2.3368
2022-08-03,2.3338
2022-08-04,2.3356
2022-08-05,2.3184
2022-08-08,2.3188
2022-08-09,2.3045
2022-08-10,2.2949
2022-08-11,2.313
2022-08-12,2.3089
2022-08-15,2.2962
2022-08-16,2.292
2022-08-17,2.2673
2022-08-18,2.2533
2022-08-19,2.2507
2022-08-22,2.2676
2022-08-23,2.2565
2022-08-24,2.2612
2022-08-25,2.2923
2022-08-26,2.2687
2022-08-29,2.2813
2022-08-30,2.2929
2022-08-31,2.2905
2022-09-01,2.2949
2022-09-02,2.2944
2022-09-05,2.3197
2022-09-06,2.3163
2022-09-07,2.31
2022-09-08,2.3141
2022-09-09,2.3449
2022-09-12,2.3286
2022-09-13,2.3169
2022-09-14,2.3076
2022-09-15,2.3145
2022-09-16,2.2979
2022-09-19,2.305
2022-09-20,2.3088
2022-09-21,2.3119
2022-09-22,2.3055
2022-09-23,2.3037
2022-09-28,2.272
2022-09-29,2.2863
2022-09-30,2.3088
2022-10-03,2.3141
2022-10-06,2.2882
2022-10-07,2.2627
2022-10-11,2.2456
2022-10-12,2.2324
2022-10-13,2.2466
2022-10-14,2.2366
2022-10-18,2.2255
2022-10-19,2.2244
2022-10-20,2.2328
2022-10-21,2.2258
2022-10-24,2.2402
2022-10-25,2.2462
2022-10-26,2.2715
2022-10-27,2.2752
2022-10-28,2.2761
2022-10-31,2.2522
2022-11-02,2.2699
2022-11-03,2.2457
2022-11-04,2.265
2022-11-07,2.2859
2022-11-08,2.2882
2022-11-09,2.2951
2022-11-10,2.2782
2022-11-11,2.2984
2022-11-14,2.2938
2022-11-15,2.3203
2022-11-16,2.3139
2022-11-17,2.3091
2022-11-18,2.3278
2022-11-21,2.2941
2022-11-22,2.3091
2022-11-23,2.296
2022-11-24,2.3068
2022-11-25,2.3033
2022-11-28,2.3054
2022-11-29,2.3124
2022-11-30,2.3183
2022-12-01,2.3232
2022-12-02,2.3061
2022-12-05,2.3037
2022-12-06,2.2919
2022-12-07,2.3021
2022-12-08,2.3212
2022-12-09,2.3138
2022-12-12,2.319
2022-12-13,2.3235
2022-12-14,2.3382
2022-12-15,2.3177
2022-12-16,2.3104
2022-12-19,2.3103
2022-12-20,2.3015
2022-12-21,2.3271
2022-12-22,2.3381
2022-12-23,2.3395
2022-12-27,2.3653
2022-12-28,2.3944
2022-12-29,2.3718
2022-12-30,2.3913
2023-01-03,2.3652
2023-01-04,2.4202
2023-01-05,2.4107
2023-01-06,2.3965
2023-01-09,2.4177
2023-01-10,2.3878
2023-01-11,2.3801
2023-01-12,2.3664
2023-01-13,2.3796
2023-01-16,2.3814
2023-01-17,2.3748
2023-01-18,2.3744
2023-01-19,2.3461
2023-01-20,2.3651
2023-01-23,2.3653
2023-01-24,2.3657
2023-01-25,2.386
2023-01-26,2.4184
2023-01-27,2.4402
2023-01-30,2.4537
2023-01-31,2.4331
2023-02-01,2.4464
2023-02-02,2.4384
2023-02-03,2.3988
2023-02-06,2.3949
2023-02-07,2.406
2023-02-08,2.4257
2023-02-09,2.4366
2023-02-10,2.4332
2023-02-13,2.4566
2023-02-14,2.4403
2023-02-15,2.4312
2023-02-16,2.4454
2023-02-17,2.4332
2023-02-20,2.4608
2023-02-21,2.5072
2023-02-22,2.4987
2023-02-23,2.4674
2023-02-24,2.4814
2023-02-27,2.4669
2023-02-28,2.4687
2023-03-01,2.4635
2023-03-02,2.4522
2023-03-03,2.4767
2023-03-06,2.412
2023-03-09,2.3821
2023-03-10,2.3677
2023-03-13,2.41
2023-03-14,2.4265
2023-03-15,2.4186
2023-03-16,2.4377
2023-03-17,2.4588
2023-03-20,2.4611
2023-03-21,2.4408
2023-03-22,2.4357
2023-03-23,2.4263
2023-03-24,2.4219
2023-03-27,2.3662
2023-03-28,2.3587
2023-03-29,2.3789
2023-03-30,2.4015
2023-03-31,2.4159
2023-04-03,2.4243
2023-04-04,2.4073
2023-04-11,2.4171
2023-04-13,2.4589
2023-04-14,2.4776
2023-04-17,2.4459
2023-04-18,2.4574
2023-04-19,2.4494
2023-04-20,2.4584
2023-04-21,2.4474
2023-04-24,2.4459
2023-04-25,2.4227
2023-04-27,2.4044
2023-04-28,2.399
2023-05-01,2.4028
2023-05-02,2.4245
2023-05-03,2.4235
2023-05-04,2.4277
2023-05-05,2.4551
2023-05-08,2.4677
2023-05-09,2.4746
2023-05-10,2.4807
2023-05-11,2.4547
2023-05-12,2.4403
2023-05-15,2.4375
2023-05-16,2.4437
2023-05-17,2.4285
2023-05-18,2.4159
2023-05-19,2.4243
2023-05-22,2.4279
2023-05-23,2.4309
2023-05-24,2.4484
2023-05-25,2.4358
2023-05-30,2.4265
2023-05-31,2.4075
2023-06-01,2.4365
2023-06-02,2.4759
2023-06-05,2.4604
2023-06-06,2.471
2023-06-07,2.4488
2023-06-08,2.4458
2023-06-09,2.4405
2023-06-12,2.4263
2023-06-13,2.4106
2023-06-14,2.4555
2023-06-15,2.4398
2023-06-16,2.4465
2023-06-19,2.4649
2023-06-20,2.4487
2023-06-21,2.4376
2023-06-22,2.4606
2023-06-23,2.4298
2023-06-26,2.4199
2023-06-27,2.4327
2023-06-28,2.4411
2023-06-29,2.4486
2023-06-30,2.4517
2023-07-03,2.4703
2023-07-04,2.477
2023-07-05,2.4633
2023-07-06,2.4726
2023-07-07,2.4676
2023-07-10,2.4611
2023-07-11,2.4763
2023-07-12,2.4513
2023-07-13,2.4783
2023-07-14,2.48
2023-07-17,2.4779
2023-07-18,2.477
2023-07-19,2.4277
2023-07-20,2.4568
2023-07-21,2.4422
2023-07-24,2.445
2023-07-25,2.5152
2023-07-26,2.5074
2023-07-28,2.4668
2023-07-31,2.478
2023-08-01,2.4211
2023-08-02,2.4057
2023-08-03,2.4072
2023-08-04,2.4194
2023-08-07,2.4145
2023-08-08,2.407
2023-08-09,2.4323
2023-08-10,2.4441
2023-08-11,2.4299
2023-08-14,2.4207
2023-08-15,2.434
2023-08-16,2.4238
2023-08-17,2.4296
2023-08-18,2.4261
2023-08-21,2.4344
2023-08-22,2.4366
2023-08-23,2.4308
2023-08-24,2.4324
2023-08-25,2.44
2023-08-28,2.4332
2023-08-29,2.4437
2023-08-30,2.4552
2023-08-31,2.4587
2023-09-01,2.4559
2023-09-04,2.4629
2023-09-05,2.4134
2023-09-06,2.4338
2023-09-07,2.4561
2023-09-08,2.4582
2023-09-11,2.4709
2023-09-12,2.4376
2023-09-13,2.4468
2023-09-14,2.4617
2023-09-18,2.4631
2023-09-19,2.4574
2023-09-20,2.4716
2023-09-21,2.4377
2023-09-22,2.4554
2023-09-26,2.4474
2023-09-27,2.4506
2023-09-28,2.4618
2023-09-29,2.4774
2023-10-02,2.4537
2023-10-03,2.4322
2023-10-04,2.441
2023-10-05,2.4438
2023-10-06,2.4581
2023-10-09,2.4901
2023-10-10,2.526
2023-10-11,2.5408
2023-10-12,2.5344
2023-10-13,2.5109
2023-10-16,2.5207
2023-10-17,2.5486
2023-10-18,2.5636
2023-10-19,2.5414
2023-10-20,2.5539
2023-10-23,2.5637
2023-10-24,2.5829
2023-10-25,2.5746
2023-10-26,2.5703
2023-10-27,2.5875
2023-10-30,2.5834
2023-10-31,2.5578
2023-11-01,2.5543
2023-11-02,2.5568
2023-11-03,2.567
2023-11-06,2.5229
2023-11-07,2.4809
2023-11-08,2.4751
2023-11-09,2.4641
2023-11-10,2.4616
2023-11-13,2.4657
2023-11-14,2.4432
2023-11-15,2.4566
2023-11-16,2.4545
2023-11-17,2.4184
2023-11-20,2.442
2023-11-21,2.4392
2023-11-22,2.4452
2023-11-23,2.4498
2023-11-24,2.4536
2023-11-27,2.46
2023-11-28,2.4535
2023-11-29,2.433
2023-11-30,2.4513
2023-12-01,2.4764
2023-12-04,2.4654
2023-12-05,2.4452
2023-12-06,2.4353
2023-12-07,2.4277
2023-12-08,2.4443
2023-12-11,2.4382
2023-12-12,2.4431
2023-12-13,2.4308
2023-12-14,2.4732
2023-12-15,2.4598
2023-12-18,2.4566
2023-12-19,2.4534
2023-12-20,2.4658
2023-12-21,2.4439
2023-12-22,2.4443
2023-12-26,2.4705
2023-12-27,2.4786
2023-12-28,2.476
2023-12-29,2.4753
2024-01-02,2.4634
2024-01-03,2.4543
2024-01-04,2.4583
2024-01-05,2.4482
2024-01-08,2.487
2024-01-09,2.4877
2024-01-10,2.5193
2024-01-11,2.5067
2024-01-12,2.4979
2024-01-15,2.5007
2024-01-16,2.4889
2024-01-17,2.4812
2024-01-18,2.4757
2024-01-19,2.4688
2024-01-22,2.4856
2024-01-23,2.4822
2024-01-24,2.4544
2024-01-25,2.4387
2024-01-26,2.4439
2024-01-29,2.4335
2024-01-30,2.4095
2024-01-31,2.3916
2024-02-01,2.382
2024-02-02,2.4051
2024-02-05,2.3849
2024-02-06,2.3669
2024-02-07,2.3793
2024-02-08,2.3831
2024-02-09,2.3979
2024-02-12,2.4027
2024-02-13,2.3774
2024-02-14,2.3712
2024-02-15,2.3597
2024-02-16,2.3536
2024-02-19,2.3682
2024-02-20,2.3978
2024-02-21,2.4103
2024-02-22,2.3967
2024-02-23,2.3835
2024-02-26,2.3912
2024-02-28,2.3454
2024-02-29,2.329
2024-03-01,2.3161
2024-03-04,2.3304
2024-03-05,2.3321
2024-03-06,2.354
2024-03-07,2.3707
2024-03-08,2.3779
2024-03-11,2.3867
2024-03-12,2.4135
2024-03-13,2.4183
2024-03-14,2.3998
2024-03-15,2.3951
2024-03-18,2.399
2024-03-19,2.3906
2024-03-20,2.3999
2024-03-21,2.3784
2024-03-22,2.3594
2024-03-26,2.3959
2024-03-27,2.3891
2024-03-28,2.3962
2024-04-01,2.3872
2024-04-02,2.4029
2024-04-03,2.4312
2024-04-04,2.4546
2024-04-05,2.467
2024-04-08,2.4449
2024-04-09,2.4426
2024-04-10,2.4588
2024-04-11,2.4526
2024-04-12,2.4493
2024-04-15,2.4103
2024-04-16,2.4197
2024-04-17,2.4263
2024-04-18,2.437
2024-04-19,2.4263
2024-04-24,2.4465
2024-04-25,2.473
2024-04-26,2.5015
2024-04-30,2.4437
2024-05-01,2.4242
2024-05-02,2.4388
2024-05-03,2.4473
2024-05-06,2.4803
2024-05-07,2.4588
2024-05-08,2.435
2024-05-09,2.4631
2024-05-10,2.4598
2024-05-13,2.4583
2024-05-15,2.4533
2024-05-16,2.4559
2024-05-17,2.4752
2024-05-20,2.4761
2024-05-21,2.4486
2024-05-22,2.4463
2024-05-23,2.4385
2024-05-24,2.4285
2024-05-28,2.4472
2024-05-29,2.4521
2024-05-30,2.4637
2024-05-31,2.4674
2024-06-03,2.4369
2024-06-04,2.4467
2024-06-05,2.4635
2024-06-06,2.4752
2024-06-07,2.4886
2024-06-10,2.4717
2024-06-11,2.4569
2024-06-13,2.4677
2024-06-14,2.4625
2024-06-17,2.4658
2024-06-18,2.4629
2024-06-19,2.4798
2024-06-20,2.4824
2024-06-21,2.4873
2024-06-24,2.4745
2024-06-25,2.4806
2024-06-26,2.4957
2024-06-27,2.4988
2024-06-28,2.4931
2024-07-01,2.5052
2024-07-02,2.502
2024-07-03,2.5101
2024-07-04,2.5169
2024-07-05,2.5058
2024-07-08,2.4847
2024-07-09,2.4763
2024-07-10,2.4682
2024-07-11,2.4596
2024-07-12,2.4665
2024-07-15,2.4478
2024-07-16,2.4532
2024-07-17,2.4455
2024-07-18,2.4483
2024-07-19,2.4507
2024-07-22,2.4187
2024-07-23,2.4022
2024-07-24,2.3956
2024-07-25,2.3832
2024-07-26,2.4135
2024-07-29,2.4445
2024-07-30,2.442
2024-07-31,2.4472
2024-08-01,2.4762
2024-08-02,2.48
2024-08-05,2.4652
2024-08-06,2.4905
2024-08-07,2.4866
2024-08-08,2.4846
2024-08-09,2.4697
2024-08-12,2.4875
2024-08-14,2.4721
2024-08-15,2.4617
2024-08-16,2.4414
2024-08-19,2.4767
2024-08-20,2.4864
2024-08-21,2.5084
2024-08-22,2.509
2024-08-23,2.4893
2024-08-26,2.4815
2024-08-27,2.4977
2024-08-28,2.4901
2024-08-29,2.4997
2024-08-30,2.492
2024-09-02,2.476
2024-09-03,2.4714
2024-09-04,2.499
2024-09-05,2.4834
2024-09-06,2.4934
2024-09-09,2.4962
2024-09-10,2.5103
2024-09-11,2.5089
2024-09-12,2.5057
2024-09-13,2.4912
2024-09-16,2.5219
2024-09-17,2.5305
2024-09-18,2.5605
2024-09-19,2.5653
2024-09-20,2.5653
2024-09-23,2.5793
2024-09-24,2.5841
2024-09-25,2.5841
2024-09-26,2.5424
2024-09-27,2.548
2024-09-30,2.5661
2024-10-01,2.57
2024-10-07,2.572
2024-10-08,2.5398
2024-10-09,2.5294
2024-10-10,2.5362
2024-10-14,2.524
2024-10-15,2.514
2024-10-16,2.5186
2024-10-18,2.4929
2024-10-21,2.4993
2024-10-22,2.5257
2024-10-23,2.5239
2024-10-25,2.5087
2024-10-28,2.4627
2024-10-29,2.4547
2024-10-30,2.4395
2024-10-31,2.442
2024-11-01,2.4679
2024-11-04,2.4741
2024-11-05,2.4827
2024-11-06,2.4555
2024-11-07,2.4751
2024-11-08,2.4731
2024-11-11,2.4582
2024-11-12,2.4551
2024-11-13,2.4414
2024-11-14,2.4205
2024-11-15,2.4179
2024-11-18,2.4085
2024-11-19,2.4305
2024-11-20,2.4311
2024-11-21,2.4341
2024-11-22,2.4134
2024-11-25,2.3913
2024-11-26,2.3642
2024-11-27,2.368
2024-11-28,2.3683
2024-11-29,2.3722
2024-12-02,2.3578
2024-12-03,2.3554
2024-12-04,2.3098
2024-12-05,2.3171
2024-12-06,2.311
2024-12-09,2.2982
2024-12-10,2.2899
2024-12-11,2.2762
2024-12-12,2.2855
2024-12-13,2.2889
2024-12-16,2.2913
2024-12-17,2.2847
2024-12-18,2.2666
2024-12-19,2.2605
2024-12-20,2.2805
2024-12-23,2.2764
2024-12-24,2.2841
2024-12-26,2.2862
2024-12-27,2.2835
2024-12-30,2.2753
2024-12-31,2.2642
2025-01-02,2.2657
2025-01-03,2.2703
2025-01-06,2.2849
2025-01-07,2.2761
2025-01-08,2.2679
2025-01-09,2.2663
2025-01-10,2.2685
2025-01-13,2.257
2025-01-14,2.2455
2025-01-15,2.2453
2025-01-16,2.2466
2025-01-17,2.2365
2025-01-20,2.2221
2025-01-21,2.2302
2025-01-22,2.2263
2025-01-23,2.231
2025-01-24,2.261
2025-01-27,2.2782
2025-01-28,2.2574
2025-01-29,2.2397
2025-01-30,2.2316
2025-01-31,2.2253
2025-02-03,2.2189
2025-02-04,2.2216
2025-02-05,2.2322
2025-02-06,2.2293
2025-02-07,2.2344
2025-02-10,2.2376
2025-02-11,2.2505
2025-02-12,2.2549
2025-02-13,2.2393
2025-02-14,2.2579
2025-02-17,2.262
2025-02-18,2.2579
2025-02-19,2.248
2025-02-20,2.2567
2025-02-21,2.278
2025-02-24,2.2707
2025-02-25,2.2714
2025-02-26,2.2566
2025-02-27,2.2382
2025-02-28,2.2321
2025-03-03,2.2396
2025-03-04,2.247
2025-03-05,2.2766
2025-03-06,2.2892
2025-03-07,2.2791
2025-03-10,2.2956
2025-03-11,2.2935
2025-03-12,2.2856
2025-03-13,2.297
2025-03-17,2.3263
2025-03-18,2.3341
2025-03-19,2.3258
2025-03-20,2.3087
2025-03-21,2.3255
2025-03-24,2.3322
2025-03-25,2.3165
2025-03-26,2.3202
2025-03-27,2.3182
2025-03-28,2.3185
2025-03-31,2.324
2025-04-01,2.3159
2025-04-02,2.3306
2025-04-03,2.3487
2025-04-04,2.3068
2025-04-07,2.2817
2025-04-08,2.2755
2025-04-09,2.2884
2025-04-10,2.3224
2025-04-11,2.316
2025-04-14,2.3351
2025-04-15,2.35
2025-04-16,2.341
2025-04-17,2.3444
2025-04-21,2.3716
2025-04-22,2.3802
2025-04-23,2.3506
2025-04-24,2.3272
2025-04-25,2.3096
2025-04-28,2.3226
2025-04-29,2.3198
2025-04-30,2.3257
2025-05-02,2.3183
2025-05-05,2.3441
2025-05-06,2.338
2025-05-07,2.3231
2025-05-08,2.2964
2025-05-09,2.2847
2025-05-12,2.2678
2025-05-13,2.2927
2025-05-14,2.3039
2025-05-15,2.2682
2025-05-16,2.2814
2025-05-19,2.2899
2025-05-20,2.2608
2025-05-21,2.2879
2025-05-22,2.2922
2025-05-23,2.3251
2025-05-27,2.2805
2025-05-28,2.2796
2025-05-29,2.261
2025-05-30,2.2591
2025-06-03,2.277
2025-06-04,2.2764
2025-06-05,2.2731
2025-06-06,2.2769
2025-06-09,2.2712
2025-06-10,2.2774
2025-06-11,2.2789
2025-06-12,2.328
2025-06-13,2.3351
2025-06-16,2.3048
2025-06-17,2.2904
2025-06-18,2.2732
2025-06-19,2.2539
2025-06-20,2.2595
2025-06-23,2.2189
2025-06-24,2.216
2025-06-25,2.2135
2025-06-26,2.2217
2025-06-27,2.2219
2025-06-30,2.2032
2025-07-01,2.2176
2025-07-02,2.2125
2025-07-03,2.2105
2025-07-04,2.1902
2025-07-07,2.1683
2025-07-08,2.1957
2025-07-09,2.1706
2025-07-10,2.1676
2025-07-11,2.1918
2025-07-14,2.2092
2025-07-15,2.1947
2025-07-16,2.1877
2025-07-17,2.1684
2025-07-18,2.1874
2025-07-21,2.1866
2025-07-22,2.1861
2025-07-23,2.1962
2025-07-24,2.209
2025-07-25,2.206
2025-07-28,2.1895
2025-07-29,2.1889
2025-07-30,2.1839
2025-07-31,2.1833
2025-08-01,2.1954
2025-08-04,2.2052
2025-08-05,2.2254
2025-08-06,2.243
2025-08-07,2.2309
2025-08-08,2.2424
2025-08-11,2.224
2025-08-12,2.2273
2025-08-13,2.2221
2025-08-14,2.2105
2025-08-15,2.2002
2025-08-18,2.2072
2025-08-19,2.1934
2025-08-20,2.1884
2025-08-21,2.1981
2025-08-22,2.1898
2025-08-25,2.1945
2025-08-26,2.1847
2025-08-27,2.1639
2025-08-28,2.1714
2025-08-29,2.1789
2025-09-01,2.1984
2025-09-02,2.2043
2025-09-03,2.2029
2025-09-04,2.1937
2025-09-05,2.1875
2025-09-08,2.1902
2025-09-09,2.2065
2025-09-10,2.2036
2025-09-11,2.2055
2025-09-12,2.2168
2025-09-15,2.2239
2025-09-16,2.2293
2025-09-17,2.2297
2025-09-18,2.2254
2025-09-19,2.2037
2025-09-25,2.2018
2025-09-26,2.1984
2025-09-29,2.1816
2025-09-30,2.1849
2025-10-03,2.1907
2025-10-06,2.1662
2025-10-08,2.1538
2025-10-09,2.1332
2025-10-10,2.1333
2025-10-13,2.1421
2025-10-15,2.1459
2025-10-16,2.1463
2025-10-17,2.1455
2025-10-20,2.149
2025-10-21,2.1362
2025-10-22,2.1411
2025-10-23,2.1519
2025-10-24,2.1403
2025-10-27,2.1364
2025-10-28,2.136
2025-10-29,2.144
2025-10-30,2.1304
2025-10-31,2.1216
2025-11-03,2.1322
2025-11-04,2.1221
2025-11-05,2.1197
2025-11-06,2.1169
2025-11-07,2.1159
2025-11-10,2.1098
2025-11-11,2.0997
2025-11-12,2.0904
2025-11-13,2.1063
2025-11-14,2.1106
2025-11-17,2.1134
2025-11-18,2.126
2025-11-19,2.1187
2025-11-20,2.1106
2025-11-21,2.1148
2025-11-24,2.1167
2025-11-25,2.1125
2025-11-26,2.1282
2025-11-27,2.1384
2025-11-28,2.129
2025-12-01,2.1396
2025-12-02,2.1333
2025-12-03,2.1283
2025-12-04,2.1406
2025-12-05,2.1399
2025-12-08,2.1309
2025-12-09,2.1325
2025-12-10,2.1449
2025-12-11,2.1378
2025-12-12,2.1355
2025-12-15,2.1324
2025-12-16,2.1375
2025-12-17,2.1333
2025-12-18,2.1263
2025-12-19,2.1186
2025-12-22,2.1303
2025-12-23,2.1366
2025-12-24,2.1386
2025-12-29,2.1454
2025-12-30,2.1331
2025-12-31,2.1319
2026-01-02,2.1311
2026-01-05,2.1098
2026-01-06,2.1266
2026-01-07,2.1374
2026-01-08,2.1261
2026-01-09,2.1169
2026-01-12,2.1136
2026-01-13,2.1108
2026-01-14,2.1047
2026-01-15,2.1106
2026-01-16,2.1031
2026-01-19,2.1197
2026-01-20,2.1325
2026-01-21,2.1425
2026-01-22,2.1366
2026-01-23,2.1441
2026-01-26,2.1698
2026-01-27,2.154
2026-01-28,2.1657
2026-01-29,2.1713
2026-01-30,2.168
2026-02-02,2.1582
2026-02-03,2.1616
2026-02-04,2.1685
2026-02-05,2.1723
2026-02-06,2.1781
2026-02-09,2.1813
2026-02-10,2.181
2026-02-11,2.1916
2026-02-12,2.1863
2026-02-13,2.1797
2026-02-16,2.1874
2026-02-17,2.1897
2026-02-18,2.1912
2026-02-19,2.2108
2026-02-20,2.2045
2026-02-23,2.2046
2026-02-24,2.1949
2026-02-25,2.1933
2026-02-26,2.2148
2026-02-27,2.2224
2026-03-02,2.1767
2026-03-05,2.1673
2026-03-06,2.1652
2026-03-09,2.1861
2026-03-10,2.1984
2026-03-11,2.2242
2026-03-12,2.221
2026-03-13,2.2087
2026-03-16,2.2006
2026-03-17,2.2028
2026-03-18,2.192
2026-03-19,2.1961
2026-03-20,2.1982
2026-03-23,2.1815
2026-03-24,2.174
2026-03-25,2.1707
2026-03-26,2.1622
2026-03-27,2.1719
2026-03-30,2.1741
2026-03-31,2.1793
2026-04-07,2.1781
2026-04-09,2.1711
2026-04-10,2.1579
2026-04-13,2.1557
2026-04-14,2.1498
2026-04-15,2.1517
2026-04-16,2.1464
2026-04-17,2.1462
2026-04-20,2.1489
2026-04-21,2.136
2026-04-23,2.1466
2026-04-24,2.1408
2026-04-27,2.1403
2026-04-28,2.1428
2026-04-29,2.1192
2026-04-30,2.1135
2026-05-01,2.1206
2026-05-04,2.1269
2026-05-05,2.1108
2026-05-06,2.1075
2026-05-07,2.1104
2026-05-08,2.102
2026-05-11,2.1064
2026-05-12,2.1023
2026-05-13,2.1087
2026-05-14,2.1039
2026-05-15,2.0876
2026-05-18,2.0878
2026-05-19,2.0702
2026-05-20,2.0798
2026-05-21,2.0727
2026-05-26,2.0484
2026-05-27,2.0261
2026-05-28,2.016
2026-05-29,2.0115
2026-06-01,2.0186
2026-06-02,2.0289
2026-06-03,2.0584
2026-06-04,2.0667
2026-06-05,2.0729
2026-06-08,2.0768
2026-06-09,2.0734
2026-06-10,2.0848
2026-06-11,2.0743
2026-06-12,2.0642
2026-06-15,2.0571
2026-06-16,2.0596
2026-06-17,2.0597
2026-06-18,2.062
2026-06-19,2.0747
2026-06-22,2.0778
2026-06-23,2.0805
2026-06-24,2.0607
2026-06-25,2.0527
2026-06-26,2.0691
2026-06-29,2.0559
2026-06-30,2.0512
2026-07-01,2.0537
2026-07-02,2.0711
2026-07-03,2.0793
2026-07-06,2.0841
2026-07-07,2.1033
2026-07-08,2.1073
2026-07-09,2.1014
2026-07-10,2.0875
2026-07-13,2.1012
2026-07-14,2.0925
2026-07-15,2.0919
2026-07-16,2.1047
2026-07-17,2.1279
2026-07-20,2.1346
2026-07-21,2.1396
2026-07-22,2.141
2026-07-24,2.1405
2026-07-27,2.1265
2026-07-28,2.1304
2026-07-29,2.1228
2026-07-30,2.144
2026-07-31,2.1484
2026-08-03,2.141
2026-08-04,2.1321
2026-08-05,2.1152
2026-08-06,2.1218
2026-08-07,2.1141
2026-08-10,2.1184
2026-08-11,2.1212
2026-08-12,2.1126
2026-08-13,2.1036
2026-08-14,2.0893
2026-08-17,2.1014
2026-08-18,2.1224
2026-08-19,2.1132
2026-08-20,2.1269
2026-08-21,2.1422
2026-08-24,2.1435
2026-08-25,2.136
2026-08-26,2.1357
2026-08-27,2.1391
2026-08-28,2.1364
2026-08-31,2.1388
2026-09-01,2.1525
2026-09-02,2.1673
2026-09-03,2.1747
2026-09-04,2.1642
2026-09-07,2.174
2026-09-08,2.1771
2026-09-09,2.1789
2026-09-10,2.177
2026-09-14,2.1743
2026-09-15,2.1733
2026-09-16,2.1628
2026-09-17,2.1597
2026-09-18,2.1569
