date,rate
1962-02-10,0.00028605
1967-11-19,0.00032602
1971-08-22,0.00041487
1974-11-10,0.00060521
1975-06-18,0.00059394
1975-08-05,0.00060228
1975-09-09,0.00061628
1975-09-28,0.00068019
1975-11-24,0.00069779
1976-01-04,0.00070945
1976-02-11,0.00073778
1976-03-15,0.00075937
1976-04-19,0.00077413
1976-05-20,0.00079842
1976-06-24,0.00082298
1976-07-19,0.000831
1976-08-25,0.00083165
1976-09-29,0.00086421
1976-11-01,0.00088286
1976-11-24,0.00087564
1976-12-24,0.00086598
1977-01-17,0.00088751
1977-03-02,0.00087276
1977-03-21,0.00088154
1977-05-25,0.00089603
1977-07-04,0.0009022
1977-07-18,0.00091322
1977-08-01,0.00091886
1977-08-17,0.0009382
1977-09-20,0.00095866
1977-10-17,0.00093701
1977-10-31,0.0013757
1977-11-01,0.0013764
1977-11-02,0.0013761
1977-11-03,0.0013718
1977-11-04,0.0013712
1977-11-07,0.0013726
1977-11-08,0.0013709
1977-11-09,0.001372
1977-11-10,0.0013703
1977-11-14,0.0013714
1977-11-15,0.0013698
1977-11-16,0.0013717
1977-11-17,0.0013725
1977-11-18,0.0013722
1977-11-21,0.0013755
1977-11-22,0.0013768
1977-11-23,0.0013743
1977-11-24,0.0013765
1977-11-25,0.0013777
1977-11-28,0.0013798
1977-11-29,0.0013796
1977-11-30,0.0013816
1977-12-01,0.00138
1977-12-02,0.0013804
1977-12-05,0.0013811
1977-12-06,0.0013859
1977-12-07,0.0013925
1977-12-08,0.0013955
1977-12-09,0.0014016
1977-12-12,0.0013983
1977-12-13,0.0013956
1977-12-14,0.0013929
1977-12-15,0.0013965
1977-12-16,0.0013946
1977-12-19,0.0013969
1977-12-20,0.0014045
1977-12-21,0.0014013
1977-12-22,0.0013992
1977-12-23,0.0014004
1977-12-28,0.0014027
1977-12-29,0.0014045
1977-12-30,0.0014056
1978-01-03,0.0014118
1978-01-04,0.001416
1978-01-05,0.0014113
1978-01-06,0.0014168
1978-01-09,0.0014187
1978-01-10,0.0014226
1978-01-11,0.0014278
1978-01-12,0.0014284
1978-01-13,0.0014306
1978-01-16,0.0014337
1978-01-17,0.0014379
1978-01-18,0.0014401
1978-01-19,0.0014408
1978-01-20,0.0014356
1978-01-23,0.0014394
1978-01-24,0.0014469
1978-01-25,0.0014472
1978-01-26,0.0014427
1978-01-27,0.0014453
1978-01-30,0.0014479
1978-01-31,0.0014474
1978-02-01,0.0014468
1978-02-02,0.0014395
1978-02-03,0.0014426
1978-02-06,0.0014434
1978-02-07,0.0014388
1978-02-08,0.0014407
1978-02-09,0.0014415
1978-02-10,0.0014409
1978-02-13,0.0014399
1978-02-14,0.0014406
1978-02-15,0.0014363
1978-02-16,0.0014342
1978-02-17,0.0014313
1978-02-20,0.0014314
1978-02-21,0.0014313
1978-02-22,0.001443
1978-02-23,0.0014472
1978-02-24,0.0014483
1978-02-27,0.0014556
1978-02-28,0.0014594
1978-03-01,0.001465
1978-03-02,0.0014647
1978-03-03,0.0014631
1978-03-06,0.0014607
1978-03-07,0.0014567
1978-03-09,0.0014537
1978-03-10,0.0014578
1978-03-13,0.0014589
1978-03-14,0.00146
1978-03-15,0.0014658
1978-03-16,0.0014699
1978-03-17,0.0014677
1978-03-20,0.0014701
1978-03-21,0.0014693
1978-03-22,0.0014644
1978-03-23,0.0014649
1978-03-27,0.001459
1978-03-28,0.0014519
1978-03-29,0.001447
1978-03-30,0.0014494
1978-03-31,0.0014508
1978-04-03,0.0014468
1978-04-04,0.0014479
1978-04-05,0.0014406
1978-04-06,0.0014478
1978-04-07,0.0014487
1978-04-10,0.0014401
1978-04-11,0.0014397
1978-04-12,0.0014394
1978-04-13,0.001432
1978-04-14,0.001434
1978-04-17,0.0014397
1978-04-18,0.0014477
1978-04-19,0.0014443
1978-04-20,0.001442
1978-04-21,0.0014534
1978-04-24,0.0014545
1978-04-25,0.0014644
1978-04-26,0.0014774
1978-04-27,0.001479
1978-05-01,0.0014824
1978-05-02,0.0014884
1978-05-03,0.0014832
1978-05-04,0.0014875
1978-05-05,0.0014858
1978-05-08,0.001484
1978-05-09,0.0014897
1978-05-10,0.0014967
1978-05-12,0.0015081
1978-05-15,0.0015168
1978-05-16,0.0015252
1978-05-17,0.0015348
1978-05-18,0.0015331
1978-05-19,0.0015313
1978-05-23,0.001543
1978-05-24,0.0015457
1978-05-25,0.0015462
1978-05-26,0.001551
1978-05-29,0.0015563
1978-05-30,0.0015574
1978-05-31,0.0015587
1978-06-01,0.0015564
1978-06-02,0.0015606
1978-06-05,0.0015578
1978-06-06,0.0015615
1978-06-07,0.0015557
1978-06-08,0.0015555
1978-06-09,0.0015559
1978-06-12,0.0015565
1978-06-13,0.0015522
1978-06-14,0.0015548
1978-06-15,0.001556
1978-06-16,0.0015606
1978-06-19,0.0015571
1978-06-20,0.0015557
1978-06-21,0.0015572
1978-06-22,0.0015573
1978-06-23,0.0015659
1978-06-26,0.0015675
1978-06-27,0.0015694
1978-06-28,0.0015763
1978-06-29,0.0015819
1978-06-30,0.0015871
1978-07-04,0.0015923
1978-07-05,0.0015885
1978-07-06,0.0015848
1978-07-07,0.0015797
1978-07-10,0.0015787
1978-07-11,0.0015829
1978-07-12,0.0015836
1978-07-13,0.0015855
1978-07-14,0.0015881
1978-07-17,0.0015944
1978-07-18,0.0015981
1978-07-19,0.0016033
1978-07-20,0.0016244
1978-07-21,0.0016088
1978-07-24,0.0016073
1978-07-25,0.0016085
1978-07-26,0.0016121
1978-07-27,0.0016115
1978-07-28,0.0016082
1978-07-31,0.001605
1978-08-01,0.001601
1978-08-02,0.0015976
1978-08-03,0.0015925
1978-08-04,0.0015983
1978-08-07,0.0015961
1978-08-08,0.0015955
1978-08-09,0.0016015
1978-08-10,0.0016036
1978-08-11,0.001603
1978-08-14,0.0016001
1978-08-15,0.0015959
1978-08-16,0.0015982
1978-08-17,0.0015983
1978-08-18,0.0016023
1978-08-21,0.0016046
1978-08-22,0.0016045
1978-08-23,0.0016063
1978-08-24,0.001605
1978-08-25,0.0016033
1978-08-28,0.0015942
1978-08-29,0.0015949
1978-08-30,0.0015976
1978-08-31,0.0015951
1978-09-01,0.0015945
1978-09-05,0.0015952
1978-09-06,0.0015882
1978-09-07,0.001582
1978-09-08,0.0015778
1978-09-11,0.0015768
1978-09-12,0.001576
1978-09-13,0.0015747
1978-09-14,0.0015816
1978-09-15,0.0015905
1978-09-18,0.0015887
1978-09-19,0.0015832
1978-09-20,0.0015836
1978-09-21,0.0015801
1978-09-22,0.0015712
1978-09-25,0.0015646
1978-09-26,0.0015589
1978-09-27,0.0015474
1978-09-28,0.0015438
1978-09-29,0.0015591
1978-10-04,0.0015385
1978-10-05,0.0015417
1978-10-06,0.0015492
1978-10-10,0.0015523
1978-10-12,0.001538
1978-10-13,0.0015444
1978-10-17,0.0015386
1978-10-18,0.0015517
1978-10-19,0.0015519
1978-10-20,0.0015497
1978-10-24,0.001558
1978-10-25,0.0015596
1978-10-26,0.0015603
1978-10-27,0.001565
1978-10-30,0.0015742
1978-10-31,0.0015873
1978-11-01,0.0015917
1978-11-02,0.0015881
1978-11-03,0.0015815
1978-11-06,0.0015899
1978-11-08,0.0015875
1978-11-09,0.0015864
1978-11-10,0.0015911
1978-11-14,0.0015987
1978-11-15,0.0016003
1978-11-16,0.0015989
1978-11-17,0.0016009
1978-11-20,0.0016122
1978-11-21,0.0016127
1978-11-22,0.0016134
1978-11-23,0.001616
1978-11-24,0.0016183
1978-11-27,0.0016093
1978-11-28,0.0016111
1978-11-29,0.0016086
1978-11-30,0.0016066
1978-12-01,0.0016046
1978-12-04,0.0016022
1978-12-05,0.0015956
1978-12-06,0.0015922
1978-12-07,0.0015902
1978-12-08,0.0015877
1978-12-11,0.0015833
1978-12-12,0.0015863
1978-12-13,0.001584
1978-12-14,0.0015798
1978-12-15,0.0015785
1978-12-18,0.0015745
1978-12-19,0.0015699
1978-12-20,0.0015772
1978-12-21,0.0015834
1978-12-22,0.0015924
1978-12-27,0.0016025
1978-12-28,0.0015954
1978-12-29,0.001603
1979-01-02,0.0016035
1979-01-03,0.0015994
1979-01-04,0.0016035
1979-01-05,0.0016048
1979-01-08,0.0015996
1979-01-09,0.001578
1979-01-10,0.0015752
1979-01-11,0.00157
1979-01-12,0.0015751
1979-01-15,0.0015848
1979-01-16,0.0015987
1979-01-17,0.0016018
1979-01-18,0.0016051
1979-01-19,0.0016079
1979-01-22,0.001616
1979-01-23,0.0016148
1979-01-24,0.0016101
1979-01-25,0.0016037
1979-01-26,0.0016002
1979-01-29,0.0016024
1979-01-30,0.0016044
1979-01-31,0.001601
1979-02-01,0.0015878
1979-02-02,0.0015968
1979-02-05,0.0016193
1979-02-06,0.0016208
1979-02-07,0.0016136
1979-02-08,0.0016051
1979-02-09,0.0015984
1979-02-12,0.0016187
1979-02-13,0.0016387
1979-02-14,0.0016529
1979-02-15,0.0016548
1979-02-16,0.0016508
1979-02-19,0.0016455
1979-02-20,0.0016538
1979-02-21,0.001653
1979-02-22,0.0016499
1979-02-23,0.0016493
1979-02-26,0.0016392
1979-02-27,0.0016155
1979-02-28,0.0016105
1979-03-01,0.0016279
1979-03-02,0.0016263
1979-03-05,0.0016259
1979-03-06,0.0016283
1979-03-07,0.0016299
1979-03-08,0.0016547
1979-03-09,0.0016754
1979-03-12,0.0016919
1979-03-13,0.0017101
1979-03-15,0.0017149
1979-03-16,0.0017329
1979-03-19,0.001752
1979-03-20,0.0017646
1979-03-21,0.0017716
1979-03-22,0.0017798
1979-03-23,0.0017846
1979-03-26,0.0017923
1979-03-27,0.001807
1979-03-28,0.0018161
1979-03-29,0.0018358
1979-03-30,0.0018464
1979-04-02,0.0018458
1979-04-03,0.0018556
1979-04-04,0.0018574
1979-04-05,0.0018693
1979-04-06,0.0018778
1979-04-09,0.0018866
1979-04-10,0.0019008
1979-04-11,0.0019099
1979-04-16,0.0019232
1979-04-17,0.0019363
1979-04-19,0.0019454
1979-04-20,0.0019493
1979-04-23,0.0019556
1979-04-24,0.0019599
1979-04-25,0.001967
1979-04-26,0.0019679
1979-04-27,0.0019748
1979-04-30,0.0019854
1979-05-01,0.0019861
1979-05-03,0.0019904
1979-05-04,0.0019907
1979-05-07,0.0019892
1979-05-08,0.0019919
1979-05-09,0.0019926
1979-05-10,0.0019955
1979-05-11,0.0020107
1979-05-14,0.0020156
1979-05-15,0.0020171
1979-05-16,0.0020259
1979-05-17,0.0020525
1979-05-18,0.0020666
1979-05-22,0.0020828
1979-05-23,0.002079
1979-05-24,0.0020971
1979-05-25,0.0021001
1979-05-28,0.0020973
1979-05-29,0.0021054
1979-05-30,0.0020975
1979-05-31,0.0020812
1979-06-04,0.0020631
1979-06-05,0.0020494
1979-06-06,0.0020498
1979-06-07,0.0020405
1979-06-08,0.002048
1979-06-11,0.002063
1979-06-12,0.0020782
1979-06-13,0.0020864
1979-06-14,0.0020945
1979-06-15,0.002108
1979-06-18,0.0021158
1979-06-19,0.0021191
1979-06-20,0.0021238
1979-06-21,0.0021298
1979-06-22,0.0021321
1979-06-25,0.002152
1979-06-26,0.0021746
1979-06-27,0.0021796
1979-06-28,0.0021717
1979-06-29,0.002162
1979-07-03,0.0021521
1979-07-04,0.0021667
1979-07-05,0.002168
1979-07-06,0.0021792
1979-07-09,0.0021914
1979-07-10,0.0022027
1979-07-11,0.002199
1979-07-12,0.0022083
1979-07-13,0.0022099
1979-07-16,0.00221
1979-07-17,0.0022218
1979-07-18,0.002219
1979-07-19,0.0022082
1979-07-20,0.0022177
1979-07-23,0.0022274
1979-07-24,0.0022228
1979-07-25,0.0022276
1979-07-26,0.002208
1979-07-27,0.0022112
1979-07-30,0.0022157
1979-07-31,0.0022168
1979-08-01,0.0022067
1979-08-03,0.002197
1979-08-06,0.0022033
1979-08-07,0.0022101
1979-08-08,0.002228
1979-08-09,0.0022294
1979-08-10,0.0022359
1979-08-13,0.0022526
1979-08-14,0.0022582
1979-08-15,0.0022609
1979-08-16,0.0022693
1979-08-17,0.002284
1979-08-20,0.0023012
1979-08-21,0.0023166
1979-08-22,0.0023128
1979-08-23,0.0023141
1979-08-24,0.0023192
1979-08-27,0.0023291
1979-08-28,0.002327
1979-08-29,0.0023201
1979-08-30,0.0023202
1979-08-31,0.0023234
1979-09-04,0.002343
1979-09-05,0.0023392
1979-09-06,0.0023471
1979-09-07,0.0023533
1979-09-10,0.0023651
1979-09-11,0.0023837
1979-09-12,0.0023919
1979-09-13,0.0023936
1979-09-14,0.0024117
1979-09-17,0.0024385
1979-09-18,0.0024509
1979-09-19,0.0024633
1979-09-20,0.0024795
1979-09-21,0.0024834
1979-09-24,0.0024848
1979-09-25,0.0024831
1979-09-26,0.0024819
1979-09-27,0.0024794
1979-09-28,0.0024948
1979-10-02,0.0025015
1979-10-03,0.0025033
1979-10-04,0.0025104
1979-10-05,0.0025078
1979-10-09,0.002518
1979-10-10,0.0025188
1979-10-11,0.0025235
1979-10-12,0.002528
1979-10-15,0.0025411
1979-10-16,0.0025406
1979-10-17,0.0025451
1979-10-18,0.002537
1979-10-19,0.0025415
1979-10-22,0.0025486
1979-10-23,0.0025536
1979-10-24,0.0025517
1979-10-25,0.0025723
1979-10-26,0.0025848
1979-10-29,0.0025794
1979-10-30,0.0025869
1979-10-31,0.0025756
1979-11-01,0.0025805
1979-11-02,0.0025887
1979-11-05,0.0026146
1979-11-06,0.0026451
1979-11-07,0.0026696
1979-11-08,0.0026547
1979-11-09,0.0026378
1979-11-13,0.0026521
1979-11-14,0.002664
1979-11-15,0.0026623
1979-11-16,0.0026774
1979-11-19,0.0026929
1979-11-20,0.0027087
1979-11-21,0.0027322
1979-11-22,0.0027447
1979-11-23,0.0027652
1979-11-26,0.0027679
1979-11-27,0.0027891
1979-11-28,0.0027989
1979-11-29,0.0027983
1979-11-30,0.002806
1979-12-03,0.0028366
1979-12-04,0.0028473
1979-12-05,0.0028591
1979-12-06,0.0028574
1979-12-07,0.00288
1979-12-10,0.0028917
1979-12-11,0.0028988
1979-12-12,0.0029123
1979-12-13,0.0029077
1979-12-14,0.0028794
1979-12-17,0.0028978
1979-12-18,0.0028999
1979-12-19,0.0029096
1979-12-20,0.0029161
1979-12-21,0.0029363
1979-12-24,0.002945
1979-12-27,0.0029817
1979-12-28,0.002996
1979-12-31,0.0029844
1980-01-02,0.0030335
1980-01-03,0.0030373
1980-01-04,0.0030411
1980-01-06,3.0411
1980-01-07,0.0030655
1980-01-08,0.003065
1980-01-09,0.0030803
1980-01-10,0.0030824
1980-01-11,0.0031109
1980-01-13,3.1109
1980-01-14,0.0031127
1980-01-15,0.0031196
1980-01-16,0.0031191
1980-01-17,0.0031302
1980-01-18,0.0031507
1980-01-20,3.1507
1980-01-21,0.0031553
1980-01-22,0.0031539
1980-01-23,0.0031631
1980-01-24,0.0031763
1980-01-25,0.0031814
1980-01-27,3.1814
1980-01-28,0.0031846
1980-01-29,0.0031765
1980-01-30,0.0031887
1980-01-31,0.0031921
1980-02-01,0.0032069
1980-02-03,3.2069
1980-02-04,0.0032228
1980-02-05,0.003227
1980-02-06,0.0032365
1980-02-07,0.0032442
1980-02-08,0.0032485
1980-02-10,3.2485
1980-02-11,0.003264
1980-02-12,0.0032622
1980-02-13,0.0032646
1980-02-14,0.0032638
1980-02-15,0.0032718
1980-02-17,3.2718
1980-02-18,0.0032978
1980-02-19,0.0033265
1980-02-20,0.0033474
1980-02-21,0.003372
1980-02-22,0.0033863
1980-02-24,3.3863
1980-02-25,0.0034551
1980-02-26,0.0034683
1980-02-27,0.0034368
1980-02-28,0.0034471
1980-02-29,0.0034543
1980-03-04,0.0034517
1980-03-05,0.003432
1980-03-06,0.0034202
1980-03-07,0.0034085
1980-03-09,3.4085
1980-03-10,0.0034141
1980-03-11,0.0034015
1980-03-12,0.0034225
1980-03-13,0.0034349
1980-03-14,0.0034352
1980-03-16,3.4352
1980-03-17,0.0034235
1980-03-18,0.0034534
1980-03-19,0.0034758
1980-03-20,0.0034752
1980-03-21,0.0034716
1980-03-23,3.4716
1980-03-24,0.0034599
1980-03-25,0.0034539
1980-03-26,0.0034584
1980-03-27,0.0034639
1980-03-28,0.0034868
1980-03-30,3.4868
1980-03-31,0.0034898
1980-04-02,0.0034774
1980-04-03,0.0035278
1980-04-04,3.5278
1980-04-06,3.5278
1980-04-08,0.0035646
1980-04-09,0.0036024
1980-04-10,0.0036049
1980-04-11,0.0036309
1980-04-13,3.6309
1980-04-14,0.0036319
1980-04-15,0.0036091
1980-04-16,0.0035965
1980-04-17,0.0036176
1980-04-18,0.0036428
1980-04-20,3.6428
1980-04-22,0.003644
1980-04-23,0.0036612
1980-04-24,0.0036538
1980-04-25,0.0036696
1980-04-27,3.6696
1980-04-28,0.003657
1980-04-29,0.0036254
1980-04-30,0.0036218
1980-05-01,0.003629
1980-05-02,0.0036289
1980-05-04,3.6289
1980-05-05,0.003649
1980-05-06,0.0036746
1980-05-07,0.0036937
1980-05-08,0.003704
1980-05-09,0.0037348
1980-05-11,3.7348
1980-05-12,0.0037577
1980-05-13,0.0037768
1980-05-14,0.0037908
1980-05-15,0.0037591
1980-05-16,0.0038264
1980-05-18,3.8264
1980-05-19,3.8264
1980-05-20,0.0038704
1980-05-22,0.0039153
1980-05-23,0.0039322
1980-05-25,3.9322
1980-05-26,0.0039934
1980-05-27,0.0040015
1980-05-28,0.0039835
1980-05-29,0.0039759
1980-05-30,0.0039628
1980-06-01,3.9628
1980-06-02,0.003971
1980-06-03,0.0039636
1980-06-04,0.0039999
1980-06-05,0.0040177
1980-06-06,0.004056
1980-06-08,4.056
1980-06-09,0.0040935
1980-06-10,0.0041038
1980-06-11,0.0041292
1980-06-12,0.0041378
1980-06-13,0.0041487
1980-06-15,4.1487
1980-06-16,0.0041624
1980-06-17,0.0041594
1980-06-18,0.0041762
1980-06-19,0.0041923
1980-06-20,0.0042024
1980-06-22,4.2024
1980-06-23,0.0042318
1980-06-24,0.0042485
1980-06-25,0.0042694
1980-06-26,0.00428
1980-06-27,0.0043117
1980-06-29,4.3117
1980-06-30,0.0043212
1980-07-01,4.3212
1980-07-02,0.0043351
1980-07-03,0.0043753
1980-07-04,0.0043804
1980-07-06,4.3804
1980-07-07,0.0044114
1980-07-08,0.0044234
1980-07-09,0.0044181
1980-07-10,0.0044185
1980-07-11,0.0044186
1980-07-13,4.4186
1980-07-14,0.0044185
1980-07-15,0.0044322
1980-07-16,0.0044285
1980-07-17,0.0044714
1980-07-18,0.0044835
1980-07-20,4.4835
1980-07-21,0.0044762
1980-07-23,0.0044729
1980-07-24,0.0044657
1980-07-25,0.0044638
1980-07-27,4.4638
1980-07-28,0.0044618
1980-07-29,0.0044455
1980-07-30,0.0044678
1980-07-31,0.0044879
1980-08-01,0.004524
1980-08-03,4.524
1980-08-04,4.524
1980-08-05,0.0045624
1980-08-06,0.0045705
1980-08-07,0.004581
1980-08-08,0.0046071
1980-08-10,4.6071
1980-08-11,0.0045999
1980-08-12,0.0045899
1980-08-13,0.0046182
1980-08-14,0.0046077
1980-08-15,0.0046077
1980-08-17,4.6077
1980-08-18,0.0046402
1980-08-19,0.0046646
1980-08-20,0.0047184
1980-08-21,0.0047403
1980-08-22,0.0047544
1980-08-24,4.7544
1980-08-25,0.0047833
1980-08-26,0.0048103
1980-08-27,0.0048244
1980-08-28,0.004828
1980-08-29,0.004823
1980-08-31,4.823
1980-09-01,4.823
1980-09-02,0.004837
1980-09-03,0.0048495
1980-09-04,0.0048107
1980-09-05,0.0048242
1980-09-07,4.8242
1980-09-08,0.0048653
1980-09-09,0.0048734
1980-09-10,0.0048991
1980-09-14,4.8991
1980-09-15,0.0049226
1980-09-16,0.0049243
1980-09-17,0.0049303
1980-09-18,0.0049433
1980-09-19,0.0049955
1980-09-21,4.9955
1980-09-22,0.0049992
1980-09-23,0.0050333
1980-09-24,0.0050388
1980-09-26,0.0050629
1980-09-28,5.0629
1980-09-29,0.0050373
1980-10-03,0.0050681
1980-10-05,5.0681
1980-10-06,0.0051114
1980-10-07,0.005117
1980-10-08,0.0051279
1980-10-09,0.0051463
1980-10-10,0.0051701
1980-10-12,5.1701
1980-10-13,5.1701
1980-10-14,0.0051918
1980-10-15,0.0052054
1980-10-16,0.0052047
1980-10-17,0.0052163
1980-10-19,5.2163
1980-10-20,0.0052432
1980-10-21,0.005262
1980-10-22,0.005286
1980-10-23,0.0052852
1980-10-24,0.0053179
1980-10-26,5.3179
1980-10-27,0.0053589
1980-10-28,0.0053494
1980-10-29,0.0053652
1980-10-30,0.0053882
1980-10-31,0.0054062
1980-11-02,5.4062
1980-11-03,0.0054179
1980-11-04,0.0054124
1980-11-05,0.0054329
1980-11-06,0.0054653
1980-11-07,0.0055124
1980-11-09,5.5124
1980-11-10,0.005571
1980-11-11,5.571
1980-11-12,0.005613
1980-11-13,0.0056068
1980-11-14,0.0056035
1980-11-16,5.6035
1980-11-17,0.0056577
1980-11-18,0.0056803
1980-11-19,0.005695
1980-11-20,0.0057081
1980-11-21,0.0057444
1980-11-23,5.7444
1980-11-24,0.0057858
1980-11-25,0.0057823
1980-11-26,0.0058354
1980-11-27,0.0058663
1980-11-28,0.0058781
1980-11-30,5.8781
1980-12-01,0.0058298
1980-12-02,0.0059178
1980-12-03,0.0059344
1980-12-04,0.0059202
1980-12-05,0.0059483
1980-12-07,5.9483
1980-12-08,0.0060246
1980-12-09,0.0060703
1980-12-10,0.0061349
1980-12-11,0.0061289
1980-12-12,0.0061505
1980-12-14,6.1505
1980-12-15,0.0061949
1980-12-16,0.0062193
1980-12-17,0.0062865
1980-12-18,0.0062358
1980-12-19,0.0063531
1980-12-21,6.3531
1980-12-22,0.0064071
1980-12-23,0.0063881
1980-12-24,0.0063311
1980-12-26,6.3311
1980-12-28,6.3311
1980-12-29,0.0064456
1980-12-30,0.0063997
1980-12-31,0.0063448
1981-01-02,0.0063788
1981-01-04,6.3788
1981-01-05,0.006445
1981-01-06,0.0064557
1981-01-07,0.0064716
1981-01-08,0.0064501
1981-01-09,0.0064767
1981-01-11,6.4767
1981-01-12,0.0065295
1981-01-13,0.0064969
1981-01-14,0.0066158
1981-01-15,0.0066285
1981-01-16,0.006635
1981-01-18,6.635
1981-01-19,0.0067308
1981-01-20,0.006722
1981-01-21,0.006754
1981-01-22,0.0067861
1981-01-23,0.0068063
1981-01-25,6.8063
1981-01-26,0.0068293
1981-01-27,0.0068055
1981-01-28,0.0067802
1981-01-29,0.0067101
1981-01-30,0.0067418
1981-02-01,6.7418
1981-02-02,0.0068184
1981-02-03,0.006756
1981-02-04,0.0067109
1981-02-05,0.0067557
1981-02-06,0.0068567
1981-02-08,6.8567
1981-02-09,0.0069099
1981-02-10,0.0068767
1981-02-11,0.0068798
1981-02-12,0.0069142
1981-02-13,0.0069997
1981-02-15,6.9997
1981-02-16,0.0070813
1981-02-17,0.0071209
1981-02-18,0.007161
1981-02-19,0.007164
1981-02-20,0.0071848
1981-02-22,7.1848
1981-02-23,0.0071928
1981-02-24,0.0071654
1981-02-25,0.0072043
1981-02-26,0.0071716
1981-02-27,0.0072087
1981-03-01,7.2087
1981-03-02,0.0071943
1981-03-03,0.0072128
1981-03-04,0.0072241
1981-03-05,0.0072913
1981-03-06,0.0072706
1981-03-08,7.2706
1981-03-09,0.0072964
1981-03-10,0.0073604
1981-03-11,0.0073727
1981-03-12,0.0073046
1981-03-13,0.00735
1981-03-15,7.35
1981-03-16,0.0073864
1981-03-17,0.0074538
1981-03-18,0.0074876
1981-03-19,0.0074966
1981-03-20,0.0074841
1981-03-23,0.007547
1981-03-24,0.0075433
1981-03-25,0.0075462
1981-03-26,0.0075312
1981-03-27,0.0075146
1981-03-29,7.5146
1981-03-30,0.0075044
1981-03-31,0.0074804
1981-04-01,0.0075048
1981-04-02,0.0075624
1981-04-03,0.0076138
1981-04-05,7.6138
1981-04-06,0.0076763
1981-04-07,0.0077026
1981-04-08,0.0077831
1981-04-09,0.0077961
1981-04-10,0.0078004
1981-04-12,7.8004
1981-04-13,0.0077747
1981-04-14,0.0077328
1981-04-15,0.0077369
1981-04-16,0.007731
1981-04-17,7.731
1981-04-20,0.0077657
1981-04-21,0.0077852
1981-04-22,0.0078692
1981-04-23,0.0078177
1981-04-24,0.0078477
1981-04-26,7.8477
1981-04-27,0.0079282
1981-04-28,0.0079039
1981-04-29,0.0079297
1981-04-30,0.0079247
1981-05-01,0.0079836
1981-05-03,7.9836
1981-05-04,0.0080155
1981-05-05,0.0081007
1981-05-06,0.0081874
1981-05-08,0.0082229
1981-05-10,8.2229
1981-05-11,0.0082571
1981-05-12,0.0082621
1981-05-13,0.0082948
1981-05-14,0.0082753
1981-05-15,0.008319
1981-05-17,8.319
1981-05-18,8.319
1981-05-19,0.0086023
1981-05-20,0.0086503
1981-05-21,0.0087086
1981-05-22,0.0087355
1981-05-24,8.7355
1981-05-25,0.0088405
1981-05-26,0.0088547
1981-05-27,0.0089184
1981-05-28,0.0090054
1981-05-29,0.0089898
1981-05-31,8.9898
1981-06-01,0.0090475
1981-06-02,0.0090071
1981-06-03,0.0091682
1981-06-04,0.00924
1981-06-05,0.0092529
1981-06-07,9.2529
1981-06-09,0.0093885
1981-06-10,0.0094789
1981-06-11,0.0094574
1981-06-12,0.0094796
1981-06-14,9.4796
1981-06-15,0.0095332
1981-06-16,0.0095395
1981-06-17,0.0095629
1981-06-18,0.0095033
1981-06-19,0.0095512
1981-06-21,9.5512
1981-06-22,0.0096097
1981-06-23,0.0096601
1981-06-24,0.0096646
1981-06-25,0.009643
1981-06-26,0.0096565
1981-06-28,9.6565
1981-06-29,0.0097279
1981-07-01,9.7279
1981-07-02,0.0097879
1981-07-03,0.0098867
1981-07-05,9.8867
1981-07-06,0.0099537
1981-07-07,0.0099933
1981-07-08,0.0100492
1981-07-09,0.0100259
1981-07-10,0.0099921
1981-07-12,9.9921
1981-07-13,0.0100143
1981-07-14,0.0099973
1981-07-15,0.0100011
1981-07-16,0.0099992
1981-07-17,0.0099937
1981-07-19,9.9937
1981-07-20,0.0099931
1981-07-21,0.0099698
1981-07-22,0.0099876
1981-07-23,0.0099894
1981-07-24,0.0099579
1981-07-26,9.9579
1981-07-27,0.0099948
1981-07-28,0.0099118
1981-07-29,0.0099453
1981-07-30,0.0099407
1981-07-31,0.0098543
1981-08-02,9.8543
1981-08-03,9.8543
1981-08-04,0.0098738
1981-08-05,0.009901
1981-08-06,0.0099578
1981-08-07,0.0098833
1981-08-10,0.0098572
1981-08-11,0.0100196
1981-08-12,0.0101372
1981-08-13,0.0101061
1981-08-14,0.0100908
1981-08-16,10.0908
1981-08-17,0.0101964
1981-08-18,0.0103233
1981-08-19,0.0103536
1981-08-20,0.0104022
1981-08-21,0.0104023
1981-08-23,10.4023
1981-08-24,0.0104118
1981-08-25,0.0103973
1981-08-26,0.010415
1981-08-27,0.0104723
1981-08-28,0.010576
1981-08-30,10.576
1981-08-31,0.0105984
1981-09-01,0.0105571
1981-09-02,0.0105951
1981-09-03,0.0105602
1981-09-04,0.010528
1981-09-06,10.528
1981-09-07,10.528
1981-09-08,0.0109307
1981-09-09,0.010995
1981-09-10,0.0110163
1981-09-11,0.0110201
1981-09-13,11.0201
1981-09-14,0.0110651
1981-09-15,0.0110413
1981-09-16,0.0110202
1981-09-17,0.010961
1981-09-18,0.0109541
1981-09-20,10.9541
1981-09-21,0.0109597
1981-09-22,0.0109579
1981-09-23,0.0109967
1981-09-24,0.0110447
1981-09-25,0.0111116
1981-09-27,11.1116
1981-09-28,0.0111613
1981-10-01,0.0111759
1981-10-02,0.0112224
1981-10-04,11.2224
1981-10-05,0.0113393
1981-10-06,0.0113444
1981-10-07,0.0114341
1981-10-09,0.0113344
1981-10-11,11.3344
1981-10-12,11.3344
1981-10-14,0.0113517
1981-10-15,0.0113952
1981-10-16,0.0113953
1981-10-18,11.3953
1981-10-19,0.0114599
1981-10-21,0.011454
1981-10-22,0.0114786
1981-10-23,0.0114897
1981-10-25,11.4897
1981-10-26,0.0115318
1981-10-28,0.0115792
1981-10-29,0.011641
1981-10-30,0.0117274
1981-11-01,11.7274
1981-11-02,0.0118184
1981-11-03,0.011772
1981-11-04,0.0117812
1981-11-05,0.0118611
1981-11-06,0.0118489
1981-11-08,11.8489
1981-11-09,0.0119583
1981-11-10,0.0119571
1981-11-11,11.9571
1981-11-12,0.0120432
1981-11-13,0.0120992
1981-11-15,12.0992
1981-11-16,0.0121388
1981-11-17,0.0122451
1981-11-18,0.0123033
1981-11-19,0.0123805
1981-11-20,0.0123877
1981-11-22,12.3877
1981-11-23,0.0124794
1981-11-24,0.0125811
1981-11-25,0.0126033
1981-11-26,0.0126928
1981-11-27,0.0127359
1981-11-29,12.7359
1981-11-30,0.0127184
1981-12-01,0.0127139
1981-12-02,0.0127174
1981-12-03,0.012739
1981-12-04,0.0127391
1981-12-06,12.7391
1981-12-07,0.0128159
1981-12-08,0.0127922
1981-12-09,0.0128096
1981-12-10,0.0127701
1981-12-11,0.0127604
1981-12-13,12.7604
1981-12-14,0.0127801
1981-12-15,0.0127892
1981-12-16,0.012888
1981-12-17,0.0128644
1981-12-18,0.0128896
1981-12-20,12.8896
1981-12-21,0.0129967
1981-12-22,0.0131059
1981-12-23,0.013179
1981-12-24,0.0131773
1981-12-27,13.1773
1981-12-28,13.1773
1981-12-29,0.0131975
1981-12-30,0.0131813
1981-12-31,0.0131558
1982-01-03,13.1558
1982-01-04,0.0131873
1982-01-05,0.0131577
1982-01-06,0.0132401
1982-01-07,0.013281
1982-01-08,0.0133664
1982-01-10,13.3664
1982-01-11,0.0134392
1982-01-12,0.013417
1982-01-13,0.013467
1982-01-14,0.0134437
1982-01-15,0.0134907
1982-01-17,13.4907
1982-01-18,0.0134956
1982-01-19,0.0136203
1982-01-20,0.0136332
1982-01-21,0.0137129
1982-01-22,0.0137381
1982-01-24,13.7381
1982-01-25,0.0138043
1982-01-26,0.0138644
1982-01-27,0.0139194
1982-01-28,0.0139212
1982-01-29,0.0140064
1982-01-31,14.0064
1982-02-01,0.0140464
1982-02-02,0.0139907
1982-02-03,0.0140601
1982-02-04,0.0140602
1982-02-05,0.0140984
1982-02-07,14.0984
1982-02-08,0.0141573
1982-02-09,0.0141819
1982-02-10,0.0141996
1982-02-11,0.0142663
1982-02-12,0.014269
1982-02-14,14.269
1982-02-15,0.0143461
1982-02-16,0.0144357
1982-02-17,0.0144977
1982-02-18,0.0146027
1982-02-19,0.0146673
1982-02-21,14.6673
1982-02-22,0.0147653
1982-02-23,0.0147393
1982-02-24,0.0148157
1982-02-25,0.0147983
1982-02-26,0.0147538
1982-02-28,14.7538
1982-03-01,0.0147381
1982-03-02,0.0148787
1982-03-03,0.0149287
1982-03-04,0.0149468
1982-03-05,0.0150916
1982-03-07,15.0916
1982-03-08,0.0152126
1982-03-11,0.0152706
1982-03-12,0.0153253
1982-03-14,15.3253
1982-03-15,0.0153275
1982-03-16,0.0153731
1982-03-17,0.0154725
1982-03-18,0.0155242
1982-03-19,0.015489
1982-03-21,15.489
1982-03-22,0.0155587
1982-03-23,0.015582
1982-03-24,0.0156244
1982-03-25,0.0155413
1982-03-26,0.0154911
1982-03-28,15.4911
1982-03-29,0.0155398
1982-03-30,0.0155831
1982-03-31,0.0155897
1982-04-01,0.0156732
1982-04-02,0.0157593
1982-04-04,15.7593
1982-04-05,0.0158347
1982-04-06,0.0158627
1982-04-07,0.0159468
1982-04-09,15.9468
1982-04-11,15.9468
1982-04-12,0.0160728
1982-04-13,0.0161791
1982-04-15,0.0163113
1982-04-16,0.0163733
1982-04-18,16.3733
1982-04-19,0.0165199
1982-04-20,0.0165239
1982-04-21,0.0165019
1982-04-22,0.0164531
1982-04-23,0.0165205
1982-04-25,16.5205
1982-04-26,0.0166452
1982-04-27,0.0166495
1982-04-29,0.0166902
1982-04-30,0.0168255
1982-05-02,16.8255
1982-05-03,0.0168002
1982-05-04,0.0167784
1982-05-05,0.0168339
1982-05-06,0.0168479
1982-05-07,0.0169156
1982-05-09,16.9156
1982-05-10,0.0169477
1982-05-11,0.0168982
1982-05-12,0.0168529
1982-05-13,0.0167936
1982-05-14,0.016958
1982-05-16,16.958
1982-05-17,0.0170004
1982-05-18,0.0171777
1982-05-19,0.0172479
1982-05-20,0.0174108
1982-05-21,0.0175308
1982-05-23,17.5308
1982-05-24,17.5308
1982-05-25,0.017539
1982-05-26,0.0174872
1982-05-27,0.0174904
1982-05-30,17.4904
1982-05-31,0.0176206
1982-06-01,0.0176342
1982-06-02,0.0177684
1982-06-03,0.017778
1982-06-04,0.0177356
1982-06-06,17.7356
1982-06-07,0.0176909
1982-06-08,0.0177453
1982-06-09,0.0177195
1982-06-10,0.0178238
1982-06-11,0.0178922
1982-06-13,17.8922
1982-06-14,0.017995
1982-06-15,0.0180288
1982-06-16,0.0181657
1982-06-17,0.018252
1982-06-18,0.0181963
1982-06-20,18.1963
1982-06-21,0.0183457
1982-06-22,0.0183288
1982-06-23,0.0183804
1982-06-24,0.0187043
1982-06-25,0.0187119
1982-06-27,18.7119
1982-06-28,0.0186335
1982-06-29,0.0186106
1982-06-30,0.0186103
1982-07-01,18.6103
1982-07-02,0.0188176
1982-07-04,18.8176
1982-07-05,0.0191192
1982-07-06,0.0191606
1982-07-07,0.0192884
1982-07-08,0.0193908
1982-07-09,0.0195212
1982-07-11,19.5212
1982-07-12,0.0199902
1982-07-13,0.0199782
1982-07-14,0.0199814
1982-07-15,0.0199287
1982-07-16,0.0200765
1982-07-18,20.0765
1982-07-19,0.0202578
1982-07-20,0.0201867
1982-07-21,0.0202519
1982-07-22,0.0201026
1982-07-23,0.0200483
1982-07-25,20.0483
1982-07-26,0.0201474
1982-07-27,0.0202707
1982-07-28,0.0203656
1982-07-30,0.020483
1982-08-01,20.483
1982-08-02,20.483
1982-08-03,0.0210543
1982-08-04,0.02105
1982-08-05,0.0214041
1982-08-06,0.0214586
1982-08-08,21.4586
1982-08-09,0.0215125
1982-08-10,0.0216276
1982-08-11,0.0216121
1982-08-12,0.0214332
1982-08-13,0.0215631
1982-08-15,21.5631
1982-08-16,0.021694
1982-08-17,0.0217701
1982-08-18,0.0218551
1982-08-19,0.0215568
1982-08-20,0.021866
1982-08-22,21.866
1982-08-23,0.02189
1982-08-24,0.0218119
1982-08-25,0.0218524
1982-08-26,0.0218174
1982-08-27,0.0219185
1982-08-29,21.9185
1982-08-30,0.0220277
1982-08-31,0.0221426
1982-09-01,0.0223143
1982-09-02,0.0224155
1982-09-03,0.0228057
1982-09-05,22.8057
1982-09-06,0.0229794
1982-09-07,0.023216
1982-09-08,0.0232199
1982-09-09,0.0234572
1982-09-10,0.0233052
1982-09-12,23.3052
1982-09-13,0.0232937
1982-09-14,0.0233317
1982-09-15,0.0233442
1982-09-16,0.0231983
1982-09-17,0.0234237
1982-09-20,0.0235714
1982-09-21,0.0236248
1982-09-22,0.0236642
1982-09-23,0.0235736
1982-09-24,0.0235586
1982-09-26,23.5586
1982-09-28,0.0235426
1982-09-29,0.023671
1982-09-30,0.0235647
1982-10-01,0.0236735
1982-10-03,23.6735
1982-10-04,0.0236956
1982-10-05,0.0237294
1982-10-06,0.0237485
1982-10-07,0.0236567
1982-10-08,0.0238028
1982-10-10,23.8028
1982-10-11,23.8028
1982-10-12,0.0240017
1982-10-13,0.0241172
1982-10-14,0.0243615
1982-10-15,0.0241654
1982-10-17,24.1654
1982-10-18,0.024307
1982-10-19,0.0242874
1982-10-20,0.0241561
1982-10-21,0.0241483
1982-10-22,0.0243535
1982-10-24,24.3535
1982-10-25,0.0244019
1982-10-26,0.024581
1982-10-27,0.0247763
1982-10-28,0.024736
1982-10-29,0.0248631
1982-10-31,24.8631
1982-11-01,0.0249823
1982-11-02,0.0250369
1982-11-03,0.0251422
1982-11-04,0.0252801
1982-11-05,0.0253843
1982-11-07,25.3843
1982-11-08,0.0253817
1982-11-09,0.0255234
1982-11-10,0.0255216
1982-11-11,25.5216
1982-11-12,0.0254225
1982-11-14,25.4225
1982-11-15,0.0256011
1982-11-16,0.0255285
1982-11-17,0.0255802
1982-11-18,0.02547
1982-11-19,0.0256463
1982-11-21,25.6463
1982-11-22,0.0256972
1982-11-23,0.0256662
1982-11-24,0.0256802
1982-11-25,0.0256606
1982-11-26,0.0256745
1982-11-28,25.6745
1982-11-29,0.0258247
1982-11-30,0.025764
1982-12-01,0.0260716
1982-12-02,0.0260911
1982-12-03,0.0261654
1982-12-05,26.1654
1982-12-06,0.0261039
1982-12-07,0.0261943
1982-12-08,0.0260767
1982-12-09,0.0262409
1982-12-10,0.0265185
1982-12-12,26.5185
1982-12-13,0.0265841
1982-12-14,0.0266933
1982-12-15,0.0266185
1982-12-16,0.026565
1982-12-17,0.0267265
1982-12-19,26.7265
1982-12-20,0.0267096
1982-12-21,0.0267269
1982-12-22,0.0266263
1982-12-23,0.0266439
1982-12-24,0.0266883
1982-12-26,26.6883
1982-12-27,26.6883
1982-12-28,26.6883
1982-12-29,0.0269774
1982-12-30,0.0270527
1982-12-31,0.0272986
1983-01-03,27.2986
1983-01-04,0.0274394
1983-01-05,0.0274851
1983-01-06,0.0276044
1983-01-07,0.0276415
1983-01-09,27.6415
1983-01-10,0.027995
1983-01-11,0.0279844
1983-01-12,0.0281477
1983-01-13,0.0282824
1983-01-14,0.0283761
1983-01-16,28.3761
1983-01-17,0.0284879
1983-01-18,0.028522
1983-01-19,0.0285674
1983-01-20,0.0286561
1983-01-21,0.0286291
1983-01-23,28.6291
1983-01-24,0.0286484
1983-01-25,0.0286885
1983-01-26,0.0286613
1983-01-27,0.0287581
1983-01-28,0.0289075
1983-01-30,28.9075
1983-01-31,0.0289504
1983-02-01,0.0290429
1983-02-02,0.029105
1983-02-03,0.0292317
1983-02-04,0.0294754
1983-02-06,29.4754
1983-02-07,0.0297448
1983-02-08,0.0298006
1983-02-09,0.0299449
1983-02-10,0.0300353
1983-02-11,0.0299102
1983-02-13,29.9102
1983-02-14,0.0299056
1983-02-15,0.0301602
1983-02-16,0.0300701
1983-02-17,0.030197
1983-02-18,0.0303031
1983-02-20,30.3031
1983-02-21,0.0303527
1983-02-22,0.0304827
1983-02-23,0.0303217
1983-02-24,0.0306153
1983-02-25,0.0305672
1983-03-01,0.0307376
1983-03-02,0.0307849
1983-03-03,0.0310279
1983-03-04,0.0311198
1983-03-06,31.1198
1983-03-07,0.0311992
1983-03-08,0.0312112
1983-03-09,0.0311261
1983-03-10,0.0312146
1983-03-11,0.0312368
1983-03-13,31.2368
1983-03-14,0.0314062
1983-03-15,0.0314568
1983-03-16,0.0316125
1983-03-17,0.0317718
1983-03-18,0.0316931
1983-03-20,31.6931
1983-03-21,0.0319376
1983-03-22,0.0320373
1983-03-23,0.0319661
1983-03-24,0.0320877
1983-03-25,0.0321712
1983-03-27,32.1712
1983-03-28,0.0322293
1983-03-30,0.03222
1983-03-31,0.0321337
1983-04-01,32.1337
1983-04-03,32.1337
1983-04-05,0.0323516
1983-04-06,0.0326467
1983-04-07,0.032643
1983-04-08,0.0325174
1983-04-10,32.5174
1983-04-11,0.0326938
1983-04-12,0.0329877
1983-04-13,0.0329264
1983-04-14,0.0329831
1983-04-15,0.0331425
1983-04-17,33.1425
1983-04-19,0.0331603
1983-04-20,0.0332403
1983-04-21,0.0335186
1983-04-22,0.0336222
1983-04-24,33.6222
1983-04-25,0.0337673
1983-04-26,0.0338565
1983-04-27,0.0339623
1983-04-28,0.0340651
1983-04-29,0.0342134
1983-05-01,34.2134
1983-05-02,0.0343176
1983-05-03,0.0345155
1983-05-04,0.0346684
1983-05-05,0.034702
1983-05-06,0.0346516
1983-05-08,34.6516
1983-05-09,0.0348957
1983-05-10,0.0350288
1983-05-11,0.0351422
1983-05-12,0.0350588
1983-05-13,0.0351948
1983-05-15,35.1948
1983-05-16,0.0352665
1983-05-17,0.0354043
1983-05-19,0.0354288
1983-05-20,0.0355382
1983-05-22,35.5382
1983-05-23,35.5382
1983-05-24,0.0354143
1983-05-25,0.0356689
1983-05-26,0.0358534
1983-05-27,0.0359065
1983-05-29,35.9065
1983-05-30,0.0362594
1983-05-31,0.0362994
1983-06-01,0.0364189
1983-06-02,0.0364027
1983-06-03,0.0365655
1983-06-05,36.5655
1983-06-06,0.0365252
1983-06-07,0.0365133
1983-06-08,0.0364615
1983-06-09,0.0366978
1983-06-10,0.0367455
1983-06-12,36.7455
1983-06-13,0.0370134
1983-06-14,0.0371807
1983-06-15,0.0371135
1983-06-16,0.0372881
1983-06-17,0.0373486
1983-06-19,37.3486
1983-06-20,0.0376152
1983-06-21,0.0377416
1983-06-22,0.0379894
1983-06-23,0.0380855
1983-06-24,0.0380427
1983-06-26,38.0427
1983-06-27,0.0382379
1983-06-28,0.0383176
1983-06-29,0.0385439
1983-06-30,0.0387083
1983-07-01,38.7083
1983-07-03,38.7083
1983-07-04,0.0386985
1983-07-05,0.0388941
1983-07-06,0.0389365
1983-07-07,0.0392847
1983-07-08,0.039241
1983-07-10,39.241
1983-07-11,0.0395435
1983-07-12,0.0397241
1983-07-13,0.0399417
1983-07-14,0.0401532
1983-07-15,0.040242
1983-07-17,40.242
1983-07-18,0.0403991
1983-07-20,0.0405504
1983-07-21,0.0406622
1983-07-22,0.0408191
1983-07-24,40.8191
1983-07-25,0.0406784
1983-07-26,0.0408494
1983-07-27,0.0411023
1983-07-28,0.0410218
1983-07-29,0.0412989
1983-07-31,41.2989
1983-08-01,41.2989
1983-08-02,0.041813
1983-08-03,0.0420529
1983-08-04,0.0423279
1983-08-05,0.0424356
1983-08-07,42.4356
1983-08-08,0.0426856
1983-08-09,0.0430301
1983-08-10,0.0460839
1983-08-11,0.0461688
1983-08-12,0.0463362
1983-08-14,46.3362
1983-08-15,0.0464224
1983-08-16,0.046633
1983-08-17,0.0465501
1983-08-18,0.0467845
1983-08-19,0.0466696
1983-08-21,46.6696
1983-08-22,0.0470299
1983-08-23,0.046891
1983-08-24,0.0471379
1983-08-25,0.0469273
1983-08-26,0.0471006
1983-08-28,47.1006
1983-08-29,0.0475174
1983-08-30,0.0476576
1983-08-31,0.0476908
1983-09-01,0.0477232
1983-09-02,0.0478729
1983-09-04,47.8729
1983-09-05,47.8729
1983-09-06,0.0486357
1983-09-07,0.0487672
1983-09-11,48.7672
1983-09-12,0.049027
1983-09-13,0.0493562
1983-09-14,0.04957
1983-09-15,0.0495153
1983-09-16,0.0496898
1983-09-18,49.6898
1983-09-19,0.049868
1983-09-20,0.0502656
1983-09-21,0.0504116
1983-09-23,0.0504603
1983-09-25,50.4603
1983-09-26,0.0509114
1983-09-27,0.0512147
1983-09-28,0.0516332
1983-09-30,0.0516837
1983-10-02,51.6837
1983-10-03,0.0521779
1983-10-04,0.0523952
1983-10-05,0.052719
1983-10-06,0.0529918
1983-10-07,0.0533477
1983-10-09,53.3477
1983-10-10,53.3477
1983-10-11,0.0655619
1983-10-12,0.0655086
1983-10-13,0.0657087
1983-10-14,0.0659256
1983-10-16,65.9256
1983-10-17,0.0662389
1983-10-18,0.0664904
1983-10-19,0.0666722
1983-10-20,0.0662701
1983-10-21,0.0662903
1983-10-23,66.2903
1983-10-24,0.0665234
1983-10-26,0.0669103
1983-10-27,0.0670752
1983-10-28,0.0672808
1983-10-30,67.2808
1983-10-31,0.0679571
1983-11-01,0.0684081
1983-11-02,0.0687001
1983-11-03,0.069341
1983-11-04,0.0696859
1983-11-06,69.6859
1983-11-07,0.0700747
1983-11-08,0.0703233
1983-11-09,0.0706421
1983-11-10,0.0708282
1983-11-11,70.8282
1983-11-13,70.8282
1983-11-14,0.0712685
1983-11-15,0.0716858
1983-11-16,0.0723884
1983-11-17,0.0726092
1983-11-18,0.0731947
1983-11-20,73.1947
1983-11-21,0.073499
1983-11-22,0.0736273
1983-11-23,0.0744129
1983-11-24,0.0746783
1983-11-25,0.0752209
1983-11-27,75.2209
1983-11-28,0.0760077
1983-11-29,0.0763984
1983-11-30,0.0771721
1983-12-01,0.0775908
1983-12-02,0.077739
1983-12-04,77.739
1983-12-05,0.0781415
1983-12-06,0.0785276
1983-12-07,0.0787586
1983-12-08,0.0791482
1983-12-09,0.0789578
1983-12-11,78.9578
1983-12-12,0.0797052
1983-12-13,0.0800866
1983-12-14,0.0802591
1983-12-15,0.0804581
1983-12-16,0.080719
1983-12-18,80.719
1983-12-19,0.0814753
1983-12-20,0.081609
1983-12-21,0.0822231
1983-12-22,0.0832626
1983-12-23,0.0840796
1983-12-25,84.0796
1983-12-27,84.0796
1983-12-28,0.0860827
1983-12-29,0.0865274
1983-12-30,0.086597
1984-01-02,86.597
1984-01-03,0.0881241
1984-01-04,0.0886094
1984-01-05,0.0886165
1984-01-06,0.0891466
1984-01-08,89.1466
1984-01-09,0.0898743
1984-01-10,0.0903719
1984-01-11,0.091025
1984-01-12,0.091281
1984-01-13,0.091618
1984-01-15,91.618
1984-01-16,0.092619
1984-01-17,0.093322
1984-01-18,0.093565
1984-01-19,0.094024
1984-01-20,0.094641
1984-01-22,94.641
1984-01-23,0.095415
1984-01-24,0.096081
1984-01-25,0.096969
1984-01-26,0.097854
1984-01-27,0.098513
1984-01-29,98.513
1984-01-30,0.099147
1984-01-31,0.099067
1984-02-01,0.099435
1984-02-02,0.099643
1984-02-03,0.099715
1984-02-05,99.715
1984-02-06,0.1006
1984-02-07,0.1013
1984-02-08,0.10169
1984-02-09,0.10203
1984-02-10,0.10243
1984-02-12,102.43
1984-02-13,0.10331
1984-02-14,0.10361
1984-02-15,0.10347
1984-02-16,0.10402
1984-02-17,0.10472
1984-02-19,104.72
1984-02-20,0.10477
1984-02-21,0.10551
1984-02-22,0.10621
1984-02-23,0.10655
1984-02-24,0.10715
1984-02-26,107.15
1984-02-27,0.10812
1984-02-28,0.10896
1984-02-29,0.10947
1984-03-01,0.1102
1984-03-02,0.11115
1984-03-04,111.15
1984-03-05,0.11237
1984-03-06,0.11228
1984-03-07,0.11275
1984-03-08,0.11236
1984-03-09,0.11329
1984-03-11,113.29
1984-03-12,0.11281
1984-03-13,0.11456
1984-03-14,0.11446
1984-03-15,0.11485
1984-03-16,0.11605
1984-03-20,0.11601
1984-03-21,0.11622
1984-03-22,0.11678
1984-03-23,0.1173
1984-03-25,117.3
1984-03-26,0.11803
1984-03-27,0.11828
1984-03-28,0.11844
1984-03-29,0.11965
1984-03-30,0.11992
1984-04-01,119.92
1984-04-02,0.12133
1984-04-03,0.12218
1984-04-04,0.12304
1984-04-05,0.12389
1984-04-06,0.12508
1984-04-08,125.08
1984-04-09,0.12688
1984-04-10,0.12801
1984-04-11,0.12932
1984-04-12,0.12958
1984-04-13,0.13068
1984-04-15,130.68
1984-04-16,0.13247
1984-04-18,0.1337
1984-04-19,0.13415
1984-04-20,134.15
1984-04-22,134.15
1984-04-24,0.13763
1984-04-25,0.13835
1984-04-26,0.1391
1984-04-27,0.14044
1984-04-29,140.44
1984-04-30,0.14083
1984-05-01,0.14041
1984-05-02,0.14104
1984-05-03,0.14264
1984-05-04,0.14426
1984-05-06,144.26
1984-05-08,0.1442
1984-05-09,0.14498
1984-05-10,0.14601
1984-05-11,0.14591
1984-05-13,145.91
1984-05-14,0.1471
1984-05-15,0.14792
1984-05-16,0.14833
1984-05-17,0.14864
1984-05-18,0.14878
1984-05-20,148.78
1984-05-21,148.78
1984-05-22,0.15064
1984-05-23,0.15161
1984-05-24,0.15146
1984-05-25,0.15202
1984-05-27,152.02
1984-05-28,0.15368
1984-05-29,0.15451
1984-05-30,0.15546
1984-05-31,0.15572
1984-06-01,0.15679
1984-06-03,156.79
1984-06-04,0.15833
1984-06-05,0.15885
1984-06-07,0.15942
1984-06-08,0.16068
1984-06-10,160.68
1984-06-11,0.16172
1984-06-12,0.16215
1984-06-13,0.163
1984-06-14,0.16329
1984-06-15,0.16398
1984-06-17,163.98
1984-06-18,0.16624
1984-06-19,0.16652
1984-06-20,0.16734
1984-06-21,0.16859
1984-06-22,0.16993
1984-06-24,169.93
1984-06-25,0.17372
1984-06-26,0.17539
1984-06-27,0.17691
1984-06-28,0.17808
1984-06-29,0.17933
1984-07-01,179.33
1984-07-02,179.33
1984-07-03,0.18266
1984-07-04,0.18304
1984-07-05,0.18288
1984-07-06,0.18501
1984-07-08,185.01
1984-07-09,0.18744
1984-07-10,0.18827
1984-07-11,0.18793
1984-07-12,0.18875
1984-07-13,0.1909
1984-07-15,190.9
1984-07-16,0.19243
1984-07-17,0.19468
1984-07-18,0.1962
1984-07-19,0.19793
1984-07-20,0.19984
1984-07-22,199.84
1984-07-25,0.20448
1984-07-26,0.20803
1984-07-27,0.21081
1984-07-29,210.81
1984-07-30,0.2126
1984-07-31,0.21508
1984-08-01,0.21854
1984-08-02,0.22031
1984-08-03,0.2225
1984-08-05,222.5
1984-08-06,222.5
1984-08-08,0.22477
1984-08-09,0.22631
1984-08-10,0.22837
1984-08-12,228.37
1984-08-13,0.22972
1984-08-14,0.23238
1984-08-15,0.23366
1984-08-16,0.23454
1984-08-17,0.23587
1984-08-19,235.87
1984-08-20,0.2379
1984-08-21,0.23923
1984-08-22,0.24171
1984-08-23,0.24359
1984-08-24,0.24476
1984-08-26,244.76
1984-08-27,0.24651
1984-08-28,0.24723
1984-08-29,0.24823
1984-08-30,0.24986
1984-08-31,0.25228
1984-09-02,252.28
1984-09-03,252.28
1984-09-04,0.25839
1984-09-05,0.26047
1984-09-06,0.26137
1984-09-07,0.26495
1984-09-09,264.95
1984-09-10,0.26635
1984-09-11,0.26868
1984-09-12,0.26949
1984-09-13,0.27145
1984-09-14,0.27694
1984-09-16,276.94
1984-09-17,0.30122
1984-09-18,0.29922
1984-09-19,0.29722
1984-09-20,0.29846
1984-09-21,0.30155
1984-09-23,301.55
1984-09-24,0.3022
1984-09-25,0.30489
1984-09-26,0.30431
1984-09-30,304.31
1984-10-01,0.31003
1984-10-02,0.31374
1984-10-03,0.31926
1984-10-04,0.32451
1984-10-05,0.32622
1984-10-07,326.22
1984-10-08,326.22
1984-10-09,0.32946
1984-10-10,0.33012
1984-10-12,0.33233
1984-10-14,332.33
1984-10-15,0.3384
1984-10-16,0.34048
1984-10-17,0.34419
1984-10-19,0.35065
1984-10-21,350.65
1984-10-22,0.35706
1984-10-23,0.36437
1984-10-24,0.37056
1984-10-25,0.37497
1984-10-26,0.38082
1984-10-28,380.82
1984-10-29,0.38171
1984-10-30,0.3853
1984-10-31,0.39026
1984-11-01,0.39384
1984-11-02,0.40219
1984-11-04,402.19
1984-11-05,0.40332
1984-11-06,0.40504
1984-11-07,0.40631
1984-11-08,0.40614
1984-11-09,0.40705
1984-11-11,407.05
1984-11-12,407.05
1984-11-13,0.41128
1984-11-14,0.41368
1984-11-15,0.41435
1984-11-16,0.41821
1984-11-18,418.21
1984-11-19,0.41996
1984-11-20,0.42119
1984-11-21,0.42396
1984-11-22,0.42741
1984-11-23,0.43054
1984-11-25,430.54
1984-11-26,0.43185
1984-11-27,0.43451
1984-11-28,0.43586
1984-11-29,0.43832
1984-11-30,0.4434
1984-12-02,443.4
1984-12-03,0.44399
1984-12-04,0.44604
1984-12-05,0.44743
1984-12-06,0.44745
1984-12-07,0.45143
1984-12-09,451.43
1984-12-10,0.45309
1984-12-11,0.45486
1984-12-12,0.45584
1984-12-13,0.45768
1984-12-14,0.45881
1984-12-16,458.81
1984-12-17,0.46105
1984-12-18,0.45994
1984-12-19,0.46296
1984-12-20,0.46366
1984-12-21,0.46689
1984-12-23,466.89
1984-12-24,0.46928
1984-12-26,469.28
1984-12-27,0.47648
1984-12-28,0.47967
1984-12-30,479.67
1984-12-31,0.48413
1985-01-02,0.48255
1985-01-03,0.48711
1985-01-04,0.49133
1985-01-06,491.33
1985-01-07,0.49419
1985-01-08,0.49667
1985-01-09,0.49914
1985-01-10,0.50077
1985-01-11,0.50202
1985-01-13,502.02
1985-01-14,0.50437
1985-01-15,0.50101
1985-01-16,0.4997
1985-01-17,0.50005
1985-01-18,0.50184
1985-01-20,501.84
1985-01-21,0.5052
1985-01-22,0.50588
1985-01-23,0.5061
1985-01-24,0.50736
1985-01-25,0.50913
1985-01-27,509.13
1985-01-28,0.51103
1985-01-29,0.5106
1985-01-30,0.51139
1985-01-31,0.51213
1985-02-01,0.51772
1985-02-03,517.72
1985-02-04,0.523
1985-02-05,0.52112
1985-02-06,0.51986
1985-02-07,0.52085
1985-02-08,0.52333
1985-02-10,523.33
1985-02-11,0.52611
1985-02-12,0.52631
1985-02-13,0.52893
1985-02-14,0.53221
1985-02-15,0.53135
1985-02-17,531.35
1985-02-18,0.53515
1985-02-19,0.54049
1985-02-20,0.54037
1985-02-21,0.53874
1985-02-22,0.54078
1985-02-24,540.78
1985-02-25,0.54138
1985-02-26,0.54109
1985-02-27,0.54966
1985-02-28,0.55679
1985-03-01,0.55384
1985-03-03,553.84
1985-03-04,0.55733
1985-03-05,0.56011
1985-03-06,0.56118
1985-03-08,0.56819
1985-03-10,568.19
1985-03-11,0.57373
1985-03-12,0.5802
1985-03-13,0.57942
1985-03-14,0.58203
1985-03-15,0.58913
1985-03-17,589.13
1985-03-18,0.59115
1985-03-19,0.59575
1985-03-20,0.59862
1985-03-21,0.60047
1985-03-22,0.60573
1985-03-24,605.73
1985-03-25,0.60875
1985-03-26,0.61122
1985-03-27,0.61744
1985-03-28,0.62249
1985-03-29,0.62802
1985-03-31,628.02
1985-04-01,0.63346
1985-04-02,0.63434
1985-04-03,0.63828
1985-04-04,0.64041
1985-04-05,640.41
1985-04-07,640.41
1985-04-08,0.65132
1985-04-09,0.65672
1985-04-10,0.65748
1985-04-11,0.66247
1985-04-14,662.47
1985-04-15,0.67353
1985-04-16,0.6747
1985-04-17,0.67898
1985-04-18,0.6829
1985-04-19,0.68789
1985-04-21,687.89
1985-04-22,0.68926
1985-04-23,0.6878
1985-04-24,0.68849
1985-04-26,0.68966
1985-04-28,689.66
1985-04-29,0.69475
1985-04-30,0.69707
1985-05-01,0.69423
1985-05-02,0.6922
1985-05-03,0.69357
1985-05-05,693.57
1985-05-06,0.69203
1985-05-07,0.6931
1985-05-08,0.69359
1985-05-09,0.69695
1985-05-10,0.69895
1985-05-12,698.95
1985-05-13,0.70711
1985-05-14,0.71397
1985-05-15,0.71336
1985-05-16,0.72598
1985-05-17,0.73505
1985-05-19,735.05
1985-05-20,735.05
1985-05-21,0.73992
1985-05-22,0.73729
1985-05-23,0.73695
1985-05-24,0.74112
1985-05-27,0.74264
1985-05-28,0.75455
1985-05-29,0.75591
1985-05-30,0.76152
1985-05-31,0.76443
1985-06-02,764.43
1985-06-03,0.77572
1985-06-04,0.78134
1985-06-05,0.78283
1985-06-06,0.78511
1985-06-07,0.7957
1985-06-09,795.7
1985-06-10,0.79905
1985-06-11,0.80391
1985-06-12,0.81423
1985-06-13,0.81985
1985-06-14,0.82331
1985-06-16,823.31
1985-06-17,0.83068
1985-06-18,0.83346
1985-06-19,0.84378
1985-06-20,0.84717
1985-06-21,0.85706
1985-06-23,857.06
1985-06-24,0.86335
1985-06-25,0.87123
1985-06-26,0.88501
1985-06-27,0.90361
1985-06-28,0.92619
1985-06-30,926.19
1985-07-01,1100.5
1985-07-03,1.105
1985-07-04,1.1035
1985-07-05,1.1031
1985-07-07,1103.1
1985-07-08,1.1035
1985-07-09,1.1052
1985-07-10,1.1071
1985-07-11,1.1043
1985-07-12,1.1034
1985-07-14,1103.4
1985-07-15,1.1018
1985-07-16,1.1003
1985-07-17,1.0995
1985-07-18,1.0935
1985-07-19,1.0972
1985-07-21,1097.2
1985-07-22,1.096
1985-07-23,1.0936
1985-07-24,1.0903
1985-07-25,1.0923
1985-07-26,1.0927
1985-07-29,1.1012
1985-07-30,1.0978
1985-07-31,1.0915
1985-08-01,1.0879
1985-08-02,1.0865
1985-08-04,1086.5
1985-08-05,1086.5
1985-08-06,1.093
1985-08-07,1.0894
1985-08-08,1.0899
1985-08-09,1.085
1985-08-11,1085.0
1985-08-12,1.0945
1985-08-13,1.0983
1985-08-14,1.091
1985-08-15,1.0941
1985-08-16,1.0927
1985-08-18,1092.7
1985-08-19,1.0933
1985-08-20,1.0902
1985-08-21,1.0988
1985-08-22,1.094
1985-08-23,1.0986
1985-08-25,1098.6
1985-08-26,1.1023
1985-08-27,1.0977
1985-08-28,1.1008
1985-08-29,1.092
1985-08-30,1.1
1985-09-01,1100.0
1985-09-02,1100.0
1985-09-03,1.0978
1985-09-04,1.0995
1985-09-05,1.0972
1985-09-06,1.0901
1985-09-08,1.0901
1985-09-09,1.0855
1985-09-10,1.0844
1985-09-11,1.0805
1985-09-12,1.0847
1985-09-13,1.0801
1985-09-15,1.0801
1985-09-18,1.082
1985-09-19,1.0808
1985-09-20,1.0736
1985-09-22,1.0736
1985-09-23,1.0825
1985-09-24,1.086
1985-09-26,1.0914
1985-09-27,1.0915
1985-09-29,1.0915
1985-10-01,1.0851
1985-10-02,1.0839
1985-10-03,1.0816
1985-10-04,1.0836
1985-10-06,1.0836
1985-10-08,1.0882
1985-10-09,1.0812
1985-10-10,1.0789
1985-10-11,1.0737
1985-10-13,1.0737
1985-10-14,1.0737
1985-10-15,1.074
1985-10-16,1.0732
1985-10-17,1.0852
1985-10-18,1.0816
1985-10-20,1.0816
1985-10-21,1.0821
1985-10-22,1.0818
1985-10-23,1.0788
1985-10-24,1.0788
1985-10-25,1.0866
1985-10-27,1.0866
1985-10-28,1.0889
1985-10-29,1.0887
1985-10-30,1.0854
1985-10-31,1.0887
1985-11-01,1.0897
1985-11-03,1.0897
1985-11-04,1.0833
1985-11-05,1.0781
1985-11-06,1.0781
1985-11-07,1.0779
1985-11-08,1.0738
1985-11-10,1.0738
1985-11-11,1.0727
1985-11-12,1.0674
1985-11-13,1.0718
1985-11-14,1.0705
1985-11-15,1.0707
1985-11-17,1.0707
1985-11-18,1.0731
1985-11-19,1.0689
1985-11-20,1.0688
1985-11-21,1.0675
1985-11-22,1.0753
1985-11-24,1.0753
1985-11-25,1.0748
1985-11-26,1.0751
1985-11-27,1.0701
1985-11-28,1.0699
1985-11-29,1.0772
1985-12-01,1.0772
1985-12-02,1.0725
1985-12-03,1.0699
1985-12-04,1.0709
1985-12-05,1.0638
1985-12-06,1.0623
1985-12-08,1.0623
1985-12-09,1.0653
1985-12-10,1.0603
1985-12-11,1.0616
1985-12-12,1.0748
1985-12-13,1.0696
1985-12-15,1.0696
1985-12-16,1.0654
1985-12-17,1.0659
1985-12-18,1.062
1985-12-19,1.0602
1985-12-20,1.0587
1985-12-22,1.0587
1985-12-23,1.0666
1985-12-24,1.0618
1985-12-26,1.0618
1985-12-27,1.0681
1985-12-29,1.0681
1985-12-30,1.0674
1985-12-31,1.0725
1986-01-03,1.0635
1986-01-05,1.0635
1986-01-06,1.0662
1986-01-07,1.0616
1986-01-08,1.0662
1986-01-09,1.062
1986-01-10,1.0692
1986-01-12,1.0692
1986-01-13,1.0711
1986-01-14,1.0623
1986-01-15,1.0552
1986-01-16,1.0561
1986-01-17,1.0598
1986-01-19,1.0598
1986-01-20,1.0578
1986-01-21,1.063
1986-01-22,1.057
1986-01-23,1.0557
1986-01-24,1.0578
1986-01-26,1.0578
1986-01-27,1.0573
1986-01-28,1.0452
1986-01-29,1.0495
1986-01-30,1.0463
1986-01-31,1.0412
1986-02-02,1.0412
1986-02-03,1.0454
1986-02-04,1.0283
1986-02-05,1.0289
1986-02-06,1.0464
1986-02-07,1.0547
1986-02-09,1.0547
1986-02-10,1.0629
1986-02-11,1.065
1986-02-12,1.0607
1986-02-13,1.0612
1986-02-14,1.0616
1986-02-16,1.0616
1986-02-17,1.0598
1986-02-18,1.0653
1986-02-19,1.0604
1986-02-20,1.0617
1986-02-21,1.0601
1986-02-23,1.0601
1986-02-24,1.0722
1986-02-25,1.0665
1986-02-26,1.0578
1986-02-27,1.0527
1986-02-28,1.0348
1986-03-02,1.0348
1986-03-03,1.0314
1986-03-04,1.0346
1986-03-05,1.0463
1986-03-06,1.0445
1986-03-07,1.0493
1986-03-09,1.0493
1986-03-10,1.0561
1986-03-11,1.0584
1986-03-12,1.0594
1986-03-13,1.0584
1986-03-14,1.0655
1986-03-16,1.0655
1986-03-17,1.0774
1986-03-18,1.0698
1986-03-19,1.0752
1986-03-20,1.0686
1986-03-21,1.0616
1986-03-23,1.0616
1986-03-24,1.0653
1986-03-26,1.064
1986-03-27,1.0686
1986-03-28,1.0708
1986-03-30,1.0708
1986-03-31,1.0728
1986-04-01,1.07
1986-04-02,1.0703
1986-04-03,1.0683
1986-04-04,1.0733
1986-04-06,1.0733
1986-04-07,1.0769
1986-04-08,1.0765
1986-04-09,1.0736
1986-04-10,1.0698
1986-04-11,1.0701
1986-04-13,1.0701
1986-04-14,1.0628
1986-04-15,1.0576
1986-04-16,1.0635
1986-04-17,1.0623
1986-04-18,1.0638
1986-04-20,1.0638
1986-04-21,1.0651
1986-04-22,1.0649
1986-04-23,1.0579
1986-04-25,1.0703
1986-04-27,1.0703
1986-04-28,1.0722
1986-04-29,1.0695
1986-05-01,1.0721
1986-05-02,1.0725
1986-05-04,1.0725
1986-05-05,1.074
1986-05-06,1.0706
1986-05-07,1.0695
1986-05-08,1.0679
1986-05-09,1.0672
1986-05-11,1.0672
1986-05-12,1.0676
1986-05-13,1.0682
1986-05-15,1.0771
1986-05-16,1.0722
1986-05-18,1.0722
1986-05-19,1.0722
1986-05-20,1.0791
1986-05-21,1.0802
1986-05-22,1.083
1986-05-23,1.0828
1986-05-25,1.0828
1986-05-26,1.0784
1986-05-27,1.0832
1986-05-28,1.0731
1986-05-29,1.0818
1986-05-30,1.0779
1986-06-01,1.0779
1986-06-02,1.0787
1986-06-03,1.0743
1986-06-04,1.0697
1986-06-05,1.0739
1986-06-06,1.0696
1986-06-08,1.0696
1986-06-09,1.0704
1986-06-10,1.0781
1986-06-11,1.0784
1986-06-12,1.0809
1986-06-15,1.0809
1986-06-16,1.0807
1986-06-17,1.079
1986-06-18,1.0773
1986-06-19,1.0732
1986-06-20,1.0735
1986-06-22,1.0735
1986-06-23,1.0809
1986-06-24,1.0774
1986-06-25,1.0796
1986-06-26,1.0749
1986-06-27,1.075
1986-06-29,1.075
1986-06-30,1.0797
1986-07-01,1.0754
1986-07-02,1.0828
1986-07-03,1.086
1986-07-04,1.0869
1986-07-06,1.0869
1986-07-07,1.0832
1986-07-08,1.0819
1986-07-09,1.0855
1986-07-10,1.083
1986-07-11,1.0861
1986-07-13,1.0861
1986-07-14,1.0887
1986-07-15,1.0874
1986-07-16,1.0857
1986-07-17,1.0867
1986-07-18,1.0882
1986-07-20,1.0882
1986-07-21,1.0857
1986-07-22,1.0813
1986-07-23,1.0797
1986-07-24,1.0729
1986-07-25,1.0763
1986-07-27,1.0763
1986-07-28,1.0803
1986-07-29,1.0762
1986-07-30,1.0771
1986-07-31,1.084
1986-08-01,1.0812
1986-08-03,1.0812
1986-08-04,1.0837
1986-08-05,1.0806
1986-08-06,1.0783
1986-08-07,1.0788
1986-08-08,1.0785
1986-08-10,1.0785
1986-08-11,1.0735
1986-08-12,1.072
1986-08-13,1.0697
1986-08-15,1.074
1986-08-17,1.074
1986-08-18,1.0673
1986-08-19,1.0704
1986-08-20,1.0738
1986-08-21,1.0714
1986-08-22,1.0695
1986-08-24,1.0695
1986-08-25,1.0736
1986-08-26,1.0659
1986-08-27,1.067
1986-08-28,1.0654
1986-08-29,1.0668
1986-08-31,1.0668
1986-09-01,1.0715
1986-09-02,1.0759
1986-09-03,1.0719
1986-09-04,1.0709
1986-09-05,1.0708
1986-09-07,1.0708
1986-09-08,1.0755
1986-09-09,1.0762
1986-09-10,1.0786
1986-09-11,1.0733
1986-09-12,1.0748
1986-09-14,1.0748
1986-09-15,1.0726
1986-09-16,1.0733
1986-09-17,1.0709
1986-09-18,1.0672
1986-09-19,1.0699
1986-09-21,1.0699
1986-09-22,1.072
1986-09-23,1.0716
1986-09-24,1.0715
1986-09-25,1.07
1986-09-26,1.0692
1986-09-28,1.0692
1986-09-29,1.0726
1986-09-30,1.0749
1986-10-01,1.0689
1986-10-02,1.0693
1986-10-03,1.0707
1986-10-06,1.0728
1986-10-07,1.0744
1986-10-08,1.069
1986-10-09,1.0693
1986-10-10,1.0704
1986-10-14,1.0697
1986-10-15,1.0674
1986-10-16,1.066
1986-10-17,1.0688
1986-10-19,1.0688
1986-10-20,1.0647
1986-10-21,1.0633
1986-10-22,1.0637
1986-10-23,1.0684
1986-10-24,1.0728
1986-10-26,1.0728
1986-10-27,1.073
1986-10-28,1.0757
1986-10-29,1.0737
1986-10-30,1.0736
1986-10-31,1.077
1986-11-02,1.077
1986-11-03,1.0752
1986-11-04,1.0753
1986-11-05,1.0782
1986-11-06,1.0776
1986-11-07,1.0785
1986-11-09,1.0785
1986-11-10,1.0787
1986-11-11,1.0767
1986-11-12,1.0807
1986-11-13,1.0793
1986-11-14,1.0777
1986-11-16,1.0777
1986-11-17,1.0787
1986-11-18,1.078
1986-11-19,1.0785
1986-11-20,1.0816
1986-11-21,1.0792
1986-11-23,1.0792
1986-11-24,1.0779
1986-11-25,1.0778
1986-11-26,1.0764
1986-11-27,1.0758
1986-11-28,1.0779
1986-11-30,1.0779
1986-12-01,1.0745
1986-12-02,1.0737
1986-12-03,1.0728
1986-12-04,1.0733
1986-12-05,1.0788
1986-12-07,1.0788
1986-12-08,1.0789
1986-12-09,1.0845
1986-12-10,1.0842
1986-12-11,1.0817
1986-12-12,1.0849
1986-12-14,1.0849
1986-12-15,1.08
1986-12-16,1.0795
1986-12-17,1.0836
1986-12-18,1.0782
1986-12-19,1.0832
1986-12-21,1.0832
1986-12-22,1.0808
1986-12-23,1.081
1986-12-24,1.0772
1986-12-26,1.0772
1986-12-28,1.0772
1986-12-29,1.0774
1986-12-30,1.0766
1986-12-31,1.0767
1987-01-02,1.0761
1987-01-04,1.0761
1987-01-05,1.0728
1987-01-06,1.078
1987-01-07,1.0787
1987-01-08,1.0838
1987-01-09,1.0853
1987-01-11,1.0853
1987-01-12,1.0919
1987-01-13,1.2002
1987-01-14,1.1931
1987-01-15,1.1928
1987-01-16,1.1929
1987-01-18,1.1929
1987-01-19,1.1885
1987-01-20,1.1906
1987-01-21,1.196
1987-01-22,1.1904
1987-01-23,1.1896
1987-01-25,1.1896
1987-01-26,1.1905
1987-01-27,1.1966
1987-01-28,1.1986
1987-01-29,1.1928
1987-01-30,1.2009
1987-02-01,1.2009
1987-02-02,1.2096
1987-02-03,1.2061
1987-02-04,1.2068
1987-02-05,1.2179
1987-02-06,1.2114
1987-02-08,1.2114
1987-02-09,1.2154
1987-02-10,1.2035
1987-02-11,1.2048
1987-02-12,1.1959
1987-02-13,1.1987
1987-02-15,1.1987
1987-02-16,1.201
1987-02-17,1.2048
1987-02-18,1.2109
1987-02-19,1.2096
1987-02-20,1.2152
1987-02-22,1.2152
1987-02-23,1.2135
1987-02-24,1.2146
1987-02-25,1.216
1987-02-26,1.2146
1987-02-27,1.2131
1987-03-01,1.2131
1987-03-02,1.2131
1987-03-03,1.2128
1987-03-04,1.2132
1987-03-05,1.2128
1987-03-06,1.2142
1987-03-08,1.2142
1987-03-09,1.2134
1987-03-10,1.2155
1987-03-11,1.2158
1987-03-12,1.2314
1987-03-13,1.2292
1987-03-16,1.232
1987-03-17,1.2326
1987-03-18,1.2331
1987-03-19,1.2297
1987-03-20,1.2338
1987-03-22,1.2338
1987-03-23,1.2331
1987-03-24,1.2328
1987-03-25,1.23
1987-03-26,1.2267
1987-03-27,1.2338
1987-03-29,1.2338
1987-03-30,1.2377
1987-03-31,1.2243
1987-04-01,1.2291
1987-04-02,1.2287
1987-04-03,1.2302
1987-04-05,1.2302
1987-04-06,1.2272
1987-04-07,1.2266
1987-04-08,1.2302
1987-04-09,1.2302
1987-04-10,1.229
1987-04-12,1.229
1987-04-13,1.23
1987-04-15,1.2166
1987-04-16,1.2135
1987-04-17,1.2134
1987-04-19,1.2134
1987-04-21,1.2094
1987-04-22,1.1976
1987-04-23,1.1997
1987-04-24,1.1973
1987-04-26,1.1973
1987-04-27,1.183
1987-04-28,1.1902
1987-04-29,1.1923
1987-04-30,1.1896
1987-05-01,1.1909
1987-05-03,1.1909
1987-05-05,1.1768
1987-05-06,1.1855
1987-05-07,1.1842
1987-05-08,1.186
1987-05-10,1.186
1987-05-11,1.1909
1987-05-12,1.1877
1987-05-13,1.1883
1987-05-14,1.1846
1987-05-15,1.1842
1987-05-17,1.1842
1987-05-18,1.1809
1987-05-19,1.1797
1987-05-20,1.1743
1987-05-21,1.1751
1987-05-22,1.1753
1987-05-24,1.1753
1987-05-25,1.1787
1987-05-26,1.1829
1987-05-27,1.1893
1987-05-28,1.189
1987-05-29,1.1952
1987-05-31,1.1952
1987-06-01,1.1994
1987-06-02,1.1937
1987-06-04,1.1934
1987-06-05,1.1897
1987-06-07,1.1897
1987-06-08,1.1894
1987-06-09,1.1899
1987-06-10,1.1879
1987-06-11,1.1873
1987-06-12,1.1906
1987-06-14,1.1906
1987-06-15,1.1959
1987-06-16,1.1944
1987-06-17,1.1963
1987-06-18,1.1948
1987-06-19,1.1953
1987-06-21,1.1953
1987-06-22,1.2016
1987-06-23,1.2079
1987-06-24,1.202
1987-06-25,1.2051
1987-06-26,1.2064
1987-06-28,1.2064
1987-06-29,1.2046
1987-06-30,1.2066
1987-07-01,1.2072
1987-07-02,1.2072
1987-07-03,1.2115
1987-07-05,1.2115
1987-07-06,1.2128
1987-07-07,1.2137
1987-07-08,1.2166
1987-07-09,1.2129
1987-07-10,1.2147
1987-07-12,1.2147
1987-07-13,1.2205
1987-07-14,1.2215
1987-07-15,1.2212
1987-07-16,1.2154
1987-07-17,1.2214
1987-07-19,1.2214
1987-07-20,1.2244
1987-07-21,1.2229
1987-07-22,1.2229
1987-07-23,1.2216
1987-07-24,1.2124
1987-07-26,1.2124
1987-07-27,1.2111
1987-07-28,1.2144
1987-07-29,1.2115
1987-07-30,1.2129
1987-07-31,1.2149
1987-08-02,1.2149
1987-08-03,1.2163
1987-08-05,1.2205
1987-08-06,1.2228
1987-08-07,1.2218
1987-08-09,1.2218
1987-08-10,1.2228
1987-08-11,1.2204
1987-08-12,1.2204
1987-08-13,1.2234
1987-08-14,1.224
1987-08-16,1.224
1987-08-17,1.2208
1987-08-18,1.2155
1987-08-19,1.2127
1987-08-20,1.2142
1987-08-21,1.2142
1987-08-23,1.2142
1987-08-24,1.2149
1987-08-25,1.2179
1987-08-26,1.2159
1987-08-27,1.2129
1987-08-28,1.2127
1987-08-30,1.2127
1987-08-31,1.2117
1987-09-01,1.2109
1987-09-02,1.2133
1987-09-03,1.212
1987-09-04,1.2122
1987-09-06,1.2122
1987-09-07,1.2146
1987-09-08,1.2133
1987-09-09,1.2054
1987-09-10,1.2048
1987-09-11,1.2093
1987-09-13,1.2093
1987-09-14,1.2117
1987-09-15,1.2147
1987-09-16,1.2131
1987-09-17,1.2144
1987-09-18,1.2141
1987-09-20,1.2141
1987-09-21,1.2134
1987-09-22,1.2133
1987-09-23,1.2162
1987-09-27,1.2162
1987-09-28,1.222
1987-09-29,1.2266
1987-09-30,1.2264
1987-10-01,1.2295
1987-10-04,1.2295
1987-10-05,1.2316
1987-10-06,1.2318
1987-10-07,1.228
1987-10-09,1.2259
1987-10-11,1.2259
1987-10-12,1.2235
1987-10-13,1.2287
1987-10-14,1.2283
1987-10-16,1.2286
1987-10-18,1.2286
1987-10-19,1.227
1987-10-20,1.2216
1987-10-21,1.2146
1987-10-22,1.219
1987-10-23,1.2154
1987-10-25,1.2154
1987-10-26,1.2067
1987-10-27,1.2033
1987-10-28,1.1995
1987-10-29,1.1993
1987-10-30,1.1949
1987-11-01,1.1949
1987-11-02,1.1915
1987-11-03,1.189
1987-11-04,1.1841
1987-11-05,1.1784
1987-11-06,1.1847
1987-11-08,1.1847
1987-11-09,1.1847
1987-11-10,1.1835
1987-11-11,1.1846
1987-11-12,1.1913
1987-11-13,1.1907
1987-11-15,1.1907
1987-11-16,1.1985
1987-11-17,1.1967
1987-11-18,1.1981
1987-11-19,1.2007
1987-11-20,1.2013
1987-11-22,1.2013
1987-11-23,1.1989
1987-11-24,1.2014
1987-11-25,1.2002
1987-11-26,1.1974
1987-11-27,1.1959
1987-11-29,1.1959
1987-11-30,1.191
1987-12-01,1.1933
1987-12-02,1.1922
1987-12-03,1.1881
1987-12-04,1.194
1987-12-06,1.194
1987-12-07,1.1969
1987-12-08,1.1961
1987-12-09,1.1953
1987-12-10,1.1988
1987-12-11,1.1899
1987-12-13,1.1899
1987-12-14,1.1883
1987-12-15,1.188
1987-12-16,1.1847
1987-12-17,1.1858
1987-12-18,1.1852
1987-12-20,1.1852
1987-12-21,1.1865
1987-12-22,1.1875
1987-12-23,1.1884
1987-12-24,1.1875
1987-12-27,1.1875
1987-12-28,1.1795
1987-12-29,1.1782
1987-12-30,1.1811
1987-12-31,1.1819
1988-01-03,1.1819
1988-01-04,1.1839
1988-01-05,1.1959
1988-01-06,1.2084
1988-01-07,1.2131
1988-01-08,1.2232
1988-01-10,1.2232
1988-01-11,1.212
1988-01-12,1.2151
1988-01-13,1.207
1988-01-14,1.2099
1988-01-15,1.2084
1988-01-17,1.2084
1988-01-18,1.2298
1988-01-19,1.2284
1988-01-20,1.2213
1988-01-21,1.2232
1988-01-22,1.2309
1988-01-24,1.2309
1988-01-25,1.2322
1988-01-26,1.2351
1988-01-27,1.2336
1988-01-28,1.2328
1988-01-29,1.2389
1988-01-31,1.2389
1988-02-01,1.2438
1988-02-02,1.2425
1988-02-03,1.2375
1988-02-04,1.2476
1988-02-05,1.2456
1988-02-07,1.2456
1988-02-08,1.2547
1988-02-09,1.255
1988-02-10,1.2491
1988-02-11,1.253
1988-02-12,1.2551
1988-02-14,1.2551
1988-02-15,1.2558
1988-02-16,1.2511
1988-02-17,1.2537
1988-02-18,1.253
1988-02-19,1.2508
1988-02-21,1.2508
1988-02-22,1.2481
1988-02-23,1.2461
1988-02-24,1.25
1988-02-25,1.2521
1988-02-26,1.2504
1988-02-28,1.2504
1988-02-29,1.2523
1988-03-01,1.2567
1988-03-02,1.2587
1988-03-04,1.2628
1988-03-06,1.2628
1988-03-07,1.2614
1988-03-08,1.2534
1988-03-09,1.2519
1988-03-10,1.2483
1988-03-11,1.2481
1988-03-13,1.2481
1988-03-14,1.2466
1988-03-15,1.2462
1988-03-16,1.25
1988-03-17,1.2557
1988-03-18,1.2628
1988-03-20,1.2628
1988-03-21,1.2654
1988-03-22,1.2639
1988-03-23,1.2662
1988-03-24,1.2656
1988-03-25,1.2652
1988-03-27,1.2652
1988-03-28,1.2612
1988-03-29,1.2668
1988-03-30,1.2658
1988-03-31,1.2628
1988-04-01,1.2628
1988-04-03,1.2628
1988-04-04,1.2631
1988-04-05,1.2575
1988-04-06,1.2621
1988-04-07,1.261
1988-04-10,1.261
1988-04-11,1.266
1988-04-12,1.2697
1988-04-13,1.275
1988-04-14,1.2731
1988-04-15,1.2681
1988-04-17,1.2681
1988-04-18,1.2686
1988-04-19,1.2668
1988-04-20,1.267
1988-04-22,1.2692
1988-04-24,1.2692
1988-04-25,1.2706
1988-04-26,1.272
1988-04-27,1.2782
1988-04-28,1.2738
1988-04-29,1.2728
1988-05-01,1.2728
1988-05-02,1.2794
1988-05-03,1.2726
1988-05-04,1.2706
1988-05-05,1.2703
1988-05-06,1.2729
1988-05-08,1.2729
1988-05-09,1.2696
1988-05-10,1.2666
1988-05-11,1.2651
1988-05-12,1.2716
1988-05-13,1.2713
1988-05-15,1.2713
1988-05-16,1.2718
1988-05-17,1.2709
1988-05-18,1.2734
1988-05-19,1.2646
1988-05-20,1.2667
1988-05-23,1.2672
1988-05-24,1.2671
1988-05-25,1.266
1988-05-26,1.2728
1988-05-27,1.2735
1988-05-29,1.2735
1988-05-30,1.2745
1988-05-31,1.2799
1988-06-01,1.2822
1988-06-02,1.2843
1988-06-03,1.2888
1988-06-05,1.2888
1988-06-06,1.2886
1988-06-07,1.2848
1988-06-08,1.2923
1988-06-09,1.296
1988-06-10,1.3031
1988-06-12,1.3031
1988-06-13,1.2969
1988-06-14,1.3012
1988-06-15,1.307
1988-06-16,1.3134
1988-06-17,1.3173
1988-06-19,1.3173
1988-06-20,1.3182
1988-06-21,1.3235
1988-06-22,1.3242
1988-06-23,1.3322
1988-06-24,1.3399
1988-06-26,1.3399
1988-06-27,1.3392
1988-06-28,1.3404
1988-06-29,1.3369
1988-06-30,1.3334
1988-07-01,1.3326
1988-07-03,1.3326
1988-07-04,1.3304
1988-07-05,1.3386
1988-07-06,1.339
1988-07-07,1.3442
1988-07-08,1.3437
1988-07-10,1.3437
1988-07-11,1.3471
1988-07-12,1.3497
1988-07-13,1.3508
1988-07-14,1.3529
1988-07-15,1.3552
1988-07-17,1.3552
1988-07-18,1.3627
1988-07-19,1.3582
1988-07-20,1.3626
1988-07-21,1.3626
1988-07-22,1.3553
1988-07-25,1.3501
1988-07-26,1.3423
1988-07-27,1.3516
1988-07-28,1.3482
1988-07-29,1.353
1988-07-31,1.353
1988-08-01,1.3538
1988-08-02,1.3515
1988-08-03,1.3561
1988-08-04,1.3586
1988-08-05,1.3605
1988-08-07,1.3605
1988-08-08,1.3621
1988-08-09,1.3573
1988-08-10,1.3569
1988-08-11,1.344
1988-08-12,1.3434
1988-08-14,1.3434
1988-08-15,1.3425
1988-08-16,1.3352
1988-08-17,1.3375
1988-08-18,1.3397
1988-08-19,1.3374
1988-08-21,1.3374
1988-08-22,1.3407
1988-08-23,1.3389
1988-08-24,1.3376
1988-08-25,1.3316
1988-08-26,1.3243
1988-08-28,1.3243
1988-08-29,1.3252
1988-08-30,1.3227
1988-08-31,1.3274
1988-09-01,1.3291
1988-09-02,1.3313
1988-09-04,1.3313
1988-09-05,1.3271
1988-09-06,1.3273
1988-09-07,1.3194
1988-09-08,1.3192
1988-09-09,1.3195
1988-09-11,1.3195
1988-09-14,1.3336
1988-09-15,1.3413
1988-09-16,1.3443
1988-09-18,1.3443
1988-09-19,1.3449
1988-09-22,1.348
1988-09-23,1.3486
1988-09-25,1.3486
1988-09-27,1.3494
1988-09-28,1.3476
1988-09-29,1.3484
1988-09-30,1.3508
1988-10-02,1.3508
1988-10-04,1.3532
1988-10-05,1.3569
1988-10-06,1.3545
1988-10-07,1.3531
1988-10-09,1.3531
1988-10-10,1.3523
1988-10-11,1.351
1988-10-12,1.3422
1988-10-13,1.3417
1988-10-14,1.3419
1988-10-16,1.3419
1988-10-17,1.3411
1988-10-18,1.3453
1988-10-19,1.345
1988-10-20,1.3457
1988-10-21,1.3425
1988-10-23,1.3425
1988-10-24,1.3448
1988-10-25,1.3437
1988-10-26,1.3419
1988-10-27,1.339
1988-10-28,1.3354
1988-10-30,1.3354
1988-10-31,1.3117
1988-11-02,1.3079
1988-11-03,1.3082
1988-11-04,1.3128
1988-11-06,1.3128
1988-11-07,1.3053
1988-11-08,1.3011
1988-11-09,1.2976
1988-11-10,1.3049
1988-11-11,1.2998
1988-11-13,1.2998
1988-11-14,1.2964
1988-11-15,1.2893
1988-11-16,1.2911
1988-11-17,1.283
1988-11-18,1.2953
1988-11-20,1.2953
1988-11-21,1.307
1988-11-22,1.3236
1988-11-23,1.316
1988-11-24,1.3212
1988-11-25,1.3282
1988-11-27,1.3282
1988-11-28,1.3284
1988-11-29,1.3233
1988-11-30,1.3338
1988-12-01,1.3326
1988-12-02,1.3327
1988-12-04,1.3327
1988-12-05,1.3323
1988-12-06,1.3304
1988-12-07,1.3291
1988-12-08,1.327
1988-12-09,1.3275
1988-12-11,1.3275
1988-12-12,1.3229
1988-12-13,1.3223
1988-12-14,1.3223
1988-12-15,1.3217
1988-12-16,1.3225
1988-12-18,1.3225
1988-12-19,1.3267
1988-12-20,1.3326
1988-12-21,1.3322
1988-12-22,1.3328
1988-12-23,1.3381
1988-12-25,1.3381
1988-12-27,1.4059
1988-12-28,1.4096
1988-12-29,1.4121
1988-12-30,1.5188
1989-01-03,1.5188
1989-01-04,1.5118
1989-01-05,1.5187
1989-01-06,1.522
1989-01-08,1.522
1989-01-09,1.5262
1989-01-10,1.5178
1989-01-11,1.5131
1989-01-12,1.5145
1989-01-13,1.5144
1989-01-15,1.5144
1989-01-16,1.5184
1989-01-17,1.5164
1989-01-18,1.5219
1989-01-19,1.5313
1989-01-20,1.5308
1989-01-22,1.5308
1989-01-23,1.5291
1989-01-24,1.5245
1989-01-25,1.5319
1989-01-26,1.5302
1989-01-27,1.528
1989-01-29,1.528
1989-01-30,1.5337
1989-01-31,1.5357
1989-02-01,1.535
1989-02-02,1.5245
1989-02-03,1.5263
1989-02-05,1.5263
1989-02-06,1.535
1989-02-07,1.5306
1989-02-08,1.5322
1989-02-09,1.5293
1989-02-10,1.5221
1989-02-12,1.5221
1989-02-13,1.5287
1989-02-14,1.5244
1989-02-15,1.5185
1989-02-16,1.5196
1989-02-17,1.5119
1989-02-19,1.5119
1989-02-20,1.5108
1989-02-21,1.5137
1989-02-22,1.4999
1989-02-23,1.499
1989-02-24,1.4953
1989-02-26,1.4953
1989-02-27,1.4871
1989-03-01,1.4991
1989-03-02,1.4997
1989-03-03,1.5055
1989-03-05,1.5055
1989-03-06,1.5056
1989-03-07,1.51
1989-03-08,1.5015
1989-03-09,1.506
1989-03-10,1.5095
1989-03-12,1.5095
1989-03-13,1.5092
1989-03-14,1.5095
1989-03-15,1.5127
1989-03-16,1.5101
1989-03-17,1.5129
1989-03-19,1.5129
1989-03-20,1.5169
1989-03-22,1.5271
1989-03-23,1.526
1989-03-24,1.5257
1989-03-26,1.5257
1989-03-27,1.5216
1989-03-28,1.5239
1989-03-29,1.5259
1989-03-30,1.5224
1989-03-31,1.5239
1989-04-02,1.5239
1989-04-03,1.526
1989-04-04,1.5231
1989-04-05,1.5245
1989-04-06,1.521
1989-04-07,1.5184
1989-04-09,1.5184
1989-04-10,1.5291
1989-04-11,1.5311
1989-04-12,1.5295
1989-04-13,1.5249
1989-04-14,1.5274
1989-04-16,1.5274
1989-04-17,1.5291
1989-04-18,1.5267
1989-04-19,1.5229
1989-04-21,1.5288
1989-04-23,1.5288
1989-04-24,1.5238
1989-04-25,1.531
1989-04-27,1.5249
1989-04-28,1.531
1989-04-30,1.531
1989-05-01,1.544
1989-05-02,1.5514
1989-05-03,1.5572
1989-05-04,1.5508
1989-05-05,1.5533
1989-05-07,1.5533
1989-05-08,1.5559
1989-05-09,1.5578
1989-05-11,1.5591
1989-05-12,1.5597
1989-05-14,1.5597
1989-05-15,1.561
1989-05-16,1.5686
1989-05-17,1.5721
1989-05-18,1.5774
1989-05-19,1.5832
1989-05-21,1.5832
1989-05-22,1.5965
1989-05-23,1.5882
1989-05-24,1.5938
1989-05-25,1.5789
1989-05-26,1.578
1989-05-28,1.578
1989-05-29,1.5906
1989-05-30,1.5917
1989-05-31,1.5854
1989-06-01,1.5839
1989-06-02,1.5866
1989-06-04,1.5866
1989-06-05,1.5751
1989-06-06,1.5913
1989-06-07,1.5887
1989-06-08,1.5962
1989-06-11,1.5962
1989-06-12,1.6142
1989-06-13,1.6154
1989-06-14,1.6203
1989-06-15,1.6228
1989-06-16,1.6187
1989-06-18,1.6187
1989-06-19,1.6171
1989-06-20,1.6077
1989-06-21,1.6172
1989-06-22,1.6206
1989-06-23,1.6929
1989-06-25,1.6929
1989-06-26,1.6858
1989-06-27,1.6878
1989-06-28,1.684
1989-06-29,1.6803
1989-06-30,1.6815
1989-07-02,1.6815
1989-07-03,1.6679
1989-07-04,1.6665
1989-07-05,1.6602
1989-07-06,1.653
1989-07-07,1.6538
1989-07-09,1.6538
1989-07-10,1.6519
1989-07-11,1.6513
1989-07-12,1.6537
1989-07-13,1.6519
1989-07-14,1.6523
1989-07-16,1.6523
1989-07-17,1.6646
1989-07-18,1.6669
1989-07-19,1.66
1989-07-20,1.6684
1989-07-21,1.6647
1989-07-23,1.6647
1989-07-24,1.6698
1989-07-25,1.6704
1989-07-26,1.6656
1989-07-27,1.6631
1989-07-28,1.6675
1989-07-30,1.6675
1989-07-31,1.6632
1989-08-01,1.6633
1989-08-02,1.6674
1989-08-03,1.6672
1989-08-04,1.6801
1989-08-06,1.6801
1989-08-07,1.6951
1989-08-08,1.693
1989-08-09,1.6909
1989-08-11,1.6984
1989-08-13,1.6984
1989-08-14,1.7016
1989-08-15,1.6923
1989-08-16,1.6947
1989-08-17,1.6978
1989-08-18,1.6962
1989-08-20,1.6962
1989-08-21,1.7028
1989-08-22,1.7065
1989-08-23,1.701
1989-08-24,1.7067
1989-08-25,1.7119
1989-08-27,1.7119
1989-08-28,1.7173
1989-08-29,1.7234
1989-08-30,1.7162
1989-08-31,1.7085
1989-09-01,1.7063
1989-09-03,1.7063
1989-09-04,1.699
1989-09-05,1.7055
1989-09-06,1.7153
1989-09-07,1.7148
1989-09-08,1.7011
1989-09-10,1.7011
1989-09-11,1.7015
1989-09-12,1.7037
1989-09-13,1.705
1989-09-14,1.7068
1989-09-15,1.7124
1989-09-17,1.7124
1989-09-18,1.7122
1989-09-19,1.7113
1989-09-20,1.712
1989-09-21,1.7132
1989-09-22,1.7115
1989-09-24,1.7115
1989-09-25,1.6992
1989-09-26,1.6992
1989-09-27,1.6874
1989-09-28,1.6911
1989-09-29,1.686
1989-10-02,1.6919
1989-10-03,1.6958
1989-10-04,1.6978
1989-10-05,1.7008
1989-10-06,1.7025
1989-10-10,1.7164
1989-10-11,1.718
1989-10-12,1.7148
1989-10-13,1.7123
1989-10-15,1.7123
1989-10-16,1.7003
1989-10-17,1.7048
1989-10-18,1.6976
1989-10-19,1.6961
1989-10-20,1.6984
1989-10-22,1.6984
1989-10-23,1.7015
1989-10-24,1.7049
1989-10-25,1.6966
1989-10-26,1.6999
1989-10-27,1.7051
1989-10-29,1.7051
1989-10-30,1.7032
1989-10-31,1.6982
1989-11-01,1.6897
1989-11-02,1.6945
1989-11-03,1.6923
1989-11-05,1.6923
1989-11-06,1.7004
1989-11-07,1.7001
1989-11-08,1.7054
1989-11-09,1.703
1989-11-10,1.706
1989-11-12,1.706
1989-11-13,1.7165
1989-11-14,1.7082
1989-11-15,1.706
1989-11-16,1.7011
1989-11-17,1.7037
1989-11-19,1.7037
1989-11-20,1.7103
1989-11-21,1.6997
1989-11-22,1.6932
1989-11-23,1.7038
1989-11-24,1.7014
1989-11-26,1.7014
1989-11-27,1.7032
1989-11-28,1.6986
1989-11-29,1.6873
1989-11-30,1.6861
1989-12-01,1.6821
1989-12-03,1.6821
1989-12-04,1.6871
1989-12-05,1.6916
1989-12-06,1.6974
1989-12-07,1.6902
1989-12-08,1.702
1989-12-10,1.702
1989-12-11,1.7026
1989-12-12,1.6885
1989-12-13,1.6773
1989-12-14,1.6824
1989-12-15,1.6782
1989-12-17,1.6782
1989-12-18,1.675
1989-12-19,1.675
1989-12-20,1.6881
1989-12-21,1.6814
1989-12-22,1.6816
1989-12-24,1.6816
1989-12-27,1.6872
1989-12-28,1.6814
1989-12-29,1.6955
1989-12-31,1.6955
1990-01-02,1.6811
1990-01-03,1.6857
1990-01-04,1.6787
1990-01-05,1.6768
1990-01-07,1.6768
1990-01-08,1.6685
1990-01-09,1.6609
1990-01-10,1.6622
1990-01-11,1.679
1990-01-12,1.6777
1990-01-14,1.6777
1990-01-15,1.6747
1990-01-16,1.6709
1990-01-17,1.6712
1990-01-18,1.6706
1990-01-19,1.6721
1990-01-21,1.6721
1990-01-22,1.6568
1990-01-23,1.6574
1990-01-24,1.6555
1990-01-25,1.641
1990-01-26,1.6286
1990-01-28,1.6286
1990-01-29,1.633
1990-01-30,1.6373
1990-01-31,1.6349
1990-02-01,1.633
1990-02-02,1.6313
1990-02-04,1.6313
1990-02-05,1.6317
1990-02-06,1.6262
1990-02-07,1.625
1990-02-08,1.6126
1990-02-09,1.6209
1990-02-11,1.6209
1990-02-12,1.6167
1990-02-13,1.6251
1990-02-14,1.6183
1990-02-15,1.608
1990-02-16,1.6162
1990-02-18,1.6162
1990-02-19,1.6177
1990-02-20,1.6192
1990-02-21,1.6249
1990-02-22,1.6355
1990-02-23,1.6316
1990-02-25,1.6316
1990-02-26,1.6343
1990-02-27,1.6331
1990-02-28,1.645
1990-03-01,1.6482
1990-03-02,1.6874
1990-03-04,1.6874
1990-03-05,1.7133
1990-03-06,1.6991
1990-03-07,1.7004
1990-03-08,1.6962
1990-03-09,1.7052
1990-03-12,1.712
1990-03-13,1.7179
1990-03-14,1.7227
1990-03-15,1.7084
1990-03-16,1.6968
1990-03-18,1.6968
1990-03-19,1.695
1990-03-20,1.7001
1990-03-21,1.7155
1990-03-22,1.7121
1990-03-23,1.7198
1990-03-25,1.7198
1990-03-26,1.7145
1990-03-27,1.7104
1990-03-28,1.7091
1990-03-29,1.7013
1990-03-30,1.7025
1990-04-01,1.7025
1990-04-02,1.7086
1990-04-03,1.7137
1990-04-04,1.7127
1990-04-05,1.7072
1990-04-06,1.709
1990-04-08,1.709
1990-04-09,1.7233
1990-04-11,1.7292
1990-04-12,1.7175
1990-04-13,1.7185
1990-04-15,1.7185
1990-04-17,1.7214
1990-04-18,1.7245
1990-04-19,1.7223
1990-04-20,1.7273
1990-04-22,1.7273
1990-04-23,1.7383
1990-04-24,1.7377
1990-04-25,1.7441
1990-04-26,1.7315
1990-04-27,1.7266
1990-04-29,1.7266
1990-05-01,1.7277
1990-05-02,1.7306
1990-05-03,1.7252
1990-05-04,1.7335
1990-05-06,1.7335
1990-05-07,1.7357
1990-05-08,1.7264
1990-05-09,1.7216
1990-05-10,1.7218
1990-05-11,1.7098
1990-05-13,1.7098
1990-05-14,1.7054
1990-05-15,1.7072
1990-05-16,1.7173
1990-05-17,1.7122
1990-05-18,1.7217
1990-05-20,1.7217
1990-05-21,1.7249
1990-05-22,1.7229
1990-05-23,1.7121
1990-05-24,1.7101
1990-05-25,1.7092
1990-05-27,1.7092
1990-05-28,1.7085
1990-05-29,1.7185
1990-05-31,1.7237
1990-06-01,1.7225
1990-06-03,1.7225
1990-06-04,1.7198
1990-06-05,1.7196
1990-06-06,1.738
1990-06-07,1.7572
1990-06-08,1.7626
1990-06-10,1.7626
1990-06-11,1.773
1990-06-12,1.7597
1990-06-13,1.7682
1990-06-15,1.7642
1990-06-17,1.7642
1990-06-18,1.7554
1990-06-19,1.7412
1990-06-20,1.7507
1990-06-21,1.7548
1990-06-22,1.7587
1990-06-24,1.7587
1990-06-25,1.7693
1990-06-26,1.7886
1990-06-27,1.7835
1990-06-28,1.7588
1990-06-29,1.7792
1990-07-01,1.7792
1990-07-02,1.7643
1990-07-03,1.7797
1990-07-04,1.7765
1990-07-05,1.7828
1990-07-06,1.7802
1990-07-08,1.7802
1990-07-09,1.776
1990-07-10,1.7753
1990-07-11,1.7791
1990-07-12,1.7766
1990-07-13,1.7724
1990-07-15,1.7724
1990-07-16,1.7842
1990-07-17,1.7771
1990-07-18,1.7796
1990-07-19,1.7853
1990-07-20,1.7911
1990-07-22,1.7911
1990-07-23,1.7895
1990-07-24,1.7883
1990-07-25,1.7888
1990-07-26,1.799
1990-07-27,1.7876
1990-07-29,1.7876
1990-07-30,1.7815
1990-08-01,1.7626
1990-08-02,1.7688
1990-08-03,1.7607
1990-08-05,1.7607
1990-08-06,1.7561
1990-08-07,1.7671
1990-08-08,1.7726
1990-08-09,1.7709
1990-08-10,1.7825
1990-08-12,1.7825
1990-08-13,1.7743
1990-08-14,1.762
1990-08-15,1.7492
1990-08-16,1.7579
1990-08-17,1.7547
1990-08-19,1.7547
1990-08-20,1.7683
1990-08-21,1.7772
1990-08-22,1.7747
1990-08-23,1.7795
1990-08-24,1.7864
1990-08-26,1.7864
1990-08-27,1.7899
1990-08-28,1.7964
1990-08-29,1.8035
1990-08-30,1.801
1990-08-31,1.7775
1990-09-02,1.7775
1990-09-03,1.7622
1990-09-04,1.7569
1990-09-05,1.7551
1990-09-06,1.7547
1990-09-07,1.7416
1990-09-09,1.7416
1990-09-10,1.7879
1990-09-11,1.784
1990-09-12,1.7825
1990-09-13,1.7736
1990-09-14,1.768
1990-09-16,1.768
1990-09-17,1.7615
1990-09-18,1.7673
1990-09-19,1.7657
1990-09-23,1.7657
1990-09-24,1.7902
1990-09-25,1.7845
1990-09-26,1.7784
1990-09-27,1.7767
1990-09-30,1.7767
1990-10-01,1.7758
1990-10-02,1.7776
1990-10-03,1.775
1990-10-05,1.7717
1990-10-07,1.7717
1990-10-08,1.7574
1990-10-09,1.757
1990-10-10,1.7597
1990-10-12,1.7642
1990-10-14,1.7642
1990-10-15,1.754
1990-10-16,1.7493
1990-10-17,1.7327
1990-10-18,1.7165
1990-10-19,1.7264
1990-10-21,1.7264
1990-10-22,1.7192
1990-10-23,1.7222
1990-10-24,1.7325
1990-10-25,1.726
1990-10-26,1.7382
1990-10-28,1.7382
1990-10-29,1.7317
1990-10-30,1.7371
1990-10-31,1.7295
1990-11-01,1.734
1990-11-02,1.7295
1990-11-04,1.7295
1990-11-05,1.733
1990-11-06,1.7315
1990-11-07,1.7238
1990-11-08,1.7204
1990-11-09,1.7221
1990-11-11,1.7221
1990-11-12,1.7189
1990-11-13,1.7194
1990-11-14,1.717
1990-11-15,1.725
1990-11-16,1.7217
1990-11-18,1.7217
1990-11-19,1.718
1990-11-20,1.7225
1990-11-21,1.7267
1990-11-22,1.7267
1990-11-23,1.7343
1990-11-25,1.7343
1990-11-26,1.7362
1990-11-27,1.7389
1990-11-28,1.7224
1990-11-29,1.7253
1990-11-30,1.7375
1990-12-02,1.7375
1990-12-03,1.7358
1990-12-04,1.7379
1990-12-05,1.7342
1990-12-06,1.742
1990-12-07,1.7305
1990-12-09,1.7305
1990-12-10,1.731
1990-12-11,1.7429
1990-12-12,1.7393
1990-12-13,1.7387
1990-12-14,1.7382
1990-12-16,1.7382
1990-12-17,1.7466
1990-12-18,1.7466
1990-12-19,1.7456
1990-12-20,1.7554
1990-12-21,1.7688
1990-12-23,1.7688
1990-12-24,1.7863
1990-12-27,1.7902
1990-12-28,1.7852
1990-12-30,1.7852
1990-12-31,1.7656
1991-01-02,1.7531
1991-01-03,1.7515
1991-01-04,1.7605
1991-01-06,1.7605
1991-01-07,1.7668
1991-01-08,1.7752
1991-01-09,1.7752
1991-01-10,1.767
1991-01-11,1.7697
1991-01-13,1.7697
1991-01-14,1.7773
1991-01-15,1.7798
1991-01-16,1.7786
1991-01-17,1.762
1991-01-18,1.7527
1991-01-20,1.7527
1991-01-21,1.7483
1991-01-22,1.7429
1991-01-23,1.7488
1991-01-24,1.7392
1991-01-25,1.7349
1991-01-27,1.7349
1991-01-28,1.7291
1991-01-29,1.7323
1991-01-30,1.737
1991-01-31,1.7308
1991-02-01,1.7263
1991-02-03,1.7263
1991-02-04,1.7268
1991-02-05,1.7238
1991-02-06,1.725
1991-02-07,1.7251
1991-02-08,1.7237
1991-02-10,1.7237
1991-02-11,1.7229
1991-02-12,1.7274
1991-02-13,1.7309
1991-02-14,1.7334
1991-02-15,1.7373
1991-02-17,1.7373
1991-02-18,1.7406
1991-02-19,1.7453
1991-02-20,1.7452
1991-02-21,1.7508
1991-02-22,1.7535
1991-02-24,1.7535
1991-02-25,1.7569
1991-02-26,1.7616
1991-02-27,1.7668
1991-03-01,1.7733
1991-03-03,1.7733
1991-03-04,1.7687
1991-03-05,1.767
1991-03-06,1.772
1991-03-07,1.7677
1991-03-08,1.7687
1991-03-10,1.7687
1991-03-11,1.8863
1991-03-12,1.8863
1991-03-13,1.8924
1991-03-14,1.8913
1991-03-15,1.8982
1991-03-17,1.8982
1991-03-18,1.9045
1991-03-19,1.9219
1991-03-20,1.9247
1991-03-21,1.9144
1991-03-22,1.9152
1991-03-24,1.9152
1991-03-25,1.9232
1991-03-26,1.9355
1991-03-27,1.9342
1991-03-28,1.9502
1991-03-31,1.9502
1991-04-02,1.9418
1991-04-03,1.9372
1991-04-04,1.9402
1991-04-07,1.9402
1991-04-08,1.946
1991-04-09,1.9463
1991-04-10,1.9371
1991-04-11,1.9451
1991-04-12,1.9427
1991-04-14,1.9427
1991-04-15,1.942
1991-04-16,1.9407
1991-04-17,1.9409
1991-04-19,1.9608
1991-04-21,1.9608
1991-04-22,1.974
1991-04-23,1.985
1991-04-24,1.9831
1991-04-25,1.9888
1991-04-26,1.9952
1991-04-28,1.9952
1991-04-29,2.0136
1991-04-30,1.9973
1991-05-01,1.9731
1991-05-02,1.9808
1991-05-03,1.9917
1991-05-05,1.9917
1991-05-06,2.011
1991-05-07,2.0173
1991-05-08,2.0522
1991-05-09,2.0324
1991-05-10,2.0475
1991-05-12,2.0475
1991-05-13,2.0512
1991-05-14,2.058
1991-05-15,2.0508
1991-05-16,2.0579
1991-05-17,2.0681
1991-05-20,2.0895
1991-05-21,2.095
1991-05-22,2.0896
1991-05-23,2.1005
1991-05-24,2.0947
1991-05-26,2.0947
1991-05-27,2.0863
1991-05-28,2.0925
1991-05-29,2.0812
1991-05-30,2.0667
1991-05-31,2.0854
1991-06-02,2.0854
1991-06-03,2.1035
1991-06-04,2.108
1991-06-05,2.0965
1991-06-06,2.0939
1991-06-07,2.088
1991-06-09,2.088
1991-06-10,2.0892
1991-06-11,2.0968
1991-06-12,2.1029
1991-06-13,2.104
1991-06-14,2.0932
1991-06-16,2.0932
1991-06-17,2.1028
1991-06-18,2.1129
1991-06-19,2.0979
1991-06-20,2.0892
1991-06-21,2.1005
1991-06-23,2.1005
1991-06-24,2.093
1991-06-25,2.0901
1991-06-26,2.092
1991-06-27,2.0896
1991-06-28,2.0967
1991-06-30,2.0967
1991-07-01,2.101
1991-07-02,2.0978
1991-07-03,2.1048
1991-07-04,2.0985
1991-07-05,2.101
1991-07-07,2.101
1991-07-08,2.0917
1991-07-09,2.0768
1991-07-10,2.0809
1991-07-11,2.0795
1991-07-12,2.0874
1991-07-14,2.0874
1991-07-15,2.0737
1991-07-16,2.0764
1991-07-17,2.0738
1991-07-18,2.0603
1991-07-19,2.0485
1991-07-22,2.0503
1991-07-23,2.0555
1991-07-24,2.043
1991-07-25,2.0417
1991-07-26,2.0498
1991-07-28,2.0498
1991-07-29,2.0579
1991-07-30,2.0475
1991-07-31,2.0469
1991-08-01,2.0399
1991-08-02,2.045
1991-08-04,2.045
1991-08-05,2.0413
1991-08-06,2.0334
1991-08-07,2.0323
1991-08-08,2.0257
1991-08-09,2.0264
1991-08-11,2.0264
1991-08-12,2.0317
1991-08-13,2.03
1991-08-14,2.0252
1991-08-15,2.0281
1991-08-16,2.0373
1991-08-18,2.0373
1991-08-19,2.071
1991-08-20,2.0806
1991-08-21,2.0688
1991-08-22,2.0508
1991-08-23,2.051
1991-08-25,2.051
1991-08-26,2.0497
1991-08-27,2.0485
1991-08-28,2.0527
1991-08-29,2.0387
1991-08-30,2.0436
1991-09-01,2.0436
1991-09-02,2.0386
1991-09-03,2.0457
1991-09-04,2.0372
1991-09-05,2.0393
1991-09-06,2.0318
1991-09-08,2.0318
1991-09-11,2.024
1991-09-12,2.0326
1991-09-13,2.0272
1991-09-15,2.0272
1991-09-16,2.036
1991-09-19,2.0453
1991-09-20,2.0603
1991-09-22,2.0603
1991-09-24,2.0639
1991-09-25,2.0708
1991-09-26,2.0778
1991-09-27,2.107
1991-09-29,2.107
1991-10-01,2.1061
1991-10-02,2.1067
1991-10-03,2.1055
1991-10-04,2.1031
1991-10-06,2.1031
1991-10-07,2.114
1991-10-08,2.1199
1991-10-09,2.1342
1991-10-10,2.1275
1991-10-11,2.1365
1991-10-13,2.1365
1991-10-14,2.1395
1991-10-15,2.1519
1991-10-16,2.1557
1991-10-17,2.1541
1991-10-18,2.1573
1991-10-20,2.1573
1991-10-21,2.1606
1991-10-22,2.17
1991-10-23,2.175
1991-10-24,2.1791
1991-10-25,2.1785
1991-10-27,2.1785
1991-10-28,2.1784
1991-10-29,2.1696
1991-10-30,2.1501
1991-10-31,2.14
1991-11-01,2.1335
1991-11-03,2.1335
1991-11-04,2.123
1991-11-05,2.1178
1991-11-06,2.1162
1991-11-07,2.1105
1991-11-08,2.107
1991-11-10,2.107
1991-11-11,2.0979
1991-11-12,2.0853
1991-11-13,2.0791
1991-11-14,2.0815
1991-11-15,2.0797
1991-11-17,2.0797
1991-11-18,2.0683
1991-11-19,2.0644
1991-11-20,2.0541
1991-11-21,2.0529
1991-11-22,2.0432
1991-11-24,2.0432
1991-11-25,2.0335
1991-11-26,2.0418
1991-11-27,2.0503
1991-11-28,2.0565
1991-11-29,2.0664
1991-12-01,2.0664
1991-12-02,2.0613
1991-12-03,2.0627
1991-12-04,2.0568
1991-12-05,2.0467
1991-12-06,2.0409
1991-12-08,2.0409
1991-12-09,2.0346
1991-12-10,2.0309
1991-12-11,2.0368
1991-12-12,2.0241
1991-12-13,2.0246
1991-12-15,2.0246
1991-12-16,2.0255
1991-12-17,2.0206
1991-12-18,2.0149
1991-12-19,2.0158
1991-12-20,1.9939
1991-12-22,1.9939
1991-12-23,1.9786
1991-12-24,1.9676
1991-12-27,1.963
1991-12-29,1.963
1991-12-30,1.9716
1991-12-31,1.9748
1992-01-02,1.9782
1992-01-03,1.99
1992-01-05,1.99
1992-01-06,1.9914
1992-01-07,1.9868
1992-01-08,1.9836
1992-01-09,1.983
1992-01-10,1.9874
1992-01-12,1.9874
1992-01-13,2.0017
1992-01-14,1.9976
1992-01-15,2.0084
1992-01-16,2.0052
1992-01-17,2.0143
1992-01-19,2.0143
1992-01-20,1.9975
1992-01-21,1.9935
1992-01-22,1.9949
1992-01-23,1.9961
1992-01-24,1.9886
1992-01-26,1.9886
1992-01-27,1.9765
1992-01-28,1.9782
1992-01-29,1.9702
1992-01-30,1.9673
1992-01-31,1.9727
1992-02-02,1.9727
1992-02-03,1.9693
1992-02-04,1.9632
1992-02-05,1.9521
1992-02-06,1.9439
1992-02-07,1.9457
1992-02-09,1.9457
1992-02-10,1.9472
1992-02-11,1.9588
1992-02-12,1.9589
1992-02-13,1.9563
1992-02-14,1.9625
1992-02-16,1.9625
1992-02-17,1.9564
1992-02-18,1.9627
1992-02-19,1.9703
1992-02-20,1.9858
1992-02-21,1.9872
1992-02-23,1.9872
1992-02-24,1.9925
1992-02-25,1.9903
1992-02-26,2.0104
1992-02-27,2.0057
1992-02-28,2.0023
1992-03-01,2.0023
1992-03-02,1.9987
1992-03-03,2.0
1992-03-04,2.0011
1992-03-05,2.0142
1992-03-06,2.0212
1992-03-08,2.0212
1992-03-09,2.0137
1992-03-10,2.0078
1992-03-11,2.0131
1992-03-12,2.0118
1992-03-13,2.0071
1992-03-15,2.0071
1992-03-16,2.0054
1992-03-17,2.0039
1992-03-18,2.0121
1992-03-22,2.0121
1992-03-23,2.0235
1992-03-24,2.0332
1992-03-25,2.0297
1992-03-26,2.0299
1992-03-27,2.0286
1992-03-29,2.0286
1992-03-30,2.0277
1992-03-31,2.0192
1992-04-01,2.0169
1992-04-02,2.0053
1992-04-03,2.0019
1992-04-05,2.0019
1992-04-06,2.0065
1992-04-07,2.0119
1992-04-08,2.0092
1992-04-09,2.0076
1992-04-10,2.0043
1992-04-12,2.0043
1992-04-13,2.0186
1992-04-14,2.0258
1992-04-15,2.0314
1992-04-16,2.0338
1992-04-19,2.0338
1992-04-21,2.051
1992-04-22,2.052
1992-04-23,2.0445
1992-04-26,2.0445
1992-04-27,2.0345
1992-04-28,2.0283
1992-04-29,2.0316
1992-04-30,2.0329
1992-05-01,2.0318
1992-05-03,2.0318
1992-05-04,2.0396
1992-05-05,2.0358
1992-05-06,2.0339
1992-05-08,2.0199
1992-05-10,2.0199
1992-05-11,2.0257
1992-05-12,2.019
1992-05-13,2.015
1992-05-14,2.0212
1992-05-15,2.0153
1992-05-17,2.0153
1992-05-18,2.0193
1992-05-19,2.0208
1992-05-20,2.0247
1992-05-21,2.0376
1992-05-22,2.0461
1992-05-24,2.0461
1992-05-25,2.045
1992-05-26,2.0399
1992-05-27,2.0535
1992-05-28,2.0548
1992-05-29,2.0457
1992-05-31,2.0457
1992-06-01,2.0353
1992-06-02,2.0444
1992-06-03,2.0475
1992-06-04,2.0486
1992-06-05,2.0498
1992-06-08,2.0553
1992-06-09,2.0526
1992-06-10,2.0599
1992-06-11,2.0575
1992-06-12,2.0545
1992-06-14,2.0545
1992-06-15,2.0546
1992-06-16,2.0497
1992-06-17,2.0481
1992-06-18,2.059
1992-06-19,2.0476
1992-06-21,2.0476
1992-06-22,2.0576
1992-06-24,2.0524
1992-06-25,2.054
1992-06-26,2.0546
1992-06-28,2.0546
1992-06-29,2.0452
1992-06-30,2.0422
1992-07-01,2.0284
1992-07-02,2.0307
1992-07-03,2.0304
1992-07-05,2.0304
1992-07-06,2.0421
1992-07-07,2.0321
1992-07-08,2.0349
1992-07-09,2.0395
1992-07-10,2.063
1992-07-12,2.063
1992-07-13,2.0393
1992-07-14,2.0474
1992-07-15,2.0544
1992-07-16,2.0497
1992-07-17,2.0512
1992-07-19,2.0512
1992-07-20,2.0425
1992-07-21,2.0637
1992-07-22,2.0662
1992-07-23,2.0712
1992-07-24,2.0629
1992-07-26,2.0629
1992-07-27,2.0688
1992-07-28,2.0647
1992-07-29,2.0637
1992-07-30,2.0764
1992-07-31,2.0686
1992-08-02,2.0686
1992-08-03,2.0667
1992-08-04,2.0704
1992-08-05,2.0705
1992-08-06,2.0779
1992-08-07,2.0748
1992-08-10,2.069
1992-08-11,2.0662
1992-08-12,2.0613
1992-08-13,2.0621
1992-08-14,2.0529
1992-08-16,2.0529
1992-08-17,2.0557
1992-08-18,2.0504
1992-08-19,2.0396
1992-08-20,2.0472
1992-08-21,2.0484
1992-08-23,2.0484
1992-08-24,2.0371
1992-08-25,2.031
1992-08-26,2.0312
1992-08-27,2.0298
1992-08-28,2.019
1992-08-30,2.019
1992-08-31,2.0225
1992-09-01,2.0153
1992-09-02,2.0078
1992-09-03,2.0066
1992-09-04,2.0225
1992-09-06,2.0225
1992-09-07,2.0098
1992-09-08,2.0006
1992-09-09,1.9966
1992-09-10,1.9873
1992-09-11,1.9808
1992-09-13,1.9808
1992-09-14,2.0338
1992-09-15,2.0233
1992-09-16,2.0226
1992-09-17,2.0426
1992-09-18,2.0495
1992-09-20,2.0495
1992-09-21,2.0387
1992-09-22,2.0093
1992-09-23,2.0263
1992-09-24,2.0015
1992-09-25,2.0004
1992-09-27,2.0004
1992-09-30,1.942
1992-10-01,1.9599
1992-10-02,1.9525
1992-10-04,1.9525
1992-10-05,1.9513
1992-10-08,1.9951
1992-10-09,1.9972
1992-10-11,1.9972
1992-10-13,2.0069
1992-10-14,1.9976
1992-10-15,1.9783
1992-10-16,1.9858
1992-10-18,1.9858
1992-10-20,2.0201
1992-10-21,2.0351
1992-10-22,2.0278
1992-10-23,2.0124
1992-10-25,2.0124
1992-10-26,2.0323
1992-10-27,2.0392
1992-10-28,2.0582
1992-10-29,2.0634
1992-10-30,2.0601
1992-11-01,2.0601
1992-11-02,2.0696
1992-11-03,2.1013
1992-11-04,2.0915
1992-11-05,2.0925
1992-11-06,2.0967
1992-11-08,2.0967
1992-11-09,2.0958
1992-11-10,2.0984
1992-11-11,2.0842
1992-11-12,2.0813
1992-11-13,2.0904
1992-11-15,2.0904
1992-11-16,2.0829
1992-11-17,2.0817
1992-11-18,2.074
1992-11-19,2.0768
1992-11-20,2.0825
1992-11-22,2.0825
1992-11-23,2.0844
1992-11-24,2.0788
1992-11-25,2.096
1992-11-26,2.1012
1992-11-27,2.1013
1992-11-29,2.1013
1992-11-30,2.107
1992-12-01,2.0944
1992-12-02,2.0954
1992-12-03,2.109
1992-12-04,2.0991
1992-12-06,2.0991
1992-12-07,2.1073
1992-12-08,2.1023
1992-12-09,2.0991
1992-12-10,2.1104
1992-12-11,2.1113
1992-12-13,2.1113
1992-12-14,2.1064
1992-12-15,2.1053
1992-12-16,2.0951
1992-12-17,2.0948
1992-12-18,2.1064
1992-12-20,2.1064
1992-12-21,2.1069
1992-12-22,2.1318
1992-12-23,2.1465
1992-12-24,2.1548
1992-12-27,2.1548
1992-12-28,2.1684
1992-12-29,2.1763
1992-12-30,2.1739
1992-12-31,2.1787
1993-01-03,2.1787
1993-01-04,2.1885
1993-01-05,2.1771
1993-01-06,2.1794
1993-01-07,2.183
1993-01-08,2.1802
1993-01-10,2.1802
1993-01-11,2.1872
1993-01-12,2.1846
1993-01-13,2.1849
1993-01-14,2.1808
1993-01-15,2.1771
1993-01-17,2.1771
1993-01-18,2.179
1993-01-19,2.1777
1993-01-20,2.1739
1993-01-21,2.1686
1993-01-22,2.1649
1993-01-24,2.1649
1993-01-25,2.1639
1993-01-26,2.1641
1993-01-27,2.1748
1993-01-28,2.1771
1993-01-29,2.1759
1993-01-31,2.1759
1993-02-01,2.2008
1993-02-02,2.21
1993-02-03,2.2188
1993-02-04,2.2129
1993-02-05,2.2308
1993-02-07,2.2308
1993-02-08,2.2264
1993-02-09,2.2234
1993-02-10,2.2164
1993-02-11,2.2253
1993-02-12,2.2394
1993-02-14,2.2394
1993-02-15,2.2426
1993-02-16,2.2405
1993-02-17,2.2226
1993-02-18,2.2197
1993-02-19,2.227
1993-02-21,2.227
1993-02-22,2.2186
1993-02-23,2.222
1993-02-24,2.2085
1993-02-25,2.2146
1993-02-26,2.2364
1993-02-28,2.2364
1993-03-01,2.2269
1993-03-02,2.2358
1993-03-03,2.2319
1993-03-04,2.2421
1993-03-05,2.2424
1993-03-08,2.2482
1993-03-09,2.2525
1993-03-10,2.2464
1993-03-11,2.2498
1993-03-12,2.2564
1993-03-14,2.2564
1993-03-15,2.2486
1993-03-16,2.2369
1993-03-17,2.2327
1993-03-18,2.2364
1993-03-19,2.2376
1993-03-21,2.2376
1993-03-22,2.2303
1993-03-23,2.2255
1993-03-24,2.2266
1993-03-25,2.2349
1993-03-26,2.2382
1993-03-28,2.2382
1993-03-29,2.2347
1993-03-30,2.2266
1993-03-31,2.2025
1993-04-01,2.1915
1993-04-02,2.1816
1993-04-04,2.1816
1993-04-05,2.1778
1993-04-07,2.1885
1993-04-08,2.1943
1993-04-11,2.1943
1993-04-13,2.1781
1993-04-14,2.1696
1993-04-15,2.1747
1993-04-16,2.1809
1993-04-18,2.1809
1993-04-19,2.1919
1993-04-20,2.1828
1993-04-21,2.1811
1993-04-22,2.1707
1993-04-23,2.1668
1993-04-25,2.1668
1993-04-27,2.1516
1993-04-28,2.1464
1993-04-29,2.1493
1993-04-30,2.1409
1993-05-02,2.1409
1993-05-03,2.1496
1993-05-04,2.1498
1993-05-05,2.1358
1993-05-06,2.1458
1993-05-07,2.1389
1993-05-09,2.1389
1993-05-10,2.1485
1993-05-11,2.1532
1993-05-12,2.1491
1993-05-13,2.1543
1993-05-14,2.1538
1993-05-16,2.1538
1993-05-17,2.1417
1993-05-18,2.1547
1993-05-19,2.1677
1993-05-20,2.1641
1993-05-21,2.1595
1993-05-23,2.1595
1993-05-24,2.1736
1993-05-25,2.1773
1993-05-27,2.1644
1993-05-28,2.1564
1993-05-30,2.1564
1993-06-01,2.1371
1993-06-02,2.1408
1993-06-03,2.1421
1993-06-04,2.1344
1993-06-06,2.1344
1993-06-07,2.1524
1993-06-08,2.1378
1993-06-09,2.1382
1993-06-10,2.1485
1993-06-11,2.1422
1993-06-13,2.1422
1993-06-14,2.1393
1993-06-15,2.1403
1993-06-16,2.155
1993-06-17,2.1642
1993-06-18,2.1698
1993-06-20,2.1698
1993-06-21,2.1976
1993-06-22,2.1984
1993-06-23,2.1973
1993-06-24,2.1934
1993-06-25,2.185
1993-06-27,2.185
1993-06-28,2.194
1993-06-29,2.1962
1993-06-30,2.1881
1993-07-01,2.1947
1993-07-02,2.1747
1993-07-04,2.1747
1993-07-05,2.1839
1993-07-06,2.1837
1993-07-07,2.1866
1993-07-08,2.1894
1993-07-09,2.1943
1993-07-11,2.1943
1993-07-12,2.2109
1993-07-13,2.2106
1993-07-14,2.201
1993-07-15,2.1916
1993-07-16,2.1997
1993-07-18,2.1997
1993-07-19,2.1957
1993-07-20,2.1921
1993-07-21,2.195
1993-07-22,2.1927
1993-07-23,2.1903
1993-07-25,2.1903
1993-07-26,2.2364
1993-07-28,2.2369
1993-07-29,2.2275
1993-07-30,2.2318
1993-08-01,2.2318
1993-08-02,2.2374
1993-08-03,2.2176
1993-08-04,2.217
1993-08-05,2.2164
1993-08-06,2.2133
1993-08-08,2.2133
1993-08-09,2.2099
1993-08-10,2.213
1993-08-11,2.211
1993-08-12,2.1807
1993-08-13,2.1753
1993-08-15,2.1753
1993-08-16,2.1701
1993-08-17,2.1656
1993-08-18,2.1625
1993-08-19,2.1504
1993-08-20,2.1698
1993-08-22,2.1698
1993-08-23,2.1567
1993-08-24,2.1652
1993-08-25,2.1737
1993-08-26,2.191
1993-08-27,2.1763
1993-08-29,2.1763
1993-08-30,2.1768
1993-08-31,2.1703
1993-09-01,2.1806
1993-09-02,2.1592
1993-09-03,2.1667
1993-09-05,2.1667
1993-09-06,2.1478
1993-09-07,2.1535
1993-09-08,2.1601
1993-09-09,2.1639
1993-09-10,2.1609
1993-09-12,2.1609
1993-09-13,2.1635
1993-09-14,2.1599
1993-09-15,2.1565
1993-09-19,2.1565
1993-09-20,2.1636
1993-09-21,2.153
1993-09-22,2.1654
1993-09-23,2.1657
1993-09-26,2.1657
1993-09-27,2.1759
1993-09-28,2.1696
1993-09-29,2.1631
1993-10-01,2.1597
1993-10-03,2.1597
1993-10-04,2.1508
1993-10-05,2.1406
1993-10-06,2.1496
1993-10-08,2.1453
1993-10-10,2.1453
1993-10-11,2.1419
1993-10-12,2.1398
1993-10-13,2.1539
1993-10-14,2.1538
1993-10-15,2.1639
1993-10-17,2.1639
1993-10-18,2.1584
1993-10-19,2.1742
1993-10-20,2.1785
1993-10-21,2.1925
1993-10-22,2.2147
1993-10-24,2.2147
1993-10-25,2.2307
1993-10-26,2.2273
1993-10-27,2.2103
1993-10-28,2.2189
1993-10-29,2.2115
1993-10-31,2.2115
1993-11-01,2.2247
1993-11-02,2.2409
1993-11-03,2.2474
1993-11-04,2.2426
1993-11-05,2.2665
1993-11-07,2.2665
1993-11-08,2.2611
1993-11-09,2.2624
1993-11-10,2.2451
1993-11-11,2.2445
1993-11-12,2.2499
1993-11-14,2.2499
1993-11-15,2.228
1993-11-16,2.2366
1993-11-17,2.2485
1993-11-18,2.2412
1993-11-19,2.2336
1993-11-21,2.2336
1993-11-22,2.2324
1993-11-23,2.2282
1993-11-24,2.2216
1993-11-25,2.2239
1993-11-26,2.2259
1993-11-28,2.2259
1993-11-29,2.2307
1993-11-30,2.2215
1993-12-01,2.2251
1993-12-02,2.2253
1993-12-03,2.2331
1993-12-05,2.2331
1993-12-06,2.2335
1993-12-07,2.2378
1993-12-08,2.2393
1993-12-09,2.2422
1993-12-10,2.2292
1993-12-12,2.2292
1993-12-13,2.2281
1993-12-14,2.2328
1993-12-15,2.2262
1993-12-16,2.2291
1993-12-17,2.2248
1993-12-19,2.2248
1993-12-20,2.2225
1993-12-21,2.2141
1993-12-22,2.2156
1993-12-23,2.228
1993-12-24,2.2358
1993-12-26,2.2358
1993-12-27,2.2439
1993-12-28,2.2445
1993-12-29,2.241
1993-12-30,2.2449
1993-12-31,2.2476
1994-01-02,2.2476
1994-01-03,2.2544
1994-01-04,2.2777
1994-01-05,2.2681
1994-01-06,2.2622
1994-01-07,2.2632
1994-01-09,2.2632
1994-01-10,2.2632
1994-01-11,2.2665
1994-01-12,2.2566
1994-01-13,2.25
1994-01-14,2.2553
1994-01-16,2.2553
1994-01-17,2.2527
1994-01-18,2.2645
1994-01-19,2.2682
1994-01-20,2.2768
1994-01-21,2.2695
1994-01-23,2.2695
1994-01-24,2.2798
1994-01-25,2.2755
1994-01-26,2.2742
1994-01-27,2.2836
1994-01-28,2.2705
1994-01-30,2.2705
1994-01-31,2.2585
1994-02-01,2.2392
1994-02-02,2.2375
1994-02-03,2.2433
1994-02-04,2.2441
1994-02-06,2.2441
1994-02-07,2.2284
1994-02-08,2.2272
1994-02-09,2.2267
1994-02-10,2.2305
1994-02-11,2.2275
1994-02-13,2.2275
1994-02-14,2.2137
1994-02-15,2.1899
1994-02-16,2.1944
1994-02-17,2.2063
1994-02-18,2.2107
1994-02-20,2.2107
1994-02-21,2.2121
1994-02-22,2.2106
1994-02-23,2.2247
1994-02-24,2.2244
1994-02-27,2.2244
1994-02-28,2.2057
1994-03-01,2.1948
1994-03-02,2.195
1994-03-03,2.1891
1994-03-04,2.1924
1994-03-06,2.1924
1994-03-07,2.2016
1994-03-08,2.198
1994-03-09,2.1945
1994-03-10,2.1873
1994-03-11,2.187
1994-03-13,2.187
1994-03-14,2.1855
1994-03-15,2.1833
1994-03-16,2.1815
1994-03-17,2.177
1994-03-18,2.1725
1994-03-20,2.1725
1994-03-21,2.1803
1994-03-22,2.1784
1994-03-23,2.1874
1994-03-24,2.1711
1994-03-25,2.1572
1994-03-28,2.1561
1994-03-29,2.1636
1994-03-30,2.1664
1994-03-31,2.1457
1994-04-03,2.1457
1994-04-05,2.1424
1994-04-06,2.1656
1994-04-07,2.1605
1994-04-08,2.1684
1994-04-10,2.1684
1994-04-11,2.1577
1994-04-12,2.1639
1994-04-13,2.1741
1994-04-15,2.1602
1994-04-17,2.1602
1994-04-18,2.1607
1994-04-19,2.152
1994-04-20,2.1557
1994-04-21,2.1545
1994-04-22,2.1697
1994-04-24,2.1697
1994-04-25,2.1718
1994-04-26,2.1846
1994-04-27,2.1921
1994-04-28,2.1853
1994-04-29,2.1719
1994-05-01,2.1719
1994-05-02,2.1725
1994-05-03,2.1728
1994-05-04,2.1647
1994-05-05,2.1701
1994-05-06,2.1813
1994-05-08,2.1813
1994-05-09,2.18
1994-05-10,2.1805
1994-05-11,2.1927
1994-05-12,2.178
1994-05-13,2.1835
1994-05-15,2.1835
1994-05-17,2.1845
1994-05-18,2.1887
1994-05-19,2.1878
1994-05-20,2.1959
1994-05-22,2.1959
1994-05-23,2.181
1994-05-24,2.1936
1994-05-25,2.1957
1994-05-26,2.1851
1994-05-27,2.1888
1994-05-29,2.1888
1994-05-30,2.1957
1994-05-31,2.1902
1994-06-01,2.1949
1994-06-02,2.1912
1994-06-03,2.1973
1994-06-05,2.1973
1994-06-06,2.2238
1994-06-07,2.2367
1994-06-08,2.2229
1994-06-09,2.2201
1994-06-10,2.2225
1994-06-12,2.2225
1994-06-13,2.2165
1994-06-14,2.2008
1994-06-15,2.2002
1994-06-16,2.1847
1994-06-17,2.2019
1994-06-19,2.2019
1994-06-20,2.1945
1994-06-21,2.1962
1994-06-22,2.2023
1994-06-23,2.2083
1994-06-24,2.1921
1994-06-26,2.1921
1994-06-27,2.1865
1994-06-28,2.1965
1994-06-29,2.1911
1994-06-30,2.1936
1994-07-01,2.1952
1994-07-03,2.1952
1994-07-04,2.1938
1994-07-05,2.1852
1994-07-06,2.173
1994-07-07,2.1768
1994-07-08,2.173
1994-07-10,2.173
1994-07-11,2.1587
1994-07-12,2.1587
1994-07-13,2.1651
1994-07-14,2.174
1994-07-15,2.1758
1994-07-18,2.1852
1994-07-19,2.1896
1994-07-20,2.2013
1994-07-21,2.1956
1994-07-22,2.22
1994-07-24,2.22
1994-07-25,2.2102
1994-07-26,2.2151
1994-07-27,2.207
1994-07-28,2.2053
1994-07-29,2.2107
1994-07-31,2.2107
1994-08-01,2.195
1994-08-02,2.1955
1994-08-03,2.1984
1994-08-04,2.1935
1994-08-05,2.2023
1994-08-07,2.2023
1994-08-08,2.2037
1994-08-09,2.2113
1994-08-10,2.216
1994-08-11,2.2086
1994-08-12,2.1906
1994-08-14,2.1906
1994-08-15,2.1915
1994-08-16,2.1954
1994-08-17,2.2062
1994-08-18,2.1978
1994-08-19,2.1962
1994-08-21,2.1962
1994-08-22,2.196
1994-08-23,2.1924
1994-08-24,2.1973
1994-08-25,2.1997
1994-08-26,2.2005
1994-08-28,2.2005
1994-08-29,2.2195
1994-08-30,2.2246
1994-08-31,2.2116
1994-09-01,2.2173
1994-09-02,2.2177
1994-09-04,2.2177
1994-09-05,2.2137
1994-09-08,2.2101
1994-09-09,2.2089
1994-09-11,2.2089
1994-09-12,2.2104
1994-09-13,2.2292
1994-09-16,2.2395
1994-09-18,2.2395
1994-09-19,2.2329
1994-09-21,2.2529
1994-09-22,2.2472
1994-09-23,2.2475
1994-09-25,2.2475
1994-09-26,2.2532
1994-09-28,2.2562
1994-09-29,2.2504
1994-09-30,2.2414
1994-10-02,2.2414
1994-10-03,2.2436
1994-10-04,2.2445
1994-10-05,2.2391
1994-10-06,2.2377
1994-10-07,2.2357
1994-10-09,2.2357
1994-10-10,2.2421
1994-10-11,2.2499
1994-10-12,2.2515
1994-10-13,2.2518
1994-10-14,2.2371
1994-10-16,2.2371
1994-10-17,2.2222
1994-10-18,2.2312
1994-10-19,2.2285
1994-10-20,2.2293
1994-10-21,2.2229
1994-10-23,2.2229
1994-10-24,2.2375
1994-10-25,2.2296
1994-10-26,2.238
1994-10-27,2.2314
1994-10-28,2.2291
1994-10-30,2.2291
1994-10-31,2.2258
1994-11-01,2.2173
1994-11-02,2.2153
1994-11-03,2.2162
1994-11-04,2.2156
1994-11-06,2.2156
1994-11-07,2.2162
1994-11-08,2.2066
1994-11-09,2.221
1994-11-10,2.2113
1994-11-11,2.2074
1994-11-13,2.2074
1994-11-14,2.2118
1994-11-15,2.2015
1994-11-16,2.198
1994-11-17,2.1942
1994-11-18,2.213
1994-11-20,2.213
1994-11-21,2.2202
1994-11-22,2.2153
1994-11-23,2.1989
1994-11-24,2.2086
1994-11-25,2.2191
1994-11-27,2.2191
1994-11-28,2.2216
1994-11-29,2.2043
1994-11-30,2.1976
1994-12-01,2.1962
1994-12-02,2.1959
1994-12-04,2.1959
1994-12-05,2.2045
1994-12-06,2.1974
1994-12-07,2.1901
1994-12-08,2.1804
1994-12-09,2.184
1994-12-11,2.184
1994-12-12,2.1816
1994-12-13,2.1733
1994-12-14,2.1733
1994-12-15,2.1769
1994-12-16,2.175
1994-12-18,2.175
1994-12-19,2.1699
1994-12-20,2.1769
1994-12-21,2.195
1994-12-22,2.1905
1994-12-23,2.179
1994-12-25,2.179
1994-12-27,2.172
1994-12-28,2.1664
1994-12-29,2.1541
1994-12-30,2.1495
1995-01-01,2.1495
1995-01-03,2.1635
1995-01-04,2.1551
1995-01-05,2.1558
1995-01-06,2.1559
1995-01-08,2.1559
1995-01-09,2.1585
1995-01-10,2.1394
1995-01-11,2.1344
1995-01-12,2.1299
1995-01-13,2.1217
1995-01-15,2.1217
1995-01-16,2.1388
1995-01-17,2.1332
1995-01-18,2.1156
1995-01-19,2.1235
1995-01-20,2.1088
1995-01-22,2.1088
1995-01-23,2.1152
1995-01-24,2.1159
1995-01-25,2.1117
1995-01-26,2.1241
1995-01-27,2.1237
1995-01-29,2.1237
1995-01-30,2.126
1995-01-31,2.109
1995-02-01,2.1399
1995-02-02,2.1442
1995-02-03,2.1415
1995-02-05,2.1415
1995-02-06,2.1559
1995-02-07,2.1636
1995-02-08,2.1688
1995-02-09,2.161
1995-02-10,2.1584
1995-02-12,2.1584
1995-02-13,2.1508
1995-02-14,2.161
1995-02-15,2.1477
1995-02-16,2.1383
1995-02-17,2.1193
1995-02-19,2.1193
1995-02-20,2.137
1995-02-21,2.1486
1995-02-22,2.1482
1995-02-23,2.1529
1995-02-24,2.1474
1995-02-26,2.1474
1995-02-27,2.1387
1995-02-28,2.1503
1995-03-01,2.1392
1995-03-02,2.1342
1995-03-03,2.1258
1995-03-05,2.1258
1995-03-06,2.1037
1995-03-07,2.0953
1995-03-08,2.0993
1995-03-09,2.1191
1995-03-10,2.1154
1995-03-12,2.1154
1995-03-13,2.1221
1995-03-14,2.1075
1995-03-15,2.0999
1995-03-19,2.0999
1995-03-20,2.1189
1995-03-21,2.0983
1995-03-22,2.1144
1995-03-23,2.1167
1995-03-24,2.1275
1995-03-26,2.1275
1995-03-27,2.1385
1995-03-28,2.1291
1995-03-29,2.11
1995-03-30,2.1184
1995-03-31,2.1189
1995-04-02,2.1189
1995-04-03,2.1102
1995-04-04,2.1224
1995-04-05,2.1205
1995-04-06,2.1232
1995-04-07,2.1261
1995-04-09,2.1261
1995-04-10,2.1434
1995-04-11,2.1604
1995-04-12,2.1505
1995-04-13,2.1584
1995-04-16,2.1584
1995-04-18,2.1536
1995-04-19,2.1449
1995-04-20,2.1641
1995-04-23,2.1641
1995-04-24,2.1555
1995-04-25,2.165
1995-04-26,2.1746
1995-04-27,2.1684
1995-04-28,2.1715
1995-04-30,2.1715
1995-05-01,2.1935
1995-05-02,2.1868
1995-05-03,2.1781
1995-05-05,2.1824
1995-05-07,2.1824
1995-05-08,2.1849
1995-05-09,2.1857
1995-05-10,2.1879
1995-05-11,2.2211
1995-05-12,2.2311
1995-05-14,2.2311
1995-05-15,2.2344
1995-05-16,2.2297
1995-05-17,2.2241
1995-05-18,2.2329
1995-05-19,2.2346
1995-05-21,2.2346
1995-05-22,2.2371
1995-05-23,2.2173
1995-05-24,2.2268
1995-05-25,2.2169
1995-05-26,2.1907
1995-05-28,2.1907
1995-05-30,2.1889
1995-05-31,2.1919
1995-06-01,2.2039
1995-06-02,2.1897
1995-06-05,2.1838
1995-06-06,2.1817
1995-06-07,2.1696
1995-06-08,2.1733
1995-06-09,2.1752
1995-06-11,2.1752
1995-06-12,2.1671
1995-06-13,2.1611
1995-06-14,2.1569
1995-06-15,2.1602
1995-06-16,2.1511
1995-06-18,2.1511
1995-06-19,2.1401
1995-06-20,2.1491
1995-06-21,2.1618
1995-06-22,2.1512
1995-06-23,2.1602
1995-06-25,2.1602
1995-06-26,2.1598
1995-06-27,2.1588
1995-06-28,2.1558
1995-06-29,2.1537
1995-06-30,2.146
1995-07-02,2.146
1995-07-03,2.1553
1995-07-04,2.1518
1995-07-05,2.1511
1995-07-06,2.1529
1995-07-07,2.1593
1995-07-09,2.1593
1995-07-10,2.1801
1995-07-11,2.1854
1995-07-12,2.1857
1995-07-13,2.1802
1995-07-14,2.1635
1995-07-16,2.1635
1995-07-17,2.1722
1995-07-18,2.162
1995-07-19,2.1582
1995-07-20,2.1558
1995-07-21,2.1641
1995-07-23,2.1641
1995-07-24,2.1671
1995-07-25,2.1751
1995-07-26,2.1955
1995-07-27,2.1886
1995-07-28,2.1931
1995-07-30,2.1931
1995-07-31,2.1818
1995-08-01,2.1959
1995-08-02,2.1983
1995-08-03,2.2177
1995-08-04,2.2195
1995-08-07,2.2253
1995-08-08,2.2312
1995-08-09,2.2218
1995-08-10,2.2186
1995-08-11,2.2246
1995-08-13,2.2246
1995-08-14,2.2225
1995-08-15,2.2241
1995-08-16,2.2331
1995-08-17,2.241
1995-08-18,2.242
1995-08-20,2.242
1995-08-21,2.2375
1995-08-22,2.2394
1995-08-23,2.2436
1995-08-24,2.2525
1995-08-25,2.2632
1995-08-27,2.2632
1995-08-28,2.2671
1995-08-29,2.2708
1995-08-30,2.2764
1995-08-31,2.2663
1995-09-01,2.2667
1995-09-03,2.2667
1995-09-04,2.2661
1995-09-05,2.2669
1995-09-06,2.2784
1995-09-07,2.2756
1995-09-08,2.2715
1995-09-10,2.2715
1995-09-11,2.2644
1995-09-12,2.257
1995-09-13,2.2552
1995-09-14,2.2257
1995-09-15,2.2326
1995-09-17,2.2326
1995-09-18,2.226
1995-09-19,2.2337
1995-09-20,2.2274
1995-09-21,2.2357
1995-09-22,2.2392
1995-09-24,2.2392
1995-09-27,2.2364
1995-09-28,2.2196
1995-09-29,2.2211
1995-10-01,2.2211
1995-10-02,2.2466
1995-10-05,2.2521
1995-10-06,2.2415
1995-10-08,2.2415
1995-10-10,2.2422
1995-10-11,2.2442
1995-10-12,2.2377
1995-10-13,2.242
1995-10-15,2.242
1995-10-17,2.2413
1995-10-18,2.2351
1995-10-19,2.2349
1995-10-20,2.236
1995-10-22,2.236
1995-10-23,2.2099
1995-10-24,2.1881
1995-10-25,2.2188
1995-10-26,2.2194
1995-10-27,2.2173
1995-10-29,2.2173
1995-10-30,2.2251
1995-10-31,2.263
1995-11-01,2.2454
1995-11-02,2.2279
1995-11-03,2.2548
1995-11-05,2.2548
1995-11-06,2.2392
1995-11-07,2.2255
1995-11-08,2.223
1995-11-09,2.225
1995-11-10,2.2283
1995-11-12,2.2283
1995-11-13,2.2284
1995-11-14,2.2294
1995-11-15,2.2163
1995-11-16,2.2379
1995-11-17,2.2522
1995-11-19,2.2522
1995-11-20,2.2918
1995-11-21,2.2773
1995-11-22,2.2551
1995-11-23,2.2631
1995-11-24,2.2728
1995-11-26,2.2728
1995-11-27,2.2726
1995-11-28,2.2697
1995-11-29,2.2587
1995-11-30,2.2632
1995-12-01,2.2691
1995-12-03,2.2691
1995-12-04,2.256
1995-12-05,2.252
1995-12-06,2.2634
1995-12-07,2.2654
1995-12-08,2.2635
1995-12-10,2.2635
1995-12-11,2.2558
1995-12-12,2.2561
1995-12-13,2.2693
1995-12-14,2.2671
1995-12-15,2.2691
1995-12-17,2.2691
1995-12-18,2.2721
1995-12-19,2.2687
1995-12-20,2.2899
1995-12-21,2.3252
1995-12-22,2.3247
1995-12-24,2.3247
1995-12-27,2.3126
1995-12-28,2.3146
1995-12-29,2.2991
1995-12-31,2.2991
1996-01-02,2.296
1996-01-03,2.3087
1996-01-04,2.3173
1996-01-05,2.3072
1996-01-07,2.3072
1996-01-08,2.3067
1996-01-09,2.296
1996-01-10,2.2907
1996-01-11,2.2845
1996-01-12,2.2926
1996-01-14,2.2926
1996-01-15,2.2863
1996-01-16,2.288
1996-01-17,2.2779
1996-01-18,2.2844
1996-01-19,2.2907
1996-01-21,2.2907
1996-01-22,2.2819
1996-01-23,2.2821
1996-01-24,2.2883
1996-01-25,2.2837
1996-01-26,2.2904
1996-01-28,2.2904
1996-01-29,2.2796
1996-01-30,2.2774
1996-01-31,2.2712
1996-02-01,2.2758
1996-02-02,2.2872
1996-02-04,2.2872
1996-02-05,2.2746
1996-02-06,2.2727
1996-02-07,2.2843
1996-02-08,2.2918
1996-02-09,2.2751
1996-02-11,2.2751
1996-02-12,2.2723
1996-02-13,2.2643
1996-02-14,2.2624
1996-02-15,2.2535
1996-02-16,2.2511
1996-02-18,2.2511
1996-02-19,2.2351
1996-02-20,2.227
1996-02-21,2.2435
1996-02-22,2.2603
1996-02-23,2.268
1996-02-25,2.268
1996-02-26,2.2536
1996-02-27,2.2581
1996-02-28,2.2548
1996-02-29,2.2577
1996-03-01,2.2684
1996-03-03,2.2684
1996-03-04,2.2617
1996-03-07,2.2592
1996-03-08,2.2547
1996-03-10,2.2547
1996-03-11,2.2688
1996-03-12,2.2677
1996-03-13,2.2557
1996-03-14,2.2599
1996-03-15,2.2587
1996-03-17,2.2587
1996-03-18,2.2685
1996-03-19,2.278
1996-03-20,2.2659
1996-03-21,2.2843
1996-03-22,2.2698
1996-03-24,2.2698
1996-03-25,2.269
1996-03-26,2.2788
1996-03-27,2.2979
1996-03-28,2.2977
1996-03-29,2.2815
1996-03-31,2.2815
1996-04-01,2.29
1996-04-02,2.3041
1996-04-07,2.3041
1996-04-09,2.3082
1996-04-11,2.323
1996-04-12,2.3238
1996-04-14,2.3238
1996-04-15,2.3287
1996-04-16,2.3386
1996-04-17,2.3385
1996-04-18,2.3567
1996-04-19,2.3409
1996-04-21,2.3409
1996-04-22,2.3352
1996-04-23,2.3257
1996-04-25,2.3299
1996-04-26,2.3292
1996-04-28,2.3292
1996-04-29,2.3401
1996-04-30,2.344
1996-05-01,2.3507
1996-05-02,2.3643
1996-05-03,2.3574
1996-05-05,2.3574
1996-05-06,2.3898
1996-05-07,2.4045
1996-05-08,2.3865
1996-05-09,2.3701
1996-05-10,2.3651
1996-05-12,2.3651
1996-05-13,2.3514
1996-05-14,2.3587
1996-05-15,2.3717
1996-05-16,2.3803
1996-05-17,2.3692
1996-05-19,2.3692
1996-05-20,2.3843
1996-05-21,2.3869
1996-05-22,2.3752
1996-05-23,2.388
1996-05-26,2.388
1996-05-28,2.3937
1996-05-30,2.4052
1996-05-31,2.405
1996-06-02,2.405
1996-06-03,2.3996
1996-06-04,2.3987
1996-06-05,2.3933
1996-06-06,2.3958
1996-06-07,2.3917
1996-06-09,2.3917
1996-06-10,2.3853
1996-06-11,2.3977
1996-06-12,2.396
1996-06-13,2.387
1996-06-14,2.3864
1996-06-16,2.3864
1996-06-17,2.3889
1996-06-18,2.3837
1996-06-19,2.381
1996-06-20,2.386
1996-06-21,2.3896
1996-06-23,2.3896
1996-06-24,2.3689
1996-06-25,2.3797
1996-06-26,2.369
1996-06-27,2.3484
1996-06-28,2.3461
1996-06-30,2.3461
1996-07-01,2.3474
1996-07-02,2.3474
1996-07-03,2.3468
1996-07-04,2.3484
1996-07-05,2.3477
1996-07-07,2.3477
1996-07-08,2.3228
1996-07-09,2.3121
1996-07-10,2.3187
1996-07-11,2.3336
1996-07-12,2.3233
1996-07-14,2.3233
1996-07-15,2.3219
1996-07-16,2.3209
1996-07-18,2.3193
1996-07-19,2.3296
1996-07-21,2.3296
1996-07-22,2.3231
1996-07-23,2.3081
1996-07-24,2.3036
1996-07-26,2.3029
1996-07-28,2.3029
1996-07-29,2.3054
1996-07-30,2.3017
1996-07-31,2.2935
1996-08-01,2.2871
1996-08-02,2.2911
1996-08-04,2.2911
1996-08-05,2.2899
1996-08-06,2.2904
1996-08-07,2.2937
1996-08-08,2.2953
1996-08-09,2.2915
1996-08-11,2.2915
1996-08-12,2.2899
1996-08-13,2.2885
1996-08-14,2.2877
1996-08-15,2.2963
1996-08-16,2.2934
1996-08-18,2.2934
1996-08-19,2.2917
1996-08-20,2.2912
1996-08-21,2.2896
1996-08-22,2.2952
1996-08-23,2.3038
1996-08-25,2.3038
1996-08-26,2.2921
1996-08-27,2.2902
1996-08-28,2.2992
1996-08-29,2.2962
1996-08-30,2.2985
1996-09-01,2.2985
1996-09-02,2.2972
1996-09-03,2.2986
1996-09-04,2.2972
1996-09-05,2.2965
1996-09-06,2.2923
1996-09-08,2.2923
1996-09-09,2.2962
1996-09-10,2.3062
1996-09-11,2.3101
1996-09-12,2.3088
1996-09-16,2.3146
1996-09-17,2.313
1996-09-18,2.3109
1996-09-19,2.3111
1996-09-20,2.3164
1996-09-24,2.319
1996-09-25,2.321
1996-09-26,2.3267
1996-09-27,2.3332
1996-09-29,2.3332
1996-09-30,2.3615
1996-10-01,2.3422
1996-10-02,2.3418
1996-10-03,2.3427
1996-10-04,2.3429
1996-10-06,2.3429
1996-10-07,2.3582
1996-10-08,2.3534
1996-10-09,2.3582
1996-10-10,2.3626
1996-10-11,2.3599
1996-10-13,2.3599
1996-10-14,2.3616
1996-10-15,2.364
1996-10-16,2.3638
1996-10-17,2.3898
1996-10-18,2.4176
1996-10-20,2.4176
1996-10-21,2.4216
1996-10-22,2.412
1996-10-23,2.4134
1996-10-24,2.4407
1996-10-25,2.4371
1996-10-27,2.4371
1996-10-28,2.4223
1996-10-29,2.4195
1996-10-30,2.4313
1996-10-31,2.4421
1996-11-01,2.4417
1996-11-03,2.4417
1996-11-04,2.4336
1996-11-05,2.4303
1996-11-06,2.4361
1996-11-07,2.4356
1996-11-08,2.4405
1996-11-10,2.4405
1996-11-11,2.4346
1996-11-12,2.4259
1996-11-13,2.4247
1996-11-14,2.4234
1996-11-15,2.417
1996-11-17,2.417
1996-11-18,2.4072
1996-11-19,2.4054
1996-11-20,2.4104
1996-11-21,2.4308
1996-11-22,2.4233
1996-11-24,2.4233
1996-11-25,2.4211
1996-11-26,2.4168
1996-11-27,2.4235
1996-11-28,2.4141
1996-11-29,2.4133
1996-12-01,2.4133
1996-12-02,2.4235
1996-12-03,2.443
1996-12-04,2.435
1996-12-05,2.4155
1996-12-06,2.4095
1996-12-08,2.4095
1996-12-09,2.4181
1996-12-10,2.4224
1996-12-11,2.4101
1996-12-12,2.4138
1996-12-13,2.4171
1996-12-15,2.4171
1996-12-16,2.4084
1996-12-17,2.3915
1996-12-18,2.401
1996-12-19,2.3928
1996-12-20,2.3905
1996-12-22,2.3905
1996-12-23,2.3925
1996-12-24,2.3905
1996-12-25,2.3905
1996-12-26,2.3905
1996-12-27,2.391
1996-12-29,2.391
1996-12-31,2.3717
1997-01-02,2.3643
1997-01-03,2.3619
1997-01-05,2.3619
1997-01-06,2.3674
1997-01-07,2.3838
1997-01-08,2.3991
1997-01-09,2.3984
1997-01-10,2.4044
1997-01-13,2.4221
1997-01-14,2.4127
1997-01-15,2.4293
1997-01-16,2.4339
1997-01-17,2.4389
1997-01-20,2.4534
1997-01-21,2.4532
1997-01-22,2.465
1997-01-23,2.4654
1997-01-24,2.4558
1997-01-27,2.4584
1997-01-28,2.47
1997-01-29,2.4655
1997-01-30,2.4602
1997-01-31,2.4562
1997-02-03,2.4694
1997-02-04,2.4718
1997-02-05,2.4707
1997-02-06,2.4661
1997-02-07,2.4607
1997-02-10,2.4587
1997-02-11,2.4609
1997-02-12,2.4636
1997-02-13,2.4692
1997-02-17,2.4799
1997-02-18,2.4758
1997-02-19,2.4733
1997-02-20,2.4662
1997-02-24,2.4533
1997-02-25,2.4551
1997-02-26,2.4525
1997-02-27,2.449
1997-03-03,2.4524
1997-03-04,2.4588
1997-03-05,2.4587
1997-03-06,2.4657
1997-03-07,2.4686
1997-03-10,2.4574
1997-03-11,2.4592
1997-03-12,2.4679
1997-03-13,2.4696
1997-03-14,2.4749
1997-03-17,2.4628
1997-03-18,2.4526
1997-03-19,2.445
1997-03-20,2.4437
1997-03-21,2.4476
1997-03-25,2.444
1997-03-26,2.4553
1997-03-27,2.4453
1997-04-01,2.4215
1997-04-02,2.4192
1997-04-03,2.4232
1997-04-04,2.4193
1997-04-07,2.4293
1997-04-08,2.4456
1997-04-09,2.4463
1997-04-10,2.4379
1997-04-11,2.4355
1997-04-14,2.435
1997-04-15,2.4324
1997-04-16,2.4331
1997-04-17,2.4324
1997-04-18,2.4287
1997-04-23,2.44
1997-04-24,2.4444
1997-04-25,2.4369
1997-04-29,2.433
1997-04-30,2.4401
1997-05-01,2.4419
1997-05-02,2.4595
1997-05-05,2.4668
1997-05-06,2.4754
1997-05-07,2.4676
1997-05-08,2.4612
1997-05-09,2.4551
1997-05-13,2.4525
1997-05-14,2.4488
1997-05-15,2.449
1997-05-16,2.4729
1997-05-19,2.4701
1997-05-20,2.47
1997-05-21,2.4865
1997-05-22,2.4771
1997-05-23,2.4711
1997-05-27,2.4672
1997-05-28,2.4533
1997-05-29,2.4615
1997-05-30,2.4554
1997-06-02,2.4718
1997-06-03,2.4792
1997-06-04,2.4797
1997-06-05,2.4781
1997-06-06,2.478
1997-06-09,2.4536
1997-06-10,2.4527
1997-06-12,2.4572
1997-06-13,2.4676
1997-06-16,2.4801
1997-06-17,2.4623
1997-06-18,2.4666
1997-06-19,2.4554
1997-06-20,2.478
1997-06-23,2.506
1997-06-24,2.5257
1997-06-25,2.5312
1997-06-26,2.564
1997-06-27,2.603
1997-06-30,2.602
1997-07-01,2.5685
1997-07-02,2.5376
1997-07-03,2.5536
1997-07-04,2.5852
1997-07-07,2.5988
1997-07-08,2.5915
1997-07-09,2.6008
1997-07-10,2.5884
1997-07-11,2.5868
1997-07-14,2.6006
1997-07-15,2.6091
1997-07-16,2.5908
1997-07-17,2.5867
1997-07-18,2.5666
1997-07-21,2.566
1997-07-22,2.5561
1997-07-23,2.5535
1997-07-24,2.55
1997-07-25,2.5746
1997-07-28,2.5595
1997-07-29,2.5519
1997-07-30,2.5622
1997-07-31,2.5649
1997-08-01,2.5674
1997-08-04,2.566
1997-08-05,2.5684
1997-08-06,2.5608
1997-08-07,2.5424
1997-08-08,2.5473
1997-08-11,2.5349
1997-08-13,2.5379
1997-08-14,2.5382
1997-08-15,2.5303
1997-08-18,2.5393
1997-08-19,2.5424
1997-08-20,2.534
1997-08-21,2.5426
1997-08-22,2.5375
1997-08-25,2.5398
1997-08-26,2.5229
1997-08-27,2.5246
1997-08-28,2.5323
1997-08-29,2.5276
1997-09-01,2.5304
1997-09-02,2.5374
1997-09-03,2.5408
1997-09-04,2.5409
1997-09-05,2.5494
1997-09-08,2.5478
1997-09-09,2.54
1997-09-10,2.538
1997-09-11,2.5278
1997-09-12,2.5145
1997-09-15,2.5195
1997-09-16,2.5166
1997-09-17,2.5215
1997-09-18,2.5192
1997-09-19,2.5177
1997-09-22,2.528
1997-09-23,2.5291
1997-09-24,2.5197
1997-09-25,2.5315
1997-09-26,2.5335
1997-09-29,2.5335
1997-09-30,2.5312
1997-10-06,2.5497
1997-10-07,2.538
1997-10-08,2.5479
1997-10-09,2.5307
1997-10-13,2.534
1997-10-14,2.5358
1997-10-15,2.5479
1997-10-17,2.5478
1997-10-20,2.5411
1997-10-21,2.5408
1997-10-22,2.5472
1997-10-24,2.5623
1997-10-27,2.5397
1997-10-28,2.516
1997-10-29,2.5295
1997-10-30,2.5186
1997-10-31,2.5183
1997-11-03,2.5176
1997-11-04,2.5195
1997-11-05,2.5316
1997-11-06,2.5214
1997-11-07,2.5142
1997-11-10,2.5116
1997-11-11,2.5131
1997-11-12,2.5095
1997-11-13,2.5099
1997-11-14,2.5118
1997-11-17,2.4921
1997-11-18,2.4907
1997-11-19,2.4892
1997-11-20,2.4902
1997-11-21,2.4899
1997-11-24,2.4851
1997-11-25,2.4841
1997-11-26,2.4862
1997-11-27,2.4845
1997-11-28,2.4867
1997-12-01,2.4811
1997-12-02,2.4814
1997-12-08,2.492
1997-12-09,2.4869
1997-12-10,2.4823
1997-12-11,2.479
1997-12-12,2.4729
1997-12-15,2.4938
1997-12-16,2.4894
1997-12-17,2.4883
1997-12-18,2.4858
1997-12-19,2.4768
1997-12-22,2.467
1997-12-23,2.4633
1997-12-24,2.4574
1997-12-29,2.4547
1997-12-30,2.4559
1997-12-31,2.4673
1998-01-02,2.4872
1998-01-05,2.4914
1998-01-06,2.4964
1998-01-07,2.4867
1998-01-08,2.4868
1998-01-09,2.4903
1998-01-12,2.4861
1998-01-13,2.483
1998-01-14,2.5086
1998-01-15,2.4964
1998-01-16,2.5208
1998-01-19,2.509
1998-01-20,2.5043
1998-01-21,2.485
1998-01-22,2.4724
1998-01-23,2.4665
1998-01-26,2.4664
1998-01-27,2.4711
1998-01-28,2.4516
1998-01-29,2.4626
1998-01-30,2.467
1998-02-02,2.4725
1998-02-03,2.4669
1998-02-04,2.4836
1998-02-05,2.4793
1998-02-06,2.4949
1998-02-09,2.5053
1998-02-10,2.5209
1998-02-11,2.5089
1998-02-12,2.502
1998-02-13,2.5023
1998-02-16,2.4938
1998-02-17,2.4943
1998-02-18,2.5039
1998-02-19,2.5239
1998-02-20,2.5398
1998-02-23,2.5365
1998-02-24,2.5247
1998-02-25,2.5192
1998-02-26,2.5235
1998-02-27,2.5191
1998-03-02,2.5053
1998-03-03,2.5195
1998-03-04,2.5145
1998-03-05,2.511
1998-03-06,2.5267
1998-03-09,2.5376
1998-03-10,2.5392
1998-03-11,2.5472
1998-03-16,2.5335
1998-03-17,2.5318
1998-03-18,2.5216
1998-03-19,2.5354
1998-03-20,2.5355
1998-03-23,2.5437
1998-03-24,2.5283
1998-03-25,2.5388
1998-03-26,2.5431
1998-03-27,2.5366
1998-03-30,2.5327
1998-03-31,2.5275
1998-04-01,2.5407
1998-04-02,2.5472
1998-04-03,2.556
1998-04-06,2.6134
1998-04-07,2.6011
1998-04-08,2.5809
1998-04-09,2.5903
1998-04-14,2.6198
1998-04-15,2.6034
1998-04-16,2.5926
1998-04-20,2.6158
1998-04-21,2.6221
1998-04-22,2.6228
1998-04-23,2.611
1998-04-24,2.608
1998-04-27,2.5799
1998-04-28,2.5883
1998-04-29,2.574
1998-05-04,2.5808
1998-05-05,2.5721
1998-05-06,2.5616
1998-05-07,2.5633
1998-05-08,2.5674
1998-05-11,2.5583
1998-05-12,2.5675
1998-05-13,2.5549
1998-05-14,2.5315
1998-05-15,2.5311
1998-05-18,2.5121
1998-05-19,2.5264
1998-05-20,2.5223
1998-05-21,2.5206
1998-05-22,2.5084
1998-05-26,2.507
1998-05-27,2.4999
1998-05-28,2.5039
1998-05-29,2.5164
1998-06-01,2.5033
1998-06-02,2.5028
1998-06-03,2.5153
1998-06-04,2.5083
1998-06-05,2.5078
1998-06-08,2.5071
1998-06-09,2.5164
1998-06-10,2.5036
1998-06-11,2.5003
1998-06-12,2.507
1998-06-15,2.5089
1998-06-16,2.5052
1998-06-17,2.5011
1998-06-18,2.5042
1998-06-19,2.498
1998-06-22,2.4872
1998-06-23,2.4817
1998-06-24,2.4853
1998-06-25,2.503
1998-06-26,2.5018
1998-06-29,2.4919
1998-06-30,2.4972
1998-07-01,2.4953
1998-07-02,2.5086
1998-07-03,2.5091
1998-07-06,2.4963
1998-07-07,2.4965
1998-07-08,2.4887
1998-07-09,2.4865
1998-07-10,2.4864
1998-07-13,2.4785
1998-07-14,2.4719
1998-07-15,2.4689
1998-07-16,2.4512
1998-07-17,2.4511
1998-07-20,2.4533
1998-07-21,2.4508
1998-07-22,2.4448
1998-07-23,2.4476
1998-07-24,2.4511
1998-07-27,2.4389
1998-07-28,2.4344
1998-07-29,2.4391
1998-07-30,2.4258
1998-07-31,2.4289
1998-08-03,2.4079
1998-08-04,2.4129
1998-08-05,2.4107
1998-08-06,2.4009
1998-08-07,2.4268
1998-08-10,2.4177
1998-08-11,2.4209
1998-08-12,2.4282
1998-08-13,2.4297
1998-08-14,2.4289
1998-08-17,2.4239
1998-08-18,2.4141
1998-08-19,2.4126
1998-08-20,2.4253
1998-08-21,2.4261
1998-08-24,2.4166
1998-08-25,2.4097
1998-08-26,2.4045
1998-08-27,2.3982
1998-08-28,2.4541
1998-08-31,2.4452
1998-09-01,2.4859
1998-09-02,2.4597
1998-09-03,2.5011
1998-09-04,2.5075
1998-09-07,2.5363
1998-09-08,2.5272
1998-09-09,2.5255
1998-09-10,2.5464
1998-09-11,2.5544
1998-09-14,2.5268
1998-09-15,2.5522
1998-09-16,2.5496
1998-09-17,2.5396
1998-09-18,2.5112
1998-09-23,2.5102
1998-09-24,2.547
1998-09-25,2.5478
1998-09-28,2.5426
1998-10-01,2.5283
1998-10-02,2.5352
1998-10-06,2.5769
1998-10-07,2.6902
1998-10-08,2.8484
1998-10-09,2.7725
1998-10-13,2.7063
1998-10-14,2.7017
1998-10-15,2.7165
1998-10-16,2.7166
1998-10-19,2.7438
1998-10-20,2.7905
1998-10-21,2.8256
1998-10-22,2.8231
1998-10-23,2.7479
1998-10-26,2.7076
1998-10-27,2.7214
1998-10-28,2.7107
1998-10-29,2.7889
1998-10-30,2.7474
1998-11-02,2.7851
1998-11-03,2.8164
1998-11-04,2.8372
1998-11-05,2.8369
1998-11-06,2.8323
1998-11-09,2.8148
1998-11-10,2.7974
1998-11-11,2.7601
1998-11-12,2.7487
1998-11-13,2.7128
1998-11-16,2.6847
1998-11-17,2.673
1998-11-18,2.673
1998-11-19,2.6786
1998-11-20,2.7086
1998-11-23,2.7048
1998-11-24,2.6871
1998-11-25,2.6828
1998-11-26,2.7323
1998-11-27,2.7427
1998-11-30,2.7294
1998-12-01,2.7488
1998-12-02,2.7292
1998-12-03,2.7263
1998-12-04,2.723
1998-12-07,2.7311
1998-12-08,2.7149
1998-12-09,2.6947
1998-12-10,2.7068
1998-12-11,2.698
1998-12-14,2.7052
1998-12-15,2.6995
1998-12-16,2.7079
1998-12-17,2.724
1998-12-18,2.7216
1998-12-21,2.7054
1998-12-22,2.7029
1998-12-23,2.6982
1998-12-24,2.6948
1998-12-28,2.6932
1998-12-29,2.6893
1998-12-30,2.6865
1998-12-31,2.6868
1999-01-04,2.708
1999-01-05,2.693
1999-01-06,2.7038
1999-01-07,2.689
1999-01-08,2.6951
1999-01-11,2.692
1999-01-12,2.6883
1999-01-13,2.6691
1999-01-14,2.6815
1999-01-15,2.6586
1999-01-18,2.6562
1999-01-19,2.6574
1999-01-20,2.6566
1999-01-21,2.6901
1999-01-22,2.6955
1999-01-25,2.683
1999-01-26,2.6802
1999-01-27,2.6843
1999-01-28,2.6992
1999-01-29,2.7054
1999-02-01,2.704
1999-02-02,2.7041
1999-02-03,2.7008
1999-02-04,2.7094
1999-02-05,2.739
1999-02-08,2.7435
1999-02-09,2.735
1999-02-10,2.7256
1999-02-11,2.7399
1999-02-12,2.7254
1999-02-15,2.7138
1999-02-16,2.6953
1999-02-17,2.7084
1999-02-18,2.7267
1999-02-19,2.7323
1999-02-22,2.733
1999-02-23,2.7084
1999-02-24,2.6926
1999-02-25,2.7035
1999-02-26,2.6775
1999-03-01,2.6828
1999-03-04,2.6436
1999-03-05,2.6467
1999-03-08,2.6579
1999-03-09,2.6627
1999-03-10,2.6487
1999-03-11,2.6344
1999-03-12,2.634
1999-03-15,2.6338
1999-03-16,2.6439
1999-03-17,2.6408
1999-03-18,2.647
1999-03-19,2.6512
1999-03-22,2.6605
1999-03-23,2.6796
1999-03-24,2.6767
1999-03-25,2.686
1999-03-26,2.6926
1999-03-29,2.6626
1999-03-30,2.6638
1999-04-06,2.6885
1999-04-08,2.6941
1999-04-09,2.6935
1999-04-12,2.6859
1999-04-13,2.7029
1999-04-14,2.7026
1999-04-15,2.6974
1999-04-16,2.709
1999-04-19,2.72
1999-04-20,2.7155
1999-04-22,2.7201
1999-04-23,2.7378
1999-04-26,2.7575
1999-04-27,2.7687
1999-04-28,2.803
1999-04-29,2.8235
1999-04-30,2.8371
1999-05-03,2.8387
1999-05-04,2.848
1999-05-05,2.8101
1999-05-06,2.8383
1999-05-07,2.82
1999-05-10,2.8328
1999-05-11,2.857
1999-05-12,2.8443
1999-05-13,2.8317
1999-05-14,2.8242
1999-05-18,2.7946
1999-05-19,2.7845
1999-05-20,2.7895
1999-05-24,2.8131
1999-05-25,2.833
1999-05-26,2.8153
1999-05-27,2.8049
1999-05-28,2.7962
1999-06-01,2.7694
1999-06-02,2.7508
1999-06-03,2.7762
1999-06-04,2.7778
1999-06-07,2.7848
1999-06-08,2.7854
1999-06-09,2.7745
1999-06-10,2.7784
1999-06-11,2.8001
1999-06-14,2.7933
1999-06-15,2.7824
1999-06-16,2.7865
1999-06-17,2.7964
1999-06-18,2.7818
1999-06-21,2.793
1999-06-22,2.7814
1999-06-23,2.8021
1999-06-24,2.8075
1999-06-25,2.8016
1999-06-28,2.7854
1999-06-29,2.7669
1999-06-30,2.7602
1999-07-01,2.7752
1999-07-02,2.7735
1999-07-05,2.7972
1999-07-06,2.7892
1999-07-07,2.7762
1999-07-08,2.7771
1999-07-09,2.7862
1999-07-12,2.7676
1999-07-13,2.7649
1999-07-14,2.757
1999-07-15,2.7549
1999-07-16,2.7559
1999-07-19,2.7373
1999-07-20,2.7346
1999-07-21,2.7358
1999-07-23,2.7237
1999-07-26,2.7112
1999-07-27,2.7334
1999-07-28,2.7255
1999-07-29,2.7396
1999-07-30,2.765
1999-08-02,2.773
1999-08-03,2.7708
1999-08-04,2.7825
1999-08-05,2.8012
1999-08-06,2.7882
1999-08-09,2.7819
1999-08-10,2.7969
1999-08-11,2.8043
1999-08-12,2.8113
1999-08-13,2.8251
1999-08-16,2.8342
1999-08-17,2.8364
1999-08-18,2.8312
1999-08-19,2.8281
1999-08-20,2.8293
1999-08-23,2.8165
1999-08-24,2.8124
1999-08-25,2.8475
1999-08-26,2.8335
1999-08-27,2.8388
1999-08-30,2.8482
1999-08-31,2.8454
1999-09-01,2.832
1999-09-02,2.8426
1999-09-03,2.8201
1999-09-06,2.8265
1999-09-07,2.8288
1999-09-08,2.8376
1999-09-09,2.8514
1999-09-13,2.8815
1999-09-14,2.8774
1999-09-15,2.878
1999-09-16,2.8668
1999-09-17,2.8783
1999-09-21,2.8829
1999-09-22,2.8933
1999-09-23,2.9069
1999-09-24,2.9083
1999-09-27,2.913
1999-09-28,2.9231
1999-09-29,2.9244
1999-09-30,2.9169
1999-10-01,2.9103
1999-10-04,2.8909
1999-10-05,2.9024
1999-10-06,2.902
1999-10-07,2.9001
1999-10-08,2.8975
1999-10-11,2.8934
1999-10-12,2.8888
1999-10-13,2.8923
1999-10-14,2.8805
1999-10-15,2.8802
1999-10-18,2.8617
1999-10-19,2.8605
1999-10-20,2.87
1999-10-21,2.8733
1999-10-22,2.8821
1999-10-25,2.8857
1999-10-26,2.8986
1999-10-27,2.8969
1999-10-28,2.898
1999-10-29,2.8881
1999-11-01,2.8882
1999-11-02,2.89
1999-11-03,2.8789
1999-11-04,2.8803
1999-11-05,2.8859
1999-11-08,2.8703
1999-11-09,2.8683
1999-11-10,2.8647
1999-11-11,2.8658
1999-11-12,2.8756
1999-11-15,2.8944
1999-11-16,2.8886
1999-11-17,2.877
1999-11-18,2.8801
1999-11-19,2.8867
1999-11-22,2.8985
1999-11-23,2.8905
1999-11-24,2.8824
1999-11-25,2.8823
1999-11-26,2.8855
1999-11-29,2.8741
1999-11-30,2.871
1999-12-01,2.8705
1999-12-02,2.8594
1999-12-03,2.8522
1999-12-06,2.8514
1999-12-07,2.87
1999-12-08,2.8664
1999-12-09,2.857
1999-12-10,2.8592
1999-12-13,2.8438
1999-12-14,2.8287
1999-12-15,2.8218
1999-12-16,2.827
1999-12-17,2.8399
1999-12-20,2.8202
1999-12-21,2.8239
1999-12-22,2.8275
1999-12-23,2.824
1999-12-24,2.8315
1999-12-27,2.8363
1999-12-28,2.8477
1999-12-29,2.857
1999-12-30,2.8568
2000-01-03,2.8534
2000-01-04,2.8568
2000-01-05,2.8548
2000-01-06,2.8566
2000-01-07,2.8351
2000-01-10,2.8307
2000-01-11,2.8184
2000-01-12,2.827
2000-01-13,2.8354
2000-01-14,2.8272
2000-01-17,2.8138
2000-01-18,2.8011
2000-01-19,2.8197
2000-01-20,2.8227
2000-01-21,2.8313
2000-01-24,2.8399
2000-01-25,2.842
2000-01-26,2.8391
2000-01-27,2.8401
2000-01-28,2.8408
2000-01-31,2.8208
2000-02-01,2.8023
2000-02-02,2.8032
2000-02-03,2.814
2000-02-04,2.8081
2000-02-07,2.8294
2000-02-08,2.808
2000-02-09,2.8129
2000-02-10,2.8046
2000-02-11,2.8037
2000-02-14,2.7909
2000-02-15,2.7821
2000-02-16,2.7757
2000-02-17,2.7849
2000-02-18,2.7919
2000-02-21,2.7902
2000-02-22,2.7792
2000-02-23,2.7608
2000-02-24,2.7616
2000-02-25,2.779
2000-02-28,2.7899
2000-02-29,2.7773
2000-03-01,2.7853
2000-03-02,2.7796
2000-03-03,2.7651
2000-03-06,2.7594
2000-03-07,2.7509
2000-03-08,2.7533
2000-03-09,2.7394
2000-03-10,2.7293
2000-03-13,2.7226
2000-03-14,2.7182
2000-03-15,2.7131
2000-03-16,2.7099
2000-03-17,2.6945
2000-03-20,2.7122
2000-03-23,2.7573
2000-03-24,2.7547
2000-03-27,2.7511
2000-03-28,2.7404
2000-03-29,2.7541
2000-03-30,2.7655
2000-03-31,2.7683
2000-04-03,2.7921
2000-04-04,2.7785
2000-04-05,2.7901
2000-04-06,2.7833
2000-04-07,2.7737
2000-04-10,2.7619
2000-04-11,2.7629
2000-04-12,2.756
2000-04-13,2.7629
2000-04-14,2.7423
2000-04-17,2.7486
2000-04-18,2.7216
2000-04-25,2.7278
2000-04-27,2.7359
2000-04-28,2.7347
2000-05-02,2.7646
2000-05-03,2.7465
2000-05-04,2.7457
2000-05-05,2.7508
2000-05-08,2.7642
2000-05-09,2.7652
2000-05-11,2.7771
2000-05-12,2.7848
2000-05-15,2.7809
2000-05-16,2.7839
2000-05-17,2.78
2000-05-18,2.7614
2000-05-19,2.7746
2000-05-22,2.8031
2000-05-23,2.8045
2000-05-24,2.7829
2000-05-25,2.7537
2000-05-26,2.7703
2000-05-30,2.775
2000-05-31,2.7709
2000-06-01,2.7819
2000-06-02,2.7764
2000-06-05,2.8
2000-06-06,2.795
2000-06-07,2.809
2000-06-08,2.7986
2000-06-12,2.7839
2000-06-13,2.7864
2000-06-14,2.7934
2000-06-15,2.784
2000-06-16,2.7769
2000-06-19,2.7833
2000-06-20,2.7917
2000-06-21,2.7861
2000-06-22,2.7737
2000-06-23,2.7717
2000-06-26,2.7484
2000-06-27,2.7538
2000-06-28,2.7626
2000-06-29,2.7587
2000-06-30,2.7548
2000-07-03,2.7484
2000-07-04,2.7499
2000-07-05,2.7417
2000-07-06,2.7372
2000-07-07,2.7535
2000-07-10,2.773
2000-07-11,2.7738
2000-07-12,2.7664
2000-07-13,2.7569
2000-07-14,2.7663
2000-07-17,2.7577
2000-07-18,2.7637
2000-07-19,2.7818
2000-07-20,2.7779
2000-07-21,2.7799
2000-07-24,2.7833
2000-07-25,2.7848
2000-07-26,2.7894
2000-07-27,2.789
2000-07-28,2.7768
2000-07-31,2.7535
2000-08-01,2.7421
2000-08-02,2.7538
2000-08-03,2.7559
2000-08-04,2.7491
2000-08-07,2.7264
2000-08-08,2.739
2000-08-09,2.7303
2000-08-11,2.7413
2000-08-14,2.7303
2000-08-15,2.7166
2000-08-16,2.7307
2000-08-17,2.7357
2000-08-18,2.7414
2000-08-21,2.7349
2000-08-22,2.7213
2000-08-23,2.7249
2000-08-24,2.7145
2000-08-25,2.7224
2000-08-28,2.7187
2000-08-29,2.717
2000-08-30,2.7026
2000-08-31,2.7148
2000-09-01,2.7268
2000-09-04,2.7301
2000-09-05,2.7231
2000-09-06,2.7254
2000-09-07,2.7181
2000-09-08,2.7302
2000-09-11,2.7284
2000-09-12,2.7324
2000-09-13,2.733
2000-09-14,2.7034
2000-09-15,2.7152
2000-09-18,2.7284
2000-09-19,2.7302
2000-09-20,2.7341
2000-09-21,2.7318
2000-09-22,2.7336
2000-09-25,2.717
2000-09-26,2.7168
2000-09-27,2.7042
2000-09-28,2.6841
2000-10-02,2.6828
2000-10-03,2.6772
2000-10-04,2.693
2000-10-05,2.6996
2000-10-06,2.7099
2000-10-10,2.7249
2000-10-11,2.7143
2000-10-12,2.7478
2000-10-13,2.7169
2000-10-16,2.7196
2000-10-17,2.7248
2000-10-18,2.7012
2000-10-19,2.7219
2000-10-20,2.7304
2000-10-23,2.7371
2000-10-24,2.7501
2000-10-25,2.7252
2000-10-26,2.7327
2000-10-27,2.719
2000-10-30,2.7028
2000-10-31,2.7032
2000-11-01,2.705
2000-11-02,2.6764
2000-11-03,2.6878
2000-11-06,2.6808
2000-11-07,2.6833
2000-11-08,2.6789
2000-11-09,2.6688
2000-11-10,2.6662
2000-11-13,2.6598
2000-11-14,2.6647
2000-11-15,2.6597
2000-11-16,2.6499
2000-11-17,2.6392
2000-11-20,2.6269
2000-11-21,2.6381
2000-11-22,2.6587
2000-11-23,2.67
2000-11-24,2.6549
2000-11-27,2.6696
2000-11-28,2.6785
2000-11-29,2.672
2000-11-30,2.6544
2000-12-01,2.6805
2000-12-04,2.6435
2000-12-05,2.6556
2000-12-06,2.6519
2000-12-07,2.6802
2000-12-08,2.6743
2000-12-11,2.6964
2000-12-12,2.6817
2000-12-13,2.6779
2000-12-14,2.6956
2000-12-15,2.6989
2000-12-18,2.6742
2000-12-19,2.6707
2000-12-20,2.6719
2000-12-21,2.6751
2000-12-22,2.6695
2000-12-27,2.6861
2000-12-28,2.6799
2000-12-29,2.6913
2001-01-02,2.7233
2001-01-03,2.7368
2001-01-04,2.7182
2001-01-05,2.7224
2001-01-08,2.7536
2001-01-09,2.7541
2001-01-10,2.7472
2001-01-11,2.7466
2001-01-12,2.7473
2001-01-15,2.7324
2001-01-16,2.74
2001-01-17,2.7231
2001-01-18,2.734
2001-01-19,2.7321
2001-01-22,2.7416
2001-01-23,2.7502
2001-01-24,2.7452
2001-01-25,2.7276
2001-01-26,2.751
2001-01-29,2.7585
2001-01-30,2.7635
2001-01-31,2.7543
2001-02-01,2.769
2001-02-02,2.7739
2001-02-05,2.7634
2001-02-07,2.736
2001-02-08,2.7364
2001-02-09,2.7263
2001-02-12,2.7162
2001-02-13,2.6884
2001-02-14,2.6932
2001-02-15,2.6836
2001-02-16,2.6778
2001-02-19,2.6688
2001-02-20,2.6806
2001-02-21,2.6742
2001-02-22,2.692
2001-02-23,2.6827
2001-02-26,2.6882
2001-02-27,2.6922
2001-02-28,2.6923
2001-03-01,2.6728
2001-03-02,2.6618
2001-03-05,2.6749
2001-03-06,2.6693
2001-03-07,2.663
2001-03-08,2.6593
2001-03-12,2.664
2001-03-13,2.6631
2001-03-14,2.676
2001-03-15,2.6797
2001-03-16,2.6756
2001-03-19,2.6665
2001-03-20,2.6736
2001-03-21,2.6779
2001-03-22,2.6783
2001-03-23,2.6907
2001-03-26,2.6776
2001-03-27,2.6829
2001-03-28,2.6774
2001-03-29,2.6894
2001-03-30,2.6623
2001-04-02,2.6767
2001-04-03,2.6765
2001-04-04,2.6799
2001-04-05,2.6557
2001-04-06,2.6648
2001-04-09,2.6784
2001-04-10,2.666
2001-04-11,2.6792
2001-04-12,2.6771
2001-04-16,2.6706
2001-04-17,2.6921
2001-04-18,2.6581
2001-04-19,2.673
2001-04-20,2.6838
2001-04-23,2.6806
2001-04-24,2.6842
2001-04-25,2.6907
2001-04-27,2.6927
2001-04-30,2.6817
2001-05-01,2.6979
2001-05-02,2.7073
2001-05-03,2.7004
2001-05-04,2.7082
2001-05-07,2.7036
2001-05-08,2.689
2001-05-09,2.6862
2001-05-10,2.6956
2001-05-11,2.6892
2001-05-14,2.6717
2001-05-15,2.6706
2001-05-16,2.6819
2001-05-17,2.6955
2001-05-18,2.6946
2001-05-21,2.7007
2001-05-22,2.6879
2001-05-23,2.6772
2001-05-24,2.659
2001-05-25,2.6724
2001-05-29,2.6739
2001-05-30,2.674
2001-05-31,2.6683
2001-06-01,2.6993
2001-06-04,2.7155
2001-06-05,2.701
2001-06-06,2.7071
2001-06-07,2.7263
2001-06-08,2.7289
2001-06-11,2.7316
2001-06-12,2.7277
2001-06-13,2.7232
2001-06-14,2.7371
2001-06-15,2.7489
2001-06-18,2.7303
2001-06-19,2.718
2001-06-20,2.7123
2001-06-21,2.7303
2001-06-22,2.7428
2001-06-25,2.7476
2001-06-26,2.7517
2001-06-27,2.7596
2001-06-28,2.7418
2001-06-29,2.7348
2001-07-02,2.757
2001-07-03,2.7639
2001-07-04,2.7672
2001-07-05,2.7724
2001-07-06,2.7718
2001-07-09,2.7668
2001-07-10,2.7525
2001-07-11,2.7613
2001-07-12,2.7508
2001-07-13,2.7402
2001-07-16,2.7287
2001-07-17,2.7401
2001-07-18,2.7451
2001-07-19,2.7282
2001-07-20,2.7286
2001-07-23,2.7195
2001-07-24,2.7227
2001-07-25,2.7318
2001-07-26,2.7311
2001-07-27,2.7452
2001-07-30,2.744
2001-07-31,2.7545
2001-08-01,2.743
2001-08-02,2.7406
2001-08-03,2.7475
2001-08-06,2.7584
2001-08-07,2.774
2001-08-08,2.7595
2001-08-09,2.7597
2001-08-10,2.7547
2001-08-13,2.75
2001-08-14,2.7496
2001-08-15,2.7693
2001-08-16,2.7758
2001-08-17,2.753
2001-08-20,2.7388
2001-08-21,2.741
2001-08-22,2.7319
2001-08-23,2.7441
2001-08-24,2.7472
2001-08-27,2.745
2001-08-28,2.7453
2001-08-29,2.762
2001-08-30,2.7452
2001-08-31,2.7596
2001-09-03,2.7473
2001-09-04,2.7547
2001-09-05,2.7514
2001-09-06,2.7616
2001-09-07,2.7574
2001-09-10,2.7553
2001-09-11,2.7854
2001-09-12,2.7749
2001-09-13,2.7703
2001-09-14,2.7596
2001-09-20,2.7644
2001-09-21,2.782
2001-09-24,2.7838
2001-09-25,2.7793
2001-09-28,2.7632
2001-10-01,2.761
2001-10-03,2.7887
2001-10-04,2.7808
2001-10-05,2.7678
2001-10-08,2.7691
2001-10-10,2.77
2001-10-11,2.7514
2001-10-12,2.7643
2001-10-15,2.7659
2001-10-16,2.7516
2001-10-17,2.7534
2001-10-18,2.7334
2001-10-19,2.7361
2001-10-22,2.7254
2001-10-23,2.7243
2001-10-24,2.7358
2001-10-25,2.7349
2001-10-26,2.7276
2001-10-29,2.7243
2001-10-30,2.7255
2001-10-31,2.6994
2001-11-01,2.6856
2001-11-02,2.6759
2001-11-05,2.674
2001-11-06,2.6721
2001-11-07,2.6778
2001-11-08,2.6603
2001-11-09,2.6492
2001-11-12,2.634
2001-11-13,2.64
2001-11-14,2.6598
2001-11-15,2.6613
2001-11-16,2.6655
2001-11-19,2.6676
2001-11-20,2.6566
2001-11-21,2.6421
2001-11-22,2.643
2001-11-23,2.6465
2001-11-26,2.6564
2001-11-27,2.6619
2001-11-28,2.66
2001-11-29,2.6716
2001-11-30,2.6815
2001-12-03,2.6945
2001-12-04,2.702
2001-12-05,2.6917
2001-12-06,2.6878
2001-12-07,2.6827
2001-12-10,2.6762
2001-12-11,2.6762
2001-12-12,2.695
2001-12-13,2.6999
2001-12-14,2.7073
2001-12-17,2.7106
2001-12-18,2.7003
2001-12-19,2.7012
2001-12-20,2.7083
2001-12-21,2.7367
2001-12-24,2.7148
2001-12-26,2.7426
2001-12-27,2.7263
2001-12-28,2.7453
2001-12-31,2.7763
2002-01-02,2.7783
2002-01-03,2.8034
2002-01-04,2.8142
2002-01-07,2.8304
2002-01-08,2.8025
2002-01-09,2.7972
2002-01-10,2.7936
2002-01-11,2.8127
2002-01-14,2.8105
2002-01-15,2.831
2002-01-16,2.8544
2002-01-17,2.8107
2002-01-18,2.7972
2002-01-21,2.8192
2002-01-22,2.8492
2002-01-23,2.8615
2002-01-24,2.8723
2002-01-25,2.8668
2002-01-28,2.8636
2002-01-29,2.9164
2002-01-30,2.9075
2002-01-31,2.9048
2002-02-01,2.8855
2002-02-04,2.8921
2002-02-05,2.8934
2002-02-06,2.8916
2002-02-07,2.9074
2002-02-08,2.9141
2002-02-11,2.978
2002-02-12,2.9658
2002-02-13,2.9136
2002-02-14,2.9156
2002-02-15,2.9087
2002-02-18,2.9396
2002-02-19,2.9718
2002-02-20,2.9542
2002-02-21,2.9535
2002-02-22,2.9499
2002-02-25,2.9075
2002-02-28,2.8788
2002-03-01,2.9215
2002-03-04,2.9393
2002-03-05,2.9516
2002-03-06,2.9709
2002-03-07,2.9674
2002-03-08,2.9459
2002-03-11,2.9405
2002-03-12,2.9493
2002-03-13,2.9472
2002-03-14,2.9216
2002-03-15,2.9281
2002-03-18,2.9311
2002-03-19,2.9232
2002-03-20,2.9245
2002-03-21,2.9324
2002-03-22,2.9424
2002-03-25,2.9495
2002-03-26,2.9271
2002-04-02,2.9908
2002-04-04,3.0013
2002-04-05,2.9751
2002-04-08,2.995
2002-04-09,2.9932
2002-04-10,2.9909
2002-04-11,2.9979
2002-04-12,3.0245
2002-04-15,3.0188
2002-04-16,3.0195
2002-04-18,3.045
2002-04-19,3.0401
2002-04-22,3.0384
2002-04-23,3.044
2002-04-24,3.094
2002-04-25,3.1241
2002-04-26,3.1139
2002-04-29,3.1351
2002-04-30,3.1178
2002-05-01,3.113
2002-05-02,3.1065
2002-05-03,3.0906
2002-05-06,3.096
2002-05-07,3.1014
2002-05-08,3.1256
2002-05-09,3.1333
2002-05-10,3.1524
2002-05-13,3.1606
2002-05-14,3.1388
2002-05-15,3.1353
2002-05-16,3.1315
2002-05-20,3.1476
2002-05-21,3.1688
2002-05-22,3.1609
2002-05-23,3.1905
2002-05-24,3.1908
2002-05-27,3.1781
2002-05-28,3.2284
2002-05-29,3.2488
2002-05-30,3.2169
2002-05-31,3.205
2002-06-03,3.209
2002-06-04,3.2358
2002-06-05,3.2463
2002-06-06,3.2445
2002-06-07,3.2573
2002-06-10,3.2406
2002-06-11,3.2431
2002-06-12,3.2303
2002-06-13,3.2235
2002-06-14,3.2094
2002-06-17,3.1885
2002-06-18,3.1941
2002-06-19,3.2122
2002-06-20,3.2403
2002-06-21,3.2612
2002-06-24,3.2592
2002-06-25,3.2306
2002-06-26,3.2296
2002-06-27,3.1924
2002-06-28,3.1596
2002-07-01,3.1385
2002-07-02,3.1181
2002-07-03,3.1243
2002-07-04,3.1141
2002-07-05,3.134
2002-07-08,3.1481
2002-07-09,3.1265
2002-07-10,3.1205
2002-07-11,3.0942
2002-07-12,3.1052
2002-07-15,3.0465
2002-07-16,3.0468
2002-07-17,3.026
2002-07-19,3.0377
2002-07-22,2.9984
2002-07-23,2.9617
2002-07-24,2.9658
2002-07-25,3.0186
2002-07-26,3.013
2002-07-29,2.9979
2002-07-30,3.0004
2002-07-31,2.9795
2002-08-01,2.9625
2002-08-02,2.9695
2002-08-05,2.9802
2002-08-06,2.9357
2002-08-07,2.9833
2002-08-08,2.9869
2002-08-09,2.9643
2002-08-12,2.9748
2002-08-13,2.9754
2002-08-14,2.9957
2002-08-15,2.9981
2002-08-16,2.9922
2002-08-19,2.9744
2002-08-20,2.9405
2002-08-21,2.9552
2002-08-22,2.9915
2002-08-23,2.9924
2002-08-26,3.0006
2002-08-27,3.0105
2002-08-28,3.0008
2002-08-29,2.9956
2002-08-30,2.9927
2002-09-02,3.0017
2002-09-03,3.0167
2002-09-04,3.036
2002-09-05,3.017
2002-09-09,3.0355
2002-09-10,3.0207
2002-09-11,3.0182
2002-09-12,3.0046
2002-09-13,2.9891
2002-09-17,2.9908
2002-09-18,2.9924
2002-09-19,3.0508
2002-09-20,3.0559
2002-09-23,3.0662
2002-09-24,3.0499
2002-09-25,3.0826
2002-09-26,3.0711
2002-09-27,3.0742
2002-09-30,3.0914
2002-10-01,3.0627
2002-10-02,3.0509
2002-10-03,3.0493
2002-10-04,3.0504
2002-10-07,3.0527
2002-10-08,3.0504
2002-10-09,3.0326
2002-10-10,3.0332
2002-10-11,3.0369
2002-10-14,3.0448
2002-10-15,3.0491
2002-10-16,3.0371
2002-10-17,3.0197
2002-10-18,3.0323
2002-10-21,3.0254
2002-10-22,3.0512
2002-10-23,3.0229
2002-10-24,3.0331
2002-10-25,3.0339
2002-10-28,3.0479
2002-10-29,3.0702
2002-10-30,3.0275
2002-10-31,3.0428
2002-11-01,3.0509
2002-11-04,3.0531
2002-11-05,3.042
2002-11-06,3.0167
2002-11-07,3.0288
2002-11-08,3.0241
2002-11-11,2.9861
2002-11-12,2.9969
2002-11-13,2.9733
2002-11-14,2.9616
2002-11-15,2.9618
2002-11-18,2.9496
2002-11-19,2.9445
2002-11-20,2.9564
2002-11-21,2.961
2002-11-22,2.9638
2002-11-25,2.9697
2002-11-26,2.9567
2002-11-27,2.9433
2002-11-28,2.9508
2002-11-29,2.9491
2002-12-02,2.9689
2002-12-03,2.981
2002-12-04,2.9836
2002-12-05,2.985
2002-12-06,3.0065
2002-12-09,3.0069
2002-12-10,3.0005
2002-12-11,2.9899
2002-12-12,3.0055
2002-12-13,2.9943
2002-12-16,2.9656
2002-12-17,2.9831
2002-12-18,3.0061
2002-12-19,3.044
2002-12-20,3.0603
2002-12-23,3.0553
2002-12-24,3.0608
2002-12-26,3.0752
2002-12-27,3.0708
2002-12-30,3.0368
2002-12-31,3.0013
2003-01-02,3.0418
2003-01-03,3.0622
2003-01-06,3.0639
2003-01-07,3.0562
2003-01-08,3.084
2003-01-09,3.0952
2003-01-10,3.1038
2003-01-13,3.1299
2003-01-14,3.1299
2003-01-15,3.1375
2003-01-16,3.1421
2003-01-17,3.1617
2003-01-20,3.1608
2003-01-21,3.1737
2003-01-22,3.199
2003-01-23,3.2049
2003-01-24,3.212
2003-01-27,3.2198
2003-01-29,3.204
2003-01-30,3.1622
2003-01-31,3.1455
2003-02-03,3.1764
2003-02-04,3.2135
2003-02-05,3.2285
2003-02-06,3.192
2003-02-07,3.1957
2003-02-10,3.2
2003-02-11,3.1726
2003-02-12,3.1835
2003-02-13,3.2113
2003-02-14,3.2521
2003-02-17,3.1914
2003-02-18,3.1837
2003-02-19,3.2098
2003-02-20,3.2364
2003-02-21,3.2432
2003-02-24,3.2529
2003-02-25,3.2701
2003-02-26,3.2469
2003-02-27,3.2516
2003-02-28,3.2208
2003-03-03,3.2577
2003-03-04,3.2613
2003-03-05,3.2969
2003-03-06,3.2879
2003-03-07,3.2971
2003-03-10,3.3108
2003-03-11,3.3074
2003-03-12,3.2794
2003-03-13,3.2362
2003-03-14,3.2304
2003-03-17,3.2775
2003-03-20,3.2028
2003-03-21,3.2021
2003-03-24,3.1755
2003-03-25,3.1852
2003-03-26,3.1889
2003-03-27,3.2077
2003-03-28,3.2197
2003-03-31,3.1926
2003-04-01,3.1719
2003-04-02,3.1594
2003-04-03,3.1654
2003-04-04,3.1512
2003-04-07,3.1193
2003-04-08,3.1457
2003-04-09,3.154
2003-04-10,3.1668
2003-04-11,3.2018
2003-04-14,3.1475
2003-04-15,3.1459
2003-04-22,3.1712
2003-04-24,3.1186
2003-04-25,3.1416
2003-04-28,3.1624
2003-04-29,3.1104
2003-05-02,3.16
2003-05-05,3.1579
2003-05-06,3.1753
2003-05-08,3.1908
2003-05-09,3.2015
2003-05-12,3.2164
2003-05-13,3.2398
2003-05-14,3.2316
2003-05-19,3.3276
2003-05-20,3.3545
2003-05-21,3.3904
2003-05-22,3.3552
2003-05-23,3.244
2003-05-27,3.2225
2003-05-28,3.2136
2003-05-29,3.1751
2003-05-30,3.2046
2003-06-02,3.2051
2003-06-03,3.2052
2003-06-04,3.2269
2003-06-05,3.2652
2003-06-09,3.2246
2003-06-10,3.2508
2003-06-11,3.2555
2003-06-12,3.2588
2003-06-13,3.2678
2003-06-16,3.2684
2003-06-17,3.2381
2003-06-18,3.2582
2003-06-19,3.2365
2003-06-20,3.2569
2003-06-23,3.2187
2003-06-24,3.224
2003-06-25,3.2191
2003-06-26,3.203
2003-06-27,3.2018
2003-06-30,3.1777
2003-07-01,3.2039
2003-07-02,3.1865
2003-07-03,3.197
2003-07-04,3.2139
2003-07-07,3.1782
2003-07-08,3.1896
2003-07-09,3.1882
2003-07-10,3.1202
2003-07-11,3.1522
2003-07-14,3.1797
2003-07-15,3.191
2003-07-16,3.1695
2003-07-17,3.1951
2003-07-18,3.1669
2003-07-21,3.1413
2003-07-22,3.1246
2003-07-23,3.0967
2003-07-24,3.1416
2003-07-25,3.1596
2003-07-28,3.1616
2003-07-29,3.1666
2003-07-30,3.1751
2003-07-31,3.1495
2003-08-01,3.1487
2003-08-04,3.1925
2003-08-05,3.1655
2003-08-06,3.1672
2003-08-08,3.1773
2003-08-11,3.188
2003-08-12,3.2126
2003-08-13,3.2093
2003-08-14,3.2177
2003-08-15,3.1911
2003-08-18,3.1957
2003-08-19,3.1768
2003-08-20,3.1824
2003-08-21,3.1775
2003-08-22,3.1841
2003-08-25,3.1961
2003-08-26,3.1902
2003-08-27,3.1986
2003-08-28,3.1762
2003-08-29,3.1877
2003-09-01,3.2254
2003-09-02,3.2065
2003-09-03,3.1931
2003-09-04,3.2129
2003-09-05,3.2401
2003-09-08,3.2531
2003-09-09,3.2475
2003-09-10,3.2596
2003-09-11,3.2771
2003-09-12,3.3026
2003-09-15,3.2973
2003-09-16,3.2732
2003-09-17,3.2748
2003-09-18,3.267
2003-09-19,3.2988
2003-09-22,3.3219
2003-09-23,3.2856
2003-09-24,3.2804
2003-09-25,3.2986
2003-09-29,3.2696
2003-09-30,3.297
2003-10-01,3.2947
2003-10-02,3.2741
2003-10-03,3.2937
2003-10-07,3.3211
2003-10-08,3.3301
2003-10-09,3.3014
2003-10-10,3.3054
2003-10-13,3.3259
2003-10-14,3.3232
2003-10-15,3.3257
2003-10-16,3.3351
2003-10-17,3.3673
2003-10-20,3.3639
2003-10-21,3.3736
2003-10-22,3.4119
2003-10-23,3.4267
2003-10-24,3.4381
2003-10-27,3.4195
2003-10-28,3.4074
2003-10-29,3.4457
2003-10-30,3.4463
2003-10-31,3.4118
2003-11-03,3.389
2003-11-04,3.3468
2003-11-05,3.3692
2003-11-06,3.3713
2003-11-07,3.3567
2003-11-10,3.4251
2003-11-11,3.4572
2003-11-12,3.4623
2003-11-13,3.4689
2003-11-14,3.4877
2003-11-17,3.4663
2003-11-18,3.4486
2003-11-19,3.453
2003-11-20,3.4323
2003-11-21,3.4422
2003-11-24,3.4316
2003-11-25,3.399
2003-11-26,3.4186
2003-11-27,3.4041
2003-11-28,3.4172
2003-12-01,3.4045
2003-12-02,3.3941
2003-12-03,3.4081
2003-12-04,3.4011
2003-12-05,3.3877
2003-12-08,3.4066
2003-12-09,3.3816
2003-12-10,3.3499
2003-12-11,3.3192
2003-12-12,3.3387
2003-12-15,3.2934
2003-12-16,3.3134
2003-12-17,3.2798
2003-12-18,3.297
2003-12-19,3.2875
2003-12-22,3.2819
2003-12-23,3.2834
2003-12-24,3.3135
2003-12-29,3.3425
2003-12-30,3.3223
2003-12-31,3.4075
2004-01-02,3.414
2004-01-05,3.4371
2004-01-06,3.4146
2004-01-07,3.4107
2004-01-08,3.4128
2004-01-09,3.4173
2004-01-12,3.4465
2004-01-13,3.4438
2004-01-14,3.4544
2004-01-15,3.4227
2004-01-16,3.4
2004-01-19,3.3937
2004-01-20,3.4238
2004-01-21,3.4267
2004-01-22,3.4349
2004-01-23,3.4154
2004-01-26,3.3968
2004-01-27,3.4092
2004-01-28,3.4117
2004-01-29,3.3717
2004-01-30,3.3714
2004-02-02,3.3706
2004-02-03,3.3494
2004-02-04,3.3363
2004-02-05,3.3563
2004-02-06,3.3428
2004-02-09,3.3726
2004-02-10,3.3812
2004-02-11,3.366
2004-02-12,3.3843
2004-02-13,3.3716
2004-02-16,3.3704
2004-02-17,3.3903
2004-02-18,3.3839
2004-02-19,3.36
2004-02-20,3.3455
2004-02-23,3.3281
2004-02-24,3.3466
2004-02-25,3.3471
2004-02-26,3.3434
2004-02-27,3.3284
2004-03-01,3.3513
2004-03-02,3.347
2004-03-03,3.3306
2004-03-04,3.3613
2004-03-05,3.3709
2004-03-09,3.3942
2004-03-10,3.3977
2004-03-11,3.4072
2004-03-12,3.4131
2004-03-15,3.381
2004-03-16,3.3727
2004-03-17,3.3651
2004-03-18,3.3463
2004-03-19,3.3656
2004-03-22,3.3827
2004-03-23,3.3789
2004-03-24,3.3758
2004-03-25,3.3722
2004-03-26,3.409
2004-03-29,3.4372
2004-03-30,3.451
2004-03-31,3.4647
2004-04-01,3.4454
2004-04-02,3.459
2004-04-07,3.4434
2004-04-08,3.445
2004-04-13,3.3833
2004-04-14,3.3814
2004-04-15,3.3826
2004-04-16,3.3815
2004-04-19,3.3685
2004-04-20,3.3604
2004-04-21,3.3634
2004-04-22,3.3657
2004-04-23,3.3743
2004-04-26,3.3795
2004-04-28,3.3908
2004-04-29,3.3387
2004-04-30,3.3423
2004-05-03,3.3373
2004-05-04,3.3541
2004-05-05,3.3244
2004-05-06,3.3269
2004-05-07,3.3199
2004-05-10,3.3273
2004-05-11,3.3283
2004-05-12,3.3349
2004-05-13,3.3278
2004-05-14,3.3084
2004-05-17,3.3239
2004-05-18,3.2946
2004-05-19,3.3219
2004-05-20,3.337
2004-05-21,3.343
2004-05-24,3.3449
2004-05-25,3.3417
2004-05-28,3.3501
2004-06-01,3.3338
2004-06-02,3.3348
2004-06-03,3.3438
2004-06-04,3.3381
2004-06-07,3.37
2004-06-08,3.3612
2004-06-09,3.3526
2004-06-10,3.3207
2004-06-11,3.3159
2004-06-14,3.3229
2004-06-15,3.286
2004-06-16,3.2816
2004-06-17,3.2806
2004-06-18,3.2712
2004-06-21,3.287
2004-06-22,3.2974
2004-06-23,3.3104
2004-06-24,3.3476
2004-06-25,3.3429
2004-06-28,3.3358
2004-06-29,3.3409
2004-06-30,3.3444
2004-07-01,3.3717
2004-07-02,3.3579
2004-07-05,3.3751
2004-07-06,3.3907
2004-07-07,3.3967
2004-07-08,3.3898
2004-07-09,3.399
2004-07-12,3.3981
2004-07-13,3.3904
2004-07-14,3.403
2004-07-15,3.3966
2004-07-16,3.4066
2004-07-19,3.4278
2004-07-20,3.4226
2004-07-21,3.4052
2004-07-22,3.3997
2004-07-23,3.4057
2004-07-26,3.4125
2004-07-28,3.3855
2004-07-29,3.3995
2004-07-30,3.4194
2004-08-02,3.4015
2004-08-03,3.3919
2004-08-04,3.4275
2004-08-05,3.4504
2004-08-06,3.4563
2004-08-09,3.4502
2004-08-10,3.4302
2004-08-11,3.4294
2004-08-12,3.4218
2004-08-13,3.412
2004-08-16,3.459
2004-08-17,3.4756
2004-08-18,3.4675
2004-08-19,3.4811
2004-08-20,3.492
2004-08-23,3.4815
2004-08-24,3.4681
2004-08-25,3.4646
2004-08-26,3.4678
2004-08-27,3.4747
2004-08-30,3.4448
2004-08-31,3.438
2004-09-01,3.4396
2004-09-02,3.4508
2004-09-03,3.4729
2004-09-06,3.4773
2004-09-07,3.4736
2004-09-08,3.4874
2004-09-09,3.4988
2004-09-10,3.4959
2004-09-13,3.4802
2004-09-14,3.4462
2004-09-20,3.4481
2004-09-23,3.5
2004-09-27,3.5143
2004-09-28,3.5248
2004-09-29,3.5264
2004-10-01,3.541
2004-10-04,3.5301
2004-10-05,3.5088
2004-10-06,3.5313
2004-10-08,3.5477
2004-10-11,3.5498
2004-10-12,3.5484
2004-10-13,3.5225
2004-10-14,3.5651
2004-10-15,3.5503
2004-10-18,3.5707
2004-10-19,3.5489
2004-10-20,3.5687
2004-10-21,3.5659
2004-10-22,3.5802
2004-10-25,3.6125
2004-10-26,3.6222
2004-10-27,3.6531
2004-10-28,3.6687
2004-10-29,3.6563
2004-11-01,3.6338
2004-11-02,3.6369
2004-11-03,3.6444
2004-11-04,3.6874
2004-11-05,3.6678
2004-11-08,3.7049
2004-11-09,3.711
2004-11-10,3.694
2004-11-11,3.7006
2004-11-12,3.7114
2004-11-15,3.685
2004-11-16,3.668
2004-11-17,3.6848
2004-11-18,3.651
2004-11-19,3.6585
2004-11-22,3.6747
2004-11-23,3.6969
2004-11-24,3.7056
2004-11-25,3.7065
2004-11-26,3.7017
2004-11-29,3.6943
2004-11-30,3.6805
2004-12-01,3.6701
2004-12-02,3.6819
2004-12-03,3.6648
2004-12-06,3.638
2004-12-07,3.6197
2004-12-08,3.5529
2004-12-09,3.5486
2004-12-10,3.547
2004-12-13,3.5598
2004-12-14,3.5197
2004-12-15,3.5199
2004-12-16,3.5242
2004-12-17,3.5247
2004-12-20,3.5327
2004-12-21,3.538
2004-12-22,3.5278
2004-12-23,3.5085
2004-12-24,3.5247
2004-12-27,3.5276
2004-12-28,3.5669
2004-12-29,3.5904
2004-12-30,3.5822
2004-12-31,3.5787
2005-01-03,3.6072
2005-01-04,3.5999
2005-01-05,3.5817
2005-01-06,3.5759
2005-01-07,3.5614
2005-01-10,3.5693
2005-01-11,3.5804
2005-01-12,3.5862
2005-01-13,3.6173
2005-01-14,3.6033
2005-01-17,3.5947
2005-01-18,3.5687
2005-01-19,3.5781
2005-01-20,3.5536
2005-01-21,3.562
2005-01-24,3.5908
2005-01-25,3.5855
2005-01-26,3.5732
2005-01-27,3.5637
2005-01-28,3.5466
2005-01-31,3.535
2005-02-01,3.5324
2005-02-02,3.56
2005-02-03,3.5272
2005-02-04,3.5135
2005-02-07,3.4908
2005-02-08,3.4985
2005-02-09,3.5069
2005-02-10,3.4987
2005-02-11,3.5252
2005-02-14,3.5511
2005-02-15,3.5334
2005-02-16,3.5354
2005-02-17,3.5314
2005-02-18,3.5358
2005-02-21,3.5484
2005-02-22,3.5503
2005-02-23,3.5422
2005-02-24,3.494
2005-02-25,3.5131
2005-02-28,3.5381
2005-03-01,3.5143
2005-03-02,3.4876
2005-03-03,3.4924
2005-03-04,3.4908
2005-03-07,3.514
2005-03-08,3.5129
2005-03-09,3.553
2005-03-10,3.5871
2005-03-11,3.5712
2005-03-14,3.564
2005-03-15,3.5769
2005-03-16,3.5845
2005-03-17,3.5799
2005-03-18,3.5728
2005-03-21,3.5651
2005-03-22,3.5825
2005-03-23,3.5718
2005-03-24,3.572
2005-03-28,3.5753
2005-03-29,3.6097
2005-03-30,3.6099
2005-03-31,3.5958
2005-04-01,3.6009
2005-04-04,3.591
2005-04-05,3.5723
2005-04-06,3.5722
2005-04-07,3.5799
2005-04-08,3.5725
2005-04-11,3.5542
2005-04-12,3.549
2005-04-13,3.5513
2005-04-14,3.5333
2005-04-15,3.5354
2005-04-18,3.5093
2005-04-19,3.5034
2005-04-20,3.5318
2005-04-21,3.5169
2005-04-25,3.5233
2005-04-26,3.5173
2005-04-27,3.5
2005-04-28,3.4889
2005-04-29,3.498
2005-05-02,3.4715
2005-05-03,3.484
2005-05-04,3.4936
2005-05-05,3.5033
2005-05-06,3.4985
2005-05-09,3.523
2005-05-10,3.5141
2005-05-11,3.5127
2005-05-13,3.4981
2005-05-16,3.4526
2005-05-17,3.4451
2005-05-18,3.4571
2005-05-19,3.4578
2005-05-20,3.471
2005-05-23,3.4693
2005-05-24,3.4736
2005-05-25,3.4773
2005-05-26,3.462
2005-05-27,3.4767
2005-05-31,3.5048
2005-06-01,3.5223
2005-06-02,3.5383
2005-06-03,3.5365
2005-06-06,3.5422
2005-06-07,3.5417
2005-06-08,3.536
2005-06-09,3.5346
2005-06-10,3.5235
2005-06-14,3.5498
2005-06-15,3.589
2005-06-16,3.6326
2005-06-17,3.6328
2005-06-20,3.6882
2005-06-21,3.6665
2005-06-22,3.6572
2005-06-23,3.6592
2005-06-24,3.6839
2005-06-27,3.6734
2005-06-28,3.7026
2005-06-29,3.7058
2005-06-30,3.711
2005-07-01,3.7254
2005-07-04,3.6915
2005-07-05,3.6982
2005-07-06,3.7053
2005-07-07,3.7354
2005-07-08,3.7513
2005-07-11,3.7666
2005-07-12,3.7346
2005-07-13,3.7587
2005-07-14,3.7654
2005-07-15,3.7461
2005-07-18,3.7388
2005-07-19,3.7529
2005-07-20,3.7592
2005-07-21,3.7321
2005-07-22,3.7287
2005-07-25,3.7291
2005-07-26,3.7142
2005-07-27,3.6762
2005-07-28,3.6673
2005-07-29,3.6827
2005-08-01,3.7108
2005-08-02,3.7161
2005-08-03,3.6966
2005-08-04,3.6879
2005-08-05,3.6862
2005-08-08,3.7226
2005-08-09,3.7137
2005-08-10,3.7225
2005-08-11,3.7389
2005-08-12,3.771
2005-08-15,3.7871
2005-08-16,3.7612
2005-08-17,3.7359
2005-08-18,3.6842
2005-08-19,3.678
2005-08-22,3.7274
2005-08-23,3.746
2005-08-24,3.7528
2005-08-25,3.7867
2005-08-26,3.7876
2005-08-29,3.8063
2005-08-30,3.7919
2005-08-31,3.8145
2005-09-01,3.7843
2005-09-02,3.7901
2005-09-05,3.7794
2005-09-06,3.7705
2005-09-07,3.774
2005-09-08,3.8035
2005-09-09,3.8222
2005-09-12,3.8086
2005-09-13,3.8109
2005-09-14,3.8395
2005-09-15,3.8201
2005-09-16,3.8298
2005-09-19,3.8529
2005-09-20,3.9006
2005-09-21,3.9211
2005-09-22,3.9319
2005-09-23,3.9147
2005-09-26,3.9068
2005-09-27,3.8886
2005-09-28,3.8878
2005-09-29,3.9069
2005-09-30,3.9377
2005-10-06,3.888
2005-10-07,3.8893
2005-10-10,3.9149
2005-10-11,3.9194
2005-10-14,3.9359
2005-10-17,3.9214
2005-10-19,3.9405
2005-10-20,3.9398
2005-10-21,3.9332
2005-10-24,3.9009
2005-10-26,3.9379
2005-10-27,3.9563
2005-10-28,3.9584
2005-10-31,3.9434
2005-11-01,3.9275
2005-11-02,3.9454
2005-11-03,3.9692
2005-11-04,3.9459
2005-11-07,3.948
2005-11-08,3.9263
2005-11-09,3.9408
2005-11-10,3.9619
2005-11-11,3.9657
2005-11-14,3.962
2005-11-15,3.9659
2005-11-16,3.9627
2005-11-17,3.9764
2005-11-18,3.9788
2005-11-21,3.9706
2005-11-22,4.01
2005-11-23,4.0279
2005-11-24,4.0193
2005-11-25,4.008
2005-11-28,4.0085
2005-11-29,3.9849
2005-11-30,3.9923
2005-12-01,3.9949
2005-12-02,3.9897
2005-12-05,4.0133
2005-12-06,4.0095
2005-12-07,3.988
2005-12-08,3.9898
2005-12-09,3.9897
2005-12-12,3.9931
2005-12-13,3.9932
2005-12-14,4.0024
2005-12-15,3.9592
2005-12-16,3.9611
2005-12-19,3.9535
2005-12-20,3.9282
2005-12-21,3.9209
2005-12-22,3.9601
2005-12-23,3.9324
2005-12-27,3.9498
2005-12-28,3.9197
2005-12-29,3.9366
2005-12-30,3.9642
2006-01-03,3.9503
2006-01-04,3.9753
2006-01-05,4.0202
2006-01-06,3.9565
2006-01-09,3.947
2006-01-10,3.9669
2006-01-11,3.9821
2006-01-12,3.9869
2006-01-13,3.9762
2006-01-16,3.9691
2006-01-17,3.9793
2006-01-18,3.965
2006-01-19,3.9249
2006-01-20,3.9696
2006-01-23,4.0076
2006-01-24,4.0045
2006-01-25,3.9979
2006-01-26,4.0009
2006-01-27,4.0415
2006-01-30,4.0482
2006-01-31,4.0719
2006-02-01,4.0876
2006-02-02,4.1064
2006-02-03,4.0936
2006-02-06,4.1054
2006-02-07,4.1149
2006-02-08,4.0774
2006-02-09,4.0874
2006-02-10,4.0926
2006-02-13,4.0687
2006-02-14,4.0845
2006-02-15,4.095
2006-02-16,4.0639
2006-02-17,4.0613
2006-02-20,4.0792
2006-02-21,4.1044
2006-02-22,4.1078
2006-02-23,4.1011
2006-02-24,4.0853
2006-02-27,4.1017
2006-02-28,4.1301
2006-03-01,4.1287
2006-03-02,4.1449
2006-03-03,4.1386
2006-03-06,4.1247
2006-03-07,4.1136
2006-03-08,4.0905
2006-03-09,4.0807
2006-03-10,4.0633
2006-03-13,4.0659
2006-03-16,4.0553
2006-03-17,4.0334
2006-03-20,4.006
2006-03-21,4.0043
2006-03-22,3.9954
2006-03-23,4.0041
2006-03-24,4.0093
2006-03-27,3.9952
2006-03-29,4.0099
2006-03-30,4.0063
2006-03-31,4.02
2006-04-03,3.9779
2006-04-04,3.9629
2006-04-05,3.962
2006-04-06,3.9681
2006-04-07,3.9882
2006-04-10,4.0213
2006-04-11,4.015
2006-04-18,4.0051
2006-04-20,4.0093
2006-04-21,4.0111
2006-04-24,4.0033
2006-04-25,3.9787
2006-04-26,4.0129
2006-04-27,4.0126
2006-04-28,4.0075
2006-05-01,4.0174
2006-05-02,4.0269
2006-05-04,4.0406
2006-05-05,4.0287
2006-05-08,4.0067
2006-05-09,3.9907
2006-05-10,4.0209
2006-05-11,4.021
2006-05-12,4.0207
2006-05-15,3.997
2006-05-16,3.9975
2006-05-17,4.0123
2006-05-18,4.0057
2006-05-19,3.9733
2006-05-22,3.9861
2006-05-23,4.0329
2006-05-24,4.0262
2006-05-25,4.056
2006-05-26,4.0707
2006-05-30,4.103
2006-05-31,4.1225
2006-06-01,4.103
2006-06-05,4.0742
2006-06-06,4.0305
2006-06-07,4.0134
2006-06-08,4.0056
2006-06-09,4.0036
2006-06-12,4.0591
2006-06-13,4.0789
2006-06-14,4.0406
2006-06-15,4.0038
2006-06-16,3.989
2006-06-19,3.9553
2006-06-20,3.968
2006-06-21,4.009
2006-06-22,4.0151
2006-06-23,3.9799
2006-06-26,3.9987
2006-06-27,3.9963
2006-06-28,3.9829
2006-06-29,3.9975
2006-06-30,3.9998
2006-07-03,3.9725
2006-07-04,3.9496
2006-07-05,3.9575
2006-07-06,3.9483
2006-07-07,3.9458
2006-07-10,3.9139
2006-07-11,3.8954
2006-07-12,3.9076
2006-07-13,3.973
2006-07-14,3.9979
2006-07-17,3.9715
2006-07-18,3.9296
2006-07-19,3.917
2006-07-20,3.9262
2006-07-21,3.9544
2006-07-24,3.908
2006-07-25,3.8897
2006-07-26,3.9015
2006-07-27,3.8995
2006-07-28,3.8963
2006-07-31,3.9094
2006-08-01,3.8873
2006-08-02,3.9062
2006-08-04,3.9143
2006-08-07,3.9089
2006-08-08,3.89
2006-08-09,3.9011
2006-08-10,3.9196
2006-08-11,3.8977
2006-08-14,3.8827
2006-08-15,3.8678
2006-08-16,3.8967
2006-08-17,3.9038
2006-08-18,3.8933
2006-08-21,3.8983
2006-08-22,3.9015
2006-08-23,3.9256
2006-08-24,3.943
2006-08-25,3.9671
2006-08-28,3.9726
2006-08-29,3.9679
2006-08-30,3.9563
2006-08-31,3.9402
2006-09-01,3.9498
2006-09-04,3.9481
2006-09-05,3.9244
2006-09-06,3.9265
2006-09-07,3.968
2006-09-08,3.9469
2006-09-11,3.9243
2006-09-12,3.9187
2006-09-13,3.9115
2006-09-14,3.9231
2006-09-15,3.9019
2006-09-18,3.8884
2006-09-19,3.8726
2006-09-20,3.8463
2006-09-21,3.8526
2006-09-25,3.8691
2006-09-26,3.8653
2006-09-27,3.8547
2006-09-28,3.864
2006-09-29,3.8689
2006-10-03,3.8403
2006-10-04,3.7943
2006-10-05,3.7765
2006-10-06,3.7695
2006-10-09,3.7842
2006-10-10,3.7851
2006-10-11,3.7566
2006-10-12,3.7586
2006-10-13,3.749
2006-10-16,3.7506
2006-10-17,3.7527
2006-10-18,3.7494
2006-10-19,3.7623
2006-10-20,3.7981
2006-10-23,3.7996
2006-10-24,3.7876
2006-10-25,3.8019
2006-10-26,3.8096
2006-10-27,3.8165
2006-10-30,3.8221
2006-10-31,3.8012
2006-11-01,3.7565
2006-11-02,3.7834
2006-11-03,3.7869
2006-11-06,3.795
2006-11-07,3.8341
2006-11-08,3.8291
2006-11-09,3.8211
2006-11-10,3.7993
2006-11-13,3.786
2006-11-14,3.7606
2006-11-15,3.7647
2006-11-16,3.7944
2006-11-17,3.7651
2006-11-20,3.7679
2006-11-21,3.773
2006-11-22,3.7829
2006-11-23,3.7784
2006-11-24,3.7762
2006-11-27,3.7892
2006-11-28,3.7935
2006-11-30,3.7289
2006-12-01,3.7131
2006-12-04,3.6995
2006-12-05,3.7013
2006-12-06,3.6757
2006-12-07,3.6549
2006-12-08,3.6553
2006-12-11,3.6566
2006-12-12,3.652
2006-12-13,3.6342
2006-12-14,3.6096
2006-12-15,3.6233
2006-12-18,3.6278
2006-12-19,3.6247
2006-12-20,3.6286
2006-12-21,3.6385
2006-12-22,3.6283
2006-12-26,3.6467
2006-12-27,3.6369
2006-12-28,3.6288
2006-12-29,3.6408
2007-01-02,3.6139
2007-01-03,3.5791
2007-01-04,3.5799
2007-01-05,3.6013
2007-01-08,3.6054
2007-01-09,3.5974
2007-01-10,3.6074
2007-01-11,3.6025
2007-01-12,3.5919
2007-01-15,3.6121
2007-01-16,3.6201
2007-01-17,3.6003
2007-01-18,3.5894
2007-01-19,3.5981
2007-01-22,3.5947
2007-01-23,3.5655
2007-01-24,3.5867
2007-01-25,3.5851
2007-01-26,3.586
2007-01-29,3.5919
2007-01-30,3.5916
2007-01-31,3.6022
2007-02-01,3.6045
2007-02-02,3.5935
2007-02-05,3.5912
2007-02-06,3.5927
2007-02-07,3.5801
2007-02-08,3.5687
2007-02-09,3.5688
2007-02-12,3.6128
2007-02-13,3.6181
2007-02-14,3.6189
2007-02-15,3.6178
2007-02-16,3.6076
2007-02-19,3.5899
2007-02-20,3.5899
2007-02-21,3.5841
2007-02-22,3.6026
2007-02-23,3.6085
2007-02-26,3.6211
2007-02-27,3.6188
2007-02-28,3.6038
2007-03-01,3.5991
2007-03-02,3.5911
2007-03-06,3.5882
2007-03-07,3.5937
2007-03-08,3.5752
2007-03-09,3.5552
2007-03-12,3.5847
2007-03-13,3.5972
2007-03-14,3.5851
2007-03-15,3.5851
2007-03-16,3.5841
2007-03-19,3.5782
2007-03-20,3.6095
2007-03-21,3.6187
2007-03-22,3.6207
2007-03-23,3.617
2007-03-26,3.6166
2007-03-27,3.6157
2007-03-28,3.6023
2007-03-29,3.5986
2007-03-30,3.6008
2007-04-04,3.5741
2007-04-05,3.563
2007-04-10,3.5945
2007-04-11,3.5913
2007-04-12,3.5731
2007-04-13,3.5839
2007-04-16,3.5695
2007-04-17,3.5911
2007-04-18,3.5907
2007-04-19,3.6288
2007-04-20,3.607
2007-04-23,3.6203
2007-04-25,3.5915
2007-04-26,3.5905
2007-04-27,3.5883
2007-04-30,3.6069
2007-05-01,3.6371
2007-05-02,3.6571
2007-05-03,3.6508
2007-05-04,3.6533
2007-05-07,3.6137
2007-05-08,3.62
2007-05-09,3.5905
2007-05-10,3.5663
2007-05-11,3.5753
2007-05-14,3.5747
2007-05-15,3.6
2007-05-16,3.5762
2007-05-17,3.582
2007-05-18,3.6438
2007-05-21,3.6777
2007-05-22,3.6846
2007-05-24,3.6956
2007-05-25,3.7189
2007-05-29,3.7167
2007-05-30,3.7853
2007-05-31,3.7686
2007-06-01,3.807
2007-06-04,3.8417
2007-06-05,3.8435
2007-06-06,3.856
2007-06-07,3.9082
2007-06-08,3.946
2007-06-11,3.9405
2007-06-12,3.9431
2007-06-13,3.9356
2007-06-14,3.9205
2007-06-15,3.9132
2007-06-18,3.8663
2007-06-19,3.8913
2007-06-20,3.9283
2007-06-21,3.9668
2007-06-22,3.9335
2007-06-25,3.9675
2007-06-26,3.9869
2007-06-27,4.0088
2007-06-28,4.0024
2007-06-29,4.0195
2007-07-02,3.9987
2007-07-03,3.9614
2007-07-04,3.9537
2007-07-05,3.979
2007-07-06,4.0119
2007-07-09,4.0378
2007-07-10,4.0332
2007-07-11,4.0155
2007-07-12,4.0544
2007-07-13,4.0824
2007-07-16,4.0937
2007-07-17,4.1057
2007-07-18,4.107
2007-07-19,4.064
2007-07-20,4.0496
2007-07-23,4.0634
2007-07-25,4.0649
2007-07-26,4.1035
2007-07-27,4.0847
2007-07-30,4.065
2007-07-31,4.0629
2007-08-01,4.0761
2007-08-02,4.0991
2007-08-03,4.0787
2007-08-06,4.0778
2007-08-07,4.0666
2007-08-08,4.0652
2007-08-09,4.0481
2007-08-10,4.0598
2007-08-13,4.0193
2007-08-14,3.9932
2007-08-15,3.9332
2007-08-16,3.931
2007-08-17,3.9427
2007-08-20,3.9608
2007-08-21,3.9619
2007-08-22,3.9384
2007-08-23,3.9515
2007-08-24,3.9671
2007-08-27,3.9624
2007-08-28,3.9135
2007-08-29,3.8823
2007-08-30,3.8649
2007-08-31,3.9125
2007-09-03,3.922
2007-09-04,3.9273
2007-09-05,3.9077
2007-09-06,3.9183
2007-09-07,3.9275
2007-09-10,3.912
2007-09-11,3.9203
2007-09-17,3.9848
2007-09-18,4.0027
2007-09-19,4.0014
2007-09-20,4.0588
2007-09-24,4.0322
2007-09-25,4.0276
2007-09-26,3.9976
2007-09-28,4.0174
2007-10-01,4.0068
2007-10-02,4.013
2007-10-03,4.0188
2007-10-05,4.0315
2007-10-08,4.0655
2007-10-09,4.0956
2007-10-10,4.1005
2007-10-11,4.1366
2007-10-12,4.1203
2007-10-15,4.1471
2007-10-16,4.134
2007-10-17,4.1215
2007-10-18,4.1144
2007-10-19,4.1303
2007-10-22,4.1191
2007-10-23,4.1544
2007-10-24,4.1583
2007-10-25,4.1623
2007-10-26,4.1549
2007-10-29,4.1566
2007-10-30,4.1591
2007-10-31,4.1592
2007-11-01,4.1938
2007-11-02,4.1962
2007-11-05,4.2341
2007-11-06,4.2509
2007-11-07,4.321
2007-11-08,4.2349
2007-11-09,4.2356
2007-11-12,4.1415
2007-11-13,4.1409
2007-11-14,4.113
2007-11-15,4.0507
2007-11-16,4.009
2007-11-19,4.0279
2007-11-20,3.9686
2007-11-21,3.9506
2007-11-22,3.9595
2007-11-23,3.9145
2007-11-26,3.9297
2007-11-27,3.8888
2007-11-28,3.8867
2007-11-29,3.89
2007-11-30,3.8469
2007-12-03,3.831
2007-12-04,3.8234
2007-12-05,3.7713
2007-12-06,3.8124
2007-12-07,3.8226
2007-12-10,3.8717
2007-12-11,3.8814
2007-12-12,3.8898
2007-12-13,3.8783
2007-12-14,3.9006
2007-12-17,3.9499
2007-12-18,3.9201
2007-12-19,3.9208
2007-12-20,3.9568
2007-12-21,3.922
2007-12-24,3.9223
2007-12-26,3.985
2007-12-27,3.9377
2007-12-28,3.9323
2007-12-31,3.9229
2008-01-02,3.9059
2008-01-03,3.8617
2008-01-04,3.8486
2008-01-07,3.8251
2008-01-08,3.7927
2008-01-09,3.7706
2008-01-10,3.7769
2008-01-11,3.7334
2008-01-14,3.6676
2008-01-15,3.6634
2008-01-16,3.6457
2008-01-17,3.6602
2008-01-18,3.6797
2008-01-21,3.6894
2008-01-22,3.667
2008-01-23,3.6149
2008-01-24,3.6288
2008-01-25,3.6809
2008-01-28,3.6852
2008-01-29,3.6401
2008-01-30,3.6588
2008-01-31,3.6348
2008-02-01,3.6032
2008-02-04,3.575
2008-02-05,3.6054
2008-02-06,3.6094
2008-02-07,3.626
2008-02-08,3.5832
2008-02-11,3.618
2008-02-12,3.5923
2008-02-13,3.6141
2008-02-14,3.6272
2008-02-15,3.6029
2008-02-18,3.578
2008-02-19,3.5758
2008-02-20,3.5641
2008-02-21,3.5692
2008-02-22,3.552
2008-02-25,3.5636
2008-02-26,3.6674
2008-02-27,3.6783
2008-02-28,3.7066
2008-02-29,3.7135
2008-03-03,3.7092
2008-03-04,3.6713
2008-03-05,3.6178
2008-03-06,3.6573
2008-03-07,3.6548
2008-03-10,3.6214
2008-03-11,3.536
2008-03-12,3.5243
2008-03-13,3.4506
2008-03-14,3.5296
2008-03-17,3.4446
2008-03-18,3.4059
2008-03-19,3.3856
2008-03-20,3.3143
2008-03-24,3.4347
2008-03-25,3.4568
2008-03-26,3.4618
2008-03-27,3.4347
2008-03-28,3.4646
2008-03-31,3.4835
2008-04-01,3.4522
2008-04-02,3.4946
2008-04-03,3.5304
2008-04-04,3.5966
2008-04-07,3.6201
2008-04-08,3.5712
2008-04-09,3.537
2008-04-10,3.5523
2008-04-11,3.5414
2008-04-14,3.4831
2008-04-15,3.4167
2008-04-16,3.4501
2008-04-17,3.4517
2008-04-18,3.4031
2008-04-21,3.4238
2008-04-22,3.4422
2008-04-23,3.4145
2008-04-24,3.3878
2008-04-25,3.4311
2008-04-28,3.4137
2008-04-29,3.4227
2008-04-30,3.3972
2008-05-01,3.3901
2008-05-02,3.3782
2008-05-05,3.3825
2008-05-06,3.3668
2008-05-07,3.4281
2008-05-09,3.4339
2008-05-12,3.4291
2008-05-13,3.4067
2008-05-14,3.4256
2008-05-15,3.4182
2008-05-16,3.3556
2008-05-19,3.3924
2008-05-20,3.4109
2008-05-21,3.404
2008-05-22,3.3902
2008-05-23,3.3755
2008-05-27,3.3178
2008-05-28,3.3055
2008-05-29,3.2953
2008-05-30,3.2643
2008-06-02,3.2742
2008-06-03,3.2713
2008-06-04,3.2922
2008-06-05,3.3108
2008-06-06,3.2723
2008-06-10,3.2778
2008-06-11,3.334
2008-06-12,3.345
2008-06-13,3.3441
2008-06-16,3.3267
2008-06-17,3.2748
2008-06-18,3.2789
2008-06-19,3.3101
2008-06-20,3.3064
2008-06-23,3.3153
2008-06-24,3.3161
2008-06-25,3.3473
2008-06-26,3.3411
2008-06-27,3.3474
2008-06-30,3.3152
2008-07-01,3.2885
2008-07-02,3.2144
2008-07-03,3.1994
2008-07-04,3.2158
2008-07-07,3.1844
2008-07-08,3.2084
2008-07-09,3.1779
2008-07-10,3.2791
2008-07-11,3.3439
2008-07-14,3.3
2008-07-15,3.3081
2008-07-16,3.3383
2008-07-17,3.3717
2008-07-18,3.3585
2008-07-21,3.4123
2008-07-22,3.4605
2008-07-23,3.4444
2008-07-24,3.4536
2008-07-25,3.4379
2008-07-28,3.4097
2008-07-29,3.3848
2008-07-30,3.391
2008-07-31,3.3931
2008-08-01,3.4248
2008-08-04,3.4381
2008-08-05,3.4056
2008-08-06,3.3994
2008-08-07,3.3795
2008-08-08,3.4032
2008-08-11,3.3477
2008-08-12,3.3547
2008-08-13,3.3612
2008-08-14,3.3746
2008-08-15,3.358
2008-08-18,3.3703
2008-08-19,3.3557
2008-08-20,3.3615
2008-08-21,3.3464
2008-08-22,3.3268
2008-08-25,3.3616
2008-08-26,3.3514
2008-08-27,3.416
2008-08-28,3.4261
2008-08-29,3.4205
2008-09-01,3.3948
2008-09-02,3.3969
2008-09-03,3.3477
2008-09-04,3.371
2008-09-05,3.3599
2008-09-08,3.374
2008-09-09,3.3823
2008-09-10,3.3623
2008-09-11,3.3777
2008-09-12,3.3909
2008-09-15,3.3586
2008-09-16,3.3141
2008-09-17,3.3302
2008-09-18,3.315
2008-09-19,3.3205
2008-09-22,3.3404
2008-09-23,3.2925
2008-09-24,3.3037
2008-09-25,3.2878
2008-09-26,3.3032
2008-10-02,3.2746
2008-10-03,3.2122
2008-10-06,3.1962
2008-10-07,3.1799
2008-10-10,3.0911
2008-10-13,3.08
2008-10-15,3.1235
2008-10-16,3.1029
2008-10-17,3.1466
2008-10-20,3.1816
2008-10-22,3.0644
2008-10-23,3.0404
2008-10-24,3.0298
2008-10-27,2.9833
2008-10-28,2.9306
2008-10-29,2.9911
2008-10-30,3.0935
2008-10-31,3.0859
2008-11-03,3.1482
2008-11-04,3.2133
2008-11-05,3.3197
2008-11-06,3.2806
2008-11-07,3.2
2008-11-10,3.2218
2008-11-11,3.1826
2008-11-12,3.2134
2008-11-13,3.1813
2008-11-14,3.1902
2008-11-17,3.1754
2008-11-18,3.2158
2008-11-19,3.2138
2008-11-20,3.1783
2008-11-21,3.1539
2008-11-24,3.1548
2008-11-25,3.1912
2008-11-26,3.1602
2008-11-27,3.1797
2008-11-28,3.1774
2008-12-01,3.1981
2008-12-02,3.1767
2008-12-03,3.1735
2008-12-04,3.1418
2008-12-05,3.1236
2008-12-08,3.1503
2008-12-09,3.1233
2008-12-10,3.1061
2008-12-11,3.1559
2008-12-12,3.1258
2008-12-15,3.1322
2008-12-16,3.1109
2008-12-17,3.1023
2008-12-18,3.1022
2008-12-19,3.0498
2008-12-22,3.1648
2008-12-23,3.1468
2008-12-24,3.1877
2008-12-29,3.1551
2008-12-30,3.0628
2008-12-31,3.1126
2009-01-02,3.093
2009-01-05,3.1656
2009-01-06,3.2505
2009-01-07,3.2633
2009-01-08,3.2298
2009-01-09,3.2547
2009-01-12,3.2529
2009-01-13,3.1991
2009-01-14,3.1848
2009-01-15,3.106
2009-01-16,3.0993
2009-01-19,3.0846
2009-01-20,3.0747
2009-01-21,3.0942
2009-01-22,3.1265
2009-01-23,3.1551
2009-01-26,3.2608
2009-01-27,3.2481
2009-01-28,3.3001
2009-01-29,3.3028
2009-01-30,3.3121
2009-02-02,3.2867
2009-02-03,3.2666
2009-02-04,3.2828
2009-02-05,3.2991
2009-02-06,3.2428
2009-02-09,3.2885
2009-02-11,3.2582
2009-02-12,3.2558
2009-02-13,3.2625
2009-02-16,3.2689
2009-02-17,3.2756
2009-02-18,3.2796
2009-02-19,3.2968
2009-02-20,3.2981
2009-02-23,3.3301
2009-02-24,3.3257
2009-02-25,3.3618
2009-02-26,3.3545
2009-02-27,3.3082
2009-03-02,3.2867
2009-03-03,3.2576
2009-03-04,3.2632
2009-03-05,3.2919
2009-03-06,3.2892
2009-03-09,3.2794
2009-03-12,3.2647
2009-03-13,3.2669
2009-03-16,3.2663
2009-03-17,3.249
2009-03-18,3.249
2009-03-19,3.2928
2009-03-20,3.2613
2009-03-23,3.2862
2009-03-24,3.3165
2009-03-25,3.3251
2009-03-26,3.3807
2009-03-27,3.4137
2009-03-30,3.384
2009-03-31,3.341
2009-04-01,3.3274
2009-04-02,3.3359
2009-04-03,3.3696
2009-04-06,3.3584
2009-04-07,3.3497
2009-04-14,3.4115
2009-04-16,3.4733
2009-04-17,3.4483
2009-04-20,3.4266
2009-04-21,3.4083
2009-04-22,3.3917
2009-04-23,3.4206
2009-04-24,3.4828
2009-04-27,3.4789
2009-04-28,3.4885
2009-04-30,3.498
2009-05-01,3.505
2009-05-04,3.4975
2009-05-05,3.5213
2009-05-06,3.5059
2009-05-07,3.5493
2009-05-08,3.5122
2009-05-11,3.5536
2009-05-12,3.5386
2009-05-13,3.5395
2009-05-14,3.531
2009-05-15,3.5349
2009-05-18,3.561
2009-05-19,3.5596
2009-05-20,3.5452
2009-05-21,3.5091
2009-05-22,3.4961
2009-05-26,3.5315
2009-05-27,3.5716
2009-05-28,3.5264
2009-06-01,3.5934
2009-06-02,3.6161
2009-06-03,3.6186
2009-06-04,3.5617
2009-06-05,3.5706
2009-06-08,3.5611
2009-06-09,3.5721
2009-06-10,3.5582
2009-06-11,3.5573
2009-06-12,3.5278
2009-06-15,3.5034
2009-06-16,3.4959
2009-06-17,3.473
2009-06-18,3.4965
2009-06-19,3.5016
2009-06-22,3.4573
2009-06-23,3.4447
2009-06-24,3.4261
2009-06-25,3.4133
2009-06-26,3.4527
2009-06-29,3.4128
2009-06-30,3.4001
2009-07-01,3.3623
2009-07-02,3.3531
2009-07-03,3.3558
2009-07-06,3.3579
2009-07-07,3.3772
2009-07-08,3.402
2009-07-09,3.4131
2009-07-10,3.4083
2009-07-13,3.4282
2009-07-14,3.4581
2009-07-15,3.4665
2009-07-16,3.4889
2009-07-17,3.4904
2009-07-20,3.5373
2009-07-21,3.5149
2009-07-22,3.5175
2009-07-23,3.533
2009-07-24,3.5586
2009-07-27,3.5284
2009-07-28,3.5089
2009-07-29,3.503
2009-07-31,3.5076
2009-08-03,3.5055
2009-08-04,3.618
2009-08-05,3.6178
2009-08-06,3.6607
2009-08-07,3.6296
2009-08-10,3.5835
2009-08-11,3.5289
2009-08-12,3.4918
2009-08-13,3.5202
2009-08-14,3.4862
2009-08-17,3.4296
2009-08-18,3.463
2009-08-19,3.4585
2009-08-20,3.4767
2009-08-21,3.5119
2009-08-24,3.526
2009-08-25,3.5264
2009-08-26,3.4844
2009-08-27,3.4613
2009-08-28,3.5138
2009-08-31,3.46
2009-09-01,3.4645
2009-09-02,3.4492
2009-09-03,3.4531
2009-09-04,3.4242
2009-09-07,3.4892
2009-09-08,3.5347
2009-09-09,3.4967
2009-09-10,3.4912
2009-09-11,3.5145
2009-09-14,3.4647
2009-09-15,3.4605
2009-09-16,3.5002
2009-09-17,3.5233
2009-09-21,3.4724
2009-09-22,3.4958
2009-09-23,3.4903
2009-09-24,3.4764
2009-09-25,3.4532
2009-09-29,3.4727
2009-09-30,3.5005
2009-10-01,3.5176
2009-10-02,3.4609
2009-10-05,3.4967
2009-10-06,3.4971
2009-10-07,3.5424
2009-10-08,3.5369
2009-10-09,3.542
2009-10-12,3.6077
2009-10-13,3.6142
2009-10-14,3.6066
2009-10-15,3.5994
2009-10-16,3.5896
2009-10-19,3.5849
2009-10-20,3.5853
2009-10-21,3.5102
2009-10-22,3.5248
2009-10-23,3.5149
2009-10-26,3.5048
2009-10-27,3.4717
2009-10-28,3.4826
2009-10-29,3.4938
2009-10-30,3.5062
2009-11-02,3.4942
2009-11-03,3.519
2009-11-04,3.5743
2009-11-05,3.5614
2009-11-06,3.5507
2009-11-09,3.5234
2009-11-10,3.5539
2009-11-11,3.5853
2009-11-12,3.5943
2009-11-13,3.5912
2009-11-16,3.5886
2009-11-17,3.5653
2009-11-18,3.6025
2009-11-19,3.5692
2009-11-20,3.5762
2009-11-23,3.5948
2009-11-24,3.5647
2009-11-25,3.5916
2009-11-26,3.5803
2009-11-27,3.5682
2009-11-30,3.5831
2009-12-01,3.6104
2009-12-02,3.6135
2009-12-03,3.5926
2009-12-04,3.5778
2009-12-07,3.6018
2009-12-08,3.6006
2009-12-09,3.5882
2009-12-10,3.5986
2009-12-11,3.5927
2009-12-14,3.5468
2009-12-15,3.5584
2009-12-16,3.5672
2009-12-17,3.5429
2009-12-18,3.5465
2009-12-21,3.6016
2009-12-22,3.594
2009-12-23,3.6175
2009-12-24,3.6279
2009-12-28,3.6189
2009-12-29,3.64
2009-12-30,3.6113
2009-12-31,3.6028
2010-01-04,3.6254
2010-01-05,3.6051
2010-01-06,3.604
2010-01-07,3.609
2010-01-08,3.5982
2010-01-11,3.5874
2010-01-12,3.5708
2010-01-13,3.5483
2010-01-14,3.5714
2010-01-15,3.5869
2010-01-18,3.5887
2010-01-19,3.5855
2010-01-20,3.5511
2010-01-21,3.545
2010-01-22,3.5582
2010-01-25,3.5235
2010-01-26,3.5076
2010-01-27,3.5087
2010-01-28,3.5251
2010-01-29,3.5008
2010-02-01,3.4874
2010-02-02,3.5071
2010-02-03,3.5051
2010-02-04,3.5012
2010-02-05,3.4869
2010-02-08,3.4883
2010-02-09,3.4786
2010-02-10,3.5131
2010-02-11,3.5332
2010-02-12,3.5481
2010-02-15,3.5795
2010-02-16,3.5809
2010-02-17,3.5842
2010-02-18,3.5858
2010-02-19,3.5789
2010-02-22,3.6255
2010-02-23,3.6058
2010-02-24,3.5706
2010-02-25,3.5762
2010-02-26,3.5827
2010-03-02,3.6577
2010-03-03,3.6465
2010-03-04,3.6753
2010-03-05,3.6521
2010-03-08,3.6637
2010-03-09,3.6552
2010-03-10,3.6509
2010-03-11,3.6345
2010-03-12,3.6321
2010-03-15,3.6464
2010-03-16,3.6598
2010-03-17,3.6691
2010-03-18,3.6903
2010-03-19,3.6701
2010-03-22,3.6646
2010-03-23,3.6641
2010-03-24,3.6627
2010-03-25,3.6798
2010-03-26,3.6723
2010-03-31,3.6513
2010-04-01,3.6512
2010-04-06,3.6945
2010-04-07,3.7085
2010-04-08,3.6686
2010-04-09,3.6903
2010-04-12,3.6577
2010-04-13,3.6735
2010-04-14,3.7113
2010-04-15,3.7027
2010-04-16,3.6929
2010-04-19,3.6672
2010-04-21,3.7352
2010-04-22,3.7358
2010-04-23,3.7441
2010-04-26,3.7276
2010-04-27,3.7244
2010-04-28,3.6945
2010-04-29,3.7156
2010-04-30,3.7014
2010-05-03,3.6758
2010-05-04,3.6747
2010-05-05,3.6527
2010-05-06,3.6545
2010-05-07,3.6015
2010-05-10,3.6675
2010-05-11,3.6663
2010-05-12,3.6866
2010-05-13,3.6986
2010-05-14,3.6718
2010-05-17,3.6469
2010-05-18,3.6564
2010-05-20,3.6149
2010-05-21,3.5882
2010-05-24,3.5956
2010-05-25,3.5805
2010-05-26,3.6041
2010-05-27,3.6412
2010-05-28,3.659
2010-06-01,3.6902
2010-06-02,3.661
2010-06-03,3.7091
2010-06-04,3.7155
2010-06-07,3.657
2010-06-08,3.665
2010-06-09,3.7128
2010-06-10,3.7126
2010-06-11,3.7272
2010-06-14,3.7188
2010-06-15,3.7083
2010-06-16,3.713
2010-06-17,3.7245
2010-06-18,3.7105
2010-06-21,3.7517
2010-06-22,3.7535
2010-06-23,3.739
2010-06-24,3.7081
2010-06-25,3.707
2010-06-28,3.7618
2010-06-29,3.7044
2010-06-30,3.6894
2010-07-01,3.6501
2010-07-02,3.6691
2010-07-05,3.6459
2010-07-06,3.6707
2010-07-07,3.6838
2010-07-08,3.6949
2010-07-09,3.7022
2010-07-12,3.741
2010-07-13,3.7352
2010-07-14,3.7287
2010-07-15,3.7461
2010-07-16,3.692
2010-07-19,3.6684
2010-07-21,3.7233
2010-07-22,3.7148
2010-07-23,3.716
2010-07-26,3.7323
2010-07-27,3.7064
2010-07-28,3.6909
2010-07-29,3.6767
2010-07-30,3.6547
2010-08-02,3.6843
2010-08-03,3.6667
2010-08-04,3.6848
2010-08-05,3.7146
2010-08-06,3.717
2010-08-09,3.6517
2010-08-10,3.6462
2010-08-11,3.6538
2010-08-12,3.6313
2010-08-13,3.6525
2010-08-16,3.6481
2010-08-17,3.6411
2010-08-18,3.6726
2010-08-19,3.6857
2010-08-20,3.6412
2010-08-23,3.6294
2010-08-24,3.6008
2010-08-25,3.5854
2010-08-26,3.613
2010-08-27,3.616
2010-08-30,3.6397
2010-08-31,3.6023
2010-09-01,3.5862
2010-09-02,3.6068
2010-09-03,3.585
2010-09-06,3.6415
2010-09-07,3.6308
2010-09-13,3.6634
2010-09-14,3.6768
2010-09-15,3.6406
2010-09-16,3.6301
2010-09-20,3.6082
2010-09-21,3.6074
2010-09-22,3.6178
2010-09-24,3.5776
2010-09-27,3.5937
2010-09-28,3.568
2010-09-29,3.5636
2010-10-01,3.5435
2010-10-04,3.552
2010-10-05,3.5424
2010-10-06,3.5516
2010-10-07,3.5584
2010-10-08,3.5415
2010-10-11,3.5558
2010-10-12,3.5686
2010-10-13,3.5806
2010-10-14,3.583
2010-10-15,3.5444
2010-10-18,3.5135
2010-10-19,3.4989
2010-10-20,3.5155
2010-10-21,3.5448
2010-10-22,3.5362
2010-10-25,3.5293
2010-10-26,3.55
2010-10-27,3.5368
2010-10-28,3.5533
2010-10-29,3.5523
2010-11-01,3.5611
2010-11-02,3.5792
2010-11-03,3.5852
2010-11-04,3.5745
2010-11-05,3.5652
2010-11-08,3.6027
2010-11-09,3.6211
2010-11-10,3.6306
2010-11-11,3.6487
2010-11-12,3.633
2010-11-15,3.6315
2010-11-16,3.6205
2010-11-17,3.6068
2010-11-18,3.5886
2010-11-19,3.5796
2010-11-22,3.5654
2010-11-23,3.58
2010-11-24,3.5875
2010-11-25,3.6143
2010-11-26,3.6102
2010-11-29,3.6026
2010-11-30,3.6021
2010-12-01,3.5933
2010-12-02,3.6041
2010-12-03,3.6241
2010-12-06,3.6138
2010-12-07,3.6172
2010-12-08,3.6017
2010-12-09,3.5878
2010-12-10,3.58
2010-12-13,3.5861
2010-12-14,3.5692
2010-12-15,3.5633
2010-12-16,3.5824
2010-12-17,3.565
2010-12-20,3.5678
2010-12-21,3.53
2010-12-22,3.5388
2010-12-23,3.5429
2010-12-24,3.563
2010-12-27,3.5569
2010-12-28,3.5691
2010-12-29,3.5732
2010-12-30,3.5588
2010-12-31,3.5547
2011-01-03,3.5701
2011-01-04,3.553
2011-01-05,3.5351
2011-01-06,3.5813
2011-01-07,3.5767
2011-01-10,3.5899
2011-01-11,3.5825
2011-01-12,3.5793
2011-01-13,3.6079
2011-01-14,3.5759
2011-01-17,3.5898
2011-01-18,3.5855
2011-01-19,3.5793
2011-01-20,3.6015
2011-01-21,3.6413
2011-01-24,3.637
2011-01-25,3.622
2011-01-26,3.6175
2011-01-27,3.6685
2011-01-28,3.6944
2011-01-31,3.7132
2011-02-01,3.6986
2011-02-02,3.7166
2011-02-03,3.7287
2011-02-04,3.7496
2011-02-07,3.7186
2011-02-08,3.7172
2011-02-09,3.6858
2011-02-10,3.6974
2011-02-11,3.703
2011-02-14,3.7091
2011-02-15,3.7031
2011-02-16,3.6604
2011-02-17,3.6727
2011-02-18,3.6839
2011-02-21,3.6621
2011-02-22,3.6819
2011-02-23,3.674
2011-02-24,3.719
2011-02-25,3.7207
2011-02-28,3.7014
2011-03-01,3.7341
2011-03-02,3.7316
2011-03-03,3.7146
2011-03-04,3.7089
2011-03-07,3.7064
2011-03-08,3.6855
2011-03-09,3.6853
2011-03-10,3.6743
2011-03-11,3.6785
2011-03-14,3.6469
2011-03-15,3.5889
2011-03-16,3.6222
2011-03-17,3.614
2011-03-18,3.6195
2011-03-22,3.599
2011-03-23,3.6045
2011-03-24,3.6261
2011-03-25,3.6465
2011-03-28,3.6182
2011-03-29,3.6084
2011-03-30,3.6192
2011-03-31,3.5942
2011-04-01,3.5854
2011-04-04,3.5912
2011-04-05,3.5878
2011-04-06,3.6094
2011-04-07,3.5972
2011-04-08,3.6049
2011-04-11,3.5997
2011-04-12,3.5948
2011-04-13,3.5597
2011-04-14,3.5536
2011-04-15,3.5491
2011-04-20,3.5942
2011-04-21,3.5929
2011-04-26,3.5787
2011-04-27,3.5919
2011-04-28,3.5953
2011-04-29,3.5654
2011-05-02,3.5575
2011-05-03,3.5612
2011-05-04,3.5574
2011-05-05,3.528
2011-05-06,3.561
2011-05-09,3.5768
2011-05-11,3.6388
2011-05-12,3.6283
2011-05-13,3.6228
2011-05-16,3.6267
2011-05-17,3.6208
2011-05-18,3.6226
2011-05-19,3.6125
2011-05-20,3.6
2011-05-23,3.5925
2011-05-24,3.5765
2011-05-25,3.5748
2011-05-26,3.5483
2011-05-27,3.5545
2011-05-31,3.5366
2011-06-01,3.5356
2011-06-02,3.4867
2011-06-03,3.4646
2011-06-06,3.448
2011-06-07,3.448
2011-06-09,3.4505
2011-06-10,3.4832
2011-06-13,3.515
2011-06-14,3.4824
2011-06-15,3.5306
2011-06-16,3.5271
2011-06-17,3.514
2011-06-20,3.5211
2011-06-21,3.4989
2011-06-22,3.5094
2011-06-23,3.5421
2011-06-24,3.5124
2011-06-27,3.4956
2011-06-28,3.509
2011-06-29,3.5222
2011-06-30,3.5334
2011-07-01,3.5283
2011-07-04,3.5315
2011-07-05,3.5468
2011-07-06,3.5433
2011-07-07,3.5326
2011-07-08,3.544
2011-07-11,3.5459
2011-07-12,3.5628
2011-07-13,3.5752
2011-07-14,3.5773
2011-07-15,3.5825
2011-07-18,3.5998
2011-07-19,3.6018
2011-07-20,3.6119
2011-07-21,3.6176
2011-07-22,3.5927
2011-07-25,3.5972
2011-07-26,3.6063
2011-07-27,3.6078
2011-07-28,3.6157
2011-07-29,3.6048
2011-08-01,3.5869
2011-08-02,3.5972
2011-08-03,3.6174
2011-08-04,3.584
2011-08-05,3.5966
2011-08-08,3.6032
2011-08-10,3.5825
2011-08-11,3.5745
2011-08-12,3.5887
2011-08-15,3.5658
2011-08-16,3.5882
2011-08-17,3.5888
2011-08-18,3.6073
2011-08-19,3.6257
2011-08-22,3.6364
2011-08-23,3.6229
2011-08-24,3.6513
2011-08-25,3.6595
2011-08-26,3.6766
2011-08-29,3.6918
2011-08-30,3.6443
2011-08-31,3.6375
2011-09-01,3.6555
2011-09-02,3.6642
2011-09-05,3.6732
2011-09-06,3.7008
2011-09-07,3.7246
2011-09-08,3.742
2011-09-09,3.7376
2011-09-12,3.7274
2011-09-13,3.7425
2011-09-14,3.7528
2011-09-15,3.7274
2011-09-16,3.7108
2011-09-19,3.7683
2011-09-20,3.7179
2011-09-21,3.7055
2011-09-22,3.5986
2011-09-23,3.6146
2011-09-26,3.6228
2011-09-27,3.6417
2011-10-03,3.5811
2011-10-04,3.5689
2011-10-05,3.5484
2011-10-06,3.5648
2011-10-10,3.5742
2011-10-11,3.5809
2011-10-12,3.5994
2011-10-14,3.5986
2011-10-17,3.6085
2011-10-18,3.5628
2011-10-19,3.5982
2011-10-21,3.5838
2011-10-24,3.6187
2011-10-25,3.6397
2011-10-26,3.6017
2011-10-27,3.6417
2011-10-28,3.6391
2011-10-31,3.6121
2011-11-01,3.609
2011-11-02,3.5953
2011-11-03,3.6215
2011-11-04,3.6173
2011-11-07,3.6192
2011-11-08,3.6265
2011-11-09,3.6378
2011-11-10,3.6372
2011-11-11,3.6507
2011-11-14,3.6577
2011-11-15,3.6396
2011-11-16,3.6328
2011-11-17,3.6316
2011-11-18,3.6285
2011-11-21,3.6145
2011-11-22,3.5969
2011-11-23,3.6063
2011-11-24,3.6144
2011-11-25,3.6112
2011-11-28,3.6791
2011-11-29,3.6771
2011-11-30,3.6927
2011-12-01,3.6685
2011-12-02,3.6867
2011-12-05,3.6692
2011-12-06,3.6783
2011-12-07,3.7046
2011-12-08,3.7056
2011-12-09,3.6812
2011-12-12,3.6699
2011-12-13,3.6764
2011-12-14,3.6724
2011-12-15,3.6644
2011-12-16,3.6769
2011-12-19,3.6654
2011-12-20,3.6636
2011-12-21,3.674
2011-12-22,3.6946
2011-12-23,3.7101
2011-12-27,3.7019
2011-12-28,3.7377
2011-12-29,3.729
2011-12-30,3.7395
2012-01-03,3.7703
2012-01-04,3.7958
2012-01-05,3.7803
2012-01-06,3.7741
2012-01-09,3.7317
2012-01-10,3.765
2012-01-11,3.7837
2012-01-12,3.7737
2012-01-13,3.7641
2012-01-16,3.7772
2012-01-17,3.7848
2012-01-18,3.7639
2012-01-19,3.7538
2012-01-20,3.7326
2012-01-23,3.7419
2012-01-24,3.7436
2012-01-25,3.7371
2012-01-26,3.7578
2012-01-27,3.7612
2012-01-30,3.7469
2012-01-31,3.7442
2012-02-01,3.7392
2012-02-02,3.7298
2012-02-03,3.72
2012-02-06,3.7265
2012-02-07,3.7402
2012-02-08,3.7206
2012-02-09,3.7343
2012-02-10,3.7227
2012-02-13,3.723
2012-02-14,3.7416
2012-02-15,3.7543
2012-02-16,3.7564
2012-02-17,3.7658
2012-02-20,3.7569
2012-02-21,3.7479
2012-02-22,3.7606
2012-02-23,3.7648
2012-02-24,3.7658
2012-02-27,3.7894
2012-02-28,3.8008
2012-02-29,3.8119
2012-03-01,3.8387
2012-03-02,3.8388
2012-03-05,3.8262
2012-03-06,3.8163
2012-03-07,3.8048
2012-03-12,3.8194
2012-03-13,3.8102
2012-03-14,3.82
2012-03-15,3.8105
2012-03-16,3.7938
2012-03-19,3.7933
2012-03-20,3.784
2012-03-21,3.782
2012-03-22,3.7705
2012-03-23,3.7378
2012-03-26,3.746
2012-03-27,3.7453
2012-03-28,3.7369
2012-03-29,3.7325
2012-03-30,3.7245
2012-04-02,3.7297
2012-04-03,3.7538
2012-04-04,3.7627
2012-04-05,3.7524
2012-04-10,3.7509
2012-04-11,3.7498
2012-04-12,3.7572
2012-04-16,3.7608
2012-04-17,3.7659
2012-04-18,3.8067
2012-04-19,3.8044
2012-04-20,3.7732
2012-04-23,3.7729
2012-04-24,3.799
2012-04-25,3.8021
2012-04-27,3.8177
2012-04-30,3.8209
2012-05-01,3.8155
2012-05-02,3.8386
2012-05-03,3.8428
2012-05-04,3.8225
2012-05-07,3.8183
2012-05-08,3.8104
2012-05-09,3.7998
2012-05-10,3.8138
2012-05-11,3.8044
2012-05-14,3.8149
2012-05-15,3.8232
2012-05-16,3.7982
2012-05-17,3.7731
2012-05-18,3.7662
2012-05-21,3.7497
2012-05-22,3.7528
2012-05-23,3.7748
2012-05-24,3.7532
2012-05-25,3.7548
2012-05-28,3.7682
2012-05-29,3.784
2012-05-30,3.7809
2012-05-31,3.776
2012-06-01,3.7671
2012-06-04,3.746
2012-06-05,3.739
2012-06-06,3.7655
2012-06-07,3.7752
2012-06-08,3.7523
2012-06-11,3.7695
2012-06-12,3.7817
2012-06-13,3.7821
2012-06-14,3.7822
2012-06-15,3.7785
2012-06-18,3.764
2012-06-19,3.7769
2012-06-20,3.8027
2012-06-21,3.808
2012-06-22,3.7944
2012-06-25,3.8044
2012-06-26,3.8356
2012-06-27,3.8495
2012-06-28,3.8376
2012-06-29,3.8253
2012-07-02,3.8554
2012-07-03,3.8653
2012-07-04,3.8663
2012-07-05,3.8714
2012-07-06,3.8721
2012-07-09,3.8832
2012-07-10,3.8885
2012-07-11,3.888
2012-07-12,3.8883
2012-07-13,3.9036
2012-07-16,3.9242
2012-07-17,3.9228
2012-07-18,3.9545
2012-07-19,4.0022
2012-07-20,3.9666
2012-07-23,3.9729
2012-07-24,3.99
2012-07-25,3.9898
2012-07-26,4.0368
2012-07-27,4.0479
2012-07-30,4.0198
2012-07-31,3.9895
2012-08-01,3.9681
2012-08-02,3.965
2012-08-03,3.9941
2012-08-06,3.9737
2012-08-07,4.0058
2012-08-08,4.0095
2012-08-09,4.0122
2012-08-10,4.032
2012-08-13,4.0779
2012-08-14,4.0629
2012-08-15,4.0634
2012-08-16,4.0879
2012-08-17,4.0773
2012-08-20,4.0779
2012-08-21,4.0835
2012-08-22,4.0614
2012-08-23,4.0392
2012-08-24,4.0481
2012-08-27,4.0661
2012-08-28,4.0628
2012-08-29,4.073
2012-08-30,4.0774
2012-08-31,4.0615
2012-09-03,4.0792
2012-09-04,4.0793
2012-09-05,4.0776
2012-09-06,4.0738
2012-09-07,4.076
2012-09-10,4.0737
2012-09-11,4.0669
2012-09-12,4.0545
2012-09-13,4.0647
2012-09-14,4.056
2012-09-19,4.0124
2012-09-20,4.0028
2012-09-21,3.989
2012-09-24,3.991
2012-09-27,3.9876
2012-09-28,3.9953
2012-10-02,3.9601
2012-10-03,3.9335
2012-10-04,3.9329
2012-10-05,3.9323
2012-10-09,3.9594
2012-10-10,3.9529
2012-10-11,3.9391
2012-10-12,3.926
2012-10-15,3.9033
2012-10-16,3.871
2012-10-17,3.8533
2012-10-18,3.8928
2012-10-19,3.873
2012-10-22,3.8382
2012-10-23,3.8443
2012-10-24,3.8951
2012-10-25,3.889
2012-10-26,3.8891
2012-10-29,3.8893
2012-10-30,3.8939
2012-10-31,3.8869
2012-11-01,3.872
2012-11-02,3.8948
2012-11-05,3.9177
2012-11-06,3.9193
2012-11-07,3.9186
2012-11-08,3.918
2012-11-09,3.8956
2012-11-12,3.9317
2012-11-13,3.9199
2012-11-14,3.9139
2012-11-15,3.9435
2012-11-16,3.9523
2012-11-19,3.945
2012-11-20,3.9389
2012-11-21,3.93
2012-11-22,3.882
2012-11-23,3.8851
2012-11-26,3.8928
2012-11-27,3.8871
2012-11-28,3.885
2012-11-29,3.8623
2012-11-30,3.8367
2012-12-03,3.8349
2012-12-04,3.8378
2012-12-05,3.8369
2012-12-06,3.8454
2012-12-07,3.8655
2012-12-10,3.8793
2012-12-11,3.8547
2012-12-12,3.8343
2012-12-13,3.846
2012-12-14,3.8607
2012-12-17,3.8241
2012-12-18,3.8282
2012-12-19,3.8069
2012-12-20,3.7887
2012-12-21,3.7835
2012-12-24,3.7727
2012-12-26,3.7714
2012-12-27,3.7586
2012-12-28,3.7468
2012-12-31,3.7496
2013-01-02,3.7694
2013-01-03,3.7885
2013-01-04,3.8115
2013-01-07,3.8407
2013-01-08,3.823
2013-01-09,3.831
2013-01-10,3.8314
2013-01-11,3.8047
2013-01-14,3.7926
2013-01-15,3.7885
2013-01-16,3.783
2013-01-17,3.7713
2013-01-18,3.7617
2013-01-21,3.7638
2013-01-23,3.7542
2013-01-24,3.7164
2013-01-25,3.7026
2013-01-28,3.6971
2013-01-29,3.7064
2013-01-30,3.7157
2013-01-31,3.7187
2013-02-01,3.6911
2013-02-04,3.7014
2013-02-05,3.7
2013-02-06,3.7046
2013-02-07,3.7105
2013-02-08,3.7008
2013-02-11,3.6748
2013-02-12,3.6714
2013-02-13,3.6751
2013-02-14,3.676
2013-02-15,3.6776
2013-02-18,3.655
2013-02-19,3.6401
2013-02-20,3.611
2013-02-21,3.6044
2013-02-22,3.6404
2013-02-26,3.6375
2013-02-27,3.6323
2013-02-28,3.6204
2013-03-01,3.6156
2013-03-04,3.6295
2013-03-05,3.6334
2013-03-06,3.6204
2013-03-07,3.6112
2013-03-08,3.5849
2013-03-11,3.5899
2013-03-12,3.5812
2013-03-13,3.6013
2013-03-14,3.6065
2013-03-15,3.6042
2013-03-18,3.6147
2013-03-19,3.5919
2013-03-20,3.5892
2013-03-21,3.5974
2013-03-22,3.5762
2013-03-27,3.5759
2013-03-28,3.5894
2013-04-02,3.574
2013-04-03,3.5686
2013-04-04,3.5774
2013-04-05,3.577
2013-04-08,3.5602
2013-04-09,3.5737
2013-04-10,3.5793
2013-04-11,3.5924
2013-04-12,3.587
2013-04-15,3.5522
2013-04-17,3.5354
2013-04-18,3.5398
2013-04-19,3.5442
2013-04-22,3.5384
2013-04-23,3.5275
2013-04-24,3.5284
2013-04-25,3.5263
2013-04-26,3.5327
2013-04-29,3.5407
2013-04-30,3.5556
2013-05-01,3.5658
2013-05-02,3.5487
2013-05-03,3.526
2013-05-06,3.5414
2013-05-07,3.5438
2013-05-08,3.5472
2013-05-09,3.5433
2013-05-10,3.525
2013-05-13,3.5323
2013-05-14,3.5984
2013-05-16,3.5784
2013-05-17,3.5565
2013-05-20,3.5604
2013-05-21,3.5769
2013-05-22,3.5621
2013-05-23,3.5801
2013-05-24,3.5743
2013-05-28,3.5864
2013-05-29,3.5605
2013-05-30,3.5566
2013-05-31,3.5693
2013-06-03,3.5623
2013-06-04,3.562
2013-06-05,3.5469
2013-06-06,3.5355
2013-06-07,3.5334
2013-06-10,3.5647
2013-06-11,3.5578
2013-06-12,3.5683
2013-06-13,3.5578
2013-06-14,3.5405
2013-06-17,3.5466
2013-06-18,3.5218
2013-06-19,3.5208
2013-06-20,3.5054
2013-06-21,3.4967
2013-06-24,3.4576
2013-06-25,3.4426
2013-06-26,3.4507
2013-06-27,3.4883
2013-06-28,3.4517
2013-07-01,3.4588
2013-07-02,3.4481
2013-07-03,3.4617
2013-07-04,3.4515
2013-07-05,3.4609
2013-07-08,3.4674
2013-07-09,3.4618
2013-07-10,3.4673
2013-07-11,3.4726
2013-07-12,3.4818
2013-07-15,3.4535
2013-07-17,3.4427
2013-07-18,3.4568
2013-07-19,3.452
2013-07-22,3.4535
2013-07-23,3.4534
2013-07-24,3.4822
2013-07-25,3.4922
2013-07-26,3.4822
2013-07-29,3.4988
2013-07-30,3.4745
2013-07-31,3.4607
2013-08-01,3.4559
2013-08-02,3.4461
2013-08-05,3.4288
2013-08-06,3.4225
2013-08-07,3.4123
2013-08-08,3.3995
2013-08-09,3.4234
2013-08-12,3.44
2013-08-13,3.4379
2013-08-14,3.4544
2013-08-15,3.463
2013-08-16,3.453
2013-08-19,3.4563
2013-08-20,3.4401
2013-08-21,3.4217
2013-08-22,3.4187
2013-08-23,3.4016
2013-08-26,3.4258
2013-08-27,3.4731
2013-08-28,3.4921
2013-08-29,3.4565
2013-08-30,3.4333
2013-09-02,3.4347
2013-09-03,3.4484
2013-09-09,3.4896
2013-09-10,3.4801
2013-09-11,3.4487
2013-09-12,3.4521
2013-09-16,3.4293
2013-09-17,3.4282
2013-09-18,3.4361
2013-09-20,3.4122
2013-09-23,3.4147
2013-09-24,3.4298
2013-09-25,3.4504
2013-09-27,3.4604
2013-09-30,3.4316
2013-10-01,3.4288
2013-10-02,3.418
2013-10-03,3.4224
2013-10-04,3.4321
2013-10-07,3.4313
2013-10-08,3.4529
2013-10-09,3.4372
2013-10-10,3.4258
2013-10-11,3.415
2013-10-14,3.4199
2013-10-15,3.4235
2013-10-16,3.4273
2013-10-17,3.4316
2013-10-18,3.434
2013-10-21,3.4357
2013-10-22,3.428
2013-10-23,3.412
2013-10-24,3.3946
2013-10-25,3.3805
2013-10-28,3.3789
2013-10-29,3.3778
2013-10-30,3.3664
2013-10-31,3.3695
2013-11-01,3.3845
2013-11-04,3.3948
2013-11-05,3.3878
2013-11-06,3.38
2013-11-07,3.3971
2013-11-08,3.3786
2013-11-11,3.3756
2013-11-12,3.3662
2013-11-13,3.3678
2013-11-14,3.3649
2013-11-15,3.3582
2013-11-18,3.3808
2013-11-19,3.3729
2013-11-20,3.3885
2013-11-21,3.4119
2013-11-22,3.3756
2013-11-25,3.3739
2013-11-26,3.3622
2013-11-27,3.3484
2013-11-28,3.3411
2013-11-29,3.3272
2013-12-02,3.3189
2013-12-03,3.3093
2013-12-04,3.3042
2013-12-05,3.3066
2013-12-06,3.3004
2013-12-09,3.2847
2013-12-10,3.2861
2013-12-11,3.3067
2013-12-12,3.3168
2013-12-13,3.2912
2013-12-16,3.3104
2013-12-17,3.3194
2013-12-18,3.2954
2013-12-19,3.2772
2013-12-20,3.2934
2013-12-23,3.3074
2013-12-24,3.285
2013-12-26,3.2849
2013-12-27,3.2807
2013-12-30,3.248
2013-12-31,3.2642
2014-01-02,3.2726
2014-01-03,3.2936
2014-01-06,3.2939
2014-01-07,3.2724
2014-01-08,3.2449
2014-01-09,3.2267
2014-01-10,3.2242
2014-01-13,3.1927
2014-01-14,3.2026
2014-01-15,3.1759
2014-01-16,3.1957
2014-01-17,3.1901
2014-01-20,3.1898
2014-01-21,3.1778
2014-01-22,3.1845
2014-01-23,3.1318
2014-01-24,3.1292
2014-01-27,3.155
2014-01-28,3.1429
2014-01-29,3.13
2014-01-30,3.1225
2014-01-31,3.1273
2014-02-03,3.1792
2014-02-04,3.1796
2014-02-05,3.1993
2014-02-06,3.2074
2014-02-07,3.1926
2014-02-10,3.1915
2014-02-11,3.1817
2014-02-12,3.2037
2014-02-13,3.1941
2014-02-14,3.197
2014-02-17,3.1989
2014-02-18,3.2043
2014-02-19,3.2078
2014-02-20,3.1739
2014-02-21,3.1496
2014-02-24,3.1552
2014-02-25,3.1757
2014-02-26,3.1744
2014-02-27,3.1605
2014-02-28,3.1413
2014-03-03,3.1445
2014-03-04,3.1525
2014-03-05,3.151
2014-03-06,3.1517
2014-03-07,3.1483
2014-03-10,3.1313
2014-03-11,3.1278
2014-03-12,3.1203
2014-03-13,3.1293
2014-03-14,3.1311
2014-03-18,3.1308
2014-03-19,3.0987
2014-03-20,3.0919
2014-03-21,3.0973
2014-03-24,3.108
2014-03-25,3.1153
2014-03-26,3.1315
2014-03-27,3.1587
2014-03-28,3.1796
2014-03-31,3.1583
2014-04-01,3.1418
2014-04-02,3.153
2014-04-03,3.1512
2014-04-04,3.1546
2014-04-07,3.1734
2014-04-08,3.1853
2014-04-09,3.1856
2014-04-10,3.1829
2014-04-11,3.166
2014-04-16,3.1588
2014-04-17,3.1567
2014-04-22,3.1629
2014-04-23,3.1633
2014-04-24,3.154
2014-04-25,3.1441
2014-04-28,3.161
2014-04-29,3.1601
2014-04-30,3.1621
2014-05-01,3.1463
2014-05-02,3.1535
2014-05-05,3.1537
2014-05-07,3.1685
2014-05-08,3.1718
2014-05-09,3.1894
2014-05-12,3.1735
2014-05-13,3.1725
2014-05-14,3.1713
2014-05-15,3.1776
2014-05-16,3.1815
2014-05-19,3.1801
2014-05-20,3.183
2014-05-21,3.1965
2014-05-22,3.1959
2014-05-23,3.2014
2014-05-27,3.2081
2014-05-28,3.2102
2014-05-29,3.2003
2014-05-30,3.2083
2014-06-02,3.1992
2014-06-03,3.1881
2014-06-05,3.1738
2014-06-06,3.1737
2014-06-09,3.1689
2014-06-10,3.1722
2014-06-11,3.1794
2014-06-12,3.187
2014-06-13,3.1821
2014-06-16,3.1828
2014-06-17,3.1785
2014-06-18,3.1813
2014-06-19,3.1818
2014-06-20,3.1821
2014-06-23,3.2166
2014-06-24,3.2006
2014-06-25,3.2031
2014-06-26,3.2051
2014-06-27,3.2114
2014-06-30,3.218
2014-07-01,3.2123
2014-07-02,3.2244
2014-07-03,3.2167
2014-07-04,3.2111
2014-07-07,3.2152
2014-07-08,3.2116
2014-07-09,3.2199
2014-07-10,3.2157
2014-07-11,3.2226
2014-07-14,3.1908
2014-07-15,3.1711
2014-07-16,3.1644
2014-07-17,3.174
2014-07-18,3.1813
2014-07-21,3.1836
2014-07-22,3.1804
2014-07-23,3.1803
2014-07-24,3.1719
2014-07-25,3.1846
2014-07-28,3.168
2014-07-29,3.1692
2014-07-30,3.156
2014-07-31,3.1427
2014-08-01,3.1251
2014-08-04,3.1298
2014-08-06,3.1224
2014-08-07,3.1574
2014-08-08,3.1813
2014-08-11,3.1673
2014-08-12,3.1818
2014-08-13,3.1977
2014-08-14,3.1849
2014-08-15,3.1813
2014-08-18,3.2205
2014-08-19,3.2315
2014-08-20,3.2263
2014-08-21,3.223
2014-08-22,3.2158
2014-08-25,3.2354
2014-08-26,3.2574
2014-08-27,3.2788
2014-08-28,3.2812
2014-08-29,3.2868
2014-09-01,3.2962
2014-09-02,3.2792
2014-09-03,3.2821
2014-09-04,3.2936
2014-09-05,3.3123
2014-09-08,3.3016
2014-09-09,3.2853
2014-09-10,3.2937
2014-09-11,3.2976
2014-09-12,3.2934
2014-09-15,3.2722
2014-09-16,3.2974
2014-09-17,3.3263
2014-09-18,3.3231
2014-09-19,3.3247
2014-09-22,3.3304
2014-09-23,3.3289
2014-09-29,3.304
2014-09-30,3.303
2014-10-01,3.2762
2014-10-02,3.2777
2014-10-06,3.2691
2014-10-07,3.3195
2014-10-08,3.3464
2014-10-10,3.3225
2014-10-13,3.3316
2014-10-14,3.3292
2014-10-15,3.2799
2014-10-17,3.3004
2014-10-20,3.3283
2014-10-21,3.3158
2014-10-22,3.334
2014-10-23,3.35
2014-10-24,3.379
2014-10-27,3.3696
2014-10-28,3.3539
2014-10-29,3.3667
2014-10-30,3.373
2014-10-31,3.3757
2014-11-03,3.3573
2014-11-04,3.332
2014-11-05,3.3223
2014-11-06,3.3203
2014-11-07,3.3293
2014-11-10,3.3454
2014-11-11,3.3498
2014-11-12,3.3757
2014-11-13,3.3681
2014-11-14,3.3551
2014-11-17,3.3822
2014-11-18,3.402
2014-11-19,3.3849
2014-11-20,3.3943
2014-11-21,3.3894
2014-11-24,3.4346
2014-11-25,3.4277
2014-11-26,3.4366
2014-11-27,3.446
2014-11-28,3.4147
2014-12-01,3.4312
2014-12-02,3.4833
2014-12-03,3.507
2014-12-04,3.5071
2014-12-05,3.4725
2014-12-08,3.4902
2014-12-09,3.4362
2014-12-10,3.4441
2014-12-11,3.4123
2014-12-12,3.3823
2014-12-15,3.3826
2014-12-16,3.376
2014-12-17,3.3688
2014-12-18,3.3995
2014-12-19,3.3889
2014-12-22,3.3773
2014-12-23,3.3689
2014-12-24,3.3702
2014-12-29,3.3768
2014-12-30,3.3617
2014-12-31,3.3586
2015-01-02,3.3618
2015-01-05,3.3597
2015-01-06,3.3725
2015-01-07,3.3498
2015-01-08,3.3666
2015-01-09,3.3442
2015-01-12,3.3258
2015-01-13,3.2969
2015-01-14,3.2876
2015-01-15,3.2917
2015-01-16,3.2636
2015-01-19,3.2826
2015-01-20,3.2786
2015-01-21,3.2571
2015-01-22,3.1919
2015-01-23,3.1937
2015-01-26,3.2089
2015-01-27,3.1983
2015-01-28,3.1731
2015-01-29,3.1269
2015-01-30,3.1
2015-02-02,3.1107
2015-02-03,3.1285
2015-02-04,3.1313
2015-02-05,3.0967
2015-02-06,3.1054
2015-02-09,3.1043
2015-02-10,3.1071
2015-02-11,3.0596
2015-02-12,3.1005
2015-02-13,3.1041
2015-02-16,3.128
2015-02-17,3.1206
2015-02-18,3.0944
2015-02-19,3.077
2015-02-20,3.0997
2015-02-23,3.0573
2015-02-24,3.1303
2015-02-25,3.1697
2015-02-26,3.1598
2015-02-27,3.1752
2015-03-02,3.1897
2015-03-03,3.1831
2015-03-04,3.1829
2015-03-09,3.1927
2015-03-10,3.1943
2015-03-11,3.1917
2015-03-12,3.175
2015-03-13,3.1558
2015-03-16,3.1404
2015-03-18,3.1402
2015-03-19,3.1506
2015-03-20,3.1942
2015-03-23,3.1986
2015-03-24,3.1458
2015-03-25,3.1576
2015-03-26,3.1743
2015-03-27,3.179
2015-03-30,3.1405
2015-03-31,3.1158
2015-04-01,3.135
2015-04-02,3.1339
2015-04-07,3.1528
2015-04-08,3.1608
2015-04-09,3.1356
2015-04-13,3.1752
2015-04-14,3.1683
2015-04-15,3.1753
2015-04-16,3.2028
2015-04-17,3.2289
2015-04-20,3.2145
2015-04-21,3.2231
2015-04-22,3.2286
2015-04-24,3.2351
2015-04-27,3.2341
2015-04-28,3.226
2015-04-29,3.2116
2015-04-30,3.2059
2015-05-01,3.1915
2015-05-04,3.2081
2015-05-05,3.2073
2015-05-06,3.2128
2015-05-07,3.1991
2015-05-08,3.1968
2015-05-11,3.1939
2015-05-12,3.2093
2015-05-13,3.2182
2015-05-14,3.1974
2015-05-15,3.1852
2015-05-18,3.169
2015-05-19,3.1619
2015-05-20,3.1735
2015-05-21,3.1602
2015-05-22,3.1767
2015-05-26,3.1359
2015-05-27,3.112
2015-05-28,3.1071
2015-05-29,3.1148
2015-06-01,3.1025
2015-06-02,3.0833
2015-06-03,3.1051
2015-06-04,3.0812
2015-06-05,3.0674
2015-06-08,3.1097
2015-06-09,3.0923
2015-06-10,3.1238
2015-06-11,3.1118
2015-06-12,3.1195
2015-06-15,3.1094
2015-06-16,3.1077
2015-06-17,3.1215
2015-06-18,3.1355
2015-06-19,3.1365
2015-06-22,3.1341
2015-06-23,3.0615
2015-06-24,3.0578
2015-06-25,3.0434
2015-06-26,3.0697
2015-06-29,3.0722
2015-06-30,3.0433
2015-07-01,3.0163
2015-07-02,2.995
2015-07-03,3.0025
2015-07-06,2.9897
2015-07-07,2.9733
2015-07-08,2.9841
2015-07-09,2.9834
2015-07-10,2.9751
2015-07-13,2.9694
2015-07-14,2.9506
2015-07-15,2.9555
2015-07-16,2.9273
2015-07-17,2.9211
2015-07-20,2.9427
2015-07-21,2.9309
2015-07-22,2.9352
2015-07-23,2.9431
2015-07-24,2.9351
2015-07-27,2.922
2015-07-28,2.8994
2015-07-29,2.9244
2015-07-30,2.9144
2015-07-31,2.9041
2015-08-03,2.8651
2015-08-04,2.8783
2015-08-05,2.886
2015-08-06,2.896
2015-08-07,2.9042
2015-08-10,2.8973
2015-08-11,2.9244
2015-08-12,2.9344
2015-08-13,2.9267
2015-08-14,2.896
2015-08-17,2.8992
2015-08-18,2.9233
2015-08-19,2.9668
2015-08-20,2.9569
2015-08-21,2.9593
2015-08-24,2.9259
2015-08-25,2.9357
2015-08-26,2.9543
2015-08-27,2.973
2015-08-28,2.9731
2015-08-31,2.9656
2015-09-01,2.9734
2015-09-02,2.9617
2015-09-03,2.9639
2015-09-04,2.9707
2015-09-07,2.9589
2015-09-08,2.9611
2015-09-09,2.9328
2015-09-10,2.9483
2015-09-11,2.9141
2015-09-16,2.936
2015-09-17,2.9366
2015-09-18,2.9528
2015-09-21,2.9755
2015-09-24,2.9461
2015-09-25,2.9603
2015-09-29,2.9359
2015-09-30,2.9267
2015-10-01,2.9493
2015-10-02,2.9634
2015-10-06,2.955
2015-10-07,2.9592
2015-10-08,2.9547
2015-10-09,2.9663
2015-10-12,2.9654
2015-10-13,2.9623
2015-10-14,2.9648
2015-10-15,2.9614
2015-10-16,2.9592
2015-10-19,2.9746
2015-10-20,2.9671
2015-10-21,2.9696
2015-10-22,2.9374
2015-10-23,2.9704
2015-10-26,2.9641
2015-10-27,2.9327
2015-10-28,2.9306
2015-10-29,2.938
2015-10-30,2.9394
2015-11-02,2.9529
2015-11-03,2.9587
2015-11-04,2.9673
2015-11-05,2.9523
2015-11-06,2.9513
2015-11-09,2.9478
2015-11-10,2.9565
2015-11-11,2.9474
2015-11-12,2.9203
2015-11-13,2.9229
2015-11-16,2.9239
2015-11-17,2.9305
2015-11-18,2.9283
2015-11-19,2.9301
2015-11-20,2.9159
2015-11-23,2.8999
2015-11-24,2.9008
2015-11-25,2.9124
2015-11-26,2.9167
2015-11-27,2.9206
2015-11-30,2.8978
2015-12-01,2.9107
2015-12-02,2.9
2015-12-03,2.9183
2015-12-04,2.8895
2015-12-07,2.8637
2015-12-08,2.8609
2015-12-09,2.8634
2015-12-10,2.8553
2015-12-11,2.8273
2015-12-14,2.8064
2015-12-15,2.8153
2015-12-16,2.8197
2015-12-17,2.8182
2015-12-18,2.799
2015-12-21,2.7939
2015-12-22,2.8041
2015-12-23,2.8002
2015-12-24,2.8083
2015-12-28,2.7981
2015-12-29,2.7875
2015-12-30,2.8095
2015-12-31,2.8141
2016-01-04,2.8105
2016-01-05,2.8215
2016-01-06,2.7981
2016-01-07,2.7831
2016-01-08,2.7801
2016-01-11,2.7842
2016-01-12,2.776
2016-01-13,2.7735
2016-01-14,2.7418
2016-01-15,2.7155
2016-01-18,2.7272
2016-01-19,2.7372
2016-01-20,2.7194
2016-01-21,2.7433
2016-01-22,2.7899
2016-01-25,2.806
2016-01-26,2.7898
2016-01-27,2.8247
2016-01-28,2.8093
2016-01-29,2.8179
2016-02-01,2.8174
2016-02-02,2.8266
2016-02-03,2.8452
2016-02-04,2.8599
2016-02-05,2.8318
2016-02-08,2.7886
2016-02-09,2.7921
2016-02-10,2.7981
2016-02-11,2.7869
2016-02-12,2.7898
2016-02-15,2.8134
2016-02-16,2.8365
2016-02-17,2.8232
2016-02-18,2.8558
2016-02-19,2.8435
2016-02-22,2.8393
2016-02-23,2.8479
2016-02-24,2.8359
2016-02-25,2.86
2016-02-26,2.8874
2016-02-29,2.8834
2016-03-01,2.8882
2016-03-02,2.8875
2016-03-03,2.8947
2016-03-04,2.8997
2016-03-07,2.9283
2016-03-08,2.9343
2016-03-09,2.9151
2016-03-10,2.9413
2016-03-11,2.9202
2016-03-14,2.9263
2016-03-15,2.9137
2016-03-16,2.9137
2016-03-17,2.9593
2016-03-18,2.9645
2016-03-21,2.9515
2016-03-22,2.942
2016-03-23,2.9352
2016-03-28,2.8961
2016-03-29,2.9056
2016-03-30,2.9075
2016-03-31,2.9128
2016-04-01,2.9067
2016-04-04,2.8994
2016-04-05,2.8865
2016-04-06,2.9036
2016-04-07,2.8916
2016-04-08,2.8924
2016-04-11,2.9134
2016-04-12,2.9257
2016-04-13,2.9451
2016-04-14,2.9518
2016-04-15,2.9463
2016-04-18,2.9274
2016-04-19,2.9598
2016-04-20,2.967
2016-04-21,2.9715
2016-04-25,2.9731
2016-04-26,2.9781
2016-04-27,2.9868
2016-04-28,2.9995
2016-05-02,2.9866
2016-05-03,2.9781
2016-05-04,2.9582
2016-05-05,2.9449
2016-05-06,2.9395
2016-05-09,2.9255
2016-05-10,2.9166
2016-05-11,2.9186
2016-05-13,2.9294
2016-05-16,2.9507
2016-05-17,2.9525
2016-05-18,2.9588
2016-05-19,2.9472
2016-05-20,2.9583
2016-05-23,2.9469
2016-05-24,2.9375
2016-05-25,2.9389
2016-05-26,2.9616
2016-05-27,2.9524
2016-05-31,2.9503
2016-06-01,2.9446
2016-06-02,2.9422
2016-06-03,2.9576
2016-06-06,2.9589
2016-06-07,2.9887
2016-06-08,3.02
2016-06-09,3.017
2016-06-10,3.0168
2016-06-13,3.0317
2016-06-14,3.0062
2016-06-15,3.018
2016-06-16,2.9697
2016-06-17,2.9893
2016-06-20,3.0027
2016-06-21,3.0194
2016-06-22,3.0178
2016-06-23,3.0057
2016-06-24,2.9828
2016-06-27,2.996
2016-06-28,2.9855
2016-06-29,2.9706
2016-06-30,2.9717
2016-07-01,2.9725
2016-07-04,2.9951
2016-07-05,2.9916
2016-07-06,2.9892
2016-07-07,2.9979
2016-07-08,2.9829
2016-07-11,2.9684
2016-07-12,2.9719
2016-07-13,2.9691
2016-07-14,2.9812
2016-07-15,2.9793
2016-07-18,2.9783
2016-07-19,2.9643
2016-07-20,2.9554
2016-07-21,2.9557
2016-07-22,2.9238
2016-07-25,2.9205
2016-07-26,2.9054
2016-07-27,2.91
2016-07-28,2.9096
2016-07-29,2.9041
2016-08-01,2.9115
2016-08-02,2.9211
2016-08-03,2.9179
2016-08-04,2.9275
2016-08-05,2.9349
2016-08-08,2.9081
2016-08-09,2.903
2016-08-10,2.9286
2016-08-11,2.9217
2016-08-12,2.9376
2016-08-15,2.947
2016-08-16,2.9411
2016-08-17,2.941
2016-08-18,2.9461
2016-08-19,2.9399
2016-08-22,2.9266
2016-08-23,2.9199
2016-08-24,2.9181
2016-08-25,2.9173
2016-08-26,2.9092
2016-08-29,2.9118
2016-08-30,2.9024
2016-08-31,2.8897
2016-09-01,2.8766
2016-09-02,2.8749
2016-09-05,2.9114
2016-09-06,2.9204
2016-09-07,2.9319
2016-09-08,2.9126
2016-09-09,2.9021
2016-09-12,2.876
2016-09-13,2.8779
2016-09-14,2.8751
2016-09-15,2.8631
2016-09-16,2.8593
2016-09-19,2.8698
2016-09-20,2.8542
2016-09-21,2.872
2016-09-22,2.8846
2016-09-23,2.877
2016-09-26,2.8533
2016-09-27,2.8302
2016-09-28,2.8412
2016-09-29,2.87
2016-09-30,2.8552
2016-10-05,2.86
2016-10-06,2.8629
2016-10-07,2.8629
2016-10-10,2.8604
2016-10-13,2.8784
2016-10-14,2.8894
2016-10-18,2.919
2016-10-19,2.9137
2016-10-20,2.9123
2016-10-21,2.9049
2016-10-25,2.8902
2016-10-26,2.8744
2016-10-27,2.8749
2016-10-28,2.8799
2016-10-31,2.8744
2016-11-01,2.8589
2016-11-02,2.8479
2016-11-03,2.8512
2016-11-04,2.8389
2016-11-07,2.8451
2016-11-08,2.8518
2016-11-09,2.8301
2016-11-10,2.8492
2016-11-11,2.8497
2016-11-14,2.8426
2016-11-15,2.843
2016-11-16,2.8603
2016-11-17,2.8711
2016-11-18,2.8619
2016-11-21,2.874
2016-11-22,2.8853
2016-11-23,2.8738
2016-11-24,2.8727
2016-11-25,2.8702
2016-11-28,2.8586
2016-11-29,2.8601
2016-11-30,2.8701
2016-12-01,2.8561
2016-12-02,2.8768
2016-12-05,2.8703
2016-12-06,2.8696
2016-12-07,2.8637
2016-12-08,2.8687
2016-12-09,2.8956
2016-12-12,2.9125
2016-12-13,2.9043
2016-12-14,2.9018
2016-12-15,2.8849
2016-12-16,2.8855
2016-12-19,2.8903
2016-12-20,2.8759
2016-12-21,2.864
2016-12-22,2.8354
2016-12-23,2.8308
2016-12-27,2.8453
2016-12-28,2.8395
2016-12-29,2.8414
2016-12-30,2.8511
2017-01-03,2.8703
2017-01-04,2.8947
2017-01-05,2.8982
2017-01-06,2.8996
2017-01-09,2.8994
2017-01-10,2.9037
2017-01-11,2.9086
2017-01-12,2.93
2017-01-13,2.904
2017-01-16,2.9123
2017-01-17,2.9279
2017-01-18,2.9087
2017-01-19,2.8682
2017-01-20,2.8557
2017-01-23,2.8601
2017-01-24,2.8496
2017-01-25,2.8827
2017-01-26,2.8837
2017-01-27,2.8964
2017-01-30,2.8753
2017-01-31,2.8826
2017-02-01,2.8861
2017-02-02,2.8945
2017-02-03,2.8842
2017-02-06,2.8773
2017-02-07,2.8469
2017-02-08,2.8524
2017-02-09,2.8572
2017-02-10,2.8524
2017-02-13,2.8613
2017-02-14,2.875
2017-02-15,2.8643
2017-02-16,2.8507
2017-02-17,2.8414
2017-02-20,2.8284
2017-02-21,2.8218
2017-02-22,2.8175
2017-02-23,2.82
2017-02-24,2.8246
2017-02-27,2.8039
2017-02-28,2.7772
2017-03-01,2.726
2017-03-02,2.7583
2017-03-03,2.7529
2017-03-06,2.7481
2017-03-07,2.7408
2017-03-08,2.7416
2017-03-09,2.7264
2017-03-10,2.7238
2017-03-14,2.7226
2017-03-15,2.7195
2017-03-16,2.7274
2017-03-17,2.7244
2017-03-20,2.7091
2017-03-21,2.7155
2017-03-22,2.732
2017-03-23,2.7344
2017-03-24,2.7291
2017-03-27,2.7123
2017-03-28,2.6972
2017-03-29,2.7116
2017-03-30,2.7092
2017-03-31,2.7234
2017-04-03,2.7178
2017-04-04,2.7116
2017-04-05,2.7269
2017-04-06,2.7168
2017-04-07,2.7256
2017-04-12,2.7439
2017-04-13,2.7565
2017-04-18,2.7438
2017-04-19,2.7315
2017-04-20,2.7163
2017-04-21,2.7336
2017-04-24,2.7185
2017-04-25,2.6881
2017-04-26,2.6758
2017-04-27,2.6834
2017-04-28,2.6484
2017-05-03,2.633
2017-05-04,2.6356
2017-05-05,2.6196
2017-05-08,2.6332
2017-05-09,2.6349
2017-05-10,2.6307
2017-05-11,2.6365
2017-05-12,2.6353
2017-05-15,2.6417
2017-05-16,2.647
2017-05-17,2.645
2017-05-18,2.6436
2017-05-19,2.6439
2017-05-22,2.6535
2017-05-23,2.6658
2017-05-24,2.6601
2017-05-25,2.6624
2017-05-26,2.6536
2017-05-30,2.6434
2017-06-01,2.6276
2017-06-02,2.6284
2017-06-05,2.6317
2017-06-06,2.6324
2017-06-07,2.6368
2017-06-08,2.6192
2017-06-09,2.6142
2017-06-12,2.6293
2017-06-13,2.6649
2017-06-14,2.6692
2017-06-15,2.6496
2017-06-16,2.6617
2017-06-19,2.6621
2017-06-20,2.6669
2017-06-21,2.6656
2017-06-22,2.6614
2017-06-23,2.677
2017-06-26,2.6717
2017-06-27,2.6597
2017-06-28,2.6897
2017-06-29,2.682
2017-06-30,2.6908
2017-07-03,2.6892
2017-07-04,2.7064
2017-07-05,2.7194
2017-07-06,2.7296
2017-07-07,2.7167
2017-07-10,2.7447
2017-07-11,2.7692
2017-07-12,2.7478
2017-07-13,2.7761
2017-07-14,2.7781
2017-07-17,2.8003
2017-07-18,2.8259
2017-07-19,2.8401
2017-07-20,2.8324
2017-07-21,2.8269
2017-07-24,2.8646
2017-07-25,2.8514
2017-07-26,2.8523
2017-07-27,2.8578
2017-07-28,2.8405
2017-07-31,2.8531
2017-08-02,2.8518
2017-08-03,2.8472
2017-08-04,2.8708
2017-08-07,2.8554
2017-08-08,2.8487
2017-08-09,2.8404
2017-08-10,2.8269
2017-08-11,2.8173
2017-08-14,2.8228
2017-08-15,2.8177
2017-08-16,2.8485
2017-08-17,2.8739
2017-08-18,2.8669
2017-08-21,2.8769
2017-08-22,2.8782
2017-08-23,2.8764
2017-08-24,2.8725
2017-08-25,2.874
2017-08-28,2.8724
2017-08-29,2.8705
2017-08-30,2.8529
2017-08-31,2.8427
2017-09-01,2.8702
2017-09-04,2.8858
2017-09-05,2.8809
2017-09-06,2.8755
2017-09-07,2.8969
2017-09-08,2.8928
2017-09-11,2.9075
2017-09-12,2.9185
2017-09-13,2.9146
2017-09-14,2.903
2017-09-15,2.8952
2017-09-18,2.8847
2017-09-19,2.8611
2017-09-25,2.8502
2017-09-26,2.8461
2017-09-27,2.8613
2017-09-28,2.8287
2017-10-02,2.8288
2017-10-03,2.8217
2017-10-04,2.8229
2017-10-06,2.796
2017-10-09,2.7995
2017-10-10,2.8
2017-10-11,2.8015
2017-10-13,2.8096
2017-10-16,2.788
2017-10-17,2.7992
2017-10-18,2.8049
2017-10-19,2.8107
2017-10-20,2.7921
2017-10-23,2.7631
2017-10-24,2.7672
2017-10-25,2.7682
2017-10-26,2.7425
2017-10-27,2.7465
2017-10-30,2.7489
2017-10-31,2.741
2017-11-01,2.7231
2017-11-02,2.7297
2017-11-03,2.7385
2017-11-06,2.7544
2017-11-07,2.7549
2017-11-08,2.7561
2017-11-09,2.7667
2017-11-10,2.786
2017-11-13,2.7886
2017-11-14,2.787
2017-11-15,2.7687
2017-11-16,2.7597
2017-11-17,2.7573
2017-11-20,2.7505
2017-11-21,2.7559
2017-11-22,2.7644
2017-11-23,2.7693
2017-11-24,2.7606
2017-11-27,2.7606
2017-11-28,2.7379
2017-11-29,2.7303
2017-11-30,2.7141
2017-12-01,2.7116
2017-12-04,2.753
2017-12-05,2.7617
2017-12-06,2.773
2017-12-07,2.7419
2017-12-08,2.7379
2017-12-11,2.7377
2017-12-12,2.7589
2017-12-13,2.7598
2017-12-14,2.7508
2017-12-15,2.7637
2017-12-18,2.7287
2017-12-19,2.72
2017-12-20,2.7228
2017-12-21,2.7191
2017-12-22,2.7396
2017-12-26,2.7407
2017-12-27,2.7531
2017-12-28,2.7521
2017-12-29,2.7648
2018-01-02,2.7583
2018-01-03,2.7631
2018-01-04,2.7534
2018-01-05,2.7557
2018-01-08,2.7728
2018-01-09,2.7709
2018-01-10,2.7543
2018-01-11,2.7259
2018-01-12,2.7224
2018-01-15,2.736
2018-01-16,2.7415
2018-01-17,2.7735
2018-01-18,2.7549
2018-01-19,2.7446
2018-01-22,2.7446
2018-01-23,2.7432
2018-01-24,2.76
2018-01-25,2.7625
2018-01-26,2.7508
2018-01-29,2.7628
2018-01-30,2.759
2018-01-31,2.7714
2018-02-01,2.7809
2018-02-02,2.7885
2018-02-05,2.7679
2018-02-06,2.7775
2018-02-07,2.7853
2018-02-08,2.7793
2018-02-09,2.792
2018-02-12,2.8021
2018-02-13,2.8021
2018-02-14,2.8095
2018-02-15,2.8215
2018-02-16,2.8388
2018-02-19,2.806
2018-02-20,2.7781
2018-02-21,2.7652
2018-02-22,2.7563
2018-02-23,2.7418
2018-02-26,2.7647
2018-02-27,2.7348
2018-02-28,2.73
2018-03-05,2.6777
2018-03-06,2.6764
2018-03-07,2.6795
2018-03-08,2.6719
2018-03-09,2.6832
2018-03-12,2.6812
2018-03-13,2.6761
2018-03-14,2.6522
2018-03-15,2.6476
2018-03-16,2.6414
2018-03-19,2.6539
2018-03-20,2.6631
2018-03-21,2.6909
2018-03-22,2.7021
2018-03-23,2.7062
2018-03-26,2.7121
2018-03-27,2.7075
2018-03-28,2.7127
2018-03-29,2.7238
2018-04-03,2.7312
2018-04-04,2.7521
2018-04-05,2.7677
2018-04-09,2.7595
2018-04-10,2.7657
2018-04-11,2.7873
2018-04-12,2.7949
2018-04-13,2.791
2018-04-16,2.7793
2018-04-17,2.8075
2018-04-18,2.7954
2018-04-20,2.783
2018-04-23,2.7703
2018-04-24,2.7745
2018-04-25,2.7865
2018-04-26,2.7847
2018-04-27,2.7892
2018-04-30,2.791
2018-05-01,2.8105
2018-05-02,2.812
2018-05-03,2.8294
2018-05-04,2.8154
2018-05-07,2.8132
2018-05-08,2.7755
2018-05-09,2.7848
2018-05-10,2.8044
2018-05-11,2.7968
2018-05-14,2.7999
2018-05-15,2.8087
2018-05-16,2.7949
2018-05-17,2.8061
2018-05-18,2.8016
2018-05-21,2.7845
2018-05-22,2.7912
2018-05-23,2.7748
2018-05-24,2.7712
2018-05-25,2.7651
2018-05-29,2.7573
2018-05-30,2.7567
2018-05-31,2.7749
2018-06-01,2.753
2018-06-04,2.7595
2018-06-05,2.7535
2018-06-06,2.7612
2018-06-07,2.7545
2018-06-08,2.7454
2018-06-11,2.7468
2018-06-12,2.7494
2018-06-13,2.7541
2018-06-14,2.7735
2018-06-15,2.7441
2018-06-18,2.7544
2018-06-19,2.7468
2018-06-20,2.7352
2018-06-21,2.7199
2018-06-22,2.7207
2018-06-25,2.7196
2018-06-26,2.7243
2018-06-27,2.7421
2018-06-28,2.7454
2018-06-29,2.761
2018-07-02,2.7804
2018-07-03,2.7791
2018-07-04,2.7818
2018-07-05,2.762
2018-07-06,2.7683
2018-07-09,2.7671
2018-07-10,2.7729
2018-07-11,2.7669
2018-07-12,2.7689
2018-07-13,2.7649
2018-07-16,2.7703
2018-07-17,2.7613
2018-07-18,2.7503
2018-07-19,2.7578
2018-07-20,2.7501
2018-07-23,2.7648
2018-07-24,2.7763
2018-07-25,2.7742
2018-07-26,2.7897
2018-07-27,2.8057
2018-07-30,2.81
2018-07-31,2.8083
2018-08-01,2.8238
2018-08-02,2.8303
2018-08-03,2.839
2018-08-06,2.849
2018-08-07,2.8482
2018-08-08,2.8147
2018-08-09,2.8271
2018-08-10,2.8202
2018-08-13,2.8195
2018-08-14,2.8217
2018-08-15,2.8192
2018-08-16,2.8048
2018-08-17,2.7915
2018-08-20,2.8015
2018-08-21,2.8073
2018-08-22,2.7949
2018-08-23,2.7902
2018-08-24,2.7816
2018-08-27,2.7871
2018-08-28,2.8012
2018-08-29,2.8184
2018-08-30,2.7934
2018-08-31,2.7699
2018-09-03,2.7675
2018-09-04,2.7562
2018-09-05,2.7467
2018-09-06,2.7291
2018-09-07,2.7246
2018-09-12,2.7502
2018-09-13,2.7494
2018-09-14,2.7405
2018-09-17,2.7513
2018-09-20,2.7779
2018-09-21,2.7672
2018-09-25,2.7653
2018-09-26,2.7632
2018-09-27,2.7555
2018-09-28,2.7869
2018-10-02,2.8431
2018-10-03,2.8358
2018-10-04,2.8297
2018-10-05,2.8102
2018-10-08,2.7835
2018-10-09,2.8042
2018-10-10,2.799
2018-10-11,2.7862
2018-10-12,2.7871
2018-10-15,2.7864
2018-10-16,2.8116
2018-10-17,2.8148
2018-10-18,2.7997
2018-10-19,2.8064
2018-10-22,2.791
2018-10-23,2.8019
2018-10-24,2.812
2018-10-25,2.8294
2018-10-26,2.8172
2018-10-29,2.8268
2018-10-31,2.834
2018-11-01,2.8259
2018-11-02,2.8275
2018-11-05,2.8245
2018-11-06,2.8126
2018-11-07,2.8054
2018-11-08,2.8029
2018-11-09,2.7911
2018-11-12,2.7849
2018-11-13,2.7869
2018-11-14,2.7945
2018-11-15,2.7939
2018-11-16,2.8234
2018-11-19,2.8171
2018-11-20,2.8186
2018-11-21,2.8174
2018-11-22,2.8193
2018-11-23,2.8286
2018-11-26,2.8239
2018-11-27,2.8143
2018-11-28,2.8022
2018-11-29,2.7942
2018-11-30,2.782
2018-12-03,2.8183
2018-12-04,2.8286
2018-12-05,2.8047
2018-12-06,2.7789
2018-12-07,2.7903
2018-12-10,2.7997
2018-12-11,2.8002
2018-12-12,2.8006
2018-12-13,2.807
2018-12-14,2.8159
2018-12-17,2.8219
2018-12-18,2.8079
2018-12-19,2.7912
2018-12-20,2.7886
2018-12-21,2.7923
2018-12-24,2.7813
2018-12-26,2.7761
2018-12-27,2.7781
2018-12-28,2.7703
2018-12-31,2.7517
2019-01-02,2.748
2019-01-03,2.7478
2019-01-04,2.767
2019-01-07,2.7675
2019-01-08,2.7845
2019-01-09,2.7817
2019-01-10,2.7723
2019-01-11,2.7854
2019-01-14,2.7534
2019-01-15,2.7682
2019-01-16,2.7717
2019-01-17,2.7764
2019-01-18,2.7825
2019-01-21,2.7814
2019-01-22,2.7681
2019-01-23,2.7659
2019-01-24,2.7567
2019-01-25,2.766
2019-01-28,2.7804
2019-01-29,2.7743
2019-01-30,2.7742
2019-01-31,2.7725
2019-02-01,2.7628
2019-02-04,2.7697
2019-02-05,2.7535
2019-02-06,2.7431
2019-02-07,2.7387
2019-02-08,2.7287
2019-02-11,2.746
2019-02-12,2.7485
2019-02-13,2.7475
2019-02-14,2.7608
2019-02-15,2.7359
2019-02-18,2.7326
2019-02-19,2.7395
2019-02-20,2.7444
2019-02-21,2.7458
2019-02-22,2.7326
2019-02-25,2.7481
2019-02-26,2.742
2019-02-27,2.7549
2019-02-28,2.7364
2019-03-01,2.7572
2019-03-04,2.7228
2019-03-05,2.7106
2019-03-06,2.7036
2019-03-07,2.694
2019-03-08,2.6981
2019-03-11,2.6977
2019-03-12,2.7048
2019-03-13,2.7092
2019-03-14,2.6992
2019-03-15,2.7081
2019-03-18,2.7011
2019-03-19,2.7122
2019-03-20,2.7056
2019-03-25,2.6982
2019-03-26,2.6998
2019-03-27,2.7094
2019-03-28,2.7073
2019-03-29,2.7052
2019-04-01,2.7143
2019-04-02,2.7206
2019-04-03,2.7057
2019-04-04,2.6975
2019-04-05,2.6866
2019-04-08,2.6763
2019-04-10,2.6855
2019-04-11,2.6824
2019-04-12,2.6802
2019-04-15,2.6731
2019-04-16,2.6571
2019-04-17,2.6837
2019-04-18,2.684
2019-04-23,2.6866
2019-04-24,2.6867
2019-04-25,2.6876
2019-04-29,2.6864
2019-04-30,2.6824
2019-05-01,2.6775
2019-05-02,2.6786
2019-05-03,2.6728
2019-05-06,2.6656
2019-05-07,2.6645
2019-05-08,2.6622
2019-05-10,2.6507
2019-05-13,2.6561
2019-05-14,2.6577
2019-05-15,2.6506
2019-05-16,2.6584
2019-05-17,2.6556
2019-05-20,2.6583
2019-05-21,2.6818
2019-05-22,2.6969
2019-05-23,2.6848
2019-05-24,2.6813
2019-05-28,2.6828
2019-05-29,2.6778
2019-05-30,2.6832
2019-05-31,2.6842
2019-06-03,2.6916
2019-06-04,2.6905
2019-06-05,2.6978
2019-06-06,2.6855
2019-06-07,2.6985
2019-06-10,2.7006
2019-06-11,2.7017
2019-06-12,2.6937
2019-06-13,2.6994
2019-06-14,2.6987
2019-06-17,2.6912
2019-06-18,2.6909
2019-06-19,2.6975
2019-06-20,2.7131
2019-06-21,2.7264
2019-06-24,2.7331
2019-06-25,2.7336
2019-06-26,2.7294
2019-06-27,2.7277
2019-06-28,2.7225
2019-07-01,2.7276
2019-07-02,2.7254
2019-07-03,2.7264
2019-07-04,2.7298
2019-07-05,2.7264
2019-07-08,2.7355
2019-07-09,2.7177
2019-07-10,2.7222
2019-07-11,2.7177
2019-07-12,2.7257
2019-07-15,2.7153
2019-07-16,2.7141
2019-07-17,2.7119
2019-07-18,2.7128
2019-07-19,2.713
2019-07-22,2.7084
2019-07-23,2.6924
2019-07-24,2.6809
2019-07-25,2.6825
2019-07-26,2.6754
2019-07-29,2.6762
2019-07-30,2.6575
2019-07-31,2.6616
2019-08-01,2.6651
2019-08-02,2.6533
2019-08-05,2.6412
2019-08-06,2.6438
2019-08-07,2.6234
2019-08-08,2.6198
2019-08-09,2.6311
2019-08-12,2.6327
2019-08-13,2.6355
2019-08-14,2.6308
2019-08-15,2.6443
2019-08-16,2.6618
2019-08-19,2.6748
2019-08-20,2.6434
2019-08-21,2.6537
2019-08-22,2.6512
2019-08-23,2.6365
2019-08-26,2.6446
2019-08-27,2.6605
2019-08-28,2.6491
2019-08-29,2.6501
2019-08-30,2.6566
2019-09-02,2.6533
2019-09-03,2.6552
2019-09-04,2.6477
2019-09-05,2.66
2019-09-06,2.664
2019-09-09,2.6809
2019-09-10,2.6853
2019-09-11,2.6953
2019-09-12,2.6853
2019-09-13,2.6675
2019-09-16,2.6701
2019-09-18,2.6705
2019-09-19,2.6506
2019-09-20,2.6481
2019-09-23,2.6451
2019-09-24,2.6447
2019-09-25,2.6388
2019-09-26,2.6541
2019-09-27,2.6267
2019-10-02,2.6298
2019-10-03,2.6211
2019-10-04,2.612
2019-10-07,2.6227
2019-10-10,2.6317
2019-10-11,2.6438
2019-10-15,2.6562
2019-10-16,2.6747
2019-10-17,2.6854
2019-10-18,2.6895
2019-10-22,2.7037
2019-10-23,2.7011
2019-10-24,2.6929
2019-10-25,2.7089
2019-10-28,2.7013
2019-10-29,2.705
2019-10-30,2.6966
2019-10-31,2.6797
2019-11-01,2.675
2019-11-04,2.6771
2019-11-05,2.6669
2019-11-06,2.6501
2019-11-07,2.6484
2019-11-08,2.6485
2019-11-11,2.6457
2019-11-12,2.6496
2019-11-13,2.6355
2019-11-14,2.6304
2019-11-15,2.626
2019-11-18,2.619
2019-11-19,2.6168
2019-11-20,2.607
2019-11-21,2.5956
2019-11-22,2.6077
2019-11-25,2.6019
2019-11-26,2.6014
2019-11-27,2.6155
2019-11-28,2.6118
2019-11-29,2.6151
2019-12-02,2.6146
2019-12-03,2.6172
2019-12-04,2.6154
2019-12-05,2.6303
2019-12-06,2.6287
2019-12-09,2.6182
2019-12-10,2.6161
2019-12-11,2.6272
2019-12-12,2.6425
2019-12-13,2.6403
2019-12-16,2.6638
2019-12-17,2.6511
2019-12-18,2.6618
2019-12-19,2.6617
2019-12-20,2.6462
2019-12-23,2.6395
2019-12-24,2.6335
2019-12-26,2.6397
2019-12-27,2.6467
2019-12-30,2.6487
2019-12-31,2.6535
2020-01-02,2.656
2020-01-03,2.6696
2020-01-06,2.6791
2020-01-07,2.671
2020-01-08,2.663
2020-01-09,2.6587
2020-01-10,2.6565
2020-01-13,2.6574
2020-01-14,2.655
2020-01-15,2.648
2020-01-16,2.6507
2020-01-17,2.6493
2020-01-20,2.6447
2020-01-21,2.6459
2020-01-22,2.6429
2020-01-23,2.6275
2020-01-24,2.6323
2020-01-27,2.6225
2020-01-28,2.6193
2020-01-29,2.6238
2020-01-30,2.6094
2020-01-31,2.6073
2020-02-03,2.6022
2020-02-04,2.5957
2020-02-05,2.6002
2020-02-06,2.5885
2020-02-07,2.5747
2020-02-10,2.5735
2020-02-11,2.5712
2020-02-12,2.5801
2020-02-13,2.586
2020-02-14,2.5913
2020-02-17,2.5908
2020-02-18,2.5769
2020-02-19,2.5883
2020-02-20,2.5884
2020-02-21,2.5821
2020-02-24,2.5853
2020-02-25,2.5804
2020-02-26,2.587
2020-02-27,2.5739
2020-02-28,2.5796
2020-03-03,2.5889
2020-03-04,2.5908
2020-03-05,2.5825
2020-03-06,2.6032
2020-03-09,2.567
2020-03-12,2.6314
2020-03-13,2.6452
2020-03-16,2.6802
2020-03-17,2.7274
2020-03-18,2.6626
2020-03-19,2.5422
2020-03-20,2.5284
2020-03-23,2.555
2020-03-24,2.5296
2020-03-25,2.5325
2020-03-26,2.5571
2020-03-27,2.559
2020-03-30,2.5322
2020-03-31,2.5002
2020-04-01,2.4976
2020-04-02,2.5691
2020-04-03,2.5651
2020-04-06,2.5665
2020-04-07,2.5684
2020-04-14,2.5774
2020-04-16,2.5485
2020-04-17,2.5475
2020-04-20,2.5398
2020-04-21,2.49
2020-04-22,2.5041
2020-04-23,2.5144
2020-04-24,2.5007
2020-04-27,2.4978
2020-04-28,2.4915
2020-04-30,2.5226
2020-05-01,2.4895
2020-05-04,2.5007
2020-05-05,2.5065
2020-05-06,2.4928
2020-05-07,2.4984
2020-05-11,2.5135
2020-05-12,2.5076
2020-05-13,2.506
2020-05-14,2.5131
2020-05-15,2.5186
2020-05-18,2.5185
2020-05-19,2.5311
2020-05-20,2.5202
2020-05-21,2.527
2020-05-22,2.5149
2020-05-26,2.5317
2020-05-27,2.5464
2020-05-28,2.5436
2020-06-01,2.559
2020-06-02,2.5785
2020-06-03,2.5589
2020-06-04,2.575
2020-06-05,2.5652
2020-06-08,2.5806
2020-06-09,2.5653
2020-06-10,2.5739
2020-06-11,2.5561
2020-06-12,2.556
2020-06-15,2.5584
2020-06-16,2.5602
2020-06-17,2.5544
2020-06-18,2.5483
2020-06-19,2.5365
2020-06-22,2.5379
2020-06-23,2.539
2020-06-24,2.5257
2020-06-25,2.5274
2020-06-26,2.5162
2020-06-29,2.5162
2020-06-30,2.5308
2020-07-01,2.5425
2020-07-02,2.5363
2020-07-03,2.5324
2020-07-06,2.5412
2020-07-07,2.5424
2020-07-08,2.5413
2020-07-09,2.55
2020-07-10,2.5402
2020-07-13,2.5373
2020-07-14,2.5254
2020-07-15,2.5278
2020-07-16,2.5336
2020-07-17,2.5386
2020-07-20,2.5292
2020-07-21,2.539
2020-07-22,2.547
2020-07-23,2.5545
2020-07-24,2.5477
2020-07-27,2.5514
2020-07-28,2.5498
2020-07-29,2.5514
2020-07-31,2.5384
2020-08-03,2.5435
2020-08-04,2.5543
2020-08-05,2.5718
2020-08-06,2.5647
2020-08-07,2.5527
2020-08-10,2.5505
2020-08-11,2.5597
2020-08-12,2.5637
2020-08-13,2.5756
2020-08-14,2.5698
2020-08-17,2.5764
2020-08-18,2.584
2020-08-19,2.5868
2020-08-20,2.5768
2020-08-21,2.5827
2020-08-24,2.5897
2020-08-25,2.5759
2020-08-26,2.5806
2020-08-27,2.5613
2020-08-28,2.5728
2020-08-31,2.572
2020-09-01,2.5776
2020-09-02,2.5749
2020-09-03,2.5717
2020-09-04,2.5716
2020-09-07,2.5796
2020-09-08,2.5768
2020-09-09,2.5745
2020-09-10,2.5944
2020-09-11,2.6104
2020-09-14,2.6083
2020-09-15,2.603
2020-09-16,2.5918
2020-09-17,2.591
2020-09-21,2.5994
2020-09-22,2.5869
2020-09-23,2.5858
2020-09-24,2.596
2020-09-25,2.5976
2020-09-29,2.5904
2020-09-30,2.5697
2020-10-01,2.5762
2020-10-02,2.5793
2020-10-05,2.5791
2020-10-06,2.5711
2020-10-07,2.5621
2020-10-08,2.5625
2020-10-09,2.5676
2020-10-12,2.576
2020-10-13,2.5823
2020-10-14,2.5746
2020-10-15,2.5718
2020-10-16,2.561
2020-10-19,2.566
2020-10-20,2.5627
2020-10-21,2.5815
2020-10-22,2.5712
2020-10-23,2.575
2020-10-26,2.564
2020-10-27,2.568
2020-10-28,2.5603
2020-10-29,2.5534
2020-10-30,2.5677
2020-11-02,2.5564
2020-11-03,2.5962
2020-11-04,2.5905
2020-11-05,2.5768
2020-11-06,2.5842
2020-11-09,2.5911
2020-11-10,2.5921
2020-11-11,2.5957
2020-11-12,2.5817
2020-11-13,2.5575
2020-11-16,2.5649
2020-11-17,2.5667
2020-11-18,2.5581
2020-11-19,2.5573
2020-11-20,2.5608
2020-11-23,2.5587
2020-11-24,2.5596
2020-11-25,2.5549
2020-11-26,2.5536
2020-11-27,2.5543
2020-11-30,2.5538
2020-12-01,2.5477
2020-12-02,2.5398
2020-12-03,2.5332
2020-12-04,2.5405
2020-12-07,2.5546
2020-12-08,2.5367
2020-12-09,2.546
2020-12-10,2.5441
2020-12-11,2.5487
2020-12-14,2.5579
2020-12-15,2.5507
2020-12-16,2.5519
2020-12-17,2.5544
2020-12-18,2.5401
2020-12-21,2.5216
2020-12-22,2.5129
2020-12-23,2.5035
2020-12-24,2.5055
2020-12-28,2.5046
2020-12-29,2.5075
2020-12-30,2.513
2020-12-31,2.5217
2021-01-04,2.5281
2021-01-05,2.5113
2021-01-06,2.5186
2021-01-07,2.5026
2021-01-08,2.5142
2021-01-11,2.4916
2021-01-12,2.4785
2021-01-13,2.4622
2021-01-14,2.4585
2021-01-15,2.5451
2021-01-18,2.5271
2021-01-19,2.5402
2021-01-20,2.56
2021-01-21,2.5991
2021-01-22,2.585
2021-01-25,2.5697
2021-01-26,2.5688
2021-01-27,2.5611
2021-01-28,2.5616
2021-01-29,2.5615
2021-02-01,2.5674
2021-02-02,2.5743
2021-02-03,2.5804
2021-02-04,2.5752
2021-02-05,2.5685
2021-02-08,2.5704
2021-02-09,2.5578
2021-02-10,2.5627
2021-02-11,2.5705
2021-02-12,2.5491
2021-02-15,2.5644
2021-02-16,2.5625
2021-02-17,2.5638
2021-02-18,2.5734
2021-02-19,2.5793
2021-02-22,2.5884
2021-02-23,2.5878
2021-02-24,2.5965
2021-02-25,2.6275
2021-03-01,2.607
2021-03-02,2.608
2021-03-03,2.605
2021-03-04,2.6189
2021-03-05,2.6141
2021-03-08,2.6253
2021-03-09,2.642
2021-03-10,2.6251
2021-03-11,2.6268
2021-03-12,2.638
2021-03-15,2.6553
2021-03-16,2.6469
2021-03-17,2.6369
2021-03-18,2.6571
2021-03-19,2.637
2021-03-22,2.6456
2021-03-24,2.6207
2021-03-25,2.6289
2021-03-26,2.644
2021-03-29,2.6507
2021-03-30,2.6413
2021-03-31,2.6454
2021-04-01,2.6482
2021-04-05,2.6459
2021-04-06,2.6351
2021-04-07,2.6203
2021-04-08,2.6067
2021-04-09,2.6051
2021-04-12,2.6249
2021-04-13,2.6188
2021-04-14,2.621
2021-04-16,2.6201
2021-04-19,2.614
2021-04-20,2.5967
2021-04-21,2.5849
2021-04-22,2.6089
2021-04-23,2.6078
2021-04-26,2.6053
2021-04-27,2.6141
2021-04-28,2.6201
2021-04-29,2.6388
2021-04-30,2.6422
2021-05-03,2.6406
2021-05-04,2.6394
2021-05-05,2.6606
2021-05-06,2.6641
2021-05-07,2.6771
2021-05-10,2.6833
2021-05-11,2.7137
2021-05-12,2.7128
2021-05-13,2.7135
2021-05-14,2.702
2021-05-18,2.7199
2021-05-19,2.704
2021-05-20,2.6941
2021-05-21,2.6951
2021-05-24,2.7023
2021-05-25,2.6924
2021-05-26,2.6899
2021-05-27,2.6855
2021-05-28,2.6941
2021-06-01,2.6908
2021-06-02,2.6937
2021-06-03,2.6941
2021-06-04,2.6873
2021-06-07,2.6916
2021-06-08,2.686
2021-06-09,2.6861
2021-06-10,2.678
2021-06-11,2.6826
2021-06-14,2.6714
2021-06-15,2.6589
2021-06-16,2.6589
2021-06-17,2.6436
2021-06-18,2.6404
2021-06-21,2.6298
2021-06-22,2.6334
2021-06-23,2.6484
2021-06-24,2.6461
2021-06-25,2.6372
2021-06-28,2.6439
2021-06-29,2.635
2021-06-30,2.6292
2021-07-01,2.6328
2021-07-02,2.63
2021-07-05,2.6427
2021-07-06,2.6405
2021-07-07,2.628
2021-07-08,2.608
2021-07-09,2.6176
2021-07-12,2.6269
2021-07-13,2.6273
2021-07-14,2.624
2021-07-15,2.6056
2021-07-16,2.6096
2021-07-19,2.5815
2021-07-20,2.5854
2021-07-21,2.5943
2021-07-22,2.6046
2021-07-23,2.6026
2021-07-26,2.599
2021-07-27,2.5891
2021-07-28,2.586
2021-07-29,2.6009
2021-07-30,2.6019
2021-08-02,2.5886
2021-08-03,2.5721
2021-08-04,2.5632
2021-08-05,2.568
2021-08-06,2.5734
2021-08-09,2.5684
2021-08-10,2.5665
2021-08-11,2.5683
2021-08-12,2.5726
2021-08-13,2.5733
2021-08-16,2.5618
2021-08-17,2.5559
2021-08-18,2.566
2021-08-19,2.5424
2021-08-20,2.5125
2021-08-23,2.5394
2021-08-24,2.5523
2021-08-25,2.5611
2021-08-26,2.5558
2021-08-27,2.553
2021-08-30,2.5547
2021-08-31,2.5494
2021-09-01,2.5438
2021-09-02,2.5455
2021-09-03,2.5554
2021-09-09,2.5238
2021-09-10,2.5358
2021-09-13,2.527
2021-09-14,2.5381
2021-09-17,2.5378
2021-09-20,2.5117
2021-09-22,2.5106
2021-09-23,2.525
2021-09-24,2.5227
2021-09-27,2.5328
2021-09-29,2.5338
2021-09-30,2.5351
2021-10-01,2.5358
2021-10-04,2.5488
2021-10-05,2.5625
2021-10-06,2.5668
2021-10-07,2.5663
2021-10-08,2.5748
2021-10-11,2.5923
2021-10-12,2.5898
2021-10-13,2.6004
2021-10-14,2.6018
2021-10-15,2.6068
2021-10-18,2.6047
2021-10-19,2.6087
2021-10-20,2.6022
2021-10-21,2.6033
2021-10-22,2.6026
2021-10-25,2.5945
2021-10-26,2.5909
2021-10-27,2.57
2021-10-28,2.5755
2021-10-29,2.5594
2021-11-01,2.5329
2021-11-02,2.5242
2021-11-03,2.5278
2021-11-04,2.5155
2021-11-05,2.5014
2021-11-08,2.4929
2021-11-09,2.4963
2021-11-10,2.5008
2021-11-11,2.4818
2021-11-12,2.4705
2021-11-15,2.4761
2021-11-16,2.4667
2021-11-17,2.4445
2021-11-18,2.4436
2021-11-19,2.4474
2021-11-22,2.4445
2021-11-23,2.4428
2021-11-24,2.4969
2021-11-25,2.4917
2021-11-26,2.494
2021-11-29,2.4781
2021-11-30,2.4728
2021-12-01,2.4719
2021-12-02,2.4721
2021-12-03,2.4594
2021-12-06,2.4711
2021-12-07,2.4853
2021-12-08,2.4616
2021-12-09,2.4458
2021-12-10,2.4403
2021-12-13,2.4322
2021-12-14,2.4295
2021-12-15,2.4344
2021-12-16,2.4317
2021-12-17,2.4364
2021-12-20,2.4402
2021-12-21,2.4468
2021-12-22,2.4523
2021-12-23,2.4577
2021-12-24,2.4582
2021-12-27,2.4416
2021-12-28,2.4313
2021-12-29,2.4272
2021-12-30,2.4331
2021-12-31,2.4424
2022-01-03,2.438
2022-01-04,2.4268
2022-01-05,2.4309
2022-01-06,2.4342
2022-01-07,2.4428
2022-01-10,2.4621
2022-01-11,2.4746
2022-01-12,2.4791
2022-01-13,2.4973
2022-01-14,2.4927
2022-01-17,2.4803
2022-01-18,2.4996
2022-01-19,2.505
2022-01-20,2.5091
2022-01-21,2.5052
2022-01-24,2.5108
2022-01-25,2.517
2022-01-26,2.5277
2022-01-27,2.5157
2022-01-28,2.5023
2022-01-31,2.5045
2022-02-01,2.4957
2022-02-02,2.4916
2022-02-03,2.5084
2022-02-04,2.5165
2022-02-07,2.5124
2022-02-08,2.5367
2022-02-09,2.5337
2022-02-10,2.5416
2022-02-11,2.5419
2022-02-14,2.5538
2022-02-15,2.5349
2022-02-16,2.5086
2022-02-17,2.5103
2022-02-18,2.518
2022-02-21,2.5179
2022-02-22,2.5286
2022-02-23,2.5354
2022-02-24,2.5466
2022-02-25,2.5441
2022-02-28,2.5441
2022-03-01,2.5469
2022-03-02,2.5458
2022-03-03,2.5652
2022-03-04,2.5527
2022-03-07,2.5795
2022-03-08,2.5748
2022-03-09,2.559
2022-03-10,2.553
2022-03-11,2.5545
2022-03-14,2.5625
2022-03-15,2.5611
2022-03-16,2.5693
2022-03-21,2.5677
2022-03-22,2.562
2022-03-23,2.5643
2022-03-24,2.5638
2022-03-25,2.569
2022-03-28,2.5814
2022-03-29,2.5758
2022-03-30,2.5545
2022-03-31,2.5356
2022-04-01,2.5626
2022-04-04,2.5672
2022-04-05,2.5729
2022-04-06,2.5814
2022-04-07,2.5728
2022-04-08,2.5602
2022-04-11,2.5486
2022-04-12,2.5423
2022-04-13,2.5361
2022-04-14,2.5504
2022-04-19,2.5733
2022-04-20,2.5731
2022-04-21,2.5811
2022-04-25,2.5776
2022-04-26,2.5808
2022-04-27,2.5907
2022-04-28,2.5831
2022-04-29,2.6044
2022-05-02,2.6024
2022-05-03,2.6147
2022-05-04,2.6195
2022-05-06,2.6576
2022-05-09,2.6575
2022-05-10,2.6628
2022-05-11,2.6425
2022-05-12,2.6596
2022-05-13,2.6236
2022-05-16,2.6451
2022-05-17,2.6238
2022-05-18,2.6124
2022-05-19,2.6437
2022-05-20,2.625
2022-05-23,2.6268
2022-05-24,2.6193
2022-05-25,2.6132
2022-05-26,2.6221
2022-05-27,2.6316
2022-05-30,2.6135
2022-05-31,2.635
2022-06-01,2.6291
2022-06-02,2.6407
2022-06-06,2.6511
2022-06-07,2.6513
2022-06-08,2.6624
2022-06-09,2.6556
2022-06-10,2.6544
2022-06-13,2.6757
2022-06-14,2.6643
2022-06-15,2.6733
2022-06-16,2.6767
2022-06-17,2.6704
2022-06-20,2.659
2022-06-21,2.6709
2022-06-22,2.6699
2022-06-23,2.6592
2022-06-24,2.6505
2022-06-27,2.6347
2022-06-28,2.6774
2022-06-29,2.6824
2022-06-30,2.7076
2022-07-01,2.7274
2022-07-04,2.7226
2022-07-05,2.721
2022-07-06,2.6935
2022-07-07,2.6895
2022-07-08,2.6724
2022-07-11,2.6725
2022-07-12,2.6721
2022-07-13,2.6687
2022-07-14,2.6475
2022-07-15,2.6541
2022-07-18,2.6597
2022-07-19,2.6528
2022-07-20,2.6751
2022-07-21,2.6721
2022-07-22,2.6738
2022-07-25,2.6741
2022-07-26,2.6751
2022-07-27,2.6649
2022-07-28,2.6769
2022-07-29,2.6505
2022-08-01,2.6481
2022-08-02,2.6201
2022-08-03,2.6181
2022-08-04,2.6094
2022-08-05,2.5885
2022-08-08,2.5788
2022-08-09,2.5714
2022-08-10,2.5559
2022-08-11,2.5522
2022-08-12,2.543
2022-08-15,2.5309
2022-08-16,2.5349
2022-08-17,2.5287
2022-08-18,2.5148
2022-08-19,2.5097
2022-08-22,2.5266
2022-08-23,2.5202
2022-08-24,2.523
2022-08-25,2.5442
2022-08-26,2.5157
2022-08-29,2.5444
2022-08-30,2.542
2022-08-31,2.5481
2022-09-01,2.5524
2022-09-02,2.5678
2022-09-05,2.597
2022-09-06,2.6023
2022-09-07,2.6097
2022-09-08,2.612
2022-09-09,2.6291
2022-09-12,2.6102
2022-09-13,2.5864
2022-09-14,2.6034
2022-09-15,2.6094
2022-09-16,2.5917
2022-09-19,2.5908
2022-09-20,2.5895
2022-09-21,2.5901
2022-09-22,2.5783
2022-09-23,2.5822
2022-09-28,2.5705
2022-09-29,2.5815
2022-09-30,2.5922
2022-10-03,2.6096
2022-10-06,2.5876
2022-10-07,2.5694
2022-10-11,2.5884
2022-10-12,2.5852
2022-10-13,2.5884
2022-10-14,2.575
2022-10-18,2.5695
2022-10-19,2.5668
2022-10-20,2.5836
2022-10-21,2.5754
2022-10-24,2.5939
2022-10-25,2.5898
2022-10-26,2.5903
2022-10-27,2.5919
2022-10-28,2.6049
2022-10-31,2.5801
2022-11-02,2.6005
2022-11-03,2.5887
2022-11-04,2.612
2022-11-07,2.6239
2022-11-08,2.6173
2022-11-09,2.6378
2022-11-10,2.6272
2022-11-11,2.5933
2022-11-14,2.5855
2022-11-15,2.5865
2022-11-16,2.5791
2022-11-17,2.586
2022-11-18,2.6068
2022-11-21,2.5809
2022-11-22,2.5946
2022-11-23,2.5724
2022-11-24,2.5614
2022-11-25,2.5587
2022-11-28,2.5589
2022-11-29,2.5491
2022-11-30,2.5455
2022-12-01,2.5409
2022-12-02,2.5144
2022-12-05,2.5235
2022-12-06,2.5015
2022-12-07,2.5184
2022-12-08,2.5281
2022-12-09,2.5082
2022-12-12,2.5074
2022-12-13,2.5201
2022-12-14,2.5136
2022-12-15,2.5225
2022-12-16,2.5265
2022-12-19,2.52
2022-12-20,2.5443
2022-12-21,2.5513
2022-12-22,2.5508
2022-12-23,2.5675
2022-12-27,2.594
2022-12-28,2.6113
2022-12-29,2.5993
2022-12-30,2.5966
2023-01-03,2.5918
2023-01-04,2.6037
2023-01-05,2.6131
2023-01-06,2.6098
2023-01-09,2.6127
2023-01-10,2.5931
2023-01-11,2.5733
2023-01-12,2.5554
2023-01-13,2.5548
2023-01-16,2.552
2023-01-17,2.5477
2023-01-18,2.5297
2023-01-19,2.5254
2023-01-20,2.5306
2023-01-23,2.5268
2023-01-24,2.5249
2023-01-25,2.5202
2023-01-26,2.5391
2023-01-27,2.5769
2023-01-30,2.6014
2023-01-31,2.5847
2023-02-01,2.5954
2023-02-02,2.5751
2023-02-03,2.5455
2023-02-06,2.5844
2023-02-07,2.5861
2023-02-08,2.5979
2023-02-09,2.6044
2023-02-10,2.6111
2023-02-13,2.6551
2023-02-14,2.6261
2023-02-15,2.6323
2023-02-16,2.642
2023-02-17,2.6407
2023-02-20,2.6467
2023-02-21,2.711
2023-02-22,2.7031
2023-02-23,2.6706
2023-02-24,2.6952
2023-02-27,2.7008
2023-02-28,2.7031
2023-03-01,2.6747
2023-03-02,2.6755
2023-03-03,2.7013
2023-03-06,2.6333
2023-03-09,2.61
2023-03-10,2.5981
2023-03-13,2.6317
2023-03-14,2.6545
2023-03-15,2.6472
2023-03-16,2.6691
2023-03-17,2.6767
2023-03-20,2.6824
2023-03-21,2.6701
2023-03-22,2.6581
2023-03-23,2.6421
2023-03-24,2.6408
2023-03-27,2.5954
2023-03-28,2.5847
2023-03-29,2.624
2023-03-30,2.6469
2023-03-31,2.6667
2023-04-03,2.6685
2023-04-04,2.6524
2023-04-11,2.6863
2023-04-13,2.7293
2023-04-14,2.7469
2023-04-17,2.7286
2023-04-18,2.7278
2023-04-19,2.7208
2023-04-20,2.7131
2023-04-21,2.7038
2023-04-24,2.7028
2023-04-25,2.6796
2023-04-27,2.6675
2023-04-28,2.6671
2023-05-01,2.6657
2023-05-02,2.6659
2023-05-03,2.67
2023-05-04,2.6715
2023-05-05,2.7028
2023-05-08,2.7231
2023-05-09,2.7341
2023-05-10,2.7451
2023-05-11,2.7185
2023-05-12,2.7016
2023-05-15,2.7009
2023-05-16,2.7187
2023-05-17,2.7055
2023-05-18,2.7009
2023-05-19,2.7026
2023-05-22,2.7045
2023-05-23,2.712
2023-05-24,2.7518
2023-05-25,2.7429
2023-05-30,2.7303
2023-05-31,2.722
2023-06-01,2.7544
2023-06-02,2.7904
2023-06-05,2.7773
2023-06-06,2.7665
2023-06-07,2.7308
2023-06-08,2.7424
2023-06-09,2.7224
2023-06-12,2.692
2023-06-13,2.6646
2023-06-14,2.7168
2023-06-15,2.689
2023-06-16,2.6877
2023-06-19,2.7279
2023-06-20,2.7273
2023-06-21,2.7256
2023-06-22,2.7553
2023-06-23,2.7499
2023-06-26,2.754
2023-06-27,2.7634
2023-06-28,2.7808
2023-06-29,2.7842
2023-06-30,2.7898
2023-07-03,2.8018
2023-07-04,2.8007
2023-07-05,2.7853
2023-07-06,2.7846
2023-07-07,2.7791
2023-07-10,2.7897
2023-07-11,2.7952
2023-07-12,2.7731
2023-07-13,2.7479
2023-07-14,2.7505
2023-07-17,2.7502
2023-07-18,2.7529
2023-07-19,2.7223
2023-07-20,2.7365
2023-07-21,2.7448
2023-07-24,2.7456
2023-07-25,2.8207
2023-07-26,2.8082
2023-07-28,2.8062
2023-07-31,2.7943
2023-08-01,2.7521
2023-08-02,2.7456
2023-08-03,2.7576
2023-08-04,2.7585
2023-08-07,2.7467
2023-08-08,2.7492
2023-08-09,2.7694
2023-08-10,2.7751
2023-08-11,2.7713
2023-08-14,2.7701
2023-08-15,2.7888
2023-08-16,2.7809
2023-08-17,2.7943
2023-08-18,2.7995
2023-08-21,2.8086
2023-08-22,2.7939
2023-08-23,2.7904
2023-08-24,2.7848
2023-08-25,2.797
2023-08-28,2.7914
2023-08-29,2.795
2023-08-30,2.7992
2023-08-31,2.8048
2023-09-01,2.8086
2023-09-04,2.8008
2023-09-05,2.7778
2023-09-06,2.7909
2023-09-07,2.8171
2023-09-08,2.8134
2023-09-11,2.8277
2023-09-12,2.7956
2023-09-13,2.8143
2023-09-14,2.8278
2023-09-18,2.8321
2023-09-19,2.8294
2023-09-20,2.8376
2023-09-21,2.818
2023-09-22,2.8334
2023-09-26,2.8297
2023-09-27,2.8428
2023-09-28,2.8555
2023-09-29,2.8425
2023-10-02,2.818
2023-10-03,2.8079
2023-10-04,2.8183
2023-10-05,2.7998
2023-10-06,2.8157
2023-10-09,2.8616
2023-10-10,2.9046
2023-10-11,2.9098
2023-10-12,2.9114
2023-10-13,2.9042
2023-10-16,2.9252
2023-10-17,2.9396
2023-10-18,2.9509
2023-10-19,2.9352
2023-10-20,2.9505
2023-10-23,2.96
2023-10-24,2.966
2023-10-25,2.9483
2023-10-26,2.9533
2023-10-27,2.9542
2023-10-30,2.9314
2023-10-31,2.9051
2023-11-01,2.9028
2023-11-02,2.872
2023-11-03,2.9003
2023-11-06,2.8408
2023-11-07,2.8125
2023-11-08,2.7937
2023-11-09,2.7935
2023-11-10,2.8049
2023-11-13,2.8005
2023-11-14,2.7723
2023-11-15,2.7522
2023-11-16,2.7574
2023-11-17,2.7127
2023-11-20,2.7171
2023-11-21,2.706
2023-11-22,2.7152
2023-11-23,2.7259
2023-11-24,2.73
2023-11-27,2.7324
2023-11-28,2.728
2023-11-29,2.7083
2023-11-30,2.7281
2023-12-01,2.7644
2023-12-04,2.7369
2023-12-05,2.7469
2023-12-06,2.7305
2023-12-07,2.7224
2023-12-08,2.721
2023-12-11,2.7341
2023-12-12,2.7326
2023-12-13,2.7291
2023-12-14,2.7426
2023-12-15,2.7348
2023-12-18,2.7341
2023-12-19,2.7213
2023-12-20,2.7327
2023-12-21,2.7075
2023-12-22,2.7112
2023-12-26,2.739
2023-12-27,2.7452
2023-12-28,2.737
2023-12-29,2.7391
2024-01-02,2.73
2024-01-03,2.7344
2024-01-04,2.7384
2024-01-05,2.7359
2024-01-08,2.7774
2024-01-09,2.7802
2024-01-10,2.8099
2024-01-11,2.7962
2024-01-12,2.7908
2024-01-15,2.7973
2024-01-16,2.7958
2024-01-17,2.7978
2024-01-18,2.7926
2024-01-19,2.7817
2024-01-22,2.8093
2024-01-23,2.7978
2024-01-24,2.7653
2024-01-25,2.74
2024-01-26,2.7553
2024-01-29,2.7455
2024-01-30,2.7234
2024-01-31,2.7078
2024-02-01,2.7168
2024-02-02,2.7252
2024-02-05,2.7221
2024-02-06,2.6928
2024-02-07,2.7055
2024-02-08,2.7208
2024-02-09,2.7373
2024-02-12,2.7351
2024-02-13,2.7102
2024-02-14,2.7046
2024-02-15,2.6798
2024-02-16,2.6771
2024-02-19,2.6882
2024-02-20,2.7114
2024-02-21,2.7191
2024-02-22,2.7067
2024-02-23,2.6939
2024-02-26,2.6992
2024-02-28,2.6554
2024-02-29,2.6384
2024-03-01,2.6237
2024-03-04,2.6346
2024-03-05,2.6435
2024-03-06,2.6572
2024-03-07,2.6603
2024-03-08,2.6627
2024-03-11,2.6772
2024-03-12,2.7059
2024-03-13,2.7127
2024-03-14,2.6911
2024-03-15,2.6962
2024-03-18,2.6958
2024-03-19,2.6956
2024-03-20,2.7077
2024-03-21,2.6683
2024-03-22,2.6693
2024-03-26,2.6974
2024-03-27,2.6928
2024-03-28,2.7122
2024-04-01,2.7041
2024-04-02,2.7246
2024-04-03,2.7496
2024-04-04,2.752
2024-04-05,2.7631
2024-04-08,2.7298
2024-04-09,2.7172
2024-04-10,2.7383
2024-04-11,2.7469
2024-04-12,2.7377
2024-04-15,2.7045
2024-04-16,2.7334
2024-04-17,2.7342
2024-04-18,2.749
2024-04-19,2.749
2024-04-24,2.7484
2024-04-25,2.7727
2024-04-26,2.799
2024-04-30,2.7331
2024-05-01,2.7171
2024-05-02,2.7232
2024-05-03,2.7229
2024-05-06,2.736
2024-05-07,2.7204
2024-05-08,2.6978
2024-05-09,2.7255
2024-05-10,2.7193
2024-05-13,2.7225
2024-05-15,2.7096
2024-05-16,2.6998
2024-05-17,2.7253
2024-05-20,2.7195
2024-05-21,2.6936
2024-05-22,2.6897
2024-05-23,2.6867
2024-05-24,2.6765
2024-05-28,2.6969
2024-05-29,2.7027
2024-05-30,2.7145
2024-05-31,2.7211
2024-06-03,2.685
2024-06-04,2.6927
2024-06-05,2.711
2024-06-06,2.7209
2024-06-07,2.729
2024-06-10,2.7228
2024-06-11,2.704
2024-06-13,2.7018
2024-06-14,2.7071
2024-06-17,2.7159
2024-06-18,2.7076
2024-06-19,2.7107
2024-06-20,2.7128
2024-06-21,2.7315
2024-06-24,2.7221
2024-06-25,2.7268
2024-06-26,2.7397
2024-06-27,2.7431
2024-06-28,2.7413
2024-07-01,2.7417
2024-07-02,2.7408
2024-07-03,2.7507
2024-07-04,2.746
2024-07-05,2.7341
2024-07-08,2.7033
2024-07-09,2.6933
2024-07-10,2.6861
2024-07-11,2.6702
2024-07-12,2.6734
2024-07-15,2.648
2024-07-16,2.6597
2024-07-17,2.6534
2024-07-18,2.6578
2024-07-19,2.6694
2024-07-22,2.6416
2024-07-23,2.6344
2024-07-24,2.6312
2024-07-25,2.6404
2024-07-26,2.6645
2024-07-29,2.6966
2024-07-30,2.6959
2024-07-31,2.722
2024-08-01,2.7423
2024-08-02,2.7449
2024-08-05,2.7579
2024-08-06,2.7768
2024-08-07,2.7533
2024-08-08,2.7579
2024-08-09,2.7246
2024-08-12,2.7463
2024-08-14,2.7215
2024-08-15,2.71
2024-08-16,2.6834
2024-08-19,2.7048
2024-08-20,2.7138
2024-08-21,2.7363
2024-08-22,2.7418
2024-08-23,2.725
2024-08-26,2.7132
2024-08-27,2.7339
2024-08-28,2.7244
2024-08-29,2.724
2024-08-30,2.7136
2024-09-02,2.7067
2024-09-03,2.7107
2024-09-04,2.7463
2024-09-05,2.7324
2024-09-06,2.7442
2024-09-09,2.7657
2024-09-10,2.7734
2024-09-11,2.7732
2024-09-12,2.7624
2024-09-13,2.7311
2024-09-16,2.7555
2024-09-17,2.7547
2024-09-18,2.7765
2024-09-19,2.7732
2024-09-20,2.775
2024-09-23,2.7884
2024-09-24,2.7927
2024-09-25,2.7971
2024-09-26,2.7426
2024-09-27,2.7459
2024-09-30,2.7435
2024-10-01,2.7519
2024-10-07,2.7881
2024-10-08,2.7657
2024-10-09,2.7486
2024-10-10,2.7454
2024-10-14,2.7235
2024-10-15,2.7132
2024-10-16,2.7308
2024-10-18,2.6916
2024-10-21,2.7034
2024-10-22,2.7314
2024-10-23,2.7403
2024-10-25,2.7329
2024-10-28,2.6835
2024-10-29,2.6927
2024-10-30,2.6632
2024-10-31,2.6704
2024-11-01,2.6995
2024-11-04,2.6957
2024-11-05,2.6998
2024-11-06,2.6885
2024-11-07,2.6824
2024-11-08,2.6796
2024-11-11,2.68
2024-11-12,2.6872
2024-11-13,2.6808
2024-11-14,2.6739
2024-11-15,2.6615
2024-11-18,2.6476
2024-11-19,2.6699
2024-11-20,2.6715
2024-11-21,2.6733
2024-11-22,2.6596
2024-11-25,2.6303
2024-11-26,2.5852
2024-11-27,2.5995
2024-11-28,2.6021
2024-11-29,2.6001
2024-12-02,2.587
2024-12-03,2.5893
2024-12-04,2.5614
2024-12-05,2.5624
2024-12-06,2.5605
2024-12-09,2.5244
2024-12-10,2.5265
2024-12-11,2.5266
2024-12-12,2.5237
2024-12-13,2.5254
2024-12-16,2.533
2024-12-17,2.5209
2024-12-18,2.5045
2024-12-19,2.5147
2024-12-20,2.5392
2024-12-23,2.5322
2024-12-24,2.5446
2024-12-26,2.55
2024-12-27,2.5538
2024-12-30,2.5355
2024-12-31,2.5354
2025-01-02,2.5302
2025-01-03,2.5408
2025-01-06,2.539
2025-01-07,2.534
2025-01-08,2.5427
2025-01-09,2.5415
2025-01-10,2.5438
2025-01-13,2.5449
2025-01-14,2.525
2025-01-15,2.5229
2025-01-16,2.5198
2025-01-17,2.4998
2025-01-20,2.4761
2025-01-21,2.4808
2025-01-22,2.4694
2025-01-23,2.4715
2025-01-24,2.4956
2025-01-27,2.5195
2025-01-28,2.5096
2025-01-29,2.4928
2025-01-30,2.4872
2025-01-31,2.4693
2025-02-03,2.4585
2025-02-04,2.4796
2025-02-05,2.4866
2025-02-06,2.4814
2025-02-07,2.4801
2025-02-10,2.484
2025-02-11,2.5015
2025-02-12,2.5119
2025-02-13,2.5012
2025-02-14,2.5152
2025-02-17,2.5044
2025-02-18,2.504
2025-02-19,2.4935
2025-02-20,2.4916
2025-02-21,2.5128
2025-02-24,2.5092
2025-02-25,2.5114
2025-02-26,2.4919
2025-02-27,2.4778
2025-02-28,2.4862
2025-03-03,2.4939
2025-03-04,2.5023
2025-03-05,2.515
2025-03-06,2.5147
2025-03-07,2.5251
2025-03-10,2.519
2025-03-11,2.5299
2025-03-12,2.5228
2025-03-13,2.5404
2025-03-17,2.5536
2025-03-18,2.5649
2025-03-19,2.5638
2025-03-20,2.5523
2025-03-21,2.5793
2025-03-24,2.5856
2025-03-25,2.5663
2025-03-26,2.5727
2025-03-27,2.5703
2025-03-28,2.571
2025-03-31,2.589
2025-04-01,2.5737
2025-04-02,2.5824
2025-04-03,2.6232
2025-04-04,2.6311
2025-04-07,2.6475
2025-04-08,2.6544
2025-04-09,2.683
2025-04-10,2.6716
2025-04-11,2.6786
2025-04-14,2.6625
2025-04-15,2.6619
2025-04-16,2.6486
2025-04-17,2.661
2025-04-21,2.674
2025-04-22,2.6876
2025-04-23,2.6544
2025-04-24,2.6316
2025-04-25,2.6018
2025-04-28,2.6165
2025-04-29,2.6157
2025-04-30,2.6296
2025-05-02,2.6133
2025-05-05,2.6182
2025-05-06,2.621
2025-05-07,2.6006
2025-05-08,2.576
2025-05-09,2.5641
2025-05-12,2.536
2025-05-13,2.5561
2025-05-14,2.5559
2025-05-15,2.5307
2025-05-16,2.5436
2025-05-19,2.5474
2025-05-20,2.5278
2025-05-21,2.5571
2025-05-22,2.5721
2025-05-23,2.6077
2025-05-27,2.569
2025-05-28,2.5614
2025-05-29,2.539
2025-05-30,2.5465
2025-06-03,2.5667
2025-06-04,2.5622
2025-06-05,2.5557
2025-06-06,2.5629
2025-06-09,2.5459
2025-06-10,2.5508
2025-06-11,2.5601
2025-06-12,2.619
2025-06-13,2.6433
2025-06-16,2.6059
2025-06-17,2.5827
2025-06-18,2.5605
2025-06-19,2.5409
2025-06-20,2.543
2025-06-23,2.5223
2025-06-24,2.4814
2025-06-25,2.4824
2025-06-26,2.4852
2025-06-27,2.487
2025-06-30,2.4674
2025-07-01,2.4752
2025-07-02,2.4706
2025-07-03,2.4736
2025-07-04,2.4572
2025-07-07,2.4416
2025-07-08,2.4577
2025-07-09,2.4298
2025-07-10,2.4165
2025-07-11,2.4327
2025-07-14,2.4606
2025-07-15,2.4436
2025-07-16,2.4445
2025-07-17,2.4396
2025-07-18,2.4444
2025-07-21,2.4465
2025-07-22,2.452
2025-07-23,2.4526
2025-07-24,2.4537
2025-07-25,2.4571
2025-07-28,2.4434
2025-07-29,2.4462
2025-07-30,2.4413
2025-07-31,2.4479
2025-08-01,2.4609
2025-08-04,2.47
2025-08-05,2.4966
2025-08-06,2.5066
2025-08-07,2.4892
2025-08-08,2.5009
2025-08-11,2.4796
2025-08-12,2.4873
2025-08-13,2.4634
2025-08-14,2.4572
2025-08-15,2.4498
2025-08-18,2.4573
2025-08-19,2.4469
2025-08-20,2.4509
2025-08-21,2.4627
2025-08-22,2.4481
2025-08-25,2.443
2025-08-26,2.4324
2025-08-27,2.4154
2025-08-28,2.4163
2025-08-29,2.4248
2025-09-01,2.4411
2025-09-02,2.4577
2025-09-03,2.443
2025-09-04,2.4345
2025-09-05,2.4232
2025-09-08,2.408
2025-09-09,2.416
2025-09-10,2.4073
2025-09-11,2.4045
2025-09-12,2.4041
2025-09-15,2.4162
2025-09-16,2.4287
2025-09-17,2.429
2025-09-18,2.4274
2025-09-19,2.4152
2025-09-25,2.4069
2025-09-26,2.4135
2025-09-29,2.3853
2025-09-30,2.3745
2025-10-03,2.3746
2025-10-06,2.3523
2025-10-08,2.3497
2025-10-09,2.3231
2025-10-10,2.3203
2025-10-13,2.3451
2025-10-15,2.3441
2025-10-16,2.348
2025-10-17,2.3645
2025-10-20,2.3591
2025-10-21,2.3413
2025-10-22,2.3524
2025-10-23,2.3636
2025-10-24,2.349
2025-10-27,2.3313
2025-10-28,2.3277
2025-10-29,2.3309
2025-10-30,2.3262
2025-10-31,2.316
2025-11-03,2.3182
2025-11-04,2.3214
2025-11-05,2.3149
2025-11-06,2.3076
2025-11-07,2.3123
2025-11-10,2.3049
2025-11-11,2.2934
2025-11-12,2.2826
2025-11-13,2.2929
2025-11-14,2.3051
2025-11-17,2.3102
2025-11-18,2.3309
2025-11-19,2.331
2025-11-20,2.3167
2025-11-21,2.3275
2025-11-24,2.326
2025-11-25,2.3187
2025-11-26,2.3271
2025-11-27,2.333
2025-11-28,2.3238
2025-12-01,2.3356
2025-12-02,2.3244
2025-12-03,2.3158
2025-12-04,2.3172
2025-12-05,2.3152
2025-12-08,2.3244
2025-12-09,2.3207
2025-12-10,2.3304
2025-12-11,2.3265
2025-12-12,2.3265
2025-12-15,2.3296
2025-12-16,2.3396
2025-12-17,2.3374
2025-12-18,2.3343
2025-12-19,2.3262
2025-12-22,2.3284
2025-12-23,2.3292
2025-12-24,2.3309
2025-12-29,2.3392
2025-12-30,2.3225
2025-12-31,2.3275
2026-01-02,2.3184
2026-01-05,2.2923
2026-01-06,2.2977
2026-01-07,2.2989
2026-01-08,2.2892
2026-01-09,2.2841
2026-01-12,2.2707
2026-01-13,2.2696
2026-01-14,2.2689
2026-01-15,2.2702
2026-01-16,2.258
2026-01-19,2.2765
2026-01-20,2.2904
2026-01-21,2.2952
2026-01-22,2.272
2026-01-23,2.2721
2026-01-26,2.2921
2026-01-27,2.2658
2026-01-28,2.2798
2026-01-29,2.2765
2026-01-30,2.2893
2026-02-02,2.2747
2026-02-03,2.2575
2026-02-04,2.2598
2026-02-05,2.2776
2026-02-06,2.2838
2026-02-09,2.2756
2026-02-10,2.2732
2026-02-11,2.2775
2026-02-12,2.2618
2026-02-13,2.265
2026-02-16,2.2661
2026-02-17,2.2738
2026-02-18,2.2707
2026-02-19,2.2908
2026-02-20,2.2809
2026-02-23,2.2801
2026-02-24,2.2713
2026-02-25,2.2617
2026-02-26,2.2739
2026-02-27,2.2836
2026-03-02,2.2499
2026-03-05,2.2539
2026-03-06,2.2545
2026-03-09,2.3024
2026-03-10,2.2792
2026-03-11,2.289
2026-03-12,2.2891
2026-03-13,2.3027
2026-03-16,2.28
2026-03-17,2.2694
2026-03-18,2.2597
2026-03-19,2.2705
2026-03-20,2.2665
2026-03-23,2.2682
2026-03-24,2.2736
2026-03-25,2.2569
2026-03-26,2.26
2026-03-27,2.2736
2026-03-30,2.279
2026-03-31,2.2718
2026-04-07,2.2576
2026-04-09,2.2282
2026-04-10,2.2094
2026-04-13,2.2098
2026-04-14,2.1948
2026-04-15,2.1875
2026-04-16,2.1802
2026-04-17,2.189
2026-04-20,2.1929
2026-04-21,2.1855
2026-04-23,2.1978
2026-04-24,2.1907
2026-04-27,2.1883
2026-04-28,2.1887
2026-04-29,2.1642
2026-04-30,2.1611
2026-05-01,2.1706
2026-05-04,2.1761
2026-05-05,2.1629
2026-05-06,2.1354
2026-05-07,2.1336
2026-05-08,2.1287
2026-05-11,2.1282
2026-05-12,2.1218
2026-05-13,2.124
2026-05-14,2.1173
2026-05-15,2.1207
2026-05-18,2.1235
2026-05-19,2.1126
2026-05-20,2.1203
2026-05-21,2.111
2026-05-26,2.0696
2026-05-27,2.0528
2026-05-28,2.0434
2026-05-29,2.0366
2026-06-01,2.035
2026-06-02,2.0393
2026-06-03,2.0732
2026-06-04,2.0829
2026-06-05,2.0931
2026-06-08,2.1104
2026-06-09,2.1089
2026-06-10,2.1342
2026-06-11,2.1209
2026-06-12,2.0985
2026-06-15,2.0813
2026-06-16,2.0801
2026-06-17,2.0819
2026-06-18,2.084
2026-06-19,2.091
2026-06-22,2.0935
2026-06-23,2.1085
2026-06-24,2.1024
2026-06-25,2.0908
2026-06-26,2.1141
2026-06-29,2.0973
2026-06-30,2.0917
2026-07-01,2.095
2026-07-02,2.1134
2026-07-03,2.1123
2026-07-06,2.1136
2026-07-07,2.1306
2026-07-08,2.1459
2026-07-09,2.1377
2026-07-10,2.122
2026-07-13,2.1402
2026-07-14,2.1366
2026-07-15,2.1293
2026-07-16,2.1403
2026-07-17,2.1738
2026-07-20,2.1733
2026-07-21,2.1672
2026-07-22,2.1708
2026-07-24,2.1749
2026-07-27,2.155
2026-07-28,2.1676
2026-07-29,2.1683
2026-07-30,2.1874
2026-07-31,2.1804
2026-08-03,2.1781
2026-08-04,2.1574
2026-08-05,2.1352
2026-08-06,2.1525
2026-08-07,2.1429
2026-08-10,2.1502
2026-08-11,2.1565
2026-08-12,2.1458
2026-08-13,2.1393
2026-08-14,2.1265
2026-08-17,2.1273
2026-08-18,2.1524
2026-08-19,2.1527
2026-08-20,2.1732
2026-08-21,2.1757
2026-08-24,2.1627
2026-08-25,2.1545
2026-08-26,2.1441
2026-08-27,2.1453
2026-08-28,2.1423
2026-08-31,2.1506
2026-09-01,2.1697
2026-09-02,2.1822
2026-09-03,2.1911
2026-09-04,2.1772
2026-09-07,2.1795
2026-09-08,2.1863
2026-09-09,2.1907
2026-09-10,2.1879
2026-09-14,2.1947
2026-09-15,2.1908
2026-09-16,2.1776
2026-09-17,2.1708
2026-09-18,2.1626
2026-09-22,2.1486
2026-09-23,2.1418
2026-09-24,2.1588
2026-09-25,2.144
