date,rate
1962-02-10,0.00006939
1967-11-19,0.00008107
1971-08-22,0.00010332
1974-11-10,0.00021409
1975-06-18,0.00024564
1975-08-05,0.00023081
1975-09-09,0.0002356
1975-09-28,0.0002528
1975-11-24,0.0002654
1976-01-04,0.00027476
1976-02-11,0.0002871
1976-03-15,0.00028918
1976-04-19,0.00030239
1976-05-20,0.00031349
1976-06-24,0.00031989
1976-07-19,0.00032624
1976-08-25,0.00033178
1976-09-29,0.00034039
1976-11-01,0.00035258
1976-11-24,0.00035674
1976-12-24,0.00035837
1977-01-17,0.00035913
1977-03-02,0.00035648
1977-03-21,0.00036434
1977-05-25,0.00037418
1977-07-04,0.000391
1977-07-18,0.0004017
1977-08-01,0.00041011
1977-08-17,0.00041489
1977-09-20,0.00043347
1977-10-17,0.0004576
1977-10-31,0.0006832
1977-11-01,0.0006875
1977-11-02,0.0006859
1977-11-03,0.0006865
1977-11-04,0.0006834
1977-11-07,0.0006867
1977-11-08,0.0006828
1977-11-09,0.0006874
1977-11-10,0.0006857
1977-11-11,0.0006886
1977-11-14,0.000689
1977-11-15,0.0006874
1977-11-16,0.0006904
1977-11-17,0.0006909
1977-11-18,0.0006899
1977-11-21,0.0006951
1977-11-22,0.0006947
1977-11-23,0.0006959
1977-11-24,0.0007023
1977-11-25,0.0007058
1977-11-28,0.0007097
1977-11-29,0.0007114
1977-11-30,0.0007081
1977-12-01,0.0007117
1977-12-02,0.0007148
1977-12-05,0.0007195
1977-12-06,0.0007258
1977-12-07,0.0007237
1977-12-08,0.0007197
1977-12-09,0.0007162
1977-12-12,0.0007182
1977-12-13,0.0007261
1977-12-14,0.0007368
1977-12-15,0.0007408
1977-12-16,0.0007399
1977-12-19,0.0007467
1977-12-20,0.0007602
1977-12-21,0.000756
1977-12-22,0.0007545
1977-12-23,0.0007491
1977-12-27,0.0007478
1977-12-28,0.0007571
1977-12-29,0.0007653
1977-12-30,0.0007665
1978-01-03,0.0007872
1978-01-04,0.0008098
1978-01-05,0.0007602
1978-01-06,0.0007587
1978-01-09,0.0007646
1978-01-10,0.000776
1978-01-11,0.0007953
1978-01-12,0.0008052
1978-01-13,0.0007956
1978-01-16,0.0007983
1978-01-17,0.0007971
1978-01-18,0.0007894
1978-01-19,0.0007891
1978-01-20,0.0007915
1978-01-23,0.000793
1978-01-24,0.000806
1978-01-25,0.0008101
1978-01-26,0.0008098
1978-01-27,0.0008085
1978-01-30,0.0008083
1978-01-31,0.0008085
1978-02-01,0.0008091
1978-02-02,0.0008065
1978-02-03,0.0008132
1978-02-06,0.0008148
1978-02-07,0.0008166
1978-02-08,0.0008185
1978-02-09,0.0008155
1978-02-10,0.0008178
1978-02-13,0.0008254
1978-02-14,0.0008369
1978-02-15,0.0008358
1978-02-16,0.0008372
1978-02-17,0.0008482
1978-02-20,0.000865
1978-02-21,0.0008803
1978-02-22,0.0008809
1978-02-23,0.0008919
1978-02-24,0.0009027
1978-02-27,0.0008856
1978-02-28,0.0008686
1978-03-01,0.0009137
1978-03-02,0.000888
1978-03-03,0.0008838
1978-03-06,0.0008683
1978-03-07,0.0008628
1978-03-09,0.0008498
1978-03-10,0.0008411
1978-03-13,0.0008272
1978-03-14,0.000837
1978-03-15,0.0008418
1978-03-16,0.0008668
1978-03-17,0.0008851
1978-03-20,0.000861
1978-03-21,0.0008561
1978-03-22,0.0008574
1978-03-23,0.0008671
1978-03-28,0.0008749
1978-03-29,0.0008757
1978-03-30,0.0008712
1978-03-31,0.0008776
1978-04-03,0.0008972
1978-04-04,0.0008856
1978-04-05,0.0008736
1978-04-06,0.0008867
1978-04-07,0.0008813
1978-04-10,0.0008818
1978-04-11,0.0008868
1978-04-12,0.0008889
1978-04-13,0.0008808
1978-04-14,0.0008761
1978-04-17,0.0008716
1978-04-18,0.0008626
1978-04-19,0.0008657
1978-04-20,0.0008489
1978-04-21,0.0008459
1978-04-24,0.0008461
1978-04-25,0.000854
1978-04-26,0.0008521
1978-04-27,0.000855
1978-05-02,0.0008601
1978-05-03,0.0008514
1978-05-05,0.0008611
1978-05-08,0.0008462
1978-05-09,0.0008453
1978-05-10,0.0008512
1978-05-12,0.0008507
1978-05-16,0.0008507
1978-05-17,0.0008548
1978-05-18,0.0008587
1978-05-19,0.0008668
1978-05-22,0.0008617
1978-05-23,0.000871
1978-05-24,0.0008739
1978-05-25,0.0008761
1978-05-26,0.0008836
1978-05-29,0.0008978
1978-05-30,0.000905
1978-05-31,0.0009158
1978-06-01,0.0009263
1978-06-02,0.0009227
1978-06-05,0.0009293
1978-06-06,0.000907
1978-06-07,0.0009125
1978-06-08,0.0009175
1978-06-09,0.0009169
1978-06-12,0.0009212
1978-06-13,0.0009225
1978-06-14,0.0009211
1978-06-15,0.0009172
1978-06-16,0.0009152
1978-06-19,0.0009236
1978-06-20,0.000926
1978-06-21,0.0009373
1978-06-22,0.0009364
1978-06-23,0.0009387
1978-06-26,0.0009483
1978-06-27,0.0009461
1978-06-28,0.000953
1978-06-29,0.000954
1978-06-30,0.0009554
1978-07-03,0.000971
1978-07-04,0.0009925
1978-07-05,0.0009879
1978-07-06,0.000981
1978-07-07,0.0009718
1978-07-10,0.0009891
1978-07-11,0.0009774
1978-07-12,0.0009779
1978-07-13,0.0009871
1978-07-14,0.0009848
1978-07-17,0.0009832
1978-07-18,0.0009852
1978-07-19,0.0009884
1978-07-20,0.0009942
1978-07-21,0.0010028
1978-07-24,0.0010211
1978-07-25,0.0010179
1978-07-26,0.0010164
1978-07-27,0.0010161
1978-07-28,0.0010238
1978-07-31,0.0010409
1978-08-02,0.0010491
1978-08-03,0.0010506
1978-08-04,0.0010648
1978-08-07,0.0010712
1978-08-08,0.0010672
1978-08-09,0.0010838
1978-08-10,0.0010733
1978-08-11,0.0010893
1978-08-14,0.0011169
1978-08-15,0.0011706
1978-08-16,0.0011498
1978-08-17,0.0011219
1978-08-18,0.0011209
1978-08-21,0.0010924
1978-08-22,0.001112
1978-08-23,0.0010768
1978-08-24,0.0010993
1978-08-25,0.0010892
1978-08-28,0.0010834
1978-08-29,0.0010798
1978-08-30,0.0011258
1978-08-31,0.001115
1978-09-01,0.0011317
1978-09-04,0.0011584
1978-09-05,0.0011468
1978-09-06,0.0011217
1978-09-07,0.0011253
1978-09-08,0.0011168
1978-09-11,0.0011212
1978-09-12,0.0011271
1978-09-13,0.001129
1978-09-14,0.0011552
1978-09-15,0.0011517
1978-09-18,0.0011619
1978-09-19,0.0011714
1978-09-20,0.0011973
1978-09-21,0.0012163
1978-09-22,0.0012166
1978-09-25,0.0012145
1978-09-26,0.0012444
1978-09-27,0.0012274
1978-09-28,0.001218
1978-09-29,0.0011872
1978-10-04,0.0011693
1978-10-05,0.0011511
1978-10-06,0.0011471
1978-10-09,0.0011517
1978-10-10,0.0011526
1978-10-12,0.0011964
1978-10-13,0.0011879
1978-10-17,0.0012115
1978-10-18,0.0012134
1978-10-19,0.0012104
1978-10-20,0.0012022
1978-10-24,0.0012032
1978-10-25,0.0012214
1978-10-26,0.001226
1978-10-27,0.0012251
1978-10-30,0.0012322
1978-10-31,0.0012574
1978-11-01,0.0012193
1978-11-02,0.0011512
1978-11-03,0.0011336
1978-11-06,0.0011216
1978-11-08,0.0011409
1978-11-09,0.0011617
1978-11-10,0.0011449
1978-11-13,0.0011495
1978-11-14,0.0011505
1978-11-15,0.0011435
1978-11-16,0.0011381
1978-11-17,0.0011244
1978-11-20,0.0010705
1978-11-21,0.001097
1978-11-22,0.0010886
1978-11-23,0.0010993
1978-11-24,0.0010992
1978-11-27,0.0010834
1978-11-28,0.0010916
1978-11-29,0.0010868
1978-11-30,0.0010939
1978-12-01,0.0010779
1978-12-04,0.001084
1978-12-05,0.0010929
1978-12-06,0.0010882
1978-12-07,0.0010934
1978-12-08,0.0010956
1978-12-11,0.0011006
1978-12-12,0.0011107
1978-12-13,0.0010976
1978-12-14,0.0010953
1978-12-15,0.0011054
1978-12-18,0.0011208
1978-12-19,0.0011269
1978-12-20,0.0011493
1978-12-21,0.0011413
1978-12-22,0.0011365
1978-12-27,0.0011681
1978-12-28,0.0011693
1978-12-29,0.001172
1979-01-03,0.0011704
1979-01-04,0.0011483
1979-01-05,0.001151
1979-01-08,0.0011591
1979-01-09,0.001142
1979-01-10,0.0011235
1979-01-11,0.0011269
1979-01-12,0.0011141
1979-01-15,0.0011121
1979-01-16,0.00112
1979-01-17,0.0011463
1979-01-18,0.0011397
1979-01-19,0.001143
1979-01-22,0.0011423
1979-01-23,0.0011416
1979-01-24,0.0011413
1979-01-25,0.0011298
1979-01-26,0.0011295
1979-01-29,0.0011278
1979-01-30,0.0011321
1979-01-31,0.0011326
1979-02-01,0.0011191
1979-02-02,0.0011233
1979-02-05,0.0011428
1979-02-06,0.0011552
1979-02-07,0.0011549
1979-02-08,0.001151
1979-02-09,0.0011457
1979-02-12,0.0011699
1979-02-13,0.0011751
1979-02-14,0.0011727
1979-02-15,0.0011837
1979-02-16,0.0011771
1979-02-19,0.0011775
1979-02-20,0.001179
1979-02-21,0.0011824
1979-02-22,0.001178
1979-02-23,0.0011794
1979-02-26,0.0011775
1979-02-27,0.0011672
1979-02-28,0.0011541
1979-03-01,0.0011606
1979-03-02,0.0011469
1979-03-05,0.0011464
1979-03-06,0.0011494
1979-03-07,0.0011572
1979-03-08,0.0011762
1979-03-09,0.001186
1979-03-12,0.0011921
1979-03-13,0.0011972
1979-03-15,0.0012005
1979-03-16,0.0012101
1979-03-19,0.0012159
1979-03-20,0.0012244
1979-03-21,0.0012249
1979-03-22,0.00123
1979-03-23,0.0012373
1979-03-26,0.00124
1979-03-27,0.0012565
1979-03-28,0.0012585
1979-03-29,0.0012646
1979-03-30,0.0012664
1979-04-02,0.0012579
1979-04-03,0.0012607
1979-04-04,0.0012607
1979-04-05,0.0012638
1979-04-06,0.0012633
1979-04-09,0.0012582
1979-04-10,0.001266
1979-04-11,0.0012732
1979-04-17,0.0012789
1979-04-19,0.001304
1979-04-20,0.0012959
1979-04-23,0.0012967
1979-04-24,0.0013038
1979-04-25,0.0013097
1979-04-26,0.0013143
1979-04-27,0.0013172
1979-04-30,0.0013144
1979-05-03,0.0013249
1979-05-04,0.0013256
1979-05-07,0.0013341
1979-05-08,0.0013468
1979-05-09,0.0013475
1979-05-10,0.0013535
1979-05-11,0.0013569
1979-05-14,0.0013636
1979-05-15,0.0013587
1979-05-16,0.0013594
1979-05-17,0.0013747
1979-05-18,0.0013738
1979-05-21,0.0013756
1979-05-22,0.0013874
1979-05-23,0.0013832
1979-05-25,0.0013998
1979-05-28,0.0013986
1979-05-29,0.001399
1979-05-30,0.0013954
1979-05-31,0.0014018
1979-06-05,0.0013962
1979-06-06,0.0013841
1979-06-07,0.0013853
1979-06-08,0.0013898
1979-06-11,0.0014034
1979-06-12,0.0014092
1979-06-13,0.0014137
1979-06-14,0.0014198
1979-06-15,0.0014335
1979-06-18,0.0014531
1979-06-19,0.0014656
1979-06-20,0.0014942
1979-06-21,0.0014964
1979-06-22,0.001521
1979-06-25,0.0015355
1979-06-26,0.0015239
1979-06-27,0.001525
1979-06-28,0.0015261
1979-06-29,0.0015176
1979-07-02,0.0015224
1979-07-03,0.0015158
1979-07-04,0.0015262
1979-07-05,0.0015345
1979-07-06,0.0015346
1979-07-09,0.0015299
1979-07-10,0.0015318
1979-07-11,0.001543
1979-07-12,0.0015488
1979-07-13,0.0015451
1979-07-16,0.0015538
1979-07-17,0.0015757
1979-07-18,0.001587
1979-07-19,0.0015771
1979-07-20,0.0015788
1979-07-23,0.0015848
1979-07-24,0.001594
1979-07-25,0.0015844
1979-07-26,0.0015719
1979-07-27,0.0015731
1979-07-30,0.0015743
1979-07-31,0.0015566
1979-08-03,0.0015572
1979-08-06,0.0015632
1979-08-07,0.0015661
1979-08-08,0.001572
1979-08-09,0.0015752
1979-08-10,0.0015912
1979-08-13,0.0016054
1979-08-14,0.0015973
1979-08-15,0.0016005
1979-08-16,0.0016057
1979-08-17,0.0016137
1979-08-20,0.0016225
1979-08-21,0.0016266
1979-08-22,0.0016278
1979-08-23,0.0016294
1979-08-24,0.0016338
1979-08-27,0.0016376
1979-08-28,0.0016372
1979-08-29,0.0016352
1979-08-30,0.0016384
1979-08-31,0.0016368
1979-09-03,0.0016434
1979-09-04,0.0016496
1979-09-05,0.0016535
1979-09-06,0.0016721
1979-09-07,0.0016776
1979-09-10,0.0016928
1979-09-11,0.0016994
1979-09-12,0.0016984
1979-09-13,0.0017031
1979-09-14,0.0017165
1979-09-17,0.0017383
1979-09-18,0.001752
1979-09-19,0.0017636
1979-09-20,0.0018194
1979-09-21,0.0018424
1979-09-24,0.0018431
1979-09-25,0.0018425
1979-09-26,0.0018341
1979-09-27,0.0018594
1979-09-28,0.001868
1979-10-02,0.0018777
1979-10-03,0.0018616
1979-10-04,0.00185
1979-10-05,0.0018494
1979-10-08,0.0018375
1979-10-09,0.0018067
1979-10-10,0.0018386
1979-10-11,0.0018391
1979-10-12,0.0018291
1979-10-15,0.0018278
1979-10-16,0.0018253
1979-10-17,0.0018271
1979-10-18,0.0018228
1979-10-19,0.001831
1979-10-22,0.0018255
1979-10-23,0.0018118
1979-10-24,0.0018195
1979-10-25,0.0018373
1979-10-26,0.00183
1979-10-29,0.001823
1979-10-30,0.0018183
1979-10-31,0.0018416
1979-11-01,0.0018509
1979-11-02,0.0018597
1979-11-05,0.0018917
1979-11-06,0.0019006
1979-11-07,0.0019208
1979-11-08,0.0019166
1979-11-09,0.0018979
1979-11-12,0.0019032
1979-11-13,0.0018874
1979-11-14,0.0019038
1979-11-15,0.0019057
1979-11-16,0.001912
1979-11-19,0.0019367
1979-11-20,0.0019397
1979-11-21,0.0019624
1979-11-22,0.0019683
1979-11-23,0.0019655
1979-11-26,0.0019585
1979-11-27,0.0019764
1979-11-28,0.0019989
1979-11-29,0.0020043
1979-11-30,0.0020335
1979-12-03,0.002102
1979-12-04,0.0020904
1979-12-05,0.0020767
1979-12-06,0.0020845
1979-12-07,0.0020693
1979-12-10,0.0020903
1979-12-11,0.0021003
1979-12-12,0.0021218
1979-12-13,0.0021133
1979-12-14,0.002105
1979-12-17,0.0020996
1979-12-18,0.0021251
1979-12-19,0.0021231
1979-12-20,0.0021394
1979-12-21,0.0021511
1979-12-27,0.0022017
1979-12-28,0.0022169
1980-01-02,2.2169
1980-01-03,0.002275
1980-01-04,0.0022527
1980-01-06,2.2527
1980-01-07,0.0022676
1980-01-08,0.0022709
1980-01-09,0.0022831
1980-01-10,0.0022857
1980-01-11,0.0022956
1980-01-13,2.2956
1980-01-14,0.0022934
1980-01-15,0.0022966
1980-01-16,0.0022759
1980-01-17,0.0022865
1980-01-18,0.0022875
1980-01-20,2.2875
1980-01-21,0.0022948
1980-01-22,0.002285
1980-01-23,0.0022845
1980-01-24,0.0022956
1980-01-25,0.0022931
1980-01-27,2.2931
1980-01-28,0.0022922
1980-01-29,0.0022902
1980-01-30,0.0022908
1980-01-31,0.0022788
1980-02-01,0.0022673
1980-02-03,2.2673
1980-02-04,0.0022817
1980-02-05,0.0022956
1980-02-06,0.0023119
1980-02-07,0.0023314
1980-02-08,0.0023305
1980-02-10,2.3305
1980-02-11,0.0023387
1980-02-12,0.0023362
1980-02-13,0.0023478
1980-02-14,0.0023504
1980-02-15,0.0023476
1980-02-17,2.3476
1980-02-18,0.0023541
1980-02-19,0.0023622
1980-02-20,0.00237
1980-02-21,0.0023711
1980-02-22,0.0023622
1980-02-24,2.3622
1980-02-25,0.0023953
1980-02-26,0.00239
1980-02-27,0.0023663
1980-02-28,0.0023724
1980-02-29,0.0023456
1980-03-04,0.0023123
1980-03-05,0.0022927
1980-03-06,0.0022981
1980-03-07,0.0022965
1980-03-09,2.2965
1980-03-10,0.0022926
1980-03-11,0.0022923
1980-03-12,0.0023144
1980-03-13,0.0023156
1980-03-14,0.0022877
1980-03-16,2.2877
1980-03-17,0.002264
1980-03-18,0.0022782
1980-03-19,0.0023034
1980-03-20,0.0023207
1980-03-21,0.0023044
1980-03-23,2.3044
1980-03-24,0.0022931
1980-03-25,0.0022979
1980-03-26,0.0023007
1980-03-27,0.0022689
1980-03-28,0.0022648
1980-03-30,2.2648
1980-03-31,0.002261
1980-04-02,0.0022321
1980-04-03,0.0022709
1980-04-04,2.2709
1980-04-06,2.2709
1980-04-08,0.0022579
1980-04-09,0.0023507
1980-04-10,0.0024262
1980-04-11,0.0024512
1980-04-13,2.4512
1980-04-14,0.0024539
1980-04-15,0.0024248
1980-04-16,0.0024238
1980-04-17,0.0024577
1980-04-18,0.0024843
1980-04-20,2.4843
1980-04-22,0.0024871
1980-04-23,0.0025094
1980-04-24,0.0025506
1980-04-25,0.0025556
1980-04-27,2.5556
1980-04-28,0.0025838
1980-04-29,0.0025842
1980-04-30,0.0025765
1980-05-01,2.5765
1980-05-02,0.0025781
1980-05-04,2.5781
1980-05-05,0.0025916
1980-05-06,0.0026374
1980-05-07,0.0026465
1980-05-08,0.0026405
1980-05-09,0.0026381
1980-05-11,2.6381
1980-05-12,0.0026502
1980-05-13,0.0026843
1980-05-14,0.0026762
1980-05-15,2.6762
1980-05-16,0.0026875
1980-05-18,2.6875
1980-05-19,0.0027252
1980-05-20,0.0027128
1980-05-22,0.0027346
1980-05-23,0.0027556
1980-05-25,2.7556
1980-05-26,2.7556
1980-05-27,0.0028277
1980-05-28,0.002804
1980-05-29,0.0027922
1980-05-30,0.0027628
1980-06-01,2.7628
1980-06-02,0.0027845
1980-06-03,0.002765
1980-06-04,0.0028055
1980-06-05,0.0028221
1980-06-06,0.0028495
1980-06-08,2.8495
1980-06-09,0.0029006
1980-06-10,0.0029131
1980-06-11,0.0029172
1980-06-12,0.0029172
1980-06-13,0.0029458
1980-06-15,2.9458
1980-06-16,0.0029413
1980-06-17,0.0029302
1980-06-18,0.0029583
1980-06-19,0.002953
1980-06-20,0.0029647
1980-06-22,2.9647
1980-06-23,0.0029872
1980-06-24,0.002986
1980-06-25,0.0030006
1980-06-26,0.0030205
1980-06-27,0.0030385
1980-06-29,3.0385
1980-06-30,0.0030705
1980-07-01,0.003053
1980-07-02,0.0030698
1980-07-03,0.0030864
1980-07-04,0.0031157
1980-07-06,3.1157
1980-07-07,0.003145
1980-07-08,0.003191
1980-07-09,0.003183
1980-07-10,0.003182
1980-07-11,0.0031729
1980-07-13,3.1729
1980-07-14,0.0031635
1980-07-15,0.0031721
1980-07-16,0.0031681
1980-07-17,0.0032221
1980-07-18,0.0032112
1980-07-20,3.2112
1980-07-21,0.0032294
1980-07-23,0.0032229
1980-07-24,0.0032225
1980-07-25,0.0032293
1980-07-27,3.2293
1980-07-28,0.0032327
1980-07-29,0.0032182
1980-07-30,0.0032004
1980-07-31,0.0031721
1980-08-01,3.1721
1980-08-03,3.1721
1980-08-04,0.0031746
1980-08-05,0.0032192
1980-08-06,0.0032374
1980-08-07,0.0032375
1980-08-08,0.0032366
1980-08-10,3.2366
1980-08-11,0.0032221
1980-08-12,0.0032385
1980-08-13,0.0032663
1980-08-14,0.0032513
1980-08-15,0.0032543
1980-08-17,3.2543
1980-08-18,0.0032516
1980-08-19,0.0032682
1980-08-20,0.0033068
1980-08-21,0.0033087
1980-08-22,0.0033134
1980-08-24,3.3134
1980-08-25,0.0033219
1980-08-26,0.0033418
1980-08-27,0.0033622
1980-08-28,0.0033777
1980-08-29,0.0033831
1980-08-31,3.3831
1980-09-01,0.0033984
1980-09-02,0.0034164
1980-09-03,0.0034191
1980-09-04,0.0034288
1980-09-05,0.0034286
1980-09-07,3.4286
1980-09-08,0.0034643
1980-09-09,0.0034918
1980-09-10,0.0034985
1980-09-14,3.4985
1980-09-15,0.0034994
1980-09-16,0.0035125
1980-09-17,0.0035285
1980-09-18,0.0035442
1980-09-19,0.0035472
1980-09-21,3.5472
1980-09-22,0.003541
1980-09-23,0.0035183
1980-09-24,0.0035582
1980-09-26,0.0035893
1980-09-28,3.5893
1980-09-29,0.0035738
1980-10-03,0.0036016
1980-10-05,3.6016
1980-10-06,0.0036395
1980-10-07,0.0036472
1980-10-08,0.0036573
1980-10-09,0.0036619
1980-10-10,0.0036809
1980-10-12,3.6809
1980-10-13,0.0036868
1980-10-14,0.0036895
1980-10-15,0.0036722
1980-10-16,0.0036886
1980-10-17,0.0036716
1980-10-19,3.6716
1980-10-20,0.0036916
1980-10-21,0.0037033
1980-10-22,0.0037068
1980-10-23,0.0037214
1980-10-24,0.0037227
1980-10-26,3.7227
1980-10-27,0.0037115
1980-10-28,0.0036888
1980-10-29,0.0036921
1980-10-30,0.0037331
1980-10-31,0.0037042
1980-11-02,3.7042
1980-11-03,0.0036988
1980-11-04,0.0037306
1980-11-05,0.0036894
1980-11-06,0.0037234
1980-11-07,0.0037347
1980-11-09,3.7347
1980-11-10,0.0037912
1980-11-11,0.0039224
1980-11-12,0.0038775
1980-11-13,0.003896
1980-11-14,0.0038783
1980-11-16,3.8783
1980-11-17,0.003881
1980-11-18,0.0038988
1980-11-19,0.0039285
1980-11-20,0.0039517
1980-11-21,0.0039211
1980-11-23,3.9211
1980-11-24,0.0039678
1980-11-25,0.0039873
1980-11-26,0.0040032
1980-11-27,0.0040134
1980-11-28,0.0040108
1980-11-30,4.0108
1980-12-01,0.0039691
1980-12-02,0.0040314
1980-12-03,0.0040348
1980-12-04,0.0040326
1980-12-05,0.0040238
1980-12-07,4.0238
1980-12-08,0.0040648
1980-12-09,0.0040769
1980-12-10,0.0040647
1980-12-11,0.0040252
1980-12-12,0.0040514
1980-12-14,4.0514
1980-12-15,0.0041667
1980-12-16,0.0041313
1980-12-17,0.0041668
1980-12-18,0.0041585
1980-12-19,0.0042026
1980-12-21,4.2026
1980-12-22,0.0042389
1980-12-23,0.0042735
1980-12-24,0.0042754
1980-12-26,4.2754
1980-12-28,4.2754
1980-12-29,0.0043297
1980-12-30,0.0043189
1980-12-31,0.0042554
1981-01-02,4.2554
1981-01-04,4.2554
1981-01-05,0.0043344
1981-01-06,0.0043796
1981-01-07,0.0043885
1981-01-08,0.0043192
1981-01-09,0.0043186
1981-01-11,4.3186
1981-01-12,0.0043334
1981-01-13,0.0042677
1981-01-14,0.0043459
1981-01-15,0.0043584
1981-01-16,0.0043231
1981-01-18,4.3231
1981-01-19,0.0044047
1981-01-20,0.0043937
1981-01-21,0.0044267
1981-01-22,0.0044349
1981-01-23,0.0044232
1981-01-25,4.4232
1981-01-26,0.0044038
1981-01-27,0.0043598
1981-01-28,0.0043081
1981-01-29,0.0042496
1981-01-30,0.0042159
1981-02-01,4.2159
1981-02-02,0.0042441
1981-02-03,0.0041501
1981-02-04,0.0041634
1981-02-05,0.0041873
1981-02-06,0.0041853
1981-02-08,4.1853
1981-02-09,0.004266
1981-02-10,0.0042579
1981-02-11,0.0042263
1981-02-12,0.0041846
1981-02-13,0.0041875
1981-02-15,4.1875
1981-02-16,0.0041288
1981-02-17,0.0042717
1981-02-18,0.0043562
1981-02-19,0.0044097
1981-02-20,0.0045304
1981-02-22,4.5304
1981-02-23,0.0045233
1981-02-24,0.0044794
1981-02-25,0.0045147
1981-02-26,0.00445
1981-02-27,0.0043967
1981-03-01,4.3967
1981-03-02,0.0043529
1981-03-03,0.0043615
1981-03-04,0.0045025
1981-03-05,0.0045124
1981-03-06,0.0044369
1981-03-08,4.4369
1981-03-09,0.0044817
1981-03-10,0.0045613
1981-03-11,0.0045997
1981-03-12,0.0045298
1981-03-13,0.0045425
1981-03-15,4.5425
1981-03-16,0.0045905
1981-03-17,0.0046639
1981-03-18,0.0047215
1981-03-19,0.0047658
1981-03-20,0.0047051
1981-03-23,0.0046848
1981-03-24,0.0047008
1981-03-25,0.0046976
1981-03-26,0.0046625
1981-03-27,0.0045942
1981-03-29,4.5942
1981-03-30,0.0046106
1981-03-31,0.0046288
1981-04-01,0.0046376
1981-04-02,0.0046792
1981-04-03,0.0046526
1981-04-05,4.6526
1981-04-06,0.0046458
1981-04-07,0.0046788
1981-04-08,0.0047576
1981-04-09,0.0047397
1981-04-10,0.0047191
1981-04-12,4.7191
1981-04-13,0.0046538
1981-04-14,0.0046665
1981-04-15,0.0046592
1981-04-16,0.0046435
1981-04-17,4.6435
1981-04-20,4.6435
1981-04-21,0.004673
1981-04-22,0.0047398
1981-04-23,0.004724
1981-04-24,0.0047197
1981-04-26,4.7197
1981-04-27,0.0047683
1981-04-28,0.0047417
1981-04-29,0.0047135
1981-04-30,0.0046952
1981-05-01,4.6952
1981-05-03,4.6952
1981-05-04,0.0047097
1981-05-05,0.0047095
1981-05-06,0.0047696
1981-05-08,0.0047848
1981-05-10,4.7848
1981-05-11,0.0047878
1981-05-12,0.0048127
1981-05-13,0.0048097
1981-05-14,0.0047776
1981-05-15,0.0048406
1981-05-17,4.8406
1981-05-18,0.0049517
1981-05-19,0.0050492
1981-05-20,0.0050803
1981-05-21,0.0051025
1981-05-22,0.0050756
1981-05-24,5.0756
1981-05-25,0.0051459
1981-05-26,0.00512
1981-05-27,0.0051427
1981-05-28,5.1427
1981-05-29,0.0052202
1981-05-31,5.2202
1981-06-01,0.0052524
1981-06-02,0.0051947
1981-06-03,0.0052905
1981-06-04,0.0052818
1981-06-05,0.0052177
1981-06-07,5.2177
1981-06-09,0.005336
1981-06-10,0.0054554
1981-06-11,0.0054026
1981-06-12,0.0054267
1981-06-14,5.4267
1981-06-15,0.0055511
1981-06-16,0.0056103
1981-06-17,0.0056387
1981-06-18,0.0055599
1981-06-19,0.0055333
1981-06-21,5.5333
1981-06-22,0.0056194
1981-06-23,0.0056795
1981-06-24,0.0057209
1981-06-25,0.0057019
1981-06-26,0.0056855
1981-06-28,5.6855
1981-06-29,0.0057654
1981-07-01,0.0057057
1981-07-02,0.0056706
1981-07-03,0.0057402
1981-07-05,5.7402
1981-07-06,0.0057245
1981-07-07,0.005748
1981-07-08,0.0057363
1981-07-09,0.0057388
1981-07-10,0.0057729
1981-07-12,5.7729
1981-07-13,0.0058284
1981-07-14,0.0057581
1981-07-15,0.0057856
1981-07-16,0.0058048
1981-07-17,0.0057794
1981-07-19,5.7794
1981-07-20,0.0057481
1981-07-21,0.0057364
1981-07-22,0.0057414
1981-07-23,0.005787
1981-07-24,0.00575
1981-07-26,5.75
1981-07-27,0.0057944
1981-07-28,0.0057268
1981-07-29,0.0057569
1981-07-30,0.005696
1981-07-31,0.0056937
1981-08-02,5.6937
1981-08-03,0.0056163
1981-08-04,0.0056173
1981-08-05,0.0056485
1981-08-06,0.0056518
1981-08-07,0.0056068
1981-08-10,0.0055436
1981-08-11,0.0056256
1981-08-12,0.0057185
1981-08-13,0.0057422
1981-08-14,0.0056926
1981-08-16,5.6926
1981-08-17,0.0057261
1981-08-18,0.0058459
1981-08-19,0.0058024
1981-08-20,0.0058182
1981-08-21,0.0058691
1981-08-23,5.8691
1981-08-24,0.0058807
1981-08-25,0.0057895
1981-08-26,0.0058303
1981-08-27,0.0059289
1981-08-28,0.005943
1981-08-30,5.943
1981-08-31,0.005987
1981-09-01,0.0058715
1981-09-02,0.0059065
1981-09-03,0.0059469
1981-09-04,0.0060058
1981-09-06,6.0058
1981-09-07,0.0061494
1981-09-08,0.0062148
1981-09-09,0.0062874
1981-09-10,0.0063847
1981-09-11,0.0064526
1981-09-13,6.4526
1981-09-14,0.0065539
1981-09-15,0.006601
1981-09-16,0.0066114
1981-09-17,0.0067464
1981-09-18,0.0067421
1981-09-20,6.7421
1981-09-21,0.0068291
1981-09-22,0.0067051
1981-09-23,0.0067549
1981-09-24,0.006709
1981-09-25,0.0067582
1981-09-27,6.7582
1981-09-28,0.0067301
1981-10-01,0.0068166
1981-10-02,0.0069506
1981-10-04,6.9506
1981-10-05,0.0071802
1981-10-06,0.0071906
1981-10-07,0.0072408
1981-10-09,0.0073524
1981-10-11,7.3524
1981-10-12,0.0073533
1981-10-14,0.007301
1981-10-15,0.0074047
1981-10-16,0.0073012
1981-10-18,7.3012
1981-10-19,0.0073532
1981-10-21,0.0073318
1981-10-22,0.0073261
1981-10-23,0.0073164
1981-10-25,7.3164
1981-10-26,0.0072227
1981-10-28,0.0073442
1981-10-29,0.0074242
1981-10-30,0.0076449
1981-11-01,7.6449
1981-11-02,0.0078342
1981-11-03,0.0077856
1981-11-04,0.0078851
1981-11-05,0.0079267
1981-11-06,0.0079217
1981-11-08,7.9217
1981-11-09,0.0080812
1981-11-10,0.0080203
1981-11-11,0.0080152
1981-11-12,0.0081092
1981-11-13,0.0081835
1981-11-15,8.1835
1981-11-16,0.0081839
1981-11-17,0.0081784
1981-11-18,0.0080625
1981-11-19,0.0082123
1981-11-20,0.008158
1981-11-22,8.158
1981-11-23,0.0081427
1981-11-24,0.0082914
1981-11-25,0.0083595
1981-11-26,0.0084291
1981-11-27,0.0084109
1981-11-29,8.4109
1981-11-30,0.0084605
1981-12-01,0.0084342
1981-12-02,0.008377
1981-12-03,0.0083861
1981-12-04,0.008436
1981-12-06,8.436
1981-12-07,0.0084437
1981-12-08,0.0083694
1981-12-09,0.0082751
1981-12-10,0.0082011
1981-12-11,0.0082133
1981-12-13,8.2133
1981-12-14,0.0081786
1981-12-15,0.0081571
1981-12-16,0.0083475
1981-12-17,0.0083986
1981-12-18,0.0083708
1981-12-20,8.3708
1981-12-21,0.0084455
1981-12-22,0.0085628
1981-12-23,0.008573
1981-12-24,0.0085629
1981-12-27,8.5629
1981-12-28,0.008613
1981-12-29,0.0086206
1981-12-30,0.0086499
1981-12-31,0.008681
1982-01-03,8.681
1982-01-04,0.0087716
1982-01-05,0.0086681
1982-01-06,0.008726
1982-01-07,0.0086381
1982-01-08,0.0086617
1982-01-10,8.6617
1982-01-11,0.0086775
1982-01-12,0.0085804
1982-01-13,0.0086595
1982-01-14,0.0086063
1982-01-15,0.0086678
1982-01-17,8.6678
1982-01-18,0.0086751
1982-01-19,0.0088258
1982-01-20,0.0087879
1982-01-21,0.0088203
1982-01-22,0.0088748
1982-01-24,8.8748
1982-01-25,0.0088629
1982-01-26,0.0088889
1982-01-27,0.0089922
1982-01-28,0.0089604
1982-01-29,0.0091013
1982-01-31,9.1013
1982-02-01,0.0090399
1982-02-02,0.0089289
1982-02-03,0.0090244
1982-02-04,0.0089672
1982-02-05,0.009082
1982-02-07,9.082
1982-02-08,0.0090649
1982-02-09,0.0090322
1982-02-10,0.009053
1982-02-11,0.0091144
1982-02-12,0.0090613
1982-02-14,9.0613
1982-02-15,0.0090714
1982-02-16,0.0091638
1982-02-17,0.0092453
1982-02-18,0.0093369
1982-02-19,0.0094434
1982-02-21,9.4434
1982-02-22,0.0095882
1982-02-23,0.0095734
1982-02-24,0.0096554
1982-02-25,0.009606
1982-02-26,0.0095714
1982-02-28,9.5714
1982-03-01,0.0095476
1982-03-02,0.0097034
1982-03-03,0.0097456
1982-03-04,0.0097052
1982-03-05,0.0098514
1982-03-07,9.8514
1982-03-08,0.0100085
1982-03-11,0.009949
1982-03-12,0.009921
1982-03-14,9.921
1982-03-15,0.0099717
1982-03-16,0.0099649
1982-03-17,0.0100032
1982-03-18,0.0100165
1982-03-19,0.0099435
1982-03-21,9.9435
1982-03-22,0.0099868
1982-03-23,0.0099895
1982-03-24,0.0101167
1982-03-25,0.0100022
1982-03-26,0.0099553
1982-03-28,9.9553
1982-03-29,0.0099439
1982-03-30,0.0098554
1982-03-31,0.0098872
1982-04-01,0.009915
1982-04-02,0.009983
1982-04-04,9.983
1982-04-05,0.0099529
1982-04-06,0.0099444
1982-04-07,0.0099981
1982-04-09,9.9981
1982-04-11,9.9981
1982-04-12,9.9981
1982-04-13,0.0100527
1982-04-15,0.0100948
1982-04-16,0.0101127
1982-04-18,10.1127
1982-04-19,0.0102273
1982-04-20,0.0103389
1982-04-21,0.0103653
1982-04-22,0.0102557
1982-04-23,0.0102571
1982-04-25,10.2571
1982-04-26,0.0103807
1982-04-27,0.0103812
1982-04-29,0.0104432
1982-04-30,0.0104901
1982-05-02,10.4901
1982-05-03,0.0105733
1982-05-04,0.0105488
1982-05-05,0.0105988
1982-05-06,0.0106688
1982-05-07,0.010918
1982-05-09,10.918
1982-05-10,0.0109301
1982-05-11,0.0108813
1982-05-12,0.0108785
1982-05-13,0.0107596
1982-05-14,0.0108309
1982-05-16,10.8309
1982-05-17,0.0108482
1982-05-18,0.0108124
1982-05-19,0.0107926
1982-05-20,10.7926
1982-05-21,0.0110094
1982-05-23,11.0094
1982-05-24,0.0110476
1982-05-25,0.0110536
1982-05-26,0.0110083
1982-05-27,0.0109689
1982-05-30,10.9689
1982-05-31,10.9689
1982-06-01,0.0109317
1982-06-02,0.0109048
1982-06-03,0.0109554
1982-06-04,0.0109513
1982-06-06,10.9513
1982-06-07,0.0109018
1982-06-08,0.010977
1982-06-09,0.0108785
1982-06-10,0.0109144
1982-06-11,0.0110249
1982-06-13,11.0249
1982-06-14,0.0110658
1982-06-15,0.0111187
1982-06-16,0.0110708
1982-06-17,0.0111148
1982-06-18,0.0111022
1982-06-20,11.1022
1982-06-21,0.0110931
1982-06-22,0.0112617
1982-06-23,0.0113188
1982-06-24,0.0114178
1982-06-25,0.0113408
1982-06-27,11.3408
1982-06-28,0.0113259
1982-06-29,0.011374
1982-06-30,0.0114517
1982-07-01,0.0115196
1982-07-02,0.011568
1982-07-04,11.568
1982-07-05,0.0116483
1982-07-06,0.0116892
1982-07-07,0.0116661
1982-07-08,0.0116943
1982-07-09,0.0117885
1982-07-11,11.7885
1982-07-12,0.0121205
1982-07-13,0.0120176
1982-07-14,0.0119363
1982-07-15,0.0118881
1982-07-16,0.0119666
1982-07-18,11.9666
1982-07-19,0.0121701
1982-07-20,0.0120783
1982-07-21,0.0122232
1982-07-22,0.0122249
1982-07-23,0.012429
1982-07-25,12.429
1982-07-26,0.0125225
1982-07-27,0.012552
1982-07-28,0.012463
1982-07-30,0.0123312
1982-08-01,12.3312
1982-08-02,0.0126486
1982-08-03,0.0128103
1982-08-04,0.0125939
1982-08-05,0.0126781
1982-08-06,0.0125679
1982-08-08,12.5679
1982-08-09,0.0125038
1982-08-10,0.0127201
1982-08-11,0.0125795
1982-08-12,0.0125211
1982-08-13,0.0126293
1982-08-15,12.6293
1982-08-16,0.0125901
1982-08-17,0.0125843
1982-08-18,0.0128019
1982-08-19,0.012683
1982-08-20,0.0129839
1982-08-22,12.9839
1982-08-23,0.0130458
1982-08-24,0.013158
1982-08-25,0.0131655
1982-08-26,0.013137
1982-08-27,0.0130963
1982-08-29,13.0963
1982-08-30,0.01286
1982-08-31,0.0129205
1982-09-01,0.012992
1982-09-02,0.0131593
1982-09-03,0.0134915
1982-09-05,13.4915
1982-09-06,0.0135518
1982-09-07,0.0137101
1982-09-08,0.013568
1982-09-09,0.0135968
1982-09-10,0.0134877
1982-09-12,13.4877
1982-09-13,0.0134076
1982-09-14,0.0134378
1982-09-15,0.0134872
1982-09-16,0.0133738
1982-09-17,0.0135377
1982-09-20,0.0136634
1982-09-21,0.0136166
1982-09-22,0.0136046
1982-09-23,0.0135174
1982-09-24,0.0134428
1982-09-26,13.4428
1982-09-28,0.013407
1982-09-29,0.0134825
1982-09-30,0.013387
1982-10-01,0.0134745
1982-10-03,13.4745
1982-10-04,0.0133667
1982-10-05,0.0133442
1982-10-06,0.0133865
1982-10-07,0.0134419
1982-10-08,0.0136973
1982-10-10,13.6973
1982-10-11,0.0137977
1982-10-12,0.0138571
1982-10-13,0.0138384
1982-10-14,0.0139655
1982-10-15,0.0137994
1982-10-17,13.7994
1982-10-18,0.0139185
1982-10-19,0.0138282
1982-10-20,0.013702
1982-10-21,0.0136586
1982-10-22,0.0137822
1982-10-24,13.7822
1982-10-25,0.0136798
1982-10-26,0.0137709
1982-10-27,0.0139007
1982-10-28,0.0138049
1982-10-29,0.0138076
1982-10-31,13.8076
1982-11-01,0.0138766
1982-11-02,0.0140022
1982-11-03,0.0140068
1982-11-04,0.0139606
1982-11-05,0.0139816
1982-11-07,13.9816
1982-11-08,0.0133033
1982-11-09,0.0139784
1982-11-10,0.0140397
1982-11-11,0.013944
1982-11-12,0.0139623
1982-11-14,13.9623
1982-11-15,0.0140601
1982-11-16,0.0141737
1982-11-17,0.014336
1982-11-18,0.0142089
1982-11-19,0.0143079
1982-11-21,14.3079
1982-11-22,0.0144209
1982-11-23,0.014323
1982-11-24,0.0144131
1982-11-25,0.0146299
1982-11-26,0.0146225
1982-11-28,14.6225
1982-11-29,0.0149736
1982-11-30,0.014948
1982-12-01,0.0152454
1982-12-02,0.0152617
1982-12-03,0.0155046
1982-12-05,15.5046
1982-12-06,0.0156266
1982-12-07,0.015854
1982-12-08,0.0157248
1982-12-09,0.0156587
1982-12-10,0.0157219
1982-12-12,15.7219
1982-12-13,0.0156511
1982-12-14,0.015767
1982-12-15,0.0158011
1982-12-16,0.0159167
1982-12-17,0.0162113
1982-12-19,16.2113
1982-12-20,0.0161259
1982-12-21,0.0162693
1982-12-22,0.0163591
1982-12-23,0.0163598
1982-12-24,0.0164379
1982-12-26,16.4379
1982-12-27,0.016584
1982-12-28,0.0167174
1982-12-29,0.0168461
1982-12-30,0.0167419
1982-12-31,0.0168629
1983-01-03,0.0168249
1983-01-04,0.0170198
1983-01-05,0.0171838
1983-01-06,0.0173253
1983-01-07,0.0173941
1983-01-09,17.3941
1983-01-10,0.017804
1983-01-11,0.0178657
1983-01-12,0.0178012
1983-01-13,0.0179846
1983-01-14,0.0179732
1983-01-16,17.9732
1983-01-17,0.0179581
1983-01-18,0.0179075
1983-01-19,0.0176819
1983-01-20,0.0177755
1983-01-21,0.017756
1983-01-23,17.756
1983-01-24,0.0174411
1983-01-25,0.0175674
1983-01-26,0.0178925
1983-01-27,0.0178417
1983-01-28,0.0179076
1983-01-30,17.9076
1983-01-31,0.0178893
1983-02-01,0.0177722
1983-02-02,0.0176789
1983-02-03,0.0178468
1983-02-04,0.01783
1983-02-06,17.83
1983-02-07,0.0178982
1983-02-08,0.0180901
1983-02-09,0.0182449
1983-02-10,0.0182693
1983-02-11,0.0183308
1983-02-13,18.3308
1983-02-14,0.0181622
1983-02-15,0.0185318
1983-02-16,0.0184566
1983-02-17,0.0186006
1983-02-18,0.0185787
1983-02-20,18.5787
1983-02-21,0.0186192
1983-02-22,0.0186657
1983-02-23,0.0183419
1983-02-24,0.0184946
1983-02-25,0.018511
1983-03-01,0.0182944
1983-03-02,0.0184224
1983-03-03,0.0185223
1983-03-04,0.0185659
1983-03-06,18.5659
1983-03-07,0.0187206
1983-03-08,0.0186637
1983-03-09,0.0185632
1983-03-10,0.0186113
1983-03-11,0.0186453
1983-03-13,18.6453
1983-03-14,0.0185987
1983-03-15,0.0187864
1983-03-16,0.0188598
1983-03-17,0.0189345
1983-03-18,0.0188313
1983-03-20,18.8313
1983-03-21,0.0189032
1983-03-22,0.0189139
1983-03-23,0.0189043
1983-03-24,0.0189627
1983-03-25,0.0191359
1983-03-27,19.1359
1983-03-28,0.0190089
1983-03-30,0.0190508
1983-03-31,0.0190224
1983-04-01,19.0224
1983-04-03,19.0224
1983-04-05,0.0193394
1983-04-06,0.019651
1983-04-07,0.0197142
1983-04-08,0.0195401
1983-04-10,19.5401
1983-04-11,0.0196866
1983-04-12,0.0198756
1983-04-13,0.0198375
1983-04-14,0.0198033
1983-04-15,0.0199921
1983-04-17,19.9921
1983-04-19,0.0199222
1983-04-20,0.0199147
1983-04-21,0.0199999
1983-04-22,0.0200924
1983-04-24,20.0924
1983-04-25,0.0201933
1983-04-26,0.0201632
1983-04-27,0.0202824
1983-04-28,0.0203405
1983-04-29,0.0203347
1983-05-01,20.3347
1983-05-02,0.0202898
1983-05-03,0.0204646
1983-05-04,0.0206197
1983-05-05,0.0206768
1983-05-06,0.020669
1983-05-08,20.669
1983-05-09,0.0209532
1983-05-10,0.0210625
1983-05-11,0.021169
1983-05-12,21.169
1983-05-13,0.021265
1983-05-15,21.265
1983-05-16,0.0212715
1983-05-17,0.0212607
1983-05-19,0.0211586
1983-05-20,0.0211862
1983-05-22,21.1862
1983-05-23,21.1862
1983-05-24,0.0209944
1983-05-25,0.0212573
1983-05-26,0.021322
1983-05-27,0.0212426
1983-05-29,21.2426
1983-05-30,0.0213005
1983-05-31,0.0213535
1983-06-01,0.0212454
1983-06-02,0.0212577
1983-06-03,0.0213889
1983-06-05,21.3889
1983-06-06,0.0212901
1983-06-07,0.021273
1983-06-08,0.0211423
1983-06-09,0.0212848
1983-06-10,0.0213824
1983-06-12,21.3824
1983-06-13,0.0215828
1983-06-14,0.0215737
1983-06-15,0.0214466
1983-06-16,0.0216123
1983-06-17,0.0218533
1983-06-19,21.8533
1983-06-20,0.021931
1983-06-21,0.0219754
1983-06-22,0.0223164
1983-06-23,0.0224427
1983-06-24,0.0224599
1983-06-26,22.4599
1983-06-27,0.0226376
1983-06-28,0.0223438
1983-06-29,0.022605
1983-06-30,0.0225856
1983-07-01,0.0225931
1983-07-03,22.5931
1983-07-04,0.022526
1983-07-05,0.0225306
1983-07-06,0.022537
1983-07-07,0.0227824
1983-07-08,0.0227165
1983-07-10,22.7165
1983-07-11,0.0228921
1983-07-12,0.0230802
1983-07-13,0.0232327
1983-07-14,0.0233821
1983-07-15,0.0233563
1983-07-17,23.3563
1983-07-18,0.0234898
1983-07-20,0.0236643
1983-07-21,0.0239876
1983-07-22,0.0239738
1983-07-24,23.9738
1983-07-25,0.023709
1983-07-26,0.0238769
1983-07-27,0.0239626
1983-07-28,0.0239027
1983-07-29,0.0239035
1983-07-31,23.9035
1983-08-01,23.9035
1983-08-02,0.0240982
1983-08-03,0.0242067
1983-08-04,0.0242502
1983-08-05,0.024116
1983-08-07,24.116
1983-08-08,0.0241732
1983-08-09,0.0244434
1983-08-10,0.0260125
1983-08-11,0.0259583
1983-08-12,0.0261581
1983-08-14,26.1581
1983-08-15,0.0263929
1983-08-16,0.0267352
1983-08-17,0.0267194
1983-08-18,0.0269248
1983-08-19,0.0267667
1983-08-21,26.7667
1983-08-22,0.0269896
1983-08-23,0.027107
1983-08-24,0.0269734
1983-08-25,0.0268585
1983-08-26,0.0268518
1983-08-28,26.8518
1983-08-29,0.0268317
1983-08-30,0.026871
1983-08-31,0.026824
1983-09-01,0.0269706
1983-09-02,0.0269542
1983-09-04,26.9542
1983-09-05,0.0272529
1983-09-06,0.0275367
1983-09-07,0.027504
1983-09-11,27.504
1983-09-12,0.0279125
1983-09-13,0.0279794
1983-09-14,0.028023
1983-09-15,0.0280008
1983-09-16,0.0281948
1983-09-18,28.1948
1983-09-19,0.0284326
1983-09-20,0.0287577
1983-09-21,0.0287724
1983-09-23,0.0288223
1983-09-25,28.8223
1983-09-26,0.0292628
1983-09-27,0.0294058
1983-09-28,0.0299152
1983-09-30,0.0299352
1983-10-02,29.9352
1983-10-03,0.0304519
1983-10-04,0.0304981
1983-10-05,0.0309592
1983-10-06,0.0310422
1983-10-07,0.0313394
1983-10-09,31.3394
1983-10-10,0.0331275
1983-10-11,0.0384518
1983-10-12,0.0381249
1983-10-13,0.0383524
1983-10-14,0.0383478
1983-10-16,38.3478
1983-10-17,0.03875
1983-10-18,0.0390582
1983-10-19,0.0390961
1983-10-20,0.0387441
1983-10-21,0.038872
1983-10-23,38.872
1983-10-24,0.0386921
1983-10-26,0.0389039
1983-10-27,0.0389227
1983-10-28,0.0390257
1983-10-30,39.0257
1983-10-31,0.0391675
1983-11-01,0.0391868
1983-11-02,0.0392994
1983-11-03,0.0397619
1983-11-04,0.0398517
1983-11-06,39.8517
1983-11-07,0.0397612
1983-11-08,0.0399311
1983-11-09,0.0401426
1983-11-10,0.0405166
1983-11-11,0.0405805
1983-11-13,40.5805
1983-11-14,0.0408204
1983-11-15,0.0409333
1983-11-16,0.0414594
1983-11-17,0.0413071
1983-11-18,0.0415223
1983-11-20,41.5223
1983-11-21,0.0417152
1983-11-22,0.0418705
1983-11-23,0.0423672
1983-11-24,0.0424216
1983-11-25,0.0427746
1983-11-27,42.7746
1983-11-28,0.0432607
1983-11-29,0.0433944
1983-11-30,0.0440849
1983-12-01,0.0445692
1983-12-02,0.0446236
1983-12-04,44.6236
1983-12-05,0.0446797
1983-12-06,0.0447038
1983-12-07,0.0448547
1983-12-08,0.0450545
1983-12-09,0.0445813
1983-12-11,44.5813
1983-12-12,0.0450209
1983-12-13,0.0452387
1983-12-14,0.0453437
1983-12-15,0.0455527
1983-12-16,0.0455729
1983-12-18,45.5729
1983-12-19,0.046117
1983-12-20,0.0462055
1983-12-21,0.046425
1983-12-22,0.0470054
1983-12-23,0.0475154
1983-12-25,47.5154
1983-12-27,0.0484302
1983-12-28,0.0489513
1983-12-29,0.0493339
1983-12-30,0.0494698
1984-01-02,49.4698
1984-01-03,0.0499591
1984-01-04,0.0495209
1984-01-05,0.0495744
1984-01-06,0.0498258
1984-01-08,49.8258
1984-01-09,0.0500223
1984-01-10,0.0501073
1984-01-11,0.050842
1984-01-12,0.050867
1984-01-13,0.051025
1984-01-15,51.025
1984-01-16,0.051829
1984-01-17,0.052373
1984-01-18,0.052222
1984-01-19,0.052672
1984-01-20,0.053016
1984-01-22,53.016
1984-01-23,0.053188
1984-01-24,0.053326
1984-01-25,0.053926
1984-01-26,0.05455
1984-01-27,0.054836
1984-01-29,54.836
1984-01-30,0.055117
1984-01-31,0.055146
1984-02-01,0.055309
1984-02-02,0.055787
1984-02-03,0.056253
1984-02-05,56.253
1984-02-06,0.056778
1984-02-07,0.056719
1984-02-08,0.056867
1984-02-09,0.057319
1984-02-10,0.057213
1984-02-12,57.213
1984-02-13,0.057597
1984-02-14,0.057701
1984-02-15,0.058369
1984-02-16,0.058851
1984-02-17,0.059473
1984-02-19,59.473
1984-02-20,0.059411
1984-02-21,0.05937
1984-02-22,0.060305
1984-02-23,0.060804
1984-02-24,0.061453
1984-02-26,61.453
1984-02-27,0.062191
1984-02-28,0.063152
1984-02-29,0.06326
1984-03-01,0.063515
1984-03-02,0.064392
1984-03-04,64.392
1984-03-05,0.066204
1984-03-06,0.066842
1984-03-07,0.067335
1984-03-08,0.066946
1984-03-09,0.067553
1984-03-11,67.553
1984-03-12,0.066968
1984-03-13,0.067677
1984-03-14,0.069028
1984-03-15,0.068368
1984-03-16,0.068605
1984-03-20,0.068648
1984-03-21,0.068215
1984-03-22,0.068421
1984-03-23,0.068569
1984-03-25,68.569
1984-03-26,0.069754
1984-03-27,0.070379
1984-03-28,0.070109
1984-03-29,0.071296
1984-03-30,0.071094
1984-04-01,71.094
1984-04-02,0.072113
1984-04-03,0.072135
1984-04-04,0.072574
1984-04-05,0.073116
1984-04-06,0.073532
1984-04-08,73.532
1984-04-09,0.074656
1984-04-10,0.075186
1984-04-11,0.07614
1984-04-12,0.076414
1984-04-13,0.076882
1984-04-15,76.882
1984-04-16,0.077567
1984-04-18,0.07816
1984-04-19,0.078322
1984-04-20,78.322
1984-04-22,78.322
1984-04-24,0.079684
1984-04-25,0.079853
1984-04-26,0.080301
1984-04-27,0.080565
1984-04-29,80.565
1984-04-30,0.080531
1984-05-01,80.531
1984-05-02,0.081366
1984-05-03,0.082084
1984-05-04,0.082871
1984-05-06,82.871
1984-05-08,0.08173
1984-05-09,0.082126
1984-05-10,0.082693
1984-05-11,0.082772
1984-05-13,82.772
1984-05-14,0.083126
1984-05-15,0.083947
1984-05-16,0.084801
1984-05-17,0.08466
1984-05-18,0.084561
1984-05-20,84.561
1984-05-21,0.085362
1984-05-22,0.085916
1984-05-23,0.086724
1984-05-24,0.086267
1984-05-25,0.087424
1984-05-27,87.424
1984-05-28,0.08838
1984-05-29,0.088677
1984-05-30,0.089259
1984-05-31,89.259
1984-06-01,0.090322
1984-06-03,90.322
1984-06-04,0.092205
1984-06-05,0.092709
1984-06-07,0.092675
1984-06-08,0.092839
1984-06-10,92.839
1984-06-11,92.839
1984-06-12,0.09318
1984-06-13,0.093487
1984-06-14,0.09372
1984-06-15,0.093767
1984-06-17,93.767
1984-06-18,0.094686
1984-06-19,0.094647
1984-06-20,0.095074
1984-06-21,0.094797
1984-06-22,0.095765
1984-06-24,95.765
1984-06-25,0.097363
1984-06-26,0.098727
1984-06-27,0.10017
1984-06-28,0.10002
1984-06-29,0.10159
1984-07-01,101.59
1984-07-02,0.1019
1984-07-03,0.10218
1984-07-04,0.10289
1984-07-05,0.10247
1984-07-06,0.1033
1984-07-08,103.3
1984-07-09,0.10406
1984-07-10,0.10498
1984-07-11,0.10422
1984-07-12,0.10458
1984-07-13,0.10569
1984-07-15,105.69
1984-07-16,0.10725
1984-07-17,0.10767
1984-07-18,0.1083
1984-07-19,0.109
1984-07-20,0.11017
1984-07-22,110.17
1984-07-25,0.1104
1984-07-26,0.11267
1984-07-27,0.11318
1984-07-29,113.18
1984-07-30,0.11354
1984-07-31,0.11472
1984-08-01,114.72
1984-08-02,0.11684
1984-08-03,0.11955
1984-08-05,119.55
1984-08-06,0.12081
1984-08-08,0.1192
1984-08-09,0.12052
1984-08-10,0.1231
1984-08-12,123.1
1984-08-13,0.12243
1984-08-14,0.12431
1984-08-15,0.12677
1984-08-16,0.12762
1984-08-17,0.12934
1984-08-19,129.34
1984-08-20,0.12899
1984-08-21,0.12925
1984-08-22,0.13042
1984-08-23,0.13262
1984-08-24,0.13317
1984-08-26,133.17
1984-08-27,0.13389
1984-08-28,0.1336
1984-08-29,0.13473
1984-08-30,0.13516
1984-08-31,0.13609
1984-09-02,136.09
1984-09-03,0.13679
1984-09-04,0.13733
1984-09-05,0.13753
1984-09-06,0.13878
1984-09-07,0.14043
1984-09-09,140.43
1984-09-10,0.14093
1984-09-11,0.14179
1984-09-12,0.14248
1984-09-13,0.14261
1984-09-14,0.1455
1984-09-16,145.5
1984-09-17,0.15698
1984-09-18,0.15519
1984-09-19,0.15454
1984-09-20,0.15535
1984-09-21,0.15505
1984-09-23,155.05
1984-09-24,0.15969
1984-09-25,0.15938
1984-09-26,0.15882
1984-09-30,158.82
1984-10-01,0.16153
1984-10-02,0.16437
1984-10-03,0.16819
1984-10-04,0.16963
1984-10-05,0.17108
1984-10-07,171.08
1984-10-08,0.17308
1984-10-09,0.17201
1984-10-10,0.17094
1984-10-12,0.17186
1984-10-14,171.86
1984-10-15,0.17358
1984-10-16,0.17537
1984-10-17,0.1786
1984-10-19,0.18307
1984-10-21,183.07
1984-10-22,0.18655
1984-10-23,0.1904
1984-10-24,0.19555
1984-10-25,0.19852
1984-10-26,0.20147
1984-10-28,201.47
1984-10-29,0.20015
1984-10-30,0.20203
1984-10-31,0.20631
1984-11-01,0.20775
1984-11-02,0.21722
1984-11-04,217.22
1984-11-05,0.21785
1984-11-06,0.21924
1984-11-07,0.2215
1984-11-08,0.221
1984-11-09,0.22097
1984-11-11,220.97
1984-11-12,0.22207
1984-11-13,0.22443
1984-11-14,0.22315
1984-11-15,0.22355
1984-11-16,0.22544
1984-11-18,225.44
1984-11-19,0.2252
1984-11-20,0.22449
1984-11-21,0.22462
1984-11-22,0.22646
1984-11-23,0.22753
1984-11-25,227.53
1984-11-26,0.2266
1984-11-27,0.22756
1984-11-28,0.22802
1984-11-29,0.22966
1984-11-30,0.23033
1984-12-02,230.33
1984-12-03,0.22914
1984-12-04,0.23155
1984-12-05,0.23278
1984-12-06,0.23266
1984-12-07,0.23535
1984-12-09,235.35
1984-12-10,0.23422
1984-12-11,0.23555
1984-12-12,0.23524
1984-12-13,0.23698
1984-12-14,0.2368
1984-12-16,236.8
1984-12-17,0.23857
1984-12-18,0.23797
1984-12-19,0.23906
1984-12-20,0.23861
1984-12-21,0.23937
1984-12-23,239.37
1984-12-24,240.05
1984-12-26,241.25
1984-12-27,0.24284
1984-12-28,0.24395
1984-12-30,243.95
1984-12-31,245.89
1985-01-02,245.83
1985-01-03,0.24546
1985-01-04,0.24714
1985-01-06,247.14
1985-01-07,0.24728
1985-01-08,0.24966
1985-01-09,0.24853
1985-01-10,0.25011
1985-01-11,0.25081
1985-01-13,250.81
1985-01-14,0.25075
1985-01-15,0.24755
1985-01-16,0.2468
1985-01-17,0.24754
1985-01-18,0.24935
1985-01-20,249.35
1985-01-21,0.25078
1985-01-22,0.25036
1985-01-23,0.25059
1985-01-24,0.25181
1985-01-25,0.25417
1985-01-27,254.17
1985-01-28,0.25422
1985-01-29,0.25469
1985-01-30,0.2541
1985-01-31,0.25401
1985-02-01,0.25594
1985-02-03,255.94
1985-02-04,0.25477
1985-02-05,0.25371
1985-02-06,0.25341
1985-02-07,0.25361
1985-02-08,0.25301
1985-02-10,253.01
1985-02-11,0.25259
1985-02-12,0.25267
1985-02-13,0.25338
1985-02-14,0.25468
1985-02-15,0.25642
1985-02-17,256.42
1985-02-18,0.25754
1985-02-19,0.25802
1985-02-20,0.25932
1985-02-21,0.2596
1985-02-22,0.26112
1985-02-24,261.12
1985-02-25,0.2618
1985-02-26,0.25928
1985-02-27,0.26654
1985-02-28,0.27071
1985-03-01,0.26791
1985-03-03,267.91
1985-03-04,0.26937
1985-03-05,0.26874
1985-03-06,0.26898
1985-03-08,0.27292
1985-03-10,272.92
1985-03-11,0.27915
1985-03-12,0.28364
1985-03-13,0.28344
1985-03-14,0.28175
1985-03-15,0.28306
1985-03-17,283.06
1985-03-18,0.28481
1985-03-19,0.29252
1985-03-20,0.3009
1985-03-21,0.29761
1985-03-22,0.30454
1985-03-24,304.54
1985-03-25,0.30635
1985-03-26,0.30821
1985-03-27,0.3157
1985-03-28,0.32386
1985-03-29,0.33035
1985-03-31,330.35
1985-04-01,0.33004
1985-04-02,0.3275
1985-04-03,0.33237
1985-04-04,0.3298
1985-04-05,329.8
1985-04-07,329.8
1985-04-08,332.51
1985-04-09,0.33889
1985-04-10,0.33948
1985-04-11,0.34766
1985-04-14,347.66
1985-04-15,0.35919
1985-04-16,0.36688
1985-04-17,0.3664
1985-04-18,0.36332
1985-04-19,0.3754
1985-04-21,375.4
1985-04-22,0.37444
1985-04-23,0.37224
1985-04-24,0.36445
1985-04-26,0.35779
1985-04-28,357.79
1985-04-29,0.36372
1985-04-30,0.36744
1985-05-01,366.46
1985-05-02,0.35901
1985-05-03,0.35764
1985-05-05,357.64
1985-05-06,0.3514
1985-05-07,0.35719
1985-05-08,0.35746
1985-05-09,0.36337
1985-05-10,0.36662
1985-05-12,366.62
1985-05-13,0.37299
1985-05-14,0.38
1985-05-15,0.37913
1985-05-16,385.12
1985-05-17,0.3875
1985-05-19,387.5
1985-05-20,0.39632
1985-05-21,0.3942
1985-05-22,0.39113
1985-05-23,0.38918
1985-05-24,0.39277
1985-05-27,392.77
1985-05-28,0.39763
1985-05-29,0.39981
1985-05-30,0.40575
1985-05-31,0.4046
1985-06-02,404.6
1985-06-03,0.41478
1985-06-04,0.4173
1985-06-05,0.41664
1985-06-06,0.41881
1985-06-07,0.4244
1985-06-09,424.4
1985-06-10,0.42069
1985-06-11,0.42398
1985-06-12,0.42976
1985-06-13,0.43092
1985-06-14,0.43333
1985-06-16,433.33
1985-06-17,0.44042
1985-06-18,0.44607
1985-06-19,0.45628
1985-06-20,0.45544
1985-06-21,0.45401
1985-06-23,454.01
1985-06-24,0.45898
1985-06-25,0.46375
1985-06-26,0.47156
1985-06-27,0.483
1985-06-28,0.49438
1985-06-30,494.38
1985-07-01,0.5913
1985-07-03,0.58977
1985-07-04,0.59
1985-07-05,0.58911
1985-07-07,589.11
1985-07-08,0.59433
1985-07-09,0.59915
1985-07-10,0.60981
1985-07-11,0.60791
1985-07-12,0.61437
1985-07-14,614.37
1985-07-15,0.62149
1985-07-16,0.61982
1985-07-17,0.62719
1985-07-18,0.62874
1985-07-19,0.62088
1985-07-21,620.88
1985-07-22,0.62313
1985-07-23,0.62877
1985-07-24,0.62417
1985-07-25,0.62944
1985-07-26,0.62821
1985-07-29,0.64569
1985-07-30,0.64262
1985-07-31,0.64566
1985-08-01,645.66
1985-08-02,0.63602
1985-08-04,636.02
1985-08-05,0.6367
1985-08-06,0.63378
1985-08-07,0.62771
1985-08-08,0.63333
1985-08-09,0.63093
1985-08-11,630.93
1985-08-12,0.64301
1985-08-13,0.65119
1985-08-14,0.64369
1985-08-15,0.65143
1985-08-16,0.65368
1985-08-18,653.68
1985-08-19,0.65407
1985-08-20,0.65333
1985-08-21,0.65459
1985-08-22,0.6581
1985-08-23,0.65763
1985-08-25,657.63
1985-08-26,0.66163
1985-08-27,0.65654
1985-08-28,0.65884
1985-08-29,0.65419
1985-08-30,0.65687
1985-09-01,656.87
1985-09-02,0.64693
1985-09-03,0.64247
1985-09-04,0.644
1985-09-05,0.6407
1985-09-06,0.6248
1985-09-08,0.6248
1985-09-09,0.6126
1985-09-10,0.6121
1985-09-11,0.6118
1985-09-12,0.6092
1985-09-13,0.617
1985-09-15,0.617
1985-09-18,0.6235
1985-09-19,0.6232
1985-09-20,0.6234
1985-09-22,0.6234
1985-09-23,0.6607
1985-09-24,0.6663
1985-09-26,0.6793
1985-09-27,0.6808
1985-09-29,0.6808
1985-10-01,0.6813
1985-10-02,0.6895
1985-10-03,0.6825
1985-10-04,0.6927
1985-10-06,0.6927
1985-10-08,0.6854
1985-10-09,0.6807
1985-10-10,0.6776
1985-10-11,0.6753
1985-10-13,0.6753
1985-10-14,0.6761
1985-10-15,0.6731
1985-10-16,0.6702
1985-10-17,0.6778
1985-10-18,0.6814
1985-10-20,0.6814
1985-10-21,0.683
1985-10-22,0.6801
1985-10-23,0.681
1985-10-24,0.6791
1985-10-25,0.6846
1985-10-27,0.6846
1985-10-28,0.6861
1985-10-29,0.6892
1985-10-30,0.6905
1985-10-31,0.6928
1985-11-01,0.6958
1985-11-03,0.6958
1985-11-04,0.6961
1985-11-05,0.6897
1985-11-06,0.6929
1985-11-07,0.693
1985-11-08,0.6856
1985-11-10,0.6856
1985-11-11,0.6846
1985-11-12,0.6834
1985-11-13,0.6905
1985-11-14,0.6887
1985-11-15,0.6875
1985-11-17,0.6875
1985-11-18,0.688
1985-11-19,0.6888
1985-11-20,0.69
1985-11-21,0.6934
1985-11-22,0.6982
1985-11-24,0.6982
1985-11-25,0.7042
1985-11-26,0.7029
1985-11-27,0.7048
1985-11-28,0.7061
1985-11-29,0.7131
1985-12-01,0.7131
1985-12-02,0.716
1985-12-03,0.7044
1985-12-04,0.7078
1985-12-05,0.705
1985-12-06,0.7045
1985-12-08,0.7045
1985-12-09,0.7048
1985-12-10,0.6999
1985-12-11,0.6976
1985-12-12,0.7067
1985-12-13,0.707
1985-12-15,0.707
1985-12-16,0.7034
1985-12-17,0.7076
1985-12-18,0.704
1985-12-19,0.699
1985-12-20,0.6994
1985-12-22,0.6994
1985-12-23,0.7044
1985-12-24,0.703
1985-12-26,0.703
1985-12-27,0.7096
1985-12-29,0.7096
1985-12-30,0.7177
1985-12-31,0.7235
1986-01-03,0.7245
1986-01-05,0.7245
1986-01-06,0.7194
1986-01-07,0.7219
1986-01-08,0.7197
1986-01-09,0.7135
1986-01-10,0.7192
1986-01-12,0.7192
1986-01-13,0.7124
1986-01-14,0.7094
1986-01-15,0.7125
1986-01-16,0.7155
1986-01-17,0.7112
1986-01-19,0.7112
1986-01-20,0.7073
1986-01-21,0.7148
1986-01-22,0.7111
1986-01-23,0.7137
1986-01-24,0.7237
1986-01-26,0.7237
1986-01-27,0.7355
1986-01-28,0.7322
1986-01-29,0.7363
1986-01-30,0.7313
1986-01-31,0.7341
1986-02-02,0.7341
1986-02-03,0.7378
1986-02-04,0.7258
1986-02-05,0.7295
1986-02-06,0.7357
1986-02-07,0.733
1986-02-09,0.733
1986-02-10,0.7402
1986-02-11,0.7453
1986-02-12,0.753
1986-02-13,0.7608
1986-02-14,0.7611
1986-02-16,0.7611
1986-02-17,0.7638
1986-02-18,0.7636
1986-02-19,0.7744
1986-02-20,0.7714
1986-02-21,0.7606
1986-02-23,0.7606
1986-02-24,0.7771
1986-02-25,0.7838
1986-02-26,0.7779
1986-02-27,0.7919
1986-02-28,0.7871
1986-03-02,0.7871
1986-03-03,0.7872
1986-03-04,0.793
1986-03-05,0.7887
1986-03-06,0.7788
1986-03-07,0.7814
1986-03-09,0.7814
1986-03-10,0.7755
1986-03-11,0.7669
1986-03-12,0.7712
1986-03-13,0.7676
1986-03-14,0.7844
1986-03-16,0.7844
1986-03-17,0.7925
1986-03-18,0.7925
1986-03-19,0.7859
1986-03-20,0.788
1986-03-21,0.7888
1986-03-23,0.7888
1986-03-24,0.7775
1986-03-26,0.7571
1986-03-27,0.7689
1986-03-28,0.7705
1986-03-30,0.7705
1986-03-31,0.7705
1986-04-01,0.7636
1986-04-02,0.7569
1986-04-03,0.7507
1986-04-04,0.7532
1986-04-06,0.7532
1986-04-07,0.745
1986-04-08,0.7548
1986-04-09,0.7567
1986-04-10,0.7589
1986-04-11,0.7705
1986-04-13,0.7705
1986-04-14,0.7662
1986-04-15,0.7586
1986-04-16,0.7794
1986-04-17,0.791
1986-04-18,0.792
1986-04-20,0.792
1986-04-21,0.7977
1986-04-22,0.8041
1986-04-23,0.8019
1986-04-25,0.8053
1986-04-27,0.8053
1986-04-28,0.8165
1986-04-29,0.8123
1986-05-01,0.812
1986-05-02,0.7989
1986-05-04,0.7989
1986-05-05,0.8082
1986-05-06,0.7984
1986-05-07,0.8023
1986-05-08,0.8023
1986-05-09,0.8105
1986-05-11,0.8105
1986-05-12,0.8188
1986-05-13,0.8184
1986-05-15,0.8142
1986-05-16,0.8009
1986-05-18,0.8009
1986-05-19,0.8009
1986-05-20,0.8033
1986-05-21,0.7888
1986-05-22,0.7858
1986-05-23,0.7848
1986-05-25,0.7848
1986-05-26,0.7818
1986-05-27,0.7829
1986-05-28,0.7876
1986-05-29,0.7865
1986-05-30,0.7754
1986-06-01,0.7754
1986-06-02,0.7752
1986-06-03,0.7883
1986-06-04,0.794
1986-06-05,0.8015
1986-06-06,0.8117
1986-06-08,0.8117
1986-06-09,0.8094
1986-06-10,0.816
1986-06-11,0.8233
1986-06-12,0.82
1986-06-15,0.82
1986-06-16,0.8246
1986-06-17,0.8164
1986-06-18,0.8125
1986-06-19,0.8134
1986-06-20,0.8088
1986-06-22,0.8088
1986-06-23,0.8063
1986-06-24,0.8149
1986-06-25,0.8222
1986-06-26,0.8194
1986-06-27,0.8229
1986-06-29,0.8229
1986-06-30,0.8331
1986-07-01,0.8386
1986-07-02,0.8373
1986-07-03,0.8475
1986-07-04,0.8491
1986-07-06,0.8491
1986-07-07,0.8489
1986-07-08,0.8416
1986-07-09,0.8468
1986-07-10,0.8396
1986-07-11,0.8399
1986-07-13,0.8399
1986-07-14,0.8372
1986-07-15,0.8485
1986-07-16,0.8543
1986-07-17,0.8557
1986-07-18,0.855
1986-07-20,0.855
1986-07-21,0.8677
1986-07-22,0.8698
1986-07-23,0.8713
1986-07-24,0.8678
1986-07-25,0.8632
1986-07-27,0.8632
1986-07-28,0.8698
1986-07-29,0.8784
1986-07-30,0.8768
1986-07-31,0.8894
1986-08-01,0.8868
1986-08-03,0.8868
1986-08-04,0.8966
1986-08-05,0.8871
1986-08-06,0.8878
1986-08-07,0.8933
1986-08-08,0.8898
1986-08-10,0.8898
1986-08-11,0.8987
1986-08-12,0.8929
1986-08-13,0.8914
1986-08-15,0.8966
1986-08-17,0.8966
1986-08-18,0.8947
1986-08-19,0.8902
1986-08-20,0.904
1986-08-21,0.9011
1986-08-22,0.904
1986-08-24,0.904
1986-08-25,0.906
1986-08-26,0.9021
1986-08-27,0.8961
1986-08-28,0.9028
1986-08-29,0.8978
1986-08-31,0.8978
1986-09-01,0.9074
1986-09-02,0.9127
1986-09-03,0.9029
1986-09-04,0.9074
1986-09-05,0.9065
1986-09-07,0.9065
1986-09-08,0.8852
1986-09-09,0.8837
1986-09-10,0.8887
1986-09-11,0.8846
1986-09-12,0.8787
1986-09-14,0.8787
1986-09-15,0.8984
1986-09-16,0.8947
1986-09-17,0.9041
1986-09-18,0.9117
1986-09-19,0.9188
1986-09-21,0.9188
1986-09-22,0.909
1986-09-23,0.9005
1986-09-24,0.8965
1986-09-25,0.8954
1986-09-26,0.8979
1986-09-28,0.8979
1986-09-29,0.9038
1986-09-30,0.9095
1986-10-01,0.9019
1986-10-02,0.9035
1986-10-03,0.9123
1986-10-06,0.9171
1986-10-07,0.9094
1986-10-08,0.9086
1986-10-09,0.911
1986-10-10,0.9089
1986-10-14,0.917
1986-10-15,0.9152
1986-10-16,0.9172
1986-10-17,0.9182
1986-10-19,0.9182
1986-10-20,0.9113
1986-10-21,0.9064
1986-10-22,0.9091
1986-10-23,0.9067
1986-10-24,0.8933
1986-10-26,0.8933
1986-10-27,0.8852
1986-10-28,0.8902
1986-10-29,0.891
1986-10-30,0.8911
1986-10-31,0.8718
1986-11-02,0.8718
1986-11-03,0.8672
1986-11-04,0.8718
1986-11-05,0.8758
1986-11-06,0.8666
1986-11-07,0.8702
1986-11-09,0.8702
1986-11-10,0.8763
1986-11-11,0.8843
1986-11-12,0.8911
1986-11-13,0.8897
1986-11-14,0.8931
1986-11-16,0.8931
1986-11-17,0.8956
1986-11-18,0.8872
1986-11-19,0.8899
1986-11-20,0.8961
1986-11-21,0.8901
1986-11-23,0.8901
1986-11-24,0.8828
1986-11-25,0.889
1986-11-26,0.9007
1986-11-27,0.8981
1986-11-28,0.9054
1986-11-30,0.9054
1986-12-01,0.9096
1986-12-02,0.9042
1986-12-03,0.8986
1986-12-04,0.8999
1986-12-05,0.8942
1986-12-07,0.8942
1986-12-08,0.886
1986-12-09,0.8884
1986-12-10,0.883
1986-12-11,0.8877
1986-12-12,0.8798
1986-12-14,0.8798
1986-12-15,0.8769
1986-12-16,0.8731
1986-12-17,0.8782
1986-12-18,0.8767
1986-12-19,0.8861
1986-12-21,0.8861
1986-12-22,0.8939
1986-12-23,0.902
1986-12-24,0.9002
1986-12-26,0.904
1986-12-28,0.904
1986-12-29,0.9111
1986-12-30,0.9116
1986-12-31,0.9161
1987-01-02,0.9227
1987-01-04,0.9227
1987-01-05,0.9123
1987-01-06,0.914
1987-01-07,0.9124
1987-01-08,0.9175
1987-01-09,0.9204
1987-01-11,0.9204
1987-01-12,0.9404
1987-01-13,1.0392
1987-01-14,1.0444
1987-01-15,1.0547
1987-01-16,1.051
1987-01-18,1.051
1987-01-19,1.0635
1987-01-20,1.0546
1987-01-21,1.0476
1987-01-22,1.0582
1987-01-23,1.0557
1987-01-25,1.0557
1987-01-26,1.0594
1987-01-27,1.0568
1987-01-28,1.0737
1987-01-29,1.0721
1987-01-30,1.0673
1987-02-01,1.0673
1987-02-02,1.0547
1987-02-03,1.0634
1987-02-04,1.0542
1987-02-05,1.0453
1987-02-06,1.0348
1987-02-08,1.0348
1987-02-09,1.0307
1987-02-10,1.0502
1987-02-11,1.0503
1987-02-12,1.0465
1987-02-13,1.0412
1987-02-15,1.0412
1987-02-16,1.0488
1987-02-17,1.0507
1987-02-18,1.0461
1987-02-19,1.0369
1987-02-20,1.0448
1987-02-22,1.0448
1987-02-23,1.0434
1987-02-24,1.0393
1987-02-25,1.0492
1987-02-26,1.0538
1987-02-27,1.0518
1987-03-01,1.0518
1987-03-02,1.0529
1987-03-03,1.0475
1987-03-04,1.0492
1987-03-05,1.0431
1987-03-06,1.0487
1987-03-08,1.0487
1987-03-09,1.0376
1987-03-10,1.0365
1987-03-11,1.0392
1987-03-12,1.0398
1987-03-13,1.0425
1987-03-16,1.0527
1987-03-17,1.0558
1987-03-18,1.055
1987-03-19,1.0546
1987-03-20,1.0572
1987-03-22,1.0572
1987-03-23,1.0579
1987-03-24,1.064
1987-03-25,1.056
1987-03-26,1.0547
1987-03-27,1.06
1987-03-29,1.06
1987-03-30,1.0716
1987-03-31,1.0671
1987-04-01,1.0565
1987-04-02,1.0534
1987-04-03,1.0609
1987-04-05,1.0609
1987-04-06,1.0572
1987-04-07,1.0613
1987-04-08,1.0547
1987-04-09,1.0574
1987-04-10,1.0649
1987-04-12,1.0649
1987-04-13,1.0717
1987-04-15,1.0717
1987-04-16,1.0708
1987-04-17,1.0735
1987-04-19,1.0735
1987-04-21,1.077
1987-04-22,1.0677
1987-04-23,1.0748
1987-04-24,1.086
1987-04-26,1.086
1987-04-27,1.0929
1987-04-28,1.0899
1987-04-29,1.0774
1987-04-30,1.0877
1987-05-01,1.0834
1987-05-03,1.0834
1987-05-05,1.0964
1987-05-06,1.0868
1987-05-07,1.0877
1987-05-08,1.0842
1987-05-10,1.0842
1987-05-11,1.0758
1987-05-12,1.0815
1987-05-13,1.0764
1987-05-14,1.0757
1987-05-15,1.0845
1987-05-17,1.0845
1987-05-18,1.0891
1987-05-19,1.0827
1987-05-20,1.0893
1987-05-21,1.086
1987-05-22,1.0877
1987-05-24,1.0877
1987-05-25,1.0835
1987-05-26,1.0793
1987-05-27,1.0603
1987-05-28,1.0626
1987-05-29,1.0579
1987-05-31,1.0579
1987-06-01,1.0509
1987-06-02,1.0608
1987-06-04,1.0645
1987-06-05,1.064
1987-06-07,1.064
1987-06-08,1.0666
1987-06-09,1.0691
1987-06-10,1.0759
1987-06-11,1.0729
1987-06-12,1.075
1987-06-14,1.075
1987-06-15,1.0626
1987-06-16,1.0605
1987-06-17,1.0557
1987-06-18,1.0585
1987-06-19,1.0587
1987-06-21,1.0587
1987-06-22,1.0541
1987-06-23,1.0511
1987-06-24,1.0602
1987-06-25,1.0573
1987-06-26,1.058
1987-06-28,1.058
1987-06-29,1.0579
1987-06-30,1.0583
1987-07-01,1.0632
1987-07-02,1.0582
1987-07-03,1.0522
1987-07-05,1.0522
1987-07-06,1.0508
1987-07-07,1.0503
1987-07-08,1.0444
1987-07-09,1.0513
1987-07-10,1.0424
1987-07-12,1.0424
1987-07-13,1.0453
1987-07-14,1.0469
1987-07-15,1.0473
1987-07-16,1.0535
1987-07-17,1.0488
1987-07-19,1.0488
1987-07-20,1.0427
1987-07-21,1.0472
1987-07-22,1.0487
1987-07-23,1.049
1987-07-24,1.0502
1987-07-26,1.0502
1987-07-27,1.0546
1987-07-28,1.0505
1987-07-29,1.0522
1987-07-30,1.0498
1987-07-31,1.0518
1987-08-02,1.0518
1987-08-03,1.048
1987-08-05,1.0389
1987-08-06,1.037
1987-08-07,1.0357
1987-08-09,1.0357
1987-08-10,1.0326
1987-08-11,1.0305
1987-08-12,1.0302
1987-08-13,1.0365
1987-08-14,1.0338
1987-08-16,1.0338
1987-08-17,1.0423
1987-08-18,1.0503
1987-08-19,1.0563
1987-08-20,1.0577
1987-08-21,1.0639
1987-08-23,1.0639
1987-08-24,1.0668
1987-08-25,1.0678
1987-08-26,1.0661
1987-08-27,1.0673
1987-08-28,1.0717
1987-08-30,1.0717
1987-08-31,1.069
1987-09-01,1.0696
1987-09-02,1.0702
1987-09-03,1.0693
1987-09-04,1.072
1987-09-06,1.072
1987-09-07,1.0716
1987-09-08,1.0723
1987-09-09,1.0713
1987-09-10,1.067
1987-09-11,1.0672
1987-09-13,1.0672
1987-09-14,1.0627
1987-09-15,1.0612
1987-09-16,1.0638
1987-09-17,1.0596
1987-09-18,1.0648
1987-09-20,1.0648
1987-09-21,1.0636
1987-09-22,1.0612
1987-09-23,1.0598
1987-09-27,1.0598
1987-09-28,1.0596
1987-09-29,1.0504
1987-09-30,1.0538
1987-10-01,1.0471
1987-10-04,1.0471
1987-10-05,1.047
1987-10-06,1.0533
1987-10-07,1.0538
1987-10-09,1.0587
1987-10-11,1.0587
1987-10-12,1.0627
1987-10-13,1.0619
1987-10-14,1.0601
1987-10-16,1.07
1987-10-18,1.07
1987-10-19,1.0799
1987-10-20,1.0702
1987-10-21,1.0644
1987-10-22,1.062
1987-10-23,1.0666
1987-10-25,1.0666
1987-10-26,1.0821
1987-10-27,1.084
1987-10-28,1.0949
1987-10-29,1.0982
1987-10-30,1.0936
1987-11-01,1.0936
1987-11-02,1.1034
1987-11-03,1.1082
1987-11-04,1.1112
1987-11-05,1.1224
1987-11-06,1.1331
1987-11-08,1.1331
1987-11-09,1.1336
1987-11-10,1.1447
1987-11-11,1.1449
1987-11-12,1.1351
1987-11-13,1.1302
1987-11-15,1.1302
1987-11-16,1.118
1987-11-17,1.1329
1987-11-18,1.1354
1987-11-19,1.1469
1987-11-20,1.1467
1987-11-22,1.1467
1987-11-23,1.1504
1987-11-24,1.1432
1987-11-25,1.1447
1987-11-26,1.1444
1987-11-27,1.1483
1987-11-29,1.1483
1987-11-30,1.1598
1987-12-01,1.1535
1987-12-02,1.1503
1987-12-03,1.1566
1987-12-04,1.1546
1987-12-06,1.1546
1987-12-07,1.1506
1987-12-08,1.1499
1987-12-09,1.1534
1987-12-10,1.1538
1987-12-11,1.1691
1987-12-13,1.1691
1987-12-14,1.1719
1987-12-15,1.172
1987-12-16,1.1663
1987-12-17,1.1742
1987-12-18,1.1746
1987-12-20,1.1746
1987-12-21,1.1731
1987-12-22,1.1717
1987-12-23,1.1701
1987-12-24,1.172
1987-12-27,1.172
1987-12-28,1.1866
1987-12-29,1.1977
1987-12-30,1.19
1987-12-31,1.2058
1988-01-03,1.2058
1988-01-04,1.1991
1988-01-05,1.1817
1988-01-06,1.1749
1988-01-07,1.1685
1988-01-08,1.157
1988-01-10,1.157
1988-01-11,1.1717
1988-01-12,1.1682
1988-01-13,1.1743
1988-01-14,1.17
1988-01-15,1.172
1988-01-17,1.172
1988-01-18,1.1501
1988-01-19,1.1537
1988-01-20,1.1617
1988-01-21,1.1646
1988-01-22,1.1643
1988-01-24,1.1643
1988-01-25,1.1627
1988-01-26,1.1634
1988-01-27,1.1599
1988-01-28,1.1621
1988-01-29,1.1588
1988-01-31,1.1588
1988-02-01,1.148
1988-02-02,1.1489
1988-02-03,1.1501
1988-02-04,1.1446
1988-02-05,1.1463
1988-02-07,1.1463
1988-02-08,1.1396
1988-02-09,1.1381
1988-02-10,1.1449
1988-02-11,1.1415
1988-02-12,1.1387
1988-02-14,1.1387
1988-02-15,1.1313
1988-02-16,1.1317
1988-02-17,1.1317
1988-02-18,1.1326
1988-02-19,1.1362
1988-02-21,1.1362
1988-02-22,1.1386
1988-02-23,1.1412
1988-02-24,1.1389
1988-02-25,1.1356
1988-02-26,1.1392
1988-02-28,1.1392
1988-02-29,1.1391
1988-03-01,1.1337
1988-03-02,1.1341
1988-03-04,1.1293
1988-03-06,1.1293
1988-03-07,1.1319
1988-03-08,1.1392
1988-03-09,1.1376
1988-03-10,1.1384
1988-03-11,1.1403
1988-03-13,1.1403
1988-03-14,1.1454
1988-03-15,1.1393
1988-03-16,1.1356
1988-03-17,1.132
1988-03-18,1.1254
1988-03-20,1.1254
1988-03-21,1.1306
1988-03-22,1.127
1988-03-23,1.1262
1988-03-24,1.1288
1988-03-25,1.1323
1988-03-27,1.1323
1988-03-28,1.1385
1988-03-29,1.1375
1988-03-30,1.1347
1988-03-31,1.1396
1988-04-01,1.1461
1988-04-03,1.1461
1988-04-04,1.147
1988-04-05,1.1427
1988-04-06,1.1357
1988-04-07,1.1306
1988-04-10,1.1306
1988-04-11,1.1301
1988-04-12,1.1278
1988-04-13,1.1248
1988-04-14,1.1241
1988-04-15,1.1386
1988-04-17,1.1386
1988-04-18,1.1395
1988-04-19,1.1362
1988-04-20,1.1374
1988-04-22,1.1333
1988-04-24,1.1333
1988-04-25,1.131
1988-04-26,1.1317
1988-04-27,1.1289
1988-04-28,1.1293
1988-04-29,1.1285
1988-05-01,1.1285
1988-05-02,1.1226
1988-05-03,1.1224
1988-05-04,1.1213
1988-05-05,1.1239
1988-05-06,1.1221
1988-05-08,1.1221
1988-05-09,1.1211
1988-05-10,1.1202
1988-05-11,1.1239
1988-05-12,1.1191
1988-05-13,1.1196
1988-05-15,1.1196
1988-05-16,1.1183
1988-05-17,1.118
1988-05-18,1.1084
1988-05-19,1.1112
1988-05-20,1.1113
1988-05-23,1.1098
1988-05-24,1.1105
1988-05-25,1.1061
1988-05-26,1.1052
1988-05-27,1.106
1988-05-29,1.106
1988-05-30,1.0968
1988-05-31,1.0999
1988-06-01,1.1014
1988-06-02,1.0989
1988-06-03,1.1068
1988-06-05,1.1068
1988-06-06,1.1038
1988-06-07,1.1093
1988-06-08,1.108
1988-06-09,1.1024
1988-06-10,1.1078
1988-06-12,1.1078
1988-06-13,1.0979
1988-06-14,1.0995
1988-06-15,1.0889
1988-06-16,1.0895
1988-06-17,1.0971
1988-06-19,1.0971
1988-06-20,1.0965
1988-06-21,1.0933
1988-06-22,1.0918
1988-06-23,1.0859
1988-06-24,1.0817
1988-06-26,1.0817
1988-06-27,1.0751
1988-06-28,1.0852
1988-06-29,1.0777
1988-06-30,1.0754
1988-07-01,1.0737
1988-07-03,1.0737
1988-07-04,1.0731
1988-07-05,1.0746
1988-07-06,1.0747
1988-07-07,1.0736
1988-07-08,1.0704
1988-07-10,1.0704
1988-07-11,1.0633
1988-07-12,1.0673
1988-07-13,1.0692
1988-07-14,1.0662
1988-07-15,1.0651
1988-07-17,1.0651
1988-07-18,1.051
1988-07-19,1.0585
1988-07-20,1.0649
1988-07-21,1.0587
1988-07-22,1.0694
1988-07-25,1.0644
1988-07-26,1.0591
1988-07-27,1.0551
1988-07-28,1.0563
1988-07-29,1.0487
1988-07-31,1.0487
1988-08-01,1.0468
1988-08-02,1.0503
1988-08-03,1.0457
1988-08-04,1.0462
1988-08-05,1.0431
1988-08-07,1.0431
1988-08-08,1.0367
1988-08-09,1.0369
1988-08-10,1.0274
1988-08-11,1.0356
1988-08-12,1.0417
1988-08-14,1.0417
1988-08-15,1.0388
1988-08-16,1.0361
1988-08-17,1.0306
1988-08-18,1.0298
1988-08-19,1.0309
1988-08-21,1.0309
1988-08-22,1.0224
1988-08-23,1.0262
1988-08-24,1.0291
1988-08-25,1.0371
1988-08-26,1.0417
1988-08-28,1.0417
1988-08-29,1.041
1988-08-30,1.04
1988-08-31,1.0397
1988-09-01,1.039
1988-09-02,1.0413
1988-09-04,1.0413
1988-09-05,1.0482
1988-09-06,1.0504
1988-09-07,1.0509
1988-09-08,1.0463
1988-09-09,1.0486
1988-09-11,1.0486
1988-09-14,1.0484
1988-09-15,1.0368
1988-09-16,1.04
1988-09-18,1.04
1988-09-19,1.0396
1988-09-22,1.038
1988-09-23,1.0365
1988-09-25,1.0365
1988-09-27,1.0326
1988-09-28,1.0319
1988-09-29,1.0323
1988-09-30,1.0338
1988-10-02,1.0338
1988-10-04,1.0377
1988-10-05,1.0339
1988-10-06,1.0362
1988-10-07,1.0348
1988-10-09,1.0348
1988-10-10,1.0366
1988-10-11,1.0395
1988-10-12,1.0414
1988-10-13,1.0495
1988-10-14,1.0516
1988-10-16,1.0516
1988-10-17,1.056
1988-10-18,1.0552
1988-10-19,1.0574
1988-10-20,1.0593
1988-10-21,1.0641
1988-10-23,1.0641
1988-10-24,1.0613
1988-10-25,1.0587
1988-10-26,1.0602
1988-10-27,1.0714
1988-10-28,1.0703
1988-10-30,1.0703
1988-10-31,1.0727
1988-11-02,1.071
1988-11-03,1.0762
1988-11-04,1.0749
1988-11-06,1.0749
1988-11-07,1.071
1988-11-08,1.0734
1988-11-09,1.0741
1988-11-10,1.0798
1988-11-11,1.0876
1988-11-13,1.0876
1988-11-14,1.0854
1988-11-15,1.0885
1988-11-16,1.085
1988-11-17,1.0959
1988-11-18,1.087
1988-11-20,1.087
1988-11-21,1.0888
1988-11-22,1.0893
1988-11-23,1.093
1988-11-24,1.0961
1988-11-25,1.0976
1988-11-27,1.0976
1988-11-28,1.0917
1988-11-29,1.0919
1988-11-30,1.0922
1988-12-01,1.0888
1988-12-02,1.0903
1988-12-04,1.0903
1988-12-05,1.0936
1988-12-06,1.0932
1988-12-07,1.0821
1988-12-08,1.0785
1988-12-09,1.0838
1988-12-11,1.0838
1988-12-12,1.0825
1988-12-13,1.0813
1988-12-14,1.0812
1988-12-15,1.0841
1988-12-16,1.0809
1988-12-18,1.0809
1988-12-19,1.0766
1988-12-20,1.0658
1988-12-21,1.0671
1988-12-22,1.0683
1988-12-23,1.0694
1988-12-25,1.0694
1988-12-27,1.1222
1988-12-28,1.1138
1988-12-29,1.114
1988-12-30,1.2113
1989-01-03,1.2113
1989-01-04,1.1966
1989-01-05,1.1926
1989-01-06,1.1841
1989-01-08,1.1841
1989-01-09,1.1728
1989-01-10,1.1692
1989-01-11,1.1675
1989-01-12,1.1684
1989-01-13,1.1595
1989-01-15,1.1595
1989-01-16,1.1517
1989-01-17,1.1566
1989-01-18,1.1527
1989-01-19,1.1488
1989-01-20,1.1567
1989-01-22,1.1567
1989-01-23,1.1604
1989-01-24,1.1708
1989-01-25,1.159
1989-01-26,1.1556
1989-01-27,1.1551
1989-01-29,1.1551
1989-01-30,1.1464
1989-01-31,1.1451
1989-02-01,1.1393
1989-02-02,1.1415
1989-02-03,1.1383
1989-02-05,1.1383
1989-02-06,1.1339
1989-02-07,1.1394
1989-02-08,1.138
1989-02-09,1.142
1989-02-10,1.1516
1989-02-12,1.1516
1989-02-13,1.139
1989-02-14,1.142
1989-02-15,1.1495
1989-02-16,1.148
1989-02-17,1.1497
1989-02-19,1.1497
1989-02-20,1.1474
1989-02-21,1.1411
1989-02-22,1.1435
1989-02-23,1.1494
1989-02-24,1.1502
1989-02-26,1.1502
1989-02-27,1.1516
1989-03-01,1.144
1989-03-02,1.1442
1989-03-03,1.1394
1989-03-05,1.1394
1989-03-06,1.1389
1989-03-07,1.1383
1989-03-08,1.1393
1989-03-09,1.1349
1989-03-10,1.1384
1989-03-12,1.1384
1989-03-13,1.1354
1989-03-14,1.1319
1989-03-15,1.1318
1989-03-16,1.1258
1989-03-17,1.1248
1989-03-19,1.1248
1989-03-20,1.1225
1989-03-22,1.1171
1989-03-23,1.1216
1989-03-24,1.1159
1989-03-26,1.1159
1989-03-27,1.11
1989-03-28,1.1044
1989-03-29,1.1042
1989-03-30,1.104
1989-03-31,1.0975
1989-04-02,1.0975
1989-04-03,1.0967
1989-04-04,1.105
1989-04-05,1.104
1989-04-06,1.1048
1989-04-07,1.1039
1989-04-09,1.1039
1989-04-10,1.0985
1989-04-11,1.0973
1989-04-12,1.0919
1989-04-13,1.0929
1989-04-14,1.0998
1989-04-16,1.0998
1989-04-17,1.1049
1989-04-18,1.104
1989-04-19,1.1074
1989-04-21,1.1091
1989-04-23,1.1091
1989-04-24,1.1087
1989-04-25,1.1055
1989-04-27,1.1024
1989-04-28,1.0956
1989-04-30,1.0956
1989-05-01,1.0875
1989-05-02,1.0901
1989-05-03,1.0934
1989-05-04,1.0916
1989-05-05,1.0872
1989-05-07,1.0872
1989-05-08,1.086
1989-05-09,1.0859
1989-05-11,1.0847
1989-05-12,1.0836
1989-05-14,1.0836
1989-05-15,1.0715
1989-05-16,1.0755
1989-05-17,1.076
1989-05-18,1.0723
1989-05-19,1.0732
1989-05-21,1.0732
1989-05-22,1.0595
1989-05-23,1.0665
1989-05-24,1.0676
1989-05-25,1.0786
1989-05-26,1.0988
1989-05-28,1.0988
1989-05-29,1.0901
1989-05-30,1.094
1989-05-31,1.1073
1989-06-01,1.1198
1989-06-02,1.128
1989-06-04,1.128
1989-06-05,1.1257
1989-06-06,1.1107
1989-06-07,1.1163
1989-06-08,1.1192
1989-06-11,1.1192
1989-06-12,1.0991
1989-06-13,1.1122
1989-06-14,1.1119
1989-06-15,1.106
1989-06-16,1.1226
1989-06-18,1.1226
1989-06-19,1.1246
1989-06-20,1.1312
1989-06-21,1.1217
1989-06-22,1.1459
1989-06-23,1.1934
1989-06-25,1.1934
1989-06-26,1.1994
1989-06-27,1.196
1989-06-28,1.19
1989-06-29,1.1944
1989-06-30,1.2016
1989-07-02,1.2016
1989-07-03,1.2063
1989-07-04,1.2048
1989-07-05,1.2077
1989-07-06,1.2152
1989-07-07,1.2142
1989-07-09,1.2142
1989-07-10,1.2178
1989-07-11,1.2161
1989-07-12,1.2148
1989-07-13,1.2181
1989-07-14,1.2065
1989-07-16,1.2065
1989-07-17,1.2001
1989-07-18,1.1943
1989-07-19,1.1999
1989-07-20,1.1985
1989-07-21,1.2087
1989-07-23,1.2087
1989-07-24,1.2071
1989-07-25,1.2171
1989-07-26,1.2235
1989-07-27,1.2236
1989-07-28,1.2237
1989-07-30,1.2237
1989-07-31,1.2216
1989-08-01,1.2193
1989-08-02,1.2297
1989-08-03,1.2286
1989-08-04,1.2229
1989-08-06,1.2229
1989-08-07,1.2068
1989-08-08,1.2123
1989-08-09,1.2123
1989-08-11,1.2019
1989-08-13,1.2019
1989-08-14,1.1931
1989-08-15,1.1917
1989-08-16,1.1928
1989-08-17,1.1888
1989-08-18,1.1845
1989-08-20,1.1845
1989-08-21,1.1848
1989-08-22,1.188
1989-08-23,1.1899
1989-08-24,1.1887
1989-08-25,1.1885
1989-08-27,1.1885
1989-08-28,1.1915
1989-08-29,1.1994
1989-08-30,1.2046
1989-08-31,1.1907
1989-09-01,1.1814
1989-09-03,1.1814
1989-09-04,1.174
1989-09-05,1.1754
1989-09-06,1.1847
1989-09-07,1.1798
1989-09-08,1.1803
1989-09-10,1.1803
1989-09-11,1.1719
1989-09-12,1.1818
1989-09-13,1.1829
1989-09-14,1.1911
1989-09-15,1.1889
1989-09-17,1.1889
1989-09-18,1.1914
1989-09-19,1.1981
1989-09-20,1.1987
1989-09-21,1.2026
1989-09-22,1.2009
1989-09-24,1.2009
1989-09-25,1.2096
1989-09-26,1.2088
1989-09-27,1.2202
1989-09-28,1.2181
1989-09-29,1.2281
1989-10-02,1.2254
1989-10-03,1.2249
1989-10-04,1.227
1989-10-05,1.2265
1989-10-06,1.221
1989-10-10,1.2234
1989-10-11,1.2087
1989-10-12,1.2074
1989-10-13,1.2058
1989-10-15,1.2058
1989-10-16,1.2262
1989-10-17,1.2237
1989-10-18,1.2275
1989-10-19,1.2291
1989-10-20,1.2322
1989-10-22,1.2322
1989-10-23,1.2253
1989-10-24,1.2331
1989-10-25,1.2321
1989-10-26,1.236
1989-10-27,1.2373
1989-10-29,1.2373
1989-10-30,1.2463
1989-10-31,1.2346
1989-11-01,1.2249
1989-11-02,1.2259
1989-11-03,1.2271
1989-11-05,1.2271
1989-11-06,1.2258
1989-11-07,1.2284
1989-11-08,1.236
1989-11-09,1.2297
1989-11-10,1.2258
1989-11-12,1.2258
1989-11-13,1.2237
1989-11-14,1.2192
1989-11-15,1.2286
1989-11-16,1.2228
1989-11-17,1.2178
1989-11-19,1.2178
1989-11-20,1.2255
1989-11-21,1.2223
1989-11-22,1.2323
1989-11-23,1.2317
1989-11-24,1.2325
1989-11-26,1.2325
1989-11-27,1.2392
1989-11-28,1.2362
1989-11-29,1.2391
1989-11-30,1.2314
1989-12-01,1.2308
1989-12-03,1.2308
1989-12-04,1.2344
1989-12-05,1.226
1989-12-06,1.2399
1989-12-07,1.2374
1989-12-08,1.2396
1989-12-10,1.2396
1989-12-11,1.239
1989-12-12,1.2358
1989-12-13,1.248
1989-12-14,1.253
1989-12-15,1.2551
1989-12-17,1.2551
1989-12-18,1.2601
1989-12-19,1.2519
1989-12-20,1.2553
1989-12-21,1.2515
1989-12-22,1.2522
1989-12-24,1.2522
1989-12-27,1.2728
1989-12-28,1.2763
1989-12-29,1.2689
1989-12-31,1.2689
1990-01-02,1.2618
1990-01-03,1.2422
1990-01-04,1.2477
1990-01-05,1.2607
1990-01-07,1.2607
1990-01-08,1.2585
1990-01-09,1.2651
1990-01-10,1.2746
1990-01-11,1.2761
1990-01-12,1.2924
1990-01-14,1.2924
1990-01-15,1.2959
1990-01-16,1.2767
1990-01-17,1.2905
1990-01-18,1.2858
1990-01-19,1.2874
1990-01-21,1.2874
1990-01-22,1.2838
1990-01-23,1.2853
1990-01-24,1.3052
1990-01-25,1.306
1990-01-26,1.308
1990-01-28,1.308
1990-01-29,1.3087
1990-01-30,1.3109
1990-01-31,1.3038
1990-02-01,1.2955
1990-02-02,1.2973
1990-02-04,1.2973
1990-02-05,1.3029
1990-02-06,1.3084
1990-02-07,1.3041
1990-02-08,1.2975
1990-02-09,1.3019
1990-02-11,1.3019
1990-02-12,1.3027
1990-02-13,1.2971
1990-02-14,1.301
1990-02-15,1.2975
1990-02-16,1.2914
1990-02-18,1.2914
1990-02-19,1.3033
1990-02-20,1.3096
1990-02-21,1.3223
1990-02-22,1.3244
1990-02-23,1.3267
1990-02-25,1.3267
1990-02-26,1.3224
1990-02-27,1.3099
1990-02-28,1.315
1990-03-01,1.3084
1990-03-02,1.3338
1990-03-04,1.3338
1990-03-05,1.3598
1990-03-06,1.3495
1990-03-07,1.3458
1990-03-08,1.3353
1990-03-09,1.3377
1990-03-12,1.3362
1990-03-13,1.3276
1990-03-14,1.3277
1990-03-15,1.3191
1990-03-16,1.3239
1990-03-18,1.3239
1990-03-19,1.3322
1990-03-20,1.3291
1990-03-21,1.3288
1990-03-22,1.3297
1990-03-23,1.3391
1990-03-25,1.3391
1990-03-26,1.3282
1990-03-27,1.3243
1990-03-28,1.3231
1990-03-29,1.3256
1990-03-30,1.3324
1990-04-01,1.3324
1990-04-02,1.3282
1990-04-03,1.3335
1990-04-04,1.3301
1990-04-05,1.3262
1990-04-06,1.3321
1990-04-08,1.3321
1990-04-09,1.3393
1990-04-11,1.3462
1990-04-12,1.3463
1990-04-13,1.35
1990-04-15,1.35
1990-04-17,1.35
1990-04-18,1.3448
1990-04-19,1.3519
1990-04-20,1.3554
1990-04-22,1.3554
1990-04-23,1.3575
1990-04-24,1.3554
1990-04-25,1.3651
1990-04-26,1.3739
1990-04-27,1.3737
1990-04-29,1.3737
1990-05-01,1.3836
1990-05-02,1.3829
1990-05-03,1.385
1990-05-04,1.3878
1990-05-06,1.3878
1990-05-07,1.4031
1990-05-08,1.402
1990-05-09,1.4224
1990-05-10,1.4369
1990-05-11,1.4398
1990-05-13,1.4398
1990-05-14,1.4336
1990-05-15,1.4482
1990-05-16,1.4399
1990-05-17,1.438
1990-05-18,1.442
1990-05-20,1.442
1990-05-21,1.434
1990-05-22,1.4258
1990-05-23,1.4398
1990-05-24,1.4255
1990-05-25,1.4266
1990-05-27,1.4266
1990-05-28,1.4234
1990-05-29,1.4384
1990-05-31,1.4212
1990-06-01,1.416
1990-06-03,1.416
1990-06-04,1.4028
1990-06-05,1.4083
1990-06-06,1.4283
1990-06-07,1.4303
1990-06-08,1.4338
1990-06-10,1.4338
1990-06-11,1.4326
1990-06-12,1.4368
1990-06-13,1.4442
1990-06-15,1.4391
1990-06-17,1.4391
1990-06-18,1.4379
1990-06-19,1.4448
1990-06-20,1.4486
1990-06-21,1.455
1990-06-22,1.4606
1990-06-24,1.4606
1990-06-25,1.4859
1990-06-26,1.486
1990-06-27,1.4879
1990-06-28,1.4615
1990-06-29,1.4682
1990-07-01,1.4682
1990-07-02,1.4637
1990-07-03,1.4796
1990-07-04,1.485
1990-07-05,1.4864
1990-07-06,1.4817
1990-07-08,1.4817
1990-07-09,1.4809
1990-07-10,1.4836
1990-07-11,1.4796
1990-07-12,1.4649
1990-07-13,1.469
1990-07-15,1.469
1990-07-16,1.4716
1990-07-17,1.4556
1990-07-18,1.4577
1990-07-19,1.4585
1990-07-20,1.4748
1990-07-22,1.4748
1990-07-23,1.4791
1990-07-24,1.4978
1990-07-25,1.496
1990-07-26,1.5001
1990-07-27,1.5004
1990-07-29,1.5004
1990-07-30,1.5025
1990-08-01,1.5019
1990-08-02,1.4901
1990-08-03,1.4959
1990-08-05,1.4959
1990-08-06,1.5158
1990-08-07,1.5358
1990-08-08,1.5304
1990-08-09,1.5159
1990-08-10,1.5193
1990-08-12,1.5193
1990-08-13,1.537
1990-08-14,1.5361
1990-08-15,1.5352
1990-08-16,1.5412
1990-08-17,1.5625
1990-08-19,1.5625
1990-08-20,1.564
1990-08-21,1.5597
1990-08-22,1.5698
1990-08-23,1.5932
1990-08-24,1.5975
1990-08-26,1.5975
1990-08-27,1.6061
1990-08-28,1.6023
1990-08-29,1.6025
1990-08-30,1.5883
1990-08-31,1.5764
1990-09-02,1.5764
1990-09-03,1.5481
1990-09-04,1.544
1990-09-05,1.5573
1990-09-06,1.5579
1990-09-07,1.5538
1990-09-09,1.5538
1990-09-10,1.5836
1990-09-11,1.5687
1990-09-12,1.5665
1990-09-13,1.5594
1990-09-14,1.5747
1990-09-16,1.5747
1990-09-17,1.5961
1990-09-18,1.5856
1990-09-19,1.5864
1990-09-23,1.5864
1990-09-24,1.5751
1990-09-25,1.5854
1990-09-26,1.5764
1990-09-27,1.5726
1990-09-30,1.5726
1990-10-01,1.5924
1990-10-02,1.58
1990-10-03,1.585
1990-10-05,1.5834
1990-10-07,1.5834
1990-10-08,1.5722
1990-10-09,1.5833
1990-10-10,1.5844
1990-10-12,1.5834
1990-10-14,1.5834
1990-10-15,1.5722
1990-10-16,1.5733
1990-10-17,1.5845
1990-10-18,1.5883
1990-10-19,1.5838
1990-10-21,1.5838
1990-10-22,1.5821
1990-10-23,1.5744
1990-10-24,1.5871
1990-10-25,1.586
1990-10-26,1.5799
1990-10-28,1.5799
1990-10-29,1.5767
1990-10-30,1.5667
1990-10-31,1.571
1990-11-01,1.5677
1990-11-02,1.5822
1990-11-04,1.5822
1990-11-05,1.5936
1990-11-06,1.6003
1990-11-07,1.6071
1990-11-08,1.6012
1990-11-09,1.6024
1990-11-11,1.6024
1990-11-12,1.6064
1990-11-13,1.6025
1990-11-14,1.6017
1990-11-15,1.6043
1990-11-16,1.6014
1990-11-18,1.6014
1990-11-19,1.6093
1990-11-20,1.6057
1990-11-21,1.6077
1990-11-22,1.6022
1990-11-23,1.6056
1990-11-25,1.6056
1990-11-26,1.5899
1990-11-27,1.5972
1990-11-28,1.5931
1990-11-29,1.5847
1990-11-30,1.5747
1990-12-02,1.5747
1990-12-03,1.5717
1990-12-04,1.5693
1990-12-05,1.5799
1990-12-06,1.5814
1990-12-07,1.5899
1990-12-09,1.5899
1990-12-10,1.5947
1990-12-11,1.6012
1990-12-12,1.6003
1990-12-13,1.6
1990-12-14,1.5946
1990-12-16,1.5946
1990-12-17,1.5856
1990-12-18,1.5866
1990-12-19,1.595
1990-12-20,1.598
1990-12-21,1.58
1990-12-23,1.58
1990-12-24,1.5817
1990-12-27,1.5905
1990-12-28,1.5978
1990-12-30,1.5978
1990-12-31,1.6
1991-01-02,1.6082
1991-01-03,1.6006
1991-01-04,1.604
1991-01-06,1.604
1991-01-07,1.583
1991-01-08,1.5775
1991-01-09,1.5763
1991-01-10,1.5894
1991-01-11,1.5888
1991-01-13,1.5888
1991-01-14,1.5872
1991-01-15,1.5896
1991-01-16,1.5867
1991-01-17,1.5867
1991-01-18,1.595
1991-01-20,1.595
1991-01-21,1.6024
1991-01-22,1.6099
1991-01-23,1.5995
1991-01-24,1.6071
1991-01-25,1.6024
1991-01-27,1.6024
1991-01-28,1.5975
1991-01-29,1.5982
1991-01-30,1.5906
1991-01-31,1.5899
1991-02-01,1.5933
1991-02-03,1.5933
1991-02-04,1.594
1991-02-05,1.5988
1991-02-06,1.6095
1991-02-07,1.6174
1991-02-08,1.6068
1991-02-10,1.6068
1991-02-11,1.6046
1991-02-12,1.6029
1991-02-13,1.5956
1991-02-14,1.5944
1991-02-15,1.5926
1991-02-17,1.5926
1991-02-18,1.5824
1991-02-19,1.5767
1991-02-20,1.5805
1991-02-21,1.582
1991-02-22,1.5894
1991-02-24,1.5894
1991-02-25,1.5691
1991-02-26,1.5706
1991-02-27,1.5545
1991-03-01,1.5354
1991-03-03,1.5354
1991-03-04,1.5297
1991-03-05,1.54
1991-03-06,1.5281
1991-03-07,1.5284
1991-03-08,1.5188
1991-03-10,1.5188
1991-03-11,1.5875
1991-03-12,1.6056
1991-03-13,1.6016
1991-03-14,1.606
1991-03-15,1.5976
1991-03-17,1.5976
1991-03-18,1.5865
1991-03-19,1.5803
1991-03-20,1.5715
1991-03-21,1.5782
1991-03-22,1.5812
1991-03-24,1.5812
1991-03-25,1.5743
1991-03-26,1.5651
1991-03-27,1.5652
1991-03-28,1.547
1991-03-31,1.547
1991-04-02,1.5687
1991-04-03,1.5829
1991-04-04,1.5728
1991-04-07,1.5728
1991-04-08,1.5697
1991-04-09,1.5659
1991-04-10,1.5774
1991-04-11,1.5699
1991-04-12,1.5813
1991-04-14,1.5813
1991-04-15,1.5734
1991-04-16,1.5751
1991-04-17,1.5724
1991-04-19,1.5447
1991-04-21,1.5447
1991-04-22,1.5515
1991-04-23,1.5555
1991-04-24,1.5739
1991-04-25,1.5598
1991-04-26,1.5652
1991-04-28,1.5652
1991-04-29,1.561
1991-04-30,1.565
1991-05-01,1.5851
1991-05-02,1.5713
1991-05-03,1.5806
1991-05-05,1.5806
1991-05-06,1.5764
1991-05-07,1.5871
1991-05-08,1.6206
1991-05-09,1.5918
1991-05-10,1.6115
1991-05-12,1.6115
1991-05-13,1.6195
1991-05-14,1.6443
1991-05-15,1.6478
1991-05-16,1.6516
1991-05-17,1.6473
1991-05-20,1.6264
1991-05-21,1.6469
1991-05-22,1.654
1991-05-23,1.6511
1991-05-24,1.6614
1991-05-26,1.6614
1991-05-27,1.6547
1991-05-28,1.6518
1991-05-29,1.6499
1991-05-30,1.6237
1991-05-31,1.6264
1991-06-02,1.6264
1991-06-03,1.618
1991-06-04,1.6165
1991-06-05,1.6037
1991-06-06,1.6028
1991-06-07,1.5902
1991-06-09,1.5902
1991-06-10,1.5859
1991-06-11,1.5902
1991-06-12,1.5861
1991-06-13,1.5708
1991-06-14,1.5566
1991-06-16,1.5566
1991-06-17,1.5553
1991-06-18,1.5447
1991-06-19,1.5389
1991-06-20,1.56
1991-06-21,1.5526
1991-06-23,1.5526
1991-06-24,1.5369
1991-06-25,1.548
1991-06-26,1.5387
1991-06-27,1.5405
1991-06-28,1.5372
1991-06-30,1.5372
1991-07-01,1.5416
1991-07-02,1.5321
1991-07-03,1.5188
1991-07-04,1.5151
1991-07-05,1.516
1991-07-07,1.516
1991-07-08,1.5296
1991-07-09,1.5223
1991-07-10,1.5142
1991-07-11,1.5176
1991-07-12,1.5098
1991-07-14,1.5098
1991-07-15,1.5306
1991-07-16,1.5302
1991-07-17,1.5245
1991-07-18,1.5371
1991-07-19,1.5492
1991-07-22,1.5642
1991-07-23,1.5485
1991-07-24,1.5554
1991-07-25,1.549
1991-07-26,1.5482
1991-07-28,1.5482
1991-07-29,1.5429
1991-07-30,1.5456
1991-07-31,1.5494
1991-08-01,1.5389
1991-08-02,1.5311
1991-08-04,1.5311
1991-08-05,1.5533
1991-08-06,1.5616
1991-08-07,1.5556
1991-08-08,1.5551
1991-08-09,1.5443
1991-08-11,1.5443
1991-08-12,1.5395
1991-08-13,1.5422
1991-08-14,1.5303
1991-08-15,1.521
1991-08-16,1.5215
1991-08-18,1.5215
1991-08-19,1.5175
1991-08-20,1.5342
1991-08-21,1.5303
1991-08-22,1.5419
1991-08-23,1.5453
1991-08-25,1.5453
1991-08-26,1.5358
1991-08-27,1.5357
1991-08-28,1.5344
1991-08-29,1.5355
1991-08-30,1.5327
1991-09-01,1.5327
1991-09-02,1.5229
1991-09-03,1.5278
1991-09-04,1.5291
1991-09-05,1.5234
1991-09-06,1.5183
1991-09-08,1.5183
1991-09-11,1.5553
1991-09-12,1.5592
1991-09-13,1.5536
1991-09-15,1.5536
1991-09-16,1.5663
1991-09-19,1.5768
1991-09-20,1.5815
1991-09-22,1.5815
1991-09-24,1.602
1991-09-25,1.6071
1991-09-26,1.6068
1991-09-27,1.6304
1991-09-29,1.6304
1991-10-01,1.6403
1991-10-02,1.6395
1991-10-03,1.6387
1991-10-04,1.6397
1991-10-06,1.6397
1991-10-07,1.6203
1991-10-08,1.6213
1991-10-09,1.6173
1991-10-10,1.625
1991-10-11,1.6275
1991-10-13,1.6275
1991-10-14,1.6323
1991-10-15,1.6303
1991-10-16,1.635
1991-10-17,1.6381
1991-10-18,1.6445
1991-10-20,1.6445
1991-10-21,1.6473
1991-10-22,1.6465
1991-10-23,1.6497
1991-10-24,1.6497
1991-10-25,1.6505
1991-10-27,1.6505
1991-10-28,1.6342
1991-10-29,1.6233
1991-10-30,1.6333
1991-10-31,1.6329
1991-11-01,1.6298
1991-11-03,1.6298
1991-11-04,1.6393
1991-11-05,1.6406
1991-11-06,1.6375
1991-11-07,1.6402
1991-11-08,1.632
1991-11-10,1.632
1991-11-11,1.6259
1991-11-12,1.6325
1991-11-13,1.6235
1991-11-14,1.6232
1991-11-15,1.624
1991-11-17,1.624
1991-11-18,1.6353
1991-11-19,1.6323
1991-11-20,1.6375
1991-11-21,1.6319
1991-11-22,1.6351
1991-11-24,1.6351
1991-11-25,1.6453
1991-11-26,1.64
1991-11-27,1.6395
1991-11-28,1.6386
1991-11-29,1.6307
1991-12-01,1.6307
1991-12-02,1.6391
1991-12-03,1.6371
1991-12-04,1.6417
1991-12-05,1.6445
1991-12-06,1.65
1991-12-08,1.65
1991-12-09,1.6638
1991-12-10,1.6696
1991-12-11,1.6511
1991-12-12,1.665
1991-12-13,1.6569
1991-12-15,1.6569
1991-12-16,1.6544
1991-12-17,1.6559
1991-12-18,1.6645
1991-12-19,1.6579
1991-12-20,1.6684
1991-12-22,1.6684
1991-12-23,1.6866
1991-12-24,1.6901
1991-12-27,1.698
1991-12-29,1.698
1991-12-30,1.6932
1991-12-31,1.6861
1992-01-02,1.6784
1992-01-03,1.6718
1992-01-05,1.6718
1992-01-06,1.6789
1992-01-07,1.691
1992-01-08,1.6865
1992-01-09,1.6726
1992-01-10,1.6492
1992-01-12,1.6492
1992-01-13,1.6407
1992-01-14,1.6443
1992-01-15,1.6249
1992-01-16,1.6177
1992-01-17,1.6084
1992-01-19,1.6084
1992-01-20,1.6355
1992-01-21,1.6333
1992-01-22,1.6367
1992-01-23,1.6339
1992-01-24,1.6218
1992-01-26,1.6218
1992-01-27,1.6241
1992-01-28,1.6224
1992-01-29,1.6289
1992-01-30,1.6166
1992-01-31,1.615
1992-02-02,1.615
1992-02-03,1.6179
1992-02-04,1.6164
1992-02-05,1.6251
1992-02-06,1.6288
1992-02-07,1.6309
1992-02-09,1.6309
1992-02-10,1.6425
1992-02-11,1.6271
1992-02-12,1.622
1992-02-13,1.6144
1992-02-14,1.5958
1992-02-16,1.5958
1992-02-17,1.5989
1992-02-18,1.5799
1992-02-19,1.5777
1992-02-20,1.5734
1992-02-21,1.5856
1992-02-23,1.5856
1992-02-24,1.5733
1992-02-25,1.5887
1992-02-26,1.5786
1992-02-27,1.5831
1992-02-28,1.5962
1992-03-01,1.5962
1992-03-02,1.5888
1992-03-03,1.5841
1992-03-04,1.5789
1992-03-05,1.5729
1992-03-06,1.575
1992-03-08,1.575
1992-03-09,1.5895
1992-03-10,1.5975
1992-03-11,1.5821
1992-03-12,1.5877
1992-03-13,1.5901
1992-03-15,1.5901
1992-03-16,1.5938
1992-03-17,1.6007
1992-03-18,1.6062
1992-03-22,1.6062
1992-03-23,1.5919
1992-03-24,1.5987
1992-03-25,1.605
1992-03-26,1.6035
1992-03-27,1.5954
1992-03-29,1.5954
1992-03-30,1.6104
1992-03-31,1.6027
1992-04-01,1.5903
1992-04-02,1.5844
1992-04-03,1.595
1992-04-05,1.595
1992-04-06,1.6031
1992-04-07,1.5985
1992-04-08,1.6008
1992-04-09,1.5929
1992-04-10,1.5958
1992-04-12,1.5958
1992-04-13,1.5848
1992-04-14,1.5813
1992-04-15,1.5774
1992-04-16,1.5678
1992-04-19,1.5678
1992-04-21,1.5703
1992-04-22,1.57
1992-04-23,1.5749
1992-04-26,1.5749
1992-04-27,1.5807
1992-04-28,1.5923
1992-04-29,1.6014
1992-04-30,1.5944
1992-05-01,1.601
1992-05-03,1.601
1992-05-04,1.6091
1992-05-05,1.6093
1992-05-06,1.6079
1992-05-08,1.6025
1992-05-10,1.6025
1992-05-11,1.5957
1992-05-12,1.6053
1992-05-13,1.6243
1992-05-14,1.6376
1992-05-15,1.638
1992-05-17,1.638
1992-05-18,1.6468
1992-05-19,1.6512
1992-05-20,1.652
1992-05-21,1.6501
1992-05-22,1.6476
1992-05-24,1.6476
1992-05-25,1.6473
1992-05-26,1.6544
1992-05-27,1.6503
1992-05-28,1.6703
1992-05-29,1.6895
1992-05-31,1.6895
1992-06-01,1.6909
1992-06-02,1.6772
1992-06-03,1.6763
1992-06-04,1.6694
1992-06-05,1.6796
1992-06-08,1.6874
1992-06-09,1.6894
1992-06-10,1.6867
1992-06-11,1.6933
1992-06-12,1.7115
1992-06-14,1.7115
1992-06-15,1.727
1992-06-16,1.7262
1992-06-17,1.7357
1992-06-18,1.7224
1992-06-19,1.7285
1992-06-21,1.7285
1992-06-22,1.7343
1992-06-24,1.7425
1992-06-25,1.7558
1992-06-26,1.7676
1992-06-28,1.7676
1992-06-29,1.7798
1992-06-30,1.7753
1992-07-01,1.788
1992-07-02,1.7836
1992-07-03,1.8026
1992-07-05,1.8026
1992-07-06,1.7903
1992-07-07,1.8059
1992-07-08,1.816
1992-07-09,1.8115
1992-07-10,1.7877
1992-07-12,1.7877
1992-07-13,1.8128
1992-07-14,1.8204
1992-07-15,1.8185
1992-07-16,1.8301
1992-07-17,1.843
1992-07-19,1.843
1992-07-20,1.8984
1992-07-21,1.8629
1992-07-22,1.86
1992-07-23,1.8695
1992-07-24,1.8663
1992-07-26,1.8663
1992-07-27,1.8585
1992-07-28,1.8783
1992-07-29,1.876
1992-07-30,1.8545
1992-07-31,1.8612
1992-08-02,1.8612
1992-08-03,1.8636
1992-08-04,1.8526
1992-08-05,1.8513
1992-08-06,1.8465
1992-08-07,1.8501
1992-08-10,1.8592
1992-08-11,1.8595
1992-08-12,1.8527
1992-08-13,1.8538
1992-08-14,1.8645
1992-08-16,1.8645
1992-08-17,1.8489
1992-08-18,1.8639
1992-08-19,1.8658
1992-08-20,1.877
1992-08-21,1.8911
1992-08-23,1.8911
1992-08-24,1.9184
1992-08-25,1.9429
1992-08-26,1.9154
1992-08-27,1.9095
1992-08-28,1.9219
1992-08-30,1.9219
1992-08-31,1.9151
1992-09-01,1.9374
1992-09-02,1.9432
1992-09-03,1.9312
1992-09-04,1.9081
1992-09-06,1.9081
1992-09-07,1.9218
1992-09-08,1.9364
1992-09-09,1.9373
1992-09-10,1.9184
1992-09-11,1.9141
1992-09-13,1.9141
1992-09-14,1.8814
1992-09-15,1.8811
1992-09-16,1.8866
1992-09-17,1.8914
1992-09-18,1.9172
1992-09-20,1.9172
1992-09-21,1.9025
1992-09-22,1.9108
1992-09-23,1.9103
1992-09-24,1.9137
1992-09-25,1.9094
1992-09-27,1.9094
1992-09-30,1.9749
1992-10-01,1.981
1992-10-02,1.975
1992-10-04,1.975
1992-10-05,1.9927
1992-10-08,1.9197
1992-10-09,1.9073
1992-10-11,1.9073
1992-10-13,1.8889
1992-10-14,1.9076
1992-10-15,1.9082
1992-10-16,1.8982
1992-10-18,1.8982
1992-10-20,1.8664
1992-10-21,1.8604
1992-10-22,1.8612
1992-10-23,1.8749
1992-10-25,1.8749
1992-10-26,1.8465
1992-10-27,1.8575
1992-10-28,1.8631
1992-10-29,1.8598
1992-10-30,1.8622
1992-11-01,1.8622
1992-11-02,1.8692
1992-11-03,1.8556
1992-11-04,1.865
1992-11-05,1.8563
1992-11-06,1.8417
1992-11-08,1.8417
1992-11-09,1.8382
1992-11-10,1.8373
1992-11-11,1.8472
1992-11-12,1.8459
1992-11-13,1.8485
1992-11-15,1.8485
1992-11-16,1.8437
1992-11-17,1.8302
1992-11-18,1.828
1992-11-19,1.8362
1992-11-20,1.8701
1992-11-22,1.8701
1992-11-23,1.8432
1992-11-24,1.8667
1992-11-25,1.8784
1992-11-26,1.8827
1992-11-27,1.874
1992-11-29,1.874
1992-11-30,1.868
1992-12-01,1.8848
1992-12-02,1.9017
1992-12-03,1.9031
1992-12-04,1.9014
1992-12-06,1.9014
1992-12-07,1.8739
1992-12-08,1.9072
1992-12-09,1.9046
1992-12-10,1.8965
1992-12-11,1.9037
1992-12-13,1.9037
1992-12-14,1.9025
1992-12-15,1.9031
1992-12-16,1.9088
1992-12-17,1.9155
1992-12-18,1.9096
1992-12-20,1.9096
1992-12-21,1.9043
1992-12-22,1.8954
1992-12-23,1.8875
1992-12-24,1.8864
1992-12-27,1.8864
1992-12-28,1.8902
1992-12-29,1.8759
1992-12-30,1.8871
1992-12-31,1.897
1993-01-03,1.897
1993-01-04,1.8928
1993-01-05,1.8903
1993-01-06,1.8861
1993-01-07,1.8746
1993-01-08,1.8647
1993-01-10,1.8647
1993-01-11,1.8741
1993-01-12,1.8742
1993-01-13,1.861
1993-01-14,1.879
1993-01-15,1.8779
1993-01-17,1.8779
1993-01-18,1.8741
1993-01-19,1.8759
1993-01-20,1.8927
1993-01-21,1.8802
1993-01-22,1.8847
1993-01-24,1.8847
1993-01-25,1.8963
1993-01-26,1.9015
1993-01-27,1.8957
1993-01-28,1.9015
1993-01-29,1.8932
1993-01-31,1.8932
1993-02-01,1.8644
1993-02-02,1.8495
1993-02-03,1.8453
1993-02-04,1.8447
1993-02-05,1.841
1993-02-07,1.841
1993-02-08,1.8418
1993-02-09,1.8305
1993-02-10,1.8457
1993-02-11,1.8338
1993-02-12,1.8403
1993-02-14,1.8403
1993-02-15,1.8253
1993-02-16,1.8399
1993-02-17,1.8622
1993-02-18,1.8584
1993-02-19,1.8609
1993-02-21,1.8609
1993-02-22,1.863
1993-02-23,1.872
1993-02-24,1.8681
1993-02-25,1.8506
1993-02-26,1.8334
1993-02-28,1.8334
1993-03-01,1.8316
1993-03-02,1.8266
1993-03-03,1.8331
1993-03-04,1.8278
1993-03-05,1.8283
1993-03-08,1.8201
1993-03-09,1.8194
1993-03-10,1.8249
1993-03-11,1.8303
1993-03-12,1.8386
1993-03-14,1.8386
1993-03-15,1.835
1993-03-16,1.8391
1993-03-17,1.8372
1993-03-18,1.8285
1993-03-19,1.8439
1993-03-21,1.8439
1993-03-22,1.8393
1993-03-23,1.8398
1993-03-24,1.8427
1993-03-25,1.8376
1993-03-26,1.832
1993-03-28,1.832
1993-03-29,1.845
1993-03-30,1.8477
1993-03-31,1.8505
1993-04-01,1.8476
1993-04-02,1.8616
1993-04-04,1.8616
1993-04-05,1.8594
1993-04-07,1.8595
1993-04-08,1.8583
1993-04-11,1.8583
1993-04-13,1.8749
1993-04-14,1.8853
1993-04-15,1.8743
1993-04-16,1.8753
1993-04-18,1.8753
1993-04-19,1.8594
1993-04-20,1.8778
1993-04-21,1.8812
1993-04-22,1.8804
1993-04-23,1.8907
1993-04-25,1.8907
1993-04-27,1.9135
1993-04-28,1.9068
1993-04-29,1.9079
1993-04-30,1.9157
1993-05-02,1.9157
1993-05-03,1.9044
1993-05-04,1.9138
1993-05-05,1.9263
1993-05-06,1.917
1993-05-07,1.9195
1993-05-09,1.9195
1993-05-10,1.9076
1993-05-11,1.8834
1993-05-12,1.8731
1993-05-13,1.8751
1993-05-14,1.8844
1993-05-16,1.8844
1993-05-17,1.8848
1993-05-18,1.8593
1993-05-19,1.8647
1993-05-20,1.8671
1993-05-21,1.8652
1993-05-23,1.8652
1993-05-24,1.8625
1993-05-25,1.8687
1993-05-27,1.8853
1993-05-28,1.9071
1993-05-30,1.9071
1993-06-01,1.9135
1993-06-02,1.9146
1993-06-03,1.9184
1993-06-04,1.91
1993-06-06,1.91
1993-06-07,1.8789
1993-06-08,1.8885
1993-06-09,1.8806
1993-06-10,1.874
1993-06-11,1.8817
1993-06-13,1.8817
1993-06-14,1.8956
1993-06-15,1.8888
1993-06-16,1.8761
1993-06-17,1.861
1993-06-18,1.8692
1993-06-20,1.8692
1993-06-21,1.8579
1993-06-22,1.8673
1993-06-23,1.8572
1993-06-24,1.8614
1993-06-25,1.8632
1993-06-27,1.8632
1993-06-28,1.8565
1993-06-29,1.8665
1993-06-30,1.8666
1993-07-01,1.8568
1993-07-02,1.8562
1993-07-04,1.8562
1993-07-05,1.8579
1993-07-06,1.8545
1993-07-07,1.8651
1993-07-08,1.8597
1993-07-09,1.8548
1993-07-11,1.8548
1993-07-12,1.8387
1993-07-13,1.8481
1993-07-14,1.8483
1993-07-15,1.8589
1993-07-16,1.8557
1993-07-18,1.8557
1993-07-19,1.8652
1993-07-20,1.8675
1993-07-21,1.8656
1993-07-22,1.863
1993-07-23,1.8545
1993-07-25,1.8545
1993-07-26,1.8849
1993-07-28,1.8935
1993-07-29,1.8932
1993-07-30,1.8798
1993-08-01,1.8798
1993-08-02,1.8871
1993-08-03,1.9028
1993-08-04,1.8959
1993-08-05,1.8993
1993-08-06,1.897
1993-08-08,1.897
1993-08-09,1.8973
1993-08-10,1.8936
1993-08-11,1.8767
1993-08-12,1.8773
1993-08-13,1.8787
1993-08-15,1.8787
1993-08-16,1.8734
1993-08-17,1.895
1993-08-18,1.8945
1993-08-19,1.9074
1993-08-20,1.9176
1993-08-22,1.9176
1993-08-23,1.9355
1993-08-24,1.9246
1993-08-25,1.9378
1993-08-26,1.9386
1993-08-27,1.9523
1993-08-29,1.9523
1993-08-30,1.9564
1993-08-31,1.9544
1993-09-01,1.9463
1993-09-02,1.9718
1993-09-03,1.9738
1993-09-05,1.9738
1993-09-06,2.0014
1993-09-07,1.9997
1993-09-08,2.0056
1993-09-09,2.0109
1993-09-10,2.0264
1993-09-12,2.0264
1993-09-13,2.0303
1993-09-14,2.0184
1993-09-15,2.0303
1993-09-19,2.0303
1993-09-20,2.0213
1993-09-21,2.0329
1993-09-22,2.0176
1993-09-23,2.0119
1993-09-26,2.0119
1993-09-27,2.019
1993-09-28,2.02
1993-09-29,2.0308
1993-10-01,2.0107
1993-10-03,2.0107
1993-10-04,2.0139
1993-10-05,2.0233
1993-10-06,2.0161
1993-10-08,2.0141
1993-10-10,2.0141
1993-10-11,2.0328
1993-10-12,2.0313
1993-10-13,2.0373
1993-10-14,2.038
1993-10-15,2.0105
1993-10-17,2.0105
1993-10-18,2.0042
1993-10-19,1.9955
1993-10-20,1.9986
1993-10-21,1.9904
1993-10-22,1.9682
1993-10-24,1.9682
1993-10-25,1.9715
1993-10-26,1.9703
1993-10-27,1.9716
1993-10-28,1.9813
1993-10-29,1.9775
1993-10-31,1.9775
1993-11-01,1.9645
1993-11-02,1.9557
1993-11-03,1.9567
1993-11-04,1.9626
1993-11-05,1.9535
1993-11-07,1.9535
1993-11-08,1.9672
1993-11-09,1.9758
1993-11-10,1.9755
1993-11-11,1.9732
1993-11-12,1.9659
1993-11-14,1.9659
1993-11-15,1.9691
1993-11-16,1.9684
1993-11-17,1.9595
1993-11-18,1.9635
1993-11-19,1.9595
1993-11-21,1.9595
1993-11-22,1.9681
1993-11-23,1.9852
1993-11-24,1.9779
1993-11-25,1.9715
1993-11-26,1.9717
1993-11-28,1.9717
1993-11-29,1.9774
1993-11-30,1.9931
1993-12-01,1.9827
1993-12-02,1.98
1993-12-03,1.9839
1993-12-05,1.9839
1993-12-06,2.0
1993-12-07,2.0166
1993-12-08,2.017
1993-12-09,2.0109
1993-12-10,2.0225
1993-12-12,2.0225
1993-12-13,2.0309
1993-12-14,2.0252
1993-12-15,2.0252
1993-12-16,2.0218
1993-12-17,2.0322
1993-12-19,2.0322
1993-12-20,2.0336
1993-12-21,2.0503
1993-12-22,2.0524
1993-12-23,2.0712
1993-12-24,2.0703
1993-12-26,2.0703
1993-12-27,2.0644
1993-12-28,2.0651
1993-12-29,2.0665
1993-12-30,2.0443
1993-12-31,2.0162
1994-01-02,2.0162
1994-01-03,2.0224
1994-01-04,2.0114
1994-01-05,2.0176
1994-01-06,2.0196
1994-01-07,2.0159
1994-01-09,2.0159
1994-01-10,2.0303
1994-01-11,2.0299
1994-01-12,2.0258
1994-01-13,2.0384
1994-01-14,2.0116
1994-01-16,2.0116
1994-01-17,2.0174
1994-01-18,2.0197
1994-01-19,2.0363
1994-01-20,2.0351
1994-01-21,2.0432
1994-01-23,2.0432
1994-01-24,2.0361
1994-01-25,2.0249
1994-01-26,2.0305
1994-01-27,2.0392
1994-01-28,2.0462
1994-01-30,2.0462
1994-01-31,2.0385
1994-02-01,2.0447
1994-02-02,2.0524
1994-02-03,2.0475
1994-02-04,2.05
1994-02-06,2.05
1994-02-07,2.0361
1994-02-08,2.0368
1994-02-09,2.0197
1994-02-10,2.0175
1994-02-11,2.0179
1994-02-13,2.0179
1994-02-14,2.0245
1994-02-15,2.0332
1994-02-16,2.0373
1994-02-17,2.0295
1994-02-18,2.0379
1994-02-20,2.0379
1994-02-21,2.0456
1994-02-22,2.0419
1994-02-23,2.0514
1994-02-24,2.0535
1994-02-27,2.0535
1994-02-28,2.0804
1994-03-01,2.0749
1994-03-02,2.0612
1994-03-03,2.0698
1994-03-04,2.069
1994-03-06,2.069
1994-03-07,2.065
1994-03-08,2.0716
1994-03-09,2.072
1994-03-10,2.0809
1994-03-11,2.0945
1994-03-13,2.0945
1994-03-14,2.0856
1994-03-15,2.0667
1994-03-16,2.0672
1994-03-17,2.0726
1994-03-18,2.0643
1994-03-20,2.0643
1994-03-21,2.0712
1994-03-22,2.0768
1994-03-23,2.0783
1994-03-24,2.0776
1994-03-25,2.083
1994-03-28,2.0837
1994-03-29,2.099
1994-03-30,2.0948
1994-03-31,2.1012
1994-04-03,2.1012
1994-04-05,2.0932
1994-04-06,2.0726
1994-04-07,2.0683
1994-04-08,2.0684
1994-04-10,2.0684
1994-04-11,2.0771
1994-04-12,2.0708
1994-04-13,2.0692
1994-04-15,2.0608
1994-04-17,2.0608
1994-04-18,2.0585
1994-04-19,2.0645
1994-04-20,2.0655
1994-04-21,2.0772
1994-04-22,2.0821
1994-04-24,2.0821
1994-04-25,2.0915
1994-04-26,2.0923
1994-04-27,2.1054
1994-04-28,2.1052
1994-04-29,2.1216
1994-05-01,2.1216
1994-05-02,2.1338
1994-05-03,2.1362
1994-05-04,2.1416
1994-05-05,2.1362
1994-05-06,2.1208
1994-05-08,2.1208
1994-05-09,2.1242
1994-05-10,2.1189
1994-05-11,2.109
1994-05-12,2.115
1994-05-13,2.1063
1994-05-15,2.1063
1994-05-17,2.1111
1994-05-18,2.1242
1994-05-19,2.1303
1994-05-20,2.1323
1994-05-22,2.1323
1994-05-23,2.1391
1994-05-24,2.1435
1994-05-25,2.1401
1994-05-26,2.1592
1994-05-27,2.155
1994-05-29,2.155
1994-05-30,2.1691
1994-05-31,2.1685
1994-06-01,2.1641
1994-06-02,2.1723
1994-06-03,2.1642
1994-06-05,2.1642
1994-06-06,2.1549
1994-06-07,2.1588
1994-06-08,2.1622
1994-06-09,2.1606
1994-06-10,2.166
1994-06-12,2.166
1994-06-13,2.1805
1994-06-14,2.1994
1994-06-15,2.1973
1994-06-16,2.2208
1994-06-17,2.2209
1994-06-19,2.2209
1994-06-20,2.2491
1994-06-21,2.2551
1994-06-22,2.2607
1994-06-23,2.2603
1994-06-24,2.2742
1994-06-26,2.2742
1994-06-27,2.2916
1994-06-28,2.2861
1994-06-29,2.2868
1994-06-30,2.2601
1994-07-01,2.2582
1994-07-03,2.2582
1994-07-04,2.2651
1994-07-05,2.2627
1994-07-06,2.2771
1994-07-07,2.2711
1994-07-08,2.2815
1994-07-10,2.2815
1994-07-11,2.2907
1994-07-12,2.3154
1994-07-13,2.3137
1994-07-14,2.3065
1994-07-15,2.2989
1994-07-18,2.3145
1994-07-19,2.3062
1994-07-20,2.2892
1994-07-21,2.3043
1994-07-22,2.2691
1994-07-24,2.2691
1994-07-25,2.2673
1994-07-26,2.2567
1994-07-27,2.2735
1994-07-28,2.2893
1994-07-29,2.2664
1994-07-31,2.2664
1994-08-01,2.2845
1994-08-02,2.2858
1994-08-03,2.2784
1994-08-04,2.2863
1994-08-05,2.2757
1994-08-07,2.2757
1994-08-08,2.2835
1994-08-09,2.2796
1994-08-10,2.2881
1994-08-11,2.2793
1994-08-12,2.3137
1994-08-14,2.3137
1994-08-15,2.3213
1994-08-16,2.3193
1994-08-17,2.3182
1994-08-18,2.3247
1994-08-19,2.3296
1994-08-21,2.3296
1994-08-22,2.3349
1994-08-23,2.3385
1994-08-24,2.3237
1994-08-25,2.3164
1994-08-26,2.3174
1994-08-28,2.3174
1994-08-29,2.2854
1994-08-30,2.2746
1994-08-31,2.2771
1994-09-01,2.2789
1994-09-02,2.2879
1994-09-04,2.2879
1994-09-05,2.3119
1994-09-08,2.331
1994-09-09,2.3237
1994-09-11,2.3237
1994-09-12,2.3561
1994-09-13,2.3465
1994-09-16,2.3486
1994-09-18,2.3486
1994-09-19,2.3514
1994-09-21,2.3501
1994-09-22,2.3488
1994-09-23,2.352
1994-09-25,2.352
1994-09-26,2.3525
1994-09-28,2.3673
1994-09-29,2.3508
1994-09-30,2.3451
1994-10-02,2.3451
1994-10-03,2.3335
1994-10-04,2.3397
1994-10-05,2.3476
1994-10-06,2.3572
1994-10-07,2.3604
1994-10-09,2.3604
1994-10-10,2.3528
1994-10-11,2.3523
1994-10-12,2.3534
1994-10-13,2.3664
1994-10-14,2.3842
1994-10-16,2.3842
1994-10-17,2.3998
1994-10-18,2.4177
1994-10-19,2.4222
1994-10-20,2.4215
1994-10-21,2.434
1994-10-23,2.434
1994-10-24,2.4171
1994-10-25,2.4301
1994-10-26,2.4105
1994-10-27,2.4103
1994-10-28,2.3999
1994-10-30,2.3999
1994-10-31,2.3861
1994-11-01,2.3944
1994-11-02,2.4137
1994-11-03,2.3816
1994-11-04,2.3682
1994-11-06,2.3682
1994-11-07,2.3667
1994-11-08,2.3665
1994-11-09,2.3636
1994-11-10,2.3453
1994-11-11,2.3431
1994-11-13,2.3431
1994-11-14,2.3186
1994-11-15,2.313
1994-11-16,2.2918
1994-11-17,2.2977
1994-11-18,2.2976
1994-11-20,2.2976
1994-11-21,2.2941
1994-11-22,2.3079
1994-11-23,2.3059
1994-11-24,2.3016
1994-11-25,2.314
1994-11-27,2.314
1994-11-28,2.2996
1994-11-29,2.2925
1994-11-30,2.2789
1994-12-01,2.28
1994-12-02,2.2741
1994-12-04,2.2741
1994-12-05,2.2721
1994-12-06,2.2769
1994-12-07,2.2749
1994-12-08,2.269
1994-12-09,2.256
1994-12-11,2.256
1994-12-12,2.2583
1994-12-13,2.2655
1994-12-14,2.2712
1994-12-15,2.2712
1994-12-16,2.2663
1994-12-18,2.2663
1994-12-19,2.2626
1994-12-20,2.2806
1994-12-21,2.3001
1994-12-22,2.2944
1994-12-23,2.2918
1994-12-25,2.2918
1994-12-27,2.2807
1994-12-28,2.2806
1994-12-29,2.2907
1994-12-30,2.3012
1995-01-01,2.3012
1995-01-03,2.2965
1995-01-04,2.3
1995-01-05,2.3093
1995-01-06,2.3193
1995-01-08,2.3193
1995-01-09,2.3135
1995-01-10,2.3372
1995-01-11,2.3411
1995-01-12,2.3356
1995-01-13,2.3479
1995-01-15,2.3479
1995-01-16,2.3321
1995-01-17,2.3431
1995-01-18,2.3457
1995-01-19,2.3288
1995-01-20,2.3573
1995-01-22,2.3573
1995-01-23,2.3647
1995-01-24,2.3615
1995-01-25,2.3687
1995-01-26,2.3534
1995-01-27,2.3595
1995-01-29,2.3595
1995-01-30,2.3552
1995-01-31,2.3672
1995-02-01,2.3431
1995-02-02,2.3425
1995-02-03,2.344
1995-02-05,2.344
1995-02-06,2.3335
1995-02-07,2.3313
1995-02-08,2.3327
1995-02-09,2.3363
1995-02-10,2.34
1995-02-12,2.34
1995-02-13,2.3546
1995-02-14,2.348
1995-02-15,2.3639
1995-02-16,2.3655
1995-02-17,2.394
1995-02-19,2.394
1995-02-20,2.4071
1995-02-21,2.411
1995-02-22,2.4071
1995-02-23,2.3923
1995-02-24,2.3906
1995-02-26,2.3906
1995-02-27,2.4124
1995-02-28,2.4063
1995-03-01,2.4139
1995-03-02,2.41
1995-03-03,2.4282
1995-03-05,2.4282
1995-03-06,2.5303
1995-03-07,2.5374
1995-03-08,2.5986
1995-03-09,2.5427
1995-03-10,2.5524
1995-03-12,2.5524
1995-03-13,2.5455
1995-03-14,2.5366
1995-03-15,2.5294
1995-03-19,2.5294
1995-03-20,2.5598
1995-03-21,2.5425
1995-03-22,2.5283
1995-03-23,2.5658
1995-03-24,2.5631
1995-03-26,2.5631
1995-03-27,2.561
1995-03-28,2.5839
1995-03-29,2.6119
1995-03-30,2.6057
1995-03-31,2.5764
1995-04-02,2.5764
1995-04-03,2.6223
1995-04-04,2.6117
1995-04-05,2.6281
1995-04-06,2.614
1995-04-07,2.6159
1995-04-09,2.6159
1995-04-10,2.5731
1995-04-11,2.5619
1995-04-12,2.5792
1995-04-13,2.5675
1995-04-16,2.5675
1995-04-18,2.6193
1995-04-19,2.6398
1995-04-20,2.611
1995-04-23,2.611
1995-04-24,2.6102
1995-04-25,2.6074
1995-04-26,2.5957
1995-04-27,2.6066
1995-04-28,2.6135
1995-04-30,2.6135
1995-05-01,2.5964
1995-05-02,2.6047
1995-05-03,2.6175
1995-05-05,2.6159
1995-05-07,2.6159
1995-05-08,2.6253
1995-05-09,2.6193
1995-05-10,2.5983
1995-05-11,2.5568
1995-05-12,2.5017
1995-05-14,2.5017
1995-05-15,2.4996
1995-05-16,2.5023
1995-05-17,2.5189
1995-05-18,2.5125
1995-05-19,2.5192
1995-05-21,2.5192
1995-05-22,2.523
1995-05-23,2.5357
1995-05-24,2.5245
1995-05-25,2.5477
1995-05-26,2.6236
1995-05-28,2.6236
1995-05-30,2.6192
1995-05-31,2.6267
1995-06-01,2.5523
1995-06-02,2.5831
1995-06-05,2.594
1995-06-06,2.582
1995-06-07,2.5821
1995-06-08,2.5667
1995-06-09,2.577
1995-06-11,2.577
1995-06-12,2.5765
1995-06-13,2.589
1995-06-14,2.5686
1995-06-15,2.5522
1995-06-16,2.5517
1995-06-18,2.5517
1995-06-19,2.5585
1995-06-20,2.5701
1995-06-21,2.5782
1995-06-22,2.5948
1995-06-23,2.5654
1995-06-25,2.5654
1995-06-26,2.5843
1995-06-27,2.5915
1995-06-28,2.5815
1995-06-29,2.5575
1995-06-30,2.5615
1995-07-02,2.5615
1995-07-03,2.5742
1995-07-04,2.5725
1995-07-05,2.5638
1995-07-06,2.5696
1995-07-07,2.5645
1995-07-09,2.5645
1995-07-10,2.5448
1995-07-11,2.5393
1995-07-12,2.5232
1995-07-13,2.5085
1995-07-14,2.5299
1995-07-16,2.5299
1995-07-17,2.5198
1995-07-18,2.5286
1995-07-19,2.5422
1995-07-20,2.5574
1995-07-21,2.5513
1995-07-23,2.5513
1995-07-24,2.5503
1995-07-25,2.5641
1995-07-26,2.5734
1995-07-27,2.5884
1995-07-28,2.5994
1995-07-30,2.5994
1995-07-31,2.6103
1995-08-01,2.607
1995-08-02,2.6011
1995-08-03,2.6064
1995-08-04,2.6133
1995-08-07,2.6079
1995-08-08,2.5878
1995-08-09,2.5867
1995-08-10,2.5875
1995-08-11,2.5491
1995-08-13,2.5491
1995-08-14,2.5284
1995-08-15,2.5083
1995-08-16,2.4759
1995-08-17,2.4626
1995-08-18,2.4755
1995-08-20,2.4755
1995-08-21,2.4917
1995-08-22,2.4653
1995-08-23,2.4838
1995-08-24,2.4702
1995-08-25,2.503
1995-08-27,2.503
1995-08-28,2.5236
1995-08-29,2.52
1995-08-30,2.5058
1995-08-31,2.5361
1995-09-01,2.5314
1995-09-03,2.5314
1995-09-04,2.5458
1995-09-05,2.531
1995-09-06,2.5023
1995-09-07,2.5075
1995-09-08,2.4945
1995-09-10,2.4945
1995-09-11,2.5228
1995-09-12,2.5204
1995-09-13,2.5131
1995-09-14,2.5167
1995-09-15,2.5101
1995-09-17,2.5101
1995-09-18,2.5204
1995-09-19,2.5205
1995-09-20,2.5532
1995-09-21,2.613
1995-09-22,2.6388
1995-09-24,2.6388
1995-09-27,2.6041
1995-09-28,2.613
1995-09-29,2.6274
1995-10-01,2.6274
1995-10-02,2.602
1995-10-05,2.6153
1995-10-06,2.6316
1995-10-08,2.6316
1995-10-10,2.6039
1995-10-11,2.6056
1995-10-12,2.5973
1995-10-13,2.6031
1995-10-15,2.6031
1995-10-17,2.5978
1995-10-18,2.5821
1995-10-19,2.5951
1995-10-20,2.6088
1995-10-22,2.6088
1995-10-23,2.651
1995-10-24,2.6759
1995-10-25,2.6658
1995-10-26,2.6731
1995-10-27,2.6866
1995-10-29,2.6866
1995-10-30,2.6657
1995-10-31,2.6552
1995-11-01,2.6553
1995-11-02,2.6297
1995-11-03,2.6387
1995-11-05,2.6387
1995-11-06,2.6592
1995-11-07,2.6508
1995-11-08,2.649
1995-11-09,2.626
1995-11-10,2.6533
1995-11-12,2.6533
1995-11-13,2.6546
1995-11-14,2.6342
1995-11-15,2.6612
1995-11-16,2.6661
1995-11-17,2.684
1995-11-19,2.684
1995-11-20,2.709
1995-11-21,2.6988
1995-11-22,2.6859
1995-11-23,2.6904
1995-11-24,2.7049
1995-11-26,2.7049
1995-11-27,2.6754
1995-11-28,2.6614
1995-11-29,2.6377
1995-11-30,2.6312
1995-12-01,2.6241
1995-12-03,2.6241
1995-12-04,2.6398
1995-12-05,2.6483
1995-12-06,2.6445
1995-12-07,2.6537
1995-12-08,2.6462
1995-12-10,2.6462
1995-12-11,2.6706
1995-12-12,2.6553
1995-12-13,2.6477
1995-12-14,2.6474
1995-12-15,2.6744
1995-12-17,2.6744
1995-12-18,2.7007
1995-12-19,2.7207
1995-12-20,2.713
1995-12-21,2.7426
1995-12-22,2.73
1995-12-24,2.73
1995-12-27,2.7222
1995-12-28,2.7241
1995-12-29,2.7261
1995-12-31,2.7261
1996-01-02,2.7179
1996-01-03,2.7004
1996-01-04,2.6821
1996-01-05,2.6852
1996-01-07,2.6852
1996-01-08,2.7008
1996-01-09,2.6793
1996-01-10,2.6843
1996-01-11,2.6978
1996-01-12,2.6844
1996-01-14,2.6844
1996-01-15,2.681
1996-01-16,2.6623
1996-01-17,2.6486
1996-01-18,2.6299
1996-01-19,2.6227
1996-01-21,2.6227
1996-01-22,2.615
1996-01-23,2.6392
1996-01-24,2.6229
1996-01-25,2.6427
1996-01-26,2.6293
1996-01-28,2.6293
1996-01-29,2.5885
1996-01-30,2.5972
1996-01-31,2.5824
1996-02-01,2.581
1996-02-02,2.5777
1996-02-04,2.5777
1996-02-05,2.6002
1996-02-06,2.6117
1996-02-07,2.592
1996-02-08,2.5942
1996-02-09,2.5851
1996-02-11,2.5851
1996-02-12,2.5932
1996-02-13,2.5812
1996-02-14,2.5928
1996-02-15,2.5972
1996-02-16,2.5907
1996-02-18,2.5907
1996-02-19,2.6352
1996-02-20,2.6138
1996-02-21,2.6135
1996-02-22,2.6286
1996-02-23,2.6301
1996-02-25,2.6301
1996-02-26,2.644
1996-02-27,2.626
1996-02-28,2.6155
1996-02-29,2.5883
1996-03-01,2.5712
1996-03-03,2.5712
1996-03-04,2.5866
1996-03-07,2.5706
1996-03-08,2.5736
1996-03-10,2.5736
1996-03-11,2.5783
1996-03-12,2.5716
1996-03-13,2.6041
1996-03-14,2.605
1996-03-15,2.6003
1996-03-17,2.6003
1996-03-18,2.6037
1996-03-19,2.5899
1996-03-20,2.5881
1996-03-21,2.5964
1996-03-22,2.5803
1996-03-24,2.5803
1996-03-25,2.5927
1996-03-26,2.609
1996-03-27,2.613
1996-03-28,2.615
1996-03-29,2.6149
1996-03-31,2.6149
1996-04-01,2.6015
1996-04-02,2.6181
1996-04-07,2.6181
1996-04-09,2.6187
1996-04-11,2.5843
1996-04-12,2.5817
1996-04-14,2.5817
1996-04-15,2.5606
1996-04-16,2.584
1996-04-17,2.5886
1996-04-18,2.5955
1996-04-19,2.6199
1996-04-21,2.6199
1996-04-22,2.5892
1996-04-23,2.581
1996-04-25,2.5697
1996-04-26,2.5659
1996-04-28,2.5659
1996-04-29,2.5963
1996-04-30,2.5755
1996-05-01,2.5614
1996-05-02,2.5624
1996-05-03,2.5827
1996-05-05,2.5827
1996-05-06,2.6224
1996-05-07,2.6409
1996-05-08,2.6231
1996-05-09,2.6213
1996-05-10,2.6098
1996-05-12,2.6098
1996-05-13,2.5791
1996-05-14,2.5763
1996-05-15,2.588
1996-05-16,2.584
1996-05-17,2.589
1996-05-19,2.589
1996-05-20,2.588
1996-05-21,2.5838
1996-05-22,2.5709
1996-05-23,2.5782
1996-05-26,2.5782
1996-05-28,2.587
1996-05-30,2.632
1996-05-31,2.6169
1996-06-02,2.6169
1996-06-03,2.6323
1996-06-04,2.6152
1996-06-05,2.6043
1996-06-06,2.6065
1996-06-07,2.5919
1996-06-09,2.5919
1996-06-10,2.5647
1996-06-11,2.5878
1996-06-12,2.5851
1996-06-13,2.5885
1996-06-14,2.6132
1996-06-16,2.6132
1996-06-17,2.6121
1996-06-18,2.6176
1996-06-19,2.6085
1996-06-20,2.6019
1996-06-21,2.5993
1996-06-23,2.5993
1996-06-24,2.5556
1996-06-25,2.5545
1996-06-26,2.5562
1996-06-27,2.5562
1996-06-28,2.5561
1996-06-30,2.5561
1996-07-01,2.5622
1996-07-02,2.5561
1996-07-03,2.5488
1996-07-04,2.5452
1996-07-05,2.5371
1996-07-07,2.5371
1996-07-08,2.5205
1996-07-09,2.5128
1996-07-10,2.5117
1996-07-11,2.5303
1996-07-12,2.5414
1996-07-14,2.5414
1996-07-15,2.5228
1996-07-16,2.585
1996-07-18,2.6101
1996-07-19,2.6088
1996-07-21,2.6088
1996-07-22,2.6113
1996-07-23,2.6294
1996-07-24,2.6115
1996-07-26,2.629
1996-07-28,2.629
1996-07-29,2.619
1996-07-30,2.6253
1996-07-31,2.6561
1996-08-01,2.6159
1996-08-02,2.6084
1996-08-04,2.6084
1996-08-05,2.629
1996-08-06,2.6113
1996-08-07,2.6104
1996-08-08,2.5923
1996-08-09,2.6052
1996-08-11,2.6052
1996-08-12,2.6133
1996-08-13,2.6135
1996-08-14,2.6082
1996-08-15,2.6078
1996-08-16,2.6082
1996-08-18,2.6082
1996-08-19,2.6087
1996-08-20,2.6033
1996-08-21,2.6205
1996-08-22,2.6115
1996-08-23,2.6127
1996-08-25,2.6127
1996-08-26,2.6343
1996-08-27,2.6371
1996-08-28,2.6274
1996-08-29,2.6295
1996-08-30,2.6201
1996-09-01,2.6201
1996-09-02,2.6093
1996-09-03,2.6032
1996-09-04,2.6036
1996-09-05,2.6063
1996-09-06,2.611
1996-09-08,2.611
1996-09-09,2.5929
1996-09-10,2.5741
1996-09-11,2.5653
1996-09-12,2.5642
1996-09-16,2.5516
1996-09-17,2.5552
1996-09-18,2.5481
1996-09-19,2.5604
1996-09-20,2.557
1996-09-24,2.5661
1996-09-25,2.5744
1996-09-26,2.5446
1996-09-27,2.546
1996-09-29,2.546
1996-09-30,2.5634
1996-10-01,2.5455
1996-10-02,2.5477
1996-10-03,2.5378
1996-10-04,2.5366
1996-10-06,2.5366
1996-10-07,2.5396
1996-10-08,2.5539
1996-10-09,2.5403
1996-10-10,2.5493
1996-10-11,2.5455
1996-10-13,2.5455
1996-10-14,2.5461
1996-10-15,2.5239
1996-10-16,2.5238
1996-10-17,2.5551
1996-10-18,2.5758
1996-10-20,2.5758
1996-10-21,2.5819
1996-10-22,2.5701
1996-10-23,2.6005
1996-10-24,2.6093
1996-10-25,2.6013
1996-10-27,2.6013
1996-10-28,2.5777
1996-10-29,2.5975
1996-10-30,2.6047
1996-10-31,2.602
1996-11-01,2.5735
1996-11-03,2.5735
1996-11-04,2.5609
1996-11-05,2.5476
1996-11-06,2.5414
1996-11-07,2.5676
1996-11-08,2.5491
1996-11-10,2.5491
1996-11-11,2.5621
1996-11-12,2.5754
1996-11-13,2.5515
1996-11-14,2.5458
1996-11-15,2.5397
1996-11-17,2.5397
1996-11-18,2.532
1996-11-19,2.5463
1996-11-20,2.5499
1996-11-21,2.5638
1996-11-22,2.5638
1996-11-24,2.5638
1996-11-25,2.5432
1996-11-26,2.5054
1996-11-27,2.5201
1996-11-28,2.5098
1996-11-29,2.5037
1996-12-01,2.5037
1996-12-02,2.4949
1996-12-03,2.4847
1996-12-04,2.4905
1996-12-05,2.4882
1996-12-06,2.5075
1996-12-08,2.5075
1996-12-09,2.4821
1996-12-10,2.4751
1996-12-11,2.4949
1996-12-12,2.4924
1996-12-13,2.4937
1996-12-15,2.4937
1996-12-16,2.4694
1996-12-17,2.4796
1996-12-18,2.4685
1996-12-19,2.4576
1996-12-20,2.4462
1996-12-22,2.4462
1996-12-23,2.4445
1996-12-24,2.4364
1996-12-25,2.4364
1996-12-26,2.4364
1996-12-27,2.424
1996-12-29,2.424
1996-12-31,2.4158
1997-01-02,2.407
1997-01-03,2.4127
1997-01-05,2.4127
1997-01-06,2.3947
1997-01-07,2.3971
1997-01-08,2.3866
1997-01-09,2.3744
1997-01-10,2.3682
1997-01-13,2.3655
1997-01-14,2.3804
1997-01-15,2.3728
1997-01-16,2.3726
1997-01-17,2.362
1997-01-20,2.3189
1997-01-21,2.3246
1997-01-22,2.3048
1997-01-23,2.3125
1997-01-24,2.3313
1997-01-27,2.3331
1997-01-28,2.3152
1997-01-29,2.3324
1997-01-30,2.3188
1997-01-31,2.331
1997-02-03,2.3234
1997-02-04,2.3277
1997-02-05,2.3166
1997-02-06,2.3277
1997-02-07,2.3218
1997-02-10,2.3377
1997-02-11,2.3279
1997-02-12,2.312
1997-02-13,2.3104
1997-02-17,2.2711
1997-02-18,2.2654
1997-02-19,2.2684
1997-02-20,2.2659
1997-02-24,2.2883
1997-02-25,2.2886
1997-02-26,2.2816
1997-02-27,2.2669
1997-03-03,2.2709
1997-03-04,2.2685
1997-03-05,2.2661
1997-03-06,2.2631
1997-03-07,2.2771
1997-03-10,2.2839
1997-03-11,2.282
1997-03-12,2.2879
1997-03-13,2.3167
1997-03-14,2.3008
1997-03-17,2.3174
1997-03-18,2.3158
1997-03-19,2.3258
1997-03-20,2.35
1997-03-21,2.3128
1997-03-25,2.3104
1997-03-26,2.2983
1997-03-27,2.3071
1997-04-01,2.3266
1997-04-02,2.3221
1997-04-03,2.3368
1997-04-04,2.342
1997-04-07,2.3086
1997-04-08,2.2968
1997-04-09,2.3041
1997-04-10,2.3086
1997-04-11,2.3103
1997-04-14,2.3205
1997-04-15,2.3126
1997-04-16,2.3179
1997-04-17,2.3156
1997-04-18,2.3293
1997-04-23,2.3222
1997-04-24,2.3173
1997-04-25,2.3255
1997-04-29,2.3142
1997-04-30,2.3196
1997-05-01,2.3193
1997-05-02,2.3209
1997-05-05,2.3173
1997-05-06,2.315
1997-05-07,2.3332
1997-05-08,2.3453
1997-05-09,2.3584
1997-05-13,2.3672
1997-05-14,2.3503
1997-05-15,2.3775
1997-05-16,2.368
1997-05-19,2.3812
1997-05-20,2.4048
1997-05-21,2.4141
1997-05-22,2.4072
1997-05-23,2.4134
1997-05-27,2.3935
1997-05-28,2.3907
1997-05-29,2.3968
1997-05-30,2.4012
1997-06-02,2.3867
1997-06-03,2.3841
1997-06-04,2.3624
1997-06-05,2.363
1997-06-06,2.3482
1997-06-09,2.3661
1997-06-10,2.3608
1997-06-12,2.362
1997-06-13,2.3681
1997-06-16,2.3669
1997-06-17,2.3623
1997-06-18,2.3651
1997-06-19,2.3646
1997-06-20,2.3905
1997-06-23,2.4252
1997-06-24,2.4384
1997-06-25,2.4501
1997-06-26,2.4883
1997-06-27,2.4979
1997-06-30,2.4563
1997-07-01,2.4277
1997-07-02,2.3861
1997-07-03,2.3917
1997-07-04,2.4269
1997-07-07,2.4467
1997-07-08,2.4394
1997-07-09,2.436
1997-07-10,2.4421
1997-07-11,2.4427
1997-07-14,2.4155
1997-07-15,2.4224
1997-07-16,2.4081
1997-07-17,2.396
1997-07-18,2.3854
1997-07-21,2.387
1997-07-22,2.3769
1997-07-23,2.3674
1997-07-24,2.3653
1997-07-25,2.3497
1997-07-28,2.3319
1997-07-29,2.3327
1997-07-30,2.3248
1997-07-31,2.3448
1997-08-01,2.3321
1997-08-04,2.3076
1997-08-05,2.3107
1997-08-06,2.3063
1997-08-07,2.3043
1997-08-08,2.3075
1997-08-11,2.3247
1997-08-13,2.3288
1997-08-14,2.3298
1997-08-15,2.3156
1997-08-18,2.339
1997-08-19,2.3355
1997-08-20,2.3183
1997-08-21,2.3279
1997-08-22,2.3385
1997-08-25,2.3511
1997-08-26,2.3713
1997-08-27,2.3633
1997-08-28,2.3542
1997-08-29,2.3681
1997-09-01,2.3492
1997-09-02,2.3459
1997-09-03,2.3414
1997-09-04,2.3447
1997-09-05,2.354
1997-09-08,2.3793
1997-09-09,2.3646
1997-09-10,2.3694
1997-09-11,2.3743
1997-09-12,2.3734
1997-09-15,2.4193
1997-09-16,2.4059
1997-09-17,2.3984
1997-09-18,2.4046
1997-09-19,2.3877
1997-09-22,2.3904
1997-09-23,2.3792
1997-09-24,2.4005
1997-09-25,2.3987
1997-09-26,2.4207
1997-09-29,2.4128
1997-09-30,2.4066
1997-10-06,2.412
1997-10-07,2.4236
1997-10-08,2.4047
1997-10-09,2.4117
1997-10-13,2.3865
1997-10-14,2.3899
1997-10-15,2.4044
1997-10-17,2.4104
1997-10-20,2.3874
1997-10-21,2.3913
1997-10-22,2.3903
1997-10-24,2.418
1997-10-27,2.433
1997-10-28,2.5156
1997-10-29,2.4761
1997-10-30,2.5345
1997-10-31,2.5147
1997-11-03,2.4942
1997-11-04,2.5204
1997-11-05,2.5051
1997-11-06,2.5044
1997-11-07,2.5284
1997-11-10,2.53
1997-11-11,2.5399
1997-11-12,2.5401
1997-11-13,2.5265
1997-11-14,2.5189
1997-11-17,2.4921
1997-11-18,2.5043
1997-11-19,2.5145
1997-11-20,2.5194
1997-11-21,2.4945
1997-11-24,2.5159
1997-11-25,2.5091
1997-11-26,2.4968
1997-11-27,2.4773
1997-11-28,2.4809
1997-12-01,2.4665
1997-12-02,2.4753
1997-12-08,2.4412
1997-12-09,2.427
1997-12-10,2.4441
1997-12-11,2.4543
1997-12-12,2.4616
1997-12-15,2.4626
1997-12-16,2.4631
1997-12-17,2.4665
1997-12-18,2.4547
1997-12-19,2.4653
1997-12-22,2.4614
1997-12-23,2.4629
1997-12-24,2.4641
1997-12-29,2.4573
1997-12-30,2.4308
1997-12-31,2.4284
1998-01-02,2.418
1998-01-05,2.4116
1998-01-06,2.4104
1998-01-07,2.4112
1998-01-08,2.4135
1998-01-09,2.4193
1998-01-12,2.4192
1998-01-13,2.4105
1998-01-14,2.4099
1998-01-15,2.4146
1998-01-16,2.4175
1998-01-19,2.3967
1998-01-20,2.4075
1998-01-21,2.3984
1998-01-22,2.4333
1998-01-23,2.4523
1998-01-26,2.4687
1998-01-27,2.467
1998-01-28,2.443
1998-01-29,2.4556
1998-01-30,2.4477
1998-02-02,2.4225
1998-02-03,2.433
1998-02-04,2.4553
1998-02-05,2.4763
1998-02-06,2.4722
1998-02-09,2.4561
1998-02-10,2.4646
1998-02-11,2.4538
1998-02-12,2.4781
1998-02-13,2.4607
1998-02-16,2.4613
1998-02-17,2.4602
1998-02-18,2.4422
1998-02-19,2.46
1998-02-20,2.4626
1998-02-23,2.4552
1998-02-24,2.4727
1998-02-25,2.457
1998-02-26,2.438
1998-02-27,2.4396
1998-03-02,2.4492
1998-03-03,2.4351
1998-03-04,2.4206
1998-03-05,2.4332
1998-03-06,2.4126
1998-03-09,2.4044
1998-03-10,2.4062
1998-03-11,2.4055
1998-03-16,2.4176
1998-03-17,2.4154
1998-03-18,2.4127
1998-03-19,2.4073
1998-03-20,2.4071
1998-03-23,2.4089
1998-03-24,2.4128
1998-03-25,2.3986
1998-03-26,2.4018
1998-03-27,2.4102
1998-03-30,2.3821
1998-03-31,2.3638
1998-04-01,2.3563
1998-04-02,2.3614
1998-04-03,2.3734
1998-04-06,2.4293
1998-04-07,2.4116
1998-04-08,2.4167
1998-04-09,2.4378
1998-04-14,2.4935
1998-04-15,2.495
1998-04-16,2.4783
1998-04-20,2.4888
1998-04-21,2.5171
1998-04-22,2.5261
1998-04-23,2.5205
1998-04-24,2.5173
1998-04-27,2.4811
1998-04-28,2.4975
1998-04-29,2.4773
1998-05-04,2.4767
1998-05-05,2.4939
1998-05-06,2.4926
1998-05-07,2.5135
1998-05-08,2.503
1998-05-11,2.4791
1998-05-12,2.4833
1998-05-13,2.4719
1998-05-14,2.4834
1998-05-15,2.4767
1998-05-18,2.4547
1998-05-19,2.4665
1998-05-20,2.4671
1998-05-21,2.4771
1998-05-22,2.4835
1998-05-26,2.471
1998-05-27,2.4997
1998-05-28,2.4672
1998-05-29,2.4637
1998-06-01,2.466
1998-06-02,2.4614
1998-06-03,2.4721
1998-06-04,2.4768
1998-06-05,2.4795
1998-06-08,2.4779
1998-06-09,2.4861
1998-06-10,2.4836
1998-06-11,2.4618
1998-06-12,2.4634
1998-06-15,2.4438
1998-06-16,2.4598
1998-06-17,2.4561
1998-06-18,2.4619
1998-06-19,2.4525
1998-06-22,2.4404
1998-06-23,2.438
1998-06-24,2.4339
1998-06-25,2.4332
1998-06-26,2.4258
1998-06-29,2.4023
1998-06-30,2.4095
1998-07-01,2.3997
1998-07-02,2.3986
1998-07-03,2.4038
1998-07-06,2.408
1998-07-07,2.4089
1998-07-08,2.4013
1998-07-09,2.3806
1998-07-10,2.3763
1998-07-13,2.3938
1998-07-14,2.4093
1998-07-15,2.4093
1998-07-16,2.4221
1998-07-17,2.4247
1998-07-20,2.4277
1998-07-21,2.4218
1998-07-22,2.4153
1998-07-23,2.417
1998-07-24,2.4393
1998-07-27,2.447
1998-07-28,2.4387
1998-07-29,2.4585
1998-07-30,2.4677
1998-07-31,2.4421
1998-08-03,2.4279
1998-08-04,2.4317
1998-08-05,2.4485
1998-08-06,2.4506
1998-08-07,2.495
1998-08-10,2.4632
1998-08-11,2.4679
1998-08-12,2.4813
1998-08-13,2.4744
1998-08-14,2.4702
1998-08-17,2.4534
1998-08-18,2.446
1998-08-19,2.4472
1998-08-20,2.4616
1998-08-21,2.4813
1998-08-24,2.4867
1998-08-25,2.4812
1998-08-26,2.484
1998-08-27,2.5158
1998-08-28,2.6332
1998-08-31,2.6147
1998-09-01,2.6666
1998-09-02,2.6356
1998-09-03,2.7076
1998-09-04,2.6947
1998-09-07,2.7441
1998-09-08,2.7237
1998-09-09,2.6936
1998-09-10,2.7664
1998-09-11,2.7804
1998-09-14,2.7339
1998-09-15,2.7585
1998-09-16,2.7393
1998-09-17,2.7895
1998-09-18,2.765
1998-09-23,2.7381
1998-09-24,2.7602
1998-09-25,2.7914
1998-09-28,2.7618
1998-10-01,2.8412
1998-10-02,2.9212
1998-10-06,2.9782
1998-10-07,3.074
1998-10-08,3.3538
1998-10-09,3.2296
1998-10-13,3.1437
1998-10-14,3.1461
1998-10-15,3.1682
1998-10-16,3.1961
1998-10-19,3.2167
1998-10-20,3.2433
1998-10-21,3.2179
1998-10-22,3.2376
1998-10-23,3.1682
1998-10-26,3.1064
1998-10-27,3.0777
1998-10-28,3.1283
1998-10-29,3.1985
1998-10-30,3.1547
1998-11-02,3.1886
1998-11-03,3.1661
1998-11-04,3.1519
1998-11-05,3.1591
1998-11-06,3.1611
1998-11-09,3.1115
1998-11-10,3.0917
1998-11-11,3.0658
1998-11-12,3.0668
1998-11-13,3.0214
1998-11-16,3.0239
1998-11-17,3.0263
1998-11-18,3.0171
1998-11-19,3.0244
1998-11-20,3.0197
1998-11-23,2.9727
1998-11-24,2.9561
1998-11-25,2.961
1998-11-26,2.9554
1998-11-27,2.9916
1998-11-30,2.9893
1998-12-01,3.033
1998-12-02,3.0424
1998-12-03,3.0559
1998-12-04,3.0749
1998-12-07,3.0518
1998-12-08,3.0549
1998-12-09,3.0587
1998-12-10,3.0766
1998-12-11,3.1142
1998-12-14,3.1155
1998-12-15,3.1128
1998-12-16,3.1049
1998-12-17,3.1141
1998-12-18,3.1221
1998-12-21,3.0982
1998-12-22,3.0782
1998-12-23,3.0657
1998-12-24,3.0581
1998-12-28,3.0364
1998-12-29,3.048
1998-12-30,3.0472
1998-12-31,3.0149
1999-01-04,3.0336
1999-01-05,3.002
1999-01-06,2.9619
1999-01-07,2.9327
1999-01-08,2.9473
1999-01-11,2.919
1999-01-12,2.9092
1999-01-13,2.9977
1999-01-14,2.981
1999-01-15,3.0088
1999-01-18,2.9285
1999-01-19,2.9541
1999-01-20,2.9294
1999-01-21,2.9382
1999-01-22,2.9644
1999-01-25,2.9599
1999-01-26,2.9513
1999-01-27,2.9272
1999-01-28,2.8966
1999-01-29,2.9021
1999-02-01,2.8756
1999-02-02,2.8828
1999-02-03,2.8997
1999-02-04,2.8655
1999-02-05,2.8966
1999-02-08,2.8677
1999-02-09,2.8929
1999-02-10,2.8973
1999-02-11,2.8895
1999-02-12,2.8536
1999-02-15,2.857
1999-02-16,2.8321
1999-02-17,2.8601
1999-02-18,2.8597
1999-02-19,2.8401
1999-02-22,2.797
1999-02-23,2.7924
1999-02-24,2.803
1999-02-25,2.8159
1999-02-26,2.8063
1999-03-01,2.7924
1999-03-04,2.7681
1999-03-05,2.7475
1999-03-08,2.7606
1999-03-09,2.7479
1999-03-10,2.7483
1999-03-11,2.7372
1999-03-12,2.747
1999-03-15,2.7482
1999-03-16,2.7461
1999-03-17,2.7548
1999-03-18,2.7718
1999-03-19,2.7541
1999-03-22,2.7371
1999-03-23,2.7566
1999-03-24,2.769
1999-03-25,2.7749
1999-03-26,2.7572
1999-03-29,2.7069
1999-03-30,2.713
1999-04-06,2.7196
1999-04-08,2.735
1999-04-09,2.7288
1999-04-12,2.7325
1999-04-13,2.7095
1999-04-14,2.7103
1999-04-15,2.7116
1999-04-16,2.6807
1999-04-19,2.6742
1999-04-20,2.6809
1999-04-22,2.668
1999-04-23,2.6888
1999-04-26,2.6976
1999-04-27,2.7169
1999-04-28,2.7442
1999-04-29,2.7388
1999-04-30,2.7341
1999-05-03,2.7194
1999-05-04,2.7083
1999-05-05,2.7203
1999-05-06,2.7578
1999-05-07,2.7684
1999-05-10,2.7616
1999-05-11,2.7746
1999-05-12,2.7442
1999-05-13,2.7458
1999-05-14,2.7335
1999-05-18,2.7204
1999-05-19,2.7142
1999-05-20,2.7209
1999-05-24,2.7131
1999-05-25,2.7485
1999-05-26,2.7276
1999-05-27,2.6968
1999-05-28,2.7042
1999-06-01,2.6827
1999-06-02,2.6691
1999-06-03,2.6756
1999-06-04,2.6571
1999-06-07,2.659
1999-06-08,2.6715
1999-06-09,2.6868
1999-06-10,2.6819
1999-06-11,2.6883
1999-06-14,2.6672
1999-06-15,2.6552
1999-06-16,2.6467
1999-06-17,2.6357
1999-06-18,2.6359
1999-06-21,2.6491
1999-06-22,2.6461
1999-06-23,2.6551
1999-06-24,2.666
1999-06-25,2.6934
1999-06-28,2.6542
1999-06-29,2.6371
1999-06-30,2.6245
1999-07-01,2.6132
1999-07-02,2.5983
1999-07-05,2.6113
1999-07-06,2.5998
1999-07-07,2.6047
1999-07-08,2.5987
1999-07-09,2.5973
1999-07-12,2.5761
1999-07-13,2.6027
1999-07-14,2.5911
1999-07-15,2.5931
1999-07-16,2.595
1999-07-19,2.5733
1999-07-20,2.6431
1999-07-21,2.6649
1999-07-23,2.6859
1999-07-26,2.7288
1999-07-27,2.7346
1999-07-28,2.7346
1999-07-29,2.7621
1999-07-30,2.7885
1999-08-02,2.7928
1999-08-03,2.7697
1999-08-04,2.8034
1999-08-05,2.8226
1999-08-06,2.7966
1999-08-09,2.791
1999-08-10,2.8203
1999-08-11,2.7917
1999-08-12,2.7745
1999-08-13,2.7945
1999-08-16,2.7606
1999-08-17,2.7615
1999-08-18,2.7577
1999-08-19,2.7667
1999-08-20,2.8289
1999-08-23,2.8058
1999-08-24,2.7649
1999-08-25,2.7683
1999-08-26,2.7726
1999-08-27,2.7617
1999-08-30,2.7634
1999-08-31,2.8021
1999-09-01,2.8046
1999-09-02,2.8198
1999-09-03,2.8276
1999-09-06,2.793
1999-09-07,2.7842
1999-09-08,2.8104
1999-09-09,2.7975
1999-09-13,2.7347
1999-09-14,2.7426
1999-09-15,2.7299
1999-09-16,2.7439
1999-09-17,2.7479
1999-09-21,2.7499
1999-09-22,2.7904
1999-09-23,2.7748
1999-09-24,2.8087
1999-09-27,2.7911
1999-09-28,2.7956
1999-09-29,2.8151
1999-09-30,2.8566
1999-10-01,2.8661
1999-10-04,2.8706
1999-10-05,2.8607
1999-10-06,2.8772
1999-10-07,2.8704
1999-10-08,2.8567
1999-10-11,2.8406
1999-10-12,2.8511
1999-10-13,2.8906
1999-10-14,2.8875
1999-10-15,2.916
1999-10-18,2.9244
1999-10-19,2.9079
1999-10-20,2.8887
1999-10-21,2.9016
1999-10-22,2.8913
1999-10-25,2.8544
1999-10-26,2.8232
1999-10-27,2.8124
1999-10-28,2.8027
1999-10-29,2.7793
1999-11-01,2.7958
1999-11-02,2.772
1999-11-03,2.765
1999-11-04,2.7416
1999-11-05,2.7153
1999-11-08,2.727
1999-11-09,2.7315
1999-11-10,2.7243
1999-11-11,2.7216
1999-11-12,2.7118
1999-11-15,2.7196
1999-11-16,2.7276
1999-11-17,2.7385
1999-11-18,2.7436
1999-11-19,2.7238
1999-11-22,2.7273
1999-11-23,2.7295
1999-11-24,2.6991
1999-11-25,2.6968
1999-11-26,2.6816
1999-11-29,2.6659
1999-11-30,2.6659
1999-12-01,2.6689
1999-12-02,2.6585
1999-12-03,2.6504
1999-12-06,2.6904
1999-12-07,2.706
1999-12-08,2.7093
1999-12-09,2.6923
1999-12-10,2.6796
1999-12-13,2.6575
1999-12-14,2.6204
1999-12-15,2.6227
1999-12-16,2.656
1999-12-17,2.6738
1999-12-20,2.6264
1999-12-21,2.6347
1999-12-22,2.6309
1999-12-23,2.6274
1999-12-24,2.6309
1999-12-27,2.6288
1999-12-28,2.6085
1999-12-29,2.6069
1999-12-30,2.5987
2000-01-03,2.5928
2000-01-04,2.6593
2000-01-05,2.6777
2000-01-06,2.6861
2000-01-07,2.6577
2000-01-10,2.6135
2000-01-11,2.6227
2000-01-12,2.6345
2000-01-13,2.6235
2000-01-14,2.6073
2000-01-17,2.5568
2000-01-18,2.5383
2000-01-19,2.5622
2000-01-20,2.5564
2000-01-21,2.5844
2000-01-24,2.5492
2000-01-25,2.5486
2000-01-26,2.5362
2000-01-27,2.537
2000-01-28,2.494
2000-01-31,2.4864
2000-02-01,2.4579
2000-02-02,2.4555
2000-02-03,2.4508
2000-02-04,2.5002
2000-02-07,2.4764
2000-02-08,2.5063
2000-02-09,2.5032
2000-02-10,2.4992
2000-02-11,2.4962
2000-02-14,2.4883
2000-02-15,2.469
2000-02-16,2.4707
2000-02-17,2.5019
2000-02-18,2.4866
2000-02-21,2.4925
2000-02-22,2.526
2000-02-23,2.5241
2000-02-24,2.4874
2000-02-25,2.4835
2000-02-28,2.4245
2000-02-29,2.44
2000-03-01,2.4284
2000-03-02,2.4314
2000-03-03,2.418
2000-03-06,2.3994
2000-03-07,2.3868
2000-03-08,2.3834
2000-03-09,2.3894
2000-03-10,2.3905
2000-03-13,2.3932
2000-03-14,2.3701
2000-03-15,2.3795
2000-03-16,2.3894
2000-03-17,2.3856
2000-03-20,2.4004
2000-03-23,2.4324
2000-03-24,2.4562
2000-03-27,2.4604
2000-03-28,2.4245
2000-03-29,2.4105
2000-03-30,2.4167
2000-03-31,2.4187
2000-04-03,2.4407
2000-04-04,2.432
2000-04-05,2.4982
2000-04-06,2.4702
2000-04-07,2.4659
2000-04-10,2.4568
2000-04-11,2.4691
2000-04-12,2.4507
2000-04-13,2.4439
2000-04-14,2.4477
2000-04-17,2.4885
2000-04-18,2.4502
2000-04-25,2.4001
2000-04-27,2.3636
2000-04-28,2.332
2000-05-02,2.3859
2000-05-03,2.3603
2000-05-04,2.3686
2000-05-05,2.3734
2000-05-08,2.3758
2000-05-09,2.3959
2000-05-11,2.4246
2000-05-12,2.4031
2000-05-15,2.4328
2000-05-16,2.42
2000-05-17,2.3825
2000-05-18,2.3937
2000-05-19,2.3969
2000-05-22,2.4278
2000-05-23,2.446
2000-05-24,2.4403
2000-05-25,2.4096
2000-05-26,2.4378
2000-05-30,2.4846
2000-05-31,2.4654
2000-06-01,2.4648
2000-06-02,2.4611
2000-06-05,2.4735
2000-06-06,2.4858
2000-06-07,2.526
2000-06-08,2.5392
2000-06-12,2.5002
2000-06-13,2.5176
2000-06-14,2.5257
2000-06-15,2.4947
2000-06-16,2.5015
2000-06-19,2.5198
2000-06-20,2.5101
2000-06-21,2.5029
2000-06-22,2.4907
2000-06-23,2.4729
2000-06-26,2.4596
2000-06-27,2.4789
2000-06-28,2.4886
2000-06-29,2.4943
2000-06-30,2.5128
2000-07-03,2.4831
2000-07-04,2.4876
2000-07-05,2.5022
2000-07-06,2.5164
2000-07-07,2.5137
2000-07-10,2.5279
2000-07-11,2.5146
2000-07-12,2.5032
2000-07-13,2.4587
2000-07-14,2.4778
2000-07-17,2.4797
2000-07-18,2.4685
2000-07-19,2.4436
2000-07-20,2.445
2000-07-21,2.4681
2000-07-24,2.4554
2000-07-25,2.4776
2000-07-26,2.478
2000-07-27,2.472
2000-07-28,2.4497
2000-07-31,2.4414
2000-08-01,2.4446
2000-08-02,2.4144
2000-08-03,2.3889
2000-08-04,2.3898
2000-08-07,2.3932
2000-08-08,2.3858
2000-08-09,2.3607
2000-08-11,2.384
2000-08-14,2.3488
2000-08-15,2.3614
2000-08-16,2.3549
2000-08-17,2.3562
2000-08-18,2.3642
2000-08-21,2.3337
2000-08-22,2.3141
2000-08-23,2.3223
2000-08-24,2.3459
2000-08-25,2.3604
2000-08-28,2.355
2000-08-29,2.3432
2000-08-30,2.3084
2000-08-31,2.3118
2000-09-01,2.3008
2000-09-04,2.3309
2000-09-05,2.3037
2000-09-06,2.2954
2000-09-07,2.2604
2000-09-08,2.2705
2000-09-11,2.2638
2000-09-12,2.2927
2000-09-13,2.288
2000-09-14,2.2941
2000-09-15,2.2833
2000-09-18,2.2684
2000-09-19,2.2822
2000-09-20,2.2678
2000-09-21,2.286
2000-09-22,2.31
2000-09-25,2.3359
2000-09-26,2.3307
2000-09-27,2.3425
2000-09-28,2.3293
2000-10-02,2.3318
2000-10-03,2.3316
2000-10-04,2.3276
2000-10-05,2.3249
2000-10-06,2.319
2000-10-10,2.3471
2000-10-11,2.3524
2000-10-12,2.3652
2000-10-13,2.3638
2000-10-16,2.3174
2000-10-17,2.3287
2000-10-18,2.3196
2000-10-19,2.2998
2000-10-20,2.3141
2000-10-23,2.3125
2000-10-24,2.3231
2000-10-25,2.2951
2000-10-26,2.2622
2000-10-27,2.277
2000-10-30,2.3029
2000-10-31,2.2888
2000-11-01,2.307
2000-11-02,2.3221
2000-11-03,2.3244
2000-11-06,2.3365
2000-11-07,2.3193
2000-11-08,2.3201
2000-11-09,2.3064
2000-11-10,2.3449
2000-11-13,2.3315
2000-11-14,2.3244
2000-11-15,2.3257
2000-11-16,2.3051
2000-11-17,2.3003
2000-11-20,2.272
2000-11-21,2.2871
2000-11-22,2.2869
2000-11-23,2.2855
2000-11-24,2.2697
2000-11-27,2.2731
2000-11-28,2.3178
2000-11-29,2.3404
2000-11-30,2.3535
2000-12-01,2.3723
2000-12-04,2.41
2000-12-05,2.3887
2000-12-06,2.3892
2000-12-07,2.4137
2000-12-08,2.3962
2000-12-11,2.3898
2000-12-12,2.3897
2000-12-13,2.3811
2000-12-14,2.4042
2000-12-15,2.4408
2000-12-18,2.4273
2000-12-19,2.4111
2000-12-20,2.433
2000-12-21,2.4461
2000-12-22,2.4433
2000-12-27,2.473
2000-12-28,2.4616
2000-12-29,2.4702
2001-01-02,2.5284
2001-01-03,2.565
2001-01-04,2.5231
2001-01-05,2.5513
2001-01-08,2.561
2001-01-09,2.5453
2001-01-10,2.5384
2001-01-11,2.5548
2001-01-12,2.5448
2001-01-15,2.5096
2001-01-16,2.5176
2001-01-17,2.5081
2001-01-18,2.5403
2001-01-19,2.5521
2001-01-22,2.5092
2001-01-23,2.5423
2001-01-24,2.5177
2001-01-25,2.4803
2001-01-26,2.5176
2001-01-29,2.5053
2001-01-30,2.5111
2001-01-31,2.5099
2001-02-01,2.5469
2001-02-02,2.5397
2001-02-05,2.5338
2001-02-07,2.507
2001-02-08,2.4878
2001-02-09,2.4636
2001-02-12,2.482
2001-02-13,2.475
2001-02-14,2.4514
2001-02-15,2.4326
2001-02-16,2.4332
2001-02-19,2.4674
2001-02-20,2.4339
2001-02-21,2.4532
2001-02-22,2.4443
2001-02-23,2.4335
2001-02-26,2.4512
2001-02-27,2.4519
2001-02-28,2.4636
2001-03-01,2.4765
2001-03-02,2.5004
2001-03-05,2.4944
2001-03-06,2.4887
2001-03-07,2.4946
2001-03-08,2.4936
2001-03-12,2.4824
2001-03-13,2.4729
2001-03-14,2.4769
2001-03-15,2.4591
2001-03-16,2.4291
2001-03-19,2.4454
2001-03-20,2.4604
2001-03-21,2.4699
2001-03-22,2.4493
2001-03-23,2.4556
2001-03-26,2.4363
2001-03-27,2.4411
2001-03-28,2.4422
2001-03-29,2.4414
2001-03-30,2.4189
2001-04-02,2.4234
2001-04-03,2.4474
2001-04-04,2.486
2001-04-05,2.4654
2001-04-06,2.4674
2001-04-09,2.473
2001-04-10,2.4476
2001-04-11,2.4299
2001-04-12,2.4378
2001-04-16,2.4348
2001-04-17,2.4273
2001-04-18,2.3962
2001-04-19,2.4018
2001-04-20,2.4365
2001-04-23,2.4411
2001-04-24,2.437
2001-04-25,2.4245
2001-04-27,2.4359
2001-04-30,2.3912
2001-05-01,2.3909
2001-05-02,2.3956
2001-05-03,2.3947
2001-05-04,2.3998
2001-05-07,2.3986
2001-05-08,2.3837
2001-05-09,2.3762
2001-05-10,2.3953
2001-05-11,2.3729
2001-05-14,2.3683
2001-05-15,2.3792
2001-05-16,2.3913
2001-05-17,2.3781
2001-05-18,2.3723
2001-05-21,2.3694
2001-05-22,2.3451
2001-05-23,2.3249
2001-05-24,2.326
2001-05-25,2.3188
2001-05-29,2.3107
2001-05-30,2.3109
2001-05-31,2.3051
2001-06-01,2.305
2001-06-04,2.3293
2001-06-05,2.3206
2001-06-06,2.3313
2001-06-07,2.3054
2001-06-08,2.3172
2001-06-11,2.318
2001-06-12,2.3134
2001-06-13,2.321
2001-06-14,2.3217
2001-06-15,2.3629
2001-06-18,2.3408
2001-06-19,2.3329
2001-06-20,2.3246
2001-06-21,2.3502
2001-06-22,2.3453
2001-06-25,2.3659
2001-06-26,2.3661
2001-06-27,2.3663
2001-06-28,2.335
2001-06-29,2.3197
2001-07-02,2.3227
2001-07-03,2.3322
2001-07-04,2.3263
2001-07-05,2.3183
2001-07-06,2.3104
2001-07-09,2.3385
2001-07-10,2.3515
2001-07-11,2.3787
2001-07-12,2.3652
2001-07-13,2.3721
2001-07-16,2.3823
2001-07-17,2.3725
2001-07-18,2.4202
2001-07-19,2.4339
2001-07-20,2.4402
2001-07-23,2.4174
2001-07-24,2.4216
2001-07-25,2.4458
2001-07-26,2.4348
2001-07-27,2.4434
2001-07-30,2.4327
2001-07-31,2.4389
2001-08-01,2.459
2001-08-02,2.4596
2001-08-03,2.4628
2001-08-06,2.4644
2001-08-07,2.4635
2001-08-08,2.4625
2001-08-09,2.4888
2001-08-10,2.5138
2001-08-13,2.514
2001-08-14,2.5045
2001-08-15,2.5473
2001-08-16,2.5523
2001-08-17,2.5384
2001-08-20,2.5491
2001-08-21,2.5494
2001-08-22,2.5667
2001-08-23,2.5345
2001-08-24,2.5445
2001-08-27,2.5334
2001-08-28,2.5264
2001-08-29,2.5596
2001-08-30,2.5421
2001-08-31,2.5793
2001-09-03,2.5492
2001-09-04,2.5271
2001-09-05,2.5281
2001-09-06,2.518
2001-09-07,2.5423
2001-09-10,2.576
2001-09-11,2.5722
2001-09-12,2.6155
2001-09-13,2.6093
2001-09-14,2.625
2001-09-20,2.719
2001-09-21,2.772
2001-09-24,2.7356
2001-09-25,2.7429
2001-09-28,2.6997
2001-10-01,2.6852
2001-10-03,2.7045
2001-10-04,2.6828
2001-10-05,2.678
2001-10-08,2.6983
2001-10-10,2.6714
2001-10-11,2.6168
2001-10-12,2.6309
2001-10-15,2.6458
2001-10-16,2.6214
2001-10-17,2.6195
2001-10-18,2.6269
2001-10-19,2.6295
2001-10-22,2.6048
2001-10-23,2.5775
2001-10-24,2.5968
2001-10-25,2.6004
2001-10-26,2.6044
2001-10-29,2.6215
2001-10-30,2.6473
2001-10-31,2.633
2001-11-01,2.6413
2001-11-02,2.6216
2001-11-05,2.5925
2001-11-06,2.598
2001-11-07,2.617
2001-11-08,2.5945
2001-11-09,2.5667
2001-11-12,2.5726
2001-11-13,2.5464
2001-11-14,2.5331
2001-11-15,2.5394
2001-11-16,2.5533
2001-11-19,2.5361
2001-11-20,2.5575
2001-11-21,2.5501
2001-11-22,2.5413
2001-11-23,2.5464
2001-11-26,2.5537
2001-11-27,2.5423
2001-11-28,2.5594
2001-11-29,2.565
2001-11-30,2.5479
2001-12-03,2.5701
2001-12-04,2.5708
2001-12-05,2.5635
2001-12-06,2.547
2001-12-07,2.5524
2001-12-10,2.5251
2001-12-11,2.5431
2001-12-12,2.5605
2001-12-13,2.5776
2001-12-14,2.5932
2001-12-17,2.5946
2001-12-18,2.5914
2001-12-19,2.5906
2001-12-20,2.6176
2001-12-21,2.6482
2001-12-24,2.5922
2001-12-26,2.5988
2001-12-27,2.5962
2001-12-28,2.6118
2001-12-31,2.6388
2002-01-02,2.6973
2002-01-03,2.7213
2002-01-04,2.725
2002-01-07,2.7272
2002-01-08,2.7135
2002-01-09,2.6915
2002-01-10,2.6867
2002-01-11,2.7121
2002-01-14,2.7077
2002-01-15,2.7178
2002-01-16,2.7187
2002-01-17,2.7255
2002-01-18,2.7056
2002-01-21,2.7399
2002-01-22,2.7569
2002-01-23,2.7663
2002-01-24,2.7453
2002-01-25,2.7384
2002-01-28,2.6891
2002-01-29,2.7141
2002-01-30,2.7154
2002-01-31,2.6948
2002-02-01,2.6711
2002-02-04,2.6856
2002-02-05,2.722
2002-02-06,2.7282
2002-02-07,2.7444
2002-02-08,2.7669
2002-02-11,2.82
2002-02-12,2.799
2002-02-13,2.7507
2002-02-14,2.7162
2002-02-15,2.7228
2002-02-18,2.754
2002-02-19,2.775
2002-02-20,2.7782
2002-02-21,2.7602
2002-02-22,2.7631
2002-02-25,2.7417
2002-02-28,2.7091
2002-03-01,2.7512
2002-03-04,2.7324
2002-03-05,2.7612
2002-03-06,2.78
2002-03-07,2.7942
2002-03-08,2.7869
2002-03-11,2.7684
2002-03-12,2.7796
2002-03-13,2.7797
2002-03-14,2.8031
2002-03-15,2.8111
2002-03-18,2.7917
2002-03-19,2.7888
2002-03-20,2.7756
2002-03-21,2.7981
2002-03-22,2.7949
2002-03-25,2.7968
2002-03-26,2.7915
2002-04-02,2.8701
2002-04-04,2.8825
2002-04-05,2.8407
2002-04-08,2.8535
2002-04-09,2.8548
2002-04-10,2.8625
2002-04-11,2.8552
2002-04-12,2.8847
2002-04-15,2.873
2002-04-16,2.8718
2002-04-18,2.8985
2002-04-19,2.905
2002-04-22,2.8955
2002-04-23,2.8911
2002-04-24,2.9504
2002-04-25,2.992
2002-04-26,2.9855
2002-04-29,3.0259
2002-04-30,3.0154
2002-05-01,3.0208
2002-05-02,3.0103
2002-05-03,3.0048
2002-05-06,3.0405
2002-05-07,3.0425
2002-05-08,3.0626
2002-05-09,3.0651
2002-05-10,3.0973
2002-05-13,3.0908
2002-05-14,3.0526
2002-05-15,3.0324
2002-05-16,3.0507
2002-05-20,3.0723
2002-05-21,3.0872
2002-05-22,3.1014
2002-05-23,3.1124
2002-05-24,3.0972
2002-05-27,3.0747
2002-05-28,3.1269
2002-05-29,3.1558
2002-05-30,3.1543
2002-05-31,3.1468
2002-06-03,3.1253
2002-06-04,3.1781
2002-06-05,3.1746
2002-06-06,3.1643
2002-06-07,3.2061
2002-06-10,3.1979
2002-06-11,3.1955
2002-06-12,3.1775
2002-06-13,3.165
2002-06-14,3.1727
2002-06-17,3.1599
2002-06-18,3.1643
2002-06-19,3.212
2002-06-20,3.2497
2002-06-21,3.2754
2002-06-24,3.2918
2002-06-25,3.249
2002-06-26,3.2993
2002-06-27,3.2292
2002-06-28,3.2149
2002-07-01,3.2095
2002-07-02,3.1945
2002-07-03,3.1933
2002-07-04,3.1843
2002-07-05,3.1905
2002-07-08,3.2061
2002-07-09,3.207
2002-07-10,3.1854
2002-07-11,3.1621
2002-07-12,3.1863
2002-07-15,3.187
2002-07-16,3.2336
2002-07-17,3.197
2002-07-19,3.2367
2002-07-22,3.2133
2002-07-23,3.1777
2002-07-24,3.2049
2002-07-25,3.259
2002-07-26,3.2761
2002-07-29,3.1987
2002-07-30,3.1786
2002-07-31,3.1481
2002-08-01,3.1558
2002-08-02,3.2105
2002-08-05,3.1978
2002-08-06,3.1334
2002-08-07,3.131
2002-08-08,3.114
2002-08-09,3.1142
2002-08-12,3.1313
2002-08-13,3.1359
2002-08-14,3.1644
2002-08-15,3.1215
2002-08-16,3.1237
2002-08-19,3.099
2002-08-20,3.0805
2002-08-21,3.0855
2002-08-22,3.0985
2002-08-23,3.0673
2002-08-26,3.0838
2002-08-27,3.1052
2002-08-28,3.115
2002-08-29,3.1251
2002-08-30,3.1231
2002-09-02,3.1234
2002-09-03,3.1562
2002-09-04,3.1992
2002-09-05,3.2425
2002-09-09,3.1814
2002-09-10,3.1695
2002-09-11,3.18
2002-09-12,3.1578
2002-09-13,3.1611
2002-09-17,3.0903
2002-09-18,3.1419
2002-09-19,3.2
2002-09-20,3.2392
2002-09-23,3.2473
2002-09-24,3.2234
2002-09-25,3.2813
2002-09-26,3.2426
2002-09-27,3.2349
2002-09-30,3.2851
2002-10-01,3.2896
2002-10-02,3.2447
2002-10-03,3.2801
2002-10-04,3.2675
2002-10-07,3.2616
2002-10-08,3.2353
2002-10-09,3.2443
2002-10-10,3.2597
2002-10-11,3.25
2002-10-14,3.2591
2002-10-15,3.225
2002-10-16,3.2228
2002-10-17,3.1648
2002-10-18,3.1537
2002-10-21,3.1438
2002-10-22,3.1704
2002-10-23,3.1611
2002-10-24,3.1401
2002-10-25,3.1614
2002-10-28,3.1649
2002-10-29,3.2072
2002-10-30,3.1828
2002-10-31,3.212
2002-11-01,3.2216
2002-11-04,3.2245
2002-11-05,3.2453
2002-11-06,3.1987
2002-11-07,3.2098
2002-11-08,3.2533
2002-11-11,3.2473
2002-11-12,3.2487
2002-11-13,3.2276
2002-11-14,3.2121
2002-11-15,3.1933
2002-11-18,3.2019
2002-11-19,3.2285
2002-11-20,3.1969
2002-11-21,3.1973
2002-11-22,3.1889
2002-11-25,3.1429
2002-11-26,3.1324
2002-11-27,3.1169
2002-11-28,3.1295
2002-11-29,3.1219
2002-12-02,3.0951
2002-12-03,3.143
2002-12-04,3.1642
2002-12-05,3.1596
2002-12-06,3.1957
2002-12-09,3.2137
2002-12-10,3.2093
2002-12-11,3.1876
2002-12-12,3.2071
2002-12-13,3.2214
2002-12-16,3.2046
2002-12-17,3.2532
2002-12-18,3.2614
2002-12-19,3.3203
2002-12-20,3.3253
2002-12-23,3.3436
2002-12-24,3.3574
2002-12-26,3.3958
2002-12-27,3.4213
2002-12-30,3.418
2002-12-31,3.4194
2003-01-02,3.4421
2003-01-03,3.4172
2003-01-06,3.4474
2003-01-07,3.4078
2003-01-08,3.4324
2003-01-09,3.4738
2003-01-10,3.4622
2003-01-13,3.4836
2003-01-14,3.4925
2003-01-15,3.48
2003-01-16,3.4859
2003-01-17,3.5358
2003-01-20,3.5415
2003-01-21,3.5519
2003-01-22,3.5908
2003-01-23,3.5917
2003-01-24,3.5971
2003-01-27,3.6207
2003-01-29,3.6152
2003-01-30,3.5277
2003-01-31,3.549
2003-02-03,3.5365
2003-02-04,3.5916
2003-02-05,3.6389
2003-02-06,3.5864
2003-02-07,3.57
2003-02-10,3.5915
2003-02-11,3.5426
2003-02-12,3.557
2003-02-13,3.5875
2003-02-14,3.6258
2003-02-17,3.5342
2003-02-18,3.5273
2003-02-19,3.5373
2003-02-20,3.5749
2003-02-21,3.6075
2003-02-24,3.5617
2003-02-25,3.5906
2003-02-26,3.5763
2003-02-27,3.5715
2003-02-28,3.5362
2003-03-03,3.5631
2003-03-04,3.5919
2003-03-05,3.6119
2003-03-06,3.5938
2003-03-07,3.6072
2003-03-10,3.6442
2003-03-11,3.6483
2003-03-12,3.6347
2003-03-13,3.5721
2003-03-14,3.5603
2003-03-17,3.5793
2003-03-20,3.4931
2003-03-21,3.4857
2003-03-24,3.4732
2003-03-25,3.4723
2003-03-26,3.397
2003-03-27,3.4066
2003-03-28,3.4163
2003-03-31,3.4525
2003-04-01,3.4271
2003-04-02,3.4229
2003-04-03,3.3584
2003-04-04,3.367
2003-04-07,3.3057
2003-04-08,3.3406
2003-04-09,3.3476
2003-04-10,3.3504
2003-04-11,3.3547
2003-04-14,3.2968
2003-04-15,3.2811
2003-04-22,3.3543
2003-04-24,3.3394
2003-04-25,3.353
2003-04-28,3.356
2003-04-29,3.2875
2003-05-02,3.3322
2003-05-05,3.3212
2003-05-06,3.3362
2003-05-08,3.3847
2003-05-09,3.4074
2003-05-12,3.417
2003-05-13,3.422
2003-05-14,3.4101
2003-05-19,3.4866
2003-05-20,3.5002
2003-05-21,3.5515
2003-05-22,3.5261
2003-05-23,3.4562
2003-05-27,3.4532
2003-05-28,3.4207
2003-05-29,3.386
2003-05-30,3.3856
2003-06-02,3.3668
2003-06-03,3.3461
2003-06-04,3.3328
2003-06-05,3.3595
2003-06-09,3.3289
2003-06-10,3.3528
2003-06-11,3.3749
2003-06-12,3.3636
2003-06-13,3.3494
2003-06-16,3.3552
2003-06-17,3.3324
2003-06-18,3.3177
2003-06-19,3.2867
2003-06-20,3.3188
2003-06-23,3.3067
2003-06-24,3.3004
2003-06-25,3.2813
2003-06-26,3.2189
2003-06-27,3.2019
2003-06-30,3.1736
2003-07-01,3.1963
2003-07-02,3.1999
2003-07-03,3.1728
2003-07-04,3.1858
2003-07-07,3.1278
2003-07-08,3.1577
2003-07-09,3.1941
2003-07-10,3.1663
2003-07-11,3.1933
2003-07-14,3.19
2003-07-15,3.203
2003-07-16,3.1817
2003-07-17,3.253
2003-07-18,3.2377
2003-07-21,3.2519
2003-07-22,3.2346
2003-07-23,3.2305
2003-07-24,3.25
2003-07-25,3.2671
2003-07-28,3.2433
2003-07-29,3.2489
2003-07-30,3.253
2003-07-31,3.2332
2003-08-01,3.2185
2003-08-04,3.2864
2003-08-05,3.2982
2003-08-06,3.2904
2003-08-08,3.2695
2003-08-11,3.2533
2003-08-12,3.259
2003-08-13,3.2366
2003-08-14,3.239
2003-08-15,3.2396
2003-08-18,3.2116
2003-08-19,3.1747
2003-08-20,3.196
2003-08-21,3.1861
2003-08-22,3.1811
2003-08-25,3.167
2003-08-26,3.1469
2003-08-27,3.1785
2003-08-28,3.1384
2003-08-29,3.155
2003-09-01,3.1731
2003-09-02,3.1483
2003-09-03,3.1377
2003-09-04,3.1225
2003-09-05,3.159
2003-09-08,3.2138
2003-09-09,3.2115
2003-09-10,3.2271
2003-09-11,3.2413
2003-09-12,3.2624
2003-09-15,3.2616
2003-09-16,3.2321
2003-09-17,3.241
2003-09-18,3.2371
2003-09-19,3.2416
2003-09-22,3.287
2003-09-23,3.2759
2003-09-24,3.2883
2003-09-25,3.3035
2003-09-29,3.2948
2003-09-30,3.374
2003-10-01,3.3643
2003-10-02,3.3558
2003-10-03,3.3458
2003-10-07,3.3705
2003-10-08,3.3712
2003-10-09,3.3408
2003-10-10,3.3525
2003-10-13,3.3252
2003-10-14,3.3212
2003-10-15,3.3347
2003-10-16,3.3244
2003-10-17,3.3189
2003-10-20,3.3222
2003-10-21,3.3439
2003-10-22,3.3636
2003-10-23,3.4135
2003-10-24,3.4155
2003-10-27,3.4011
2003-10-28,3.371
2003-10-29,3.4025
2003-10-30,3.4115
2003-10-31,3.3743
2003-11-03,3.3562
2003-11-04,3.2902
2003-11-05,3.2788
2003-11-06,3.2845
2003-11-07,3.2726
2003-11-10,3.287
2003-11-11,3.3262
2003-11-12,3.3493
2003-11-13,3.3528
2003-11-14,3.3988
2003-11-17,3.4296
2003-11-18,3.4089
2003-11-19,3.4526
2003-11-20,3.4455
2003-11-21,3.4508
2003-11-24,3.4147
2003-11-25,3.3899
2003-11-26,3.4081
2003-11-27,3.4195
2003-11-28,3.4353
2003-12-01,3.4364
2003-12-02,3.4094
2003-12-03,3.4371
2003-12-04,3.4397
2003-12-05,3.4436
2003-12-08,3.4953
2003-12-09,3.4806
2003-12-10,3.4728
2003-12-11,3.4368
2003-12-12,3.4683
2003-12-15,3.4231
2003-12-16,3.4712
2003-12-17,3.4641
2003-12-18,3.4882
2003-12-19,3.505
2003-12-22,3.502
2003-12-23,3.4661
2003-12-24,3.4747
2003-12-29,3.5027
2003-12-30,3.4919
2003-12-31,3.5518
2004-01-02,3.5725
2004-01-05,3.5807
2004-01-06,3.5626
2004-01-07,3.5547
2004-01-08,3.5363
2004-01-09,3.5631
2004-01-12,3.5971
2004-01-13,3.5867
2004-01-14,3.5803
2004-01-15,3.5719
2004-01-16,3.5105
2004-01-19,3.4838
2004-01-20,3.5261
2004-01-21,3.5534
2004-01-22,3.6124
2004-01-23,3.6118
2004-01-26,3.5785
2004-01-27,3.5681
2004-01-28,3.5896
2004-01-29,3.5807
2004-01-30,3.5529
2004-02-02,3.5714
2004-02-03,3.5761
2004-02-04,3.5705
2004-02-05,3.5916
2004-02-06,3.5753
2004-02-09,3.6268
2004-02-10,3.6399
2004-02-11,3.6134
2004-02-12,3.6311
2004-02-13,3.6
2004-02-16,3.5892
2004-02-17,3.6298
2004-02-18,3.6164
2004-02-19,3.5876
2004-02-20,3.5737
2004-02-23,3.5544
2004-02-24,3.567
2004-02-25,3.5766
2004-02-26,3.5426
2004-02-27,3.5171
2004-03-01,3.5458
2004-03-02,3.5098
2004-03-03,3.4638
2004-03-04,3.471
2004-03-05,3.48
2004-03-09,3.5176
2004-03-10,3.5079
2004-03-11,3.5232
2004-03-12,3.5326
2004-03-15,3.5339
2004-03-16,3.5339
2004-03-17,3.5085
2004-03-18,3.5154
2004-03-19,3.5519
2004-03-22,3.5665
2004-03-23,3.5659
2004-03-24,3.5538
2004-03-25,3.5397
2004-03-26,3.5245
2004-03-29,3.5285
2004-03-30,3.5314
2004-03-31,3.5494
2004-04-01,3.5708
2004-04-02,3.5548
2004-04-07,3.5052
2004-04-08,3.5413
2004-04-13,3.4956
2004-04-14,3.4818
2004-04-15,3.4823
2004-04-16,3.5021
2004-04-19,3.5263
2004-04-20,3.4922
2004-04-21,3.4843
2004-04-22,3.4927
2004-04-23,3.483
2004-04-26,3.4786
2004-04-28,3.5374
2004-04-29,3.5112
2004-04-30,3.5347
2004-05-03,3.5349
2004-05-04,3.5623
2004-05-05,3.5815
2004-05-06,3.5777
2004-05-07,3.5653
2004-05-10,3.5556
2004-05-11,3.5431
2004-05-12,3.5599
2004-05-13,3.5597
2004-05-14,3.5391
2004-05-17,3.5977
2004-05-18,3.6015
2004-05-19,3.5743
2004-05-20,3.5683
2004-05-21,3.5887
2004-05-24,3.5693
2004-05-25,3.5912
2004-05-28,3.6542
2004-06-01,3.6409
2004-06-02,3.6562
2004-06-03,3.6353
2004-06-04,3.632
2004-06-07,3.6627
2004-06-08,3.6466
2004-06-09,3.623
2004-06-10,3.5993
2004-06-11,3.597
2004-06-14,3.5927
2004-06-15,3.5965
2004-06-16,3.5662
2004-06-17,3.5792
2004-06-18,3.5712
2004-06-21,3.5972
2004-06-22,3.5886
2004-06-23,3.5859
2004-06-24,3.6152
2004-06-25,3.6064
2004-06-28,3.5972
2004-06-29,3.5778
2004-06-30,3.5851
2004-07-01,3.5798
2004-07-02,3.5802
2004-07-05,3.6188
2004-07-06,3.6254
2004-07-07,3.6498
2004-07-08,3.6483
2004-07-09,3.6498
2004-07-12,3.6567
2004-07-13,3.6447
2004-07-14,3.6451
2004-07-15,3.645
2004-07-16,3.6431
2004-07-19,3.6497
2004-07-20,3.6236
2004-07-21,3.5977
2004-07-22,3.5948
2004-07-23,3.5903
2004-07-26,3.5713
2004-07-28,3.5442
2004-07-29,3.5359
2004-07-30,3.5367
2004-08-02,3.5485
2004-08-03,3.5278
2004-08-04,3.5348
2004-08-05,3.5613
2004-08-06,3.5721
2004-08-09,3.6092
2004-08-10,3.609
2004-08-11,3.5951
2004-08-12,3.6117
2004-08-13,3.6094
2004-08-16,3.6481
2004-08-17,3.642
2004-08-18,3.6399
2004-08-19,3.6545
2004-08-20,3.6459
2004-08-23,3.6007
2004-08-24,3.5641
2004-08-25,3.5582
2004-08-26,3.5665
2004-08-27,3.5649
2004-08-30,3.5427
2004-08-31,3.5526
2004-09-01,3.5709
2004-09-02,3.5746
2004-09-03,3.5782
2004-09-06,3.5542
2004-09-07,3.5563
2004-09-08,3.5266
2004-09-09,3.5734
2004-09-10,3.5728
2004-09-13,3.5694
2004-09-14,3.5505
2004-09-20,3.5144
2004-09-23,3.5701
2004-09-27,3.5474
2004-09-28,3.5625
2004-09-29,3.5587
2004-10-01,3.5867
2004-10-04,3.5644
2004-10-05,3.5314
2004-10-06,3.527
2004-10-08,3.5472
2004-10-11,3.5595
2004-10-12,3.5446
2004-10-13,3.5363
2004-10-14,3.5836
2004-10-15,3.587
2004-10-18,3.6341
2004-10-19,3.6344
2004-10-20,3.647
2004-10-21,3.6426
2004-10-22,3.6431
2004-10-25,3.6966
2004-10-26,3.6983
2004-10-27,3.718
2004-10-28,3.729
2004-10-29,3.7319
2004-11-01,3.7011
2004-11-02,3.6931
2004-11-03,3.702
2004-11-04,3.7333
2004-11-05,3.7214
2004-11-08,3.7464
2004-11-09,3.7435
2004-11-10,3.7521
2004-11-11,3.753
2004-11-12,3.7607
2004-11-15,3.749
2004-11-16,3.7325
2004-11-17,3.7591
2004-11-18,3.7675
2004-11-19,3.7665
2004-11-22,3.7693
2004-11-23,3.7845
2004-11-24,3.7968
2004-11-25,3.8219
2004-11-26,3.8108
2004-11-29,3.8209
2004-11-30,3.8356
2004-12-01,3.8255
2004-12-02,3.8105
2004-12-03,3.799
2004-12-06,3.8309
2004-12-07,3.7998
2004-12-08,3.7707
2004-12-09,3.763
2004-12-10,3.7541
2004-12-13,3.7713
2004-12-14,3.7458
2004-12-15,3.7863
2004-12-16,3.7816
2004-12-17,3.7605
2004-12-20,3.767
2004-12-21,3.7698
2004-12-22,3.7641
2004-12-23,3.7806
2004-12-24,3.7975
2004-12-27,3.7897
2004-12-28,3.8321
2004-12-29,3.8604
2004-12-30,3.8239
2004-12-31,3.8063
2005-01-03,3.815
2005-01-04,3.7797
2005-01-05,3.7559
2005-01-06,3.7409
2005-01-07,3.7498
2005-01-10,3.7008
2005-01-11,3.7039
2005-01-12,3.7056
2005-01-13,3.7246
2005-01-14,3.6888
2005-01-17,3.6952
2005-01-18,3.6903
2005-01-19,3.7043
2005-01-20,3.6751
2005-01-21,3.6687
2005-01-24,3.7005
2005-01-25,3.7093
2005-01-26,3.7072
2005-01-27,3.7172
2005-01-28,3.7137
2005-01-31,3.6923
2005-02-01,3.682
2005-02-02,3.6951
2005-02-03,3.6581
2005-02-04,3.6304
2005-02-07,3.6014
2005-02-08,3.5912
2005-02-09,3.594
2005-02-10,3.5916
2005-02-11,3.6231
2005-02-14,3.6446
2005-02-15,3.6554
2005-02-16,3.6756
2005-02-17,3.6736
2005-02-18,3.6776
2005-02-21,3.6915
2005-02-22,3.738
2005-02-23,3.7427
2005-02-24,3.7533
2005-02-25,3.7336
2005-02-28,3.7533
2005-03-01,3.7343
2005-03-02,3.6865
2005-03-03,3.6873
2005-03-04,3.6779
2005-03-07,3.6849
2005-03-08,3.6742
2005-03-09,3.6947
2005-03-10,3.7345
2005-03-11,3.7242
2005-03-14,3.7144
2005-03-15,3.7223
2005-03-16,3.7323
2005-03-17,3.7356
2005-03-18,3.7077
2005-03-21,3.6699
2005-03-22,3.6621
2005-03-23,3.6292
2005-03-24,3.6347
2005-03-28,3.6243
2005-03-29,3.6454
2005-03-30,3.658
2005-03-31,3.646
2005-04-01,3.6454
2005-04-04,3.6273
2005-04-05,3.6017
2005-04-06,3.6226
2005-04-07,3.6374
2005-04-08,3.6173
2005-04-11,3.6546
2005-04-12,3.6623
2005-04-13,3.6606
2005-04-14,3.6221
2005-04-15,3.6355
2005-04-18,3.6729
2005-04-19,3.6797
2005-04-20,3.6931
2005-04-21,3.7
2005-04-25,3.6733
2005-04-26,3.6668
2005-04-27,3.6572
2005-04-28,3.6647
2005-04-29,3.6809
2005-05-02,3.6526
2005-05-03,3.6425
2005-05-04,3.667
2005-05-05,3.6538
2005-05-06,3.6485
2005-05-09,3.6146
2005-05-10,3.6153
2005-05-11,3.6357
2005-05-13,3.5953
2005-05-16,3.5766
2005-05-17,3.5818
2005-05-18,3.5748
2005-05-19,3.5733
2005-05-20,3.5689
2005-05-23,3.5521
2005-05-24,3.5707
2005-05-25,3.5636
2005-05-26,3.5529
2005-05-27,3.5678
2005-05-31,3.5375
2005-06-01,3.5331
2005-06-02,3.5272
2005-06-03,3.5293
2005-06-06,3.5344
2005-06-07,3.5378
2005-06-08,3.5397
2005-06-09,3.5346
2005-06-10,3.5318
2005-06-14,3.5093
2005-06-15,3.5105
2005-06-16,3.5409
2005-06-17,3.5398
2005-06-20,3.5894
2005-06-21,3.5589
2005-06-22,3.5487
2005-06-23,3.5517
2005-06-24,3.5527
2005-06-27,3.5832
2005-06-28,3.5764
2005-06-29,3.5596
2005-06-30,3.5663
2005-07-01,3.559
2005-07-04,3.5291
2005-07-05,3.5172
2005-07-06,3.5272
2005-07-07,3.5629
2005-07-08,3.5326
2005-07-11,3.53
2005-07-12,3.5381
2005-07-13,3.5402
2005-07-14,3.5157
2005-07-15,3.5312
2005-07-18,3.5249
2005-07-19,3.5074
2005-07-20,3.5279
2005-07-21,3.5332
2005-07-22,3.5306
2005-07-25,3.5087
2005-07-26,3.4946
2005-07-27,3.492
2005-07-28,3.5049
2005-07-29,3.5042
2005-08-01,3.5415
2005-08-02,3.5338
2005-08-03,3.5402
2005-08-04,3.5517
2005-08-05,3.5543
2005-08-08,3.5852
2005-08-09,3.5878
2005-08-10,3.592
2005-08-11,3.609
2005-08-12,3.6381
2005-08-15,3.612
2005-08-16,3.5898
2005-08-17,3.5595
2005-08-18,3.5387
2005-08-19,3.5226
2005-08-22,3.5445
2005-08-23,3.5378
2005-08-24,3.528
2005-08-25,3.5781
2005-08-26,3.6004
2005-08-29,3.6117
2005-08-30,3.5802
2005-08-31,3.5804
2005-09-01,3.6043
2005-09-02,3.6629
2005-09-05,3.6396
2005-09-06,3.6307
2005-09-07,3.6304
2005-09-08,3.6263
2005-09-09,3.6252
2005-09-12,3.5977
2005-09-13,3.591
2005-09-14,3.6023
2005-09-15,3.5807
2005-09-16,3.5854
2005-09-19,3.5604
2005-09-20,3.5635
2005-09-21,3.6054
2005-09-22,3.6084
2005-09-23,3.5795
2005-09-26,3.5564
2005-09-27,3.5238
2005-09-28,3.54
2005-09-29,3.5447
2005-09-30,3.5532
2005-10-06,3.5847
2005-10-07,3.6048
2005-10-10,3.5832
2005-10-11,3.59
2005-10-14,3.6052
2005-10-17,3.5972
2005-10-19,3.5806
2005-10-20,3.5744
2005-10-21,3.5977
2005-10-24,3.5845
2005-10-26,3.6084
2005-10-27,3.6242
2005-10-28,3.6484
2005-10-31,3.6081
2005-11-01,3.605
2005-11-02,3.6166
2005-11-03,3.6432
2005-11-04,3.6091
2005-11-07,3.59
2005-11-08,3.5693
2005-11-09,3.5697
2005-11-10,3.5966
2005-11-11,3.5912
2005-11-14,3.6025
2005-11-15,3.5847
2005-11-16,3.5779
2005-11-17,3.5716
2005-11-18,3.5715
2005-11-21,3.6061
2005-11-22,3.588
2005-11-23,3.594
2005-11-24,3.5751
2005-11-25,3.5616
2005-11-28,3.5532
2005-11-29,3.5554
2005-11-30,3.5447
2005-12-01,3.5432
2005-12-02,3.5288
2005-12-05,3.5364
2005-12-06,3.5409
2005-12-07,3.5259
2005-12-08,3.5444
2005-12-09,3.545
2005-12-12,3.5538
2005-12-13,3.5558
2005-12-14,3.5749
2005-12-15,3.567
2005-12-16,3.5583
2005-12-19,3.5493
2005-12-20,3.5444
2005-12-21,3.5107
2005-12-22,3.5137
2005-12-23,3.4972
2005-12-27,3.5088
2005-12-28,3.5126
2005-12-29,3.4866
2005-12-30,3.4985
2006-01-03,3.5125
2006-01-04,3.5652
2006-01-05,3.6197
2006-01-06,3.6143
2006-01-09,3.6148
2006-01-10,3.6212
2006-01-11,3.6239
2006-01-12,3.6213
2006-01-13,3.6037
2006-01-16,3.6021
2006-01-17,3.5987
2006-01-18,3.6238
2006-01-19,3.5936
2006-01-20,3.5984
2006-01-23,3.6581
2006-01-24,3.659
2006-01-25,3.6514
2006-01-26,3.6445
2006-01-27,3.6465
2006-01-30,3.6035
2006-01-31,3.6327
2006-02-01,3.6328
2006-02-02,3.639
2006-02-03,3.6396
2006-02-06,3.6173
2006-02-07,3.6355
2006-02-08,3.6246
2006-02-09,3.6152
2006-02-10,3.6145
2006-02-13,3.594
2006-02-14,3.6058
2006-02-15,3.61
2006-02-16,3.5819
2006-02-17,3.5758
2006-02-20,3.5829
2006-02-21,3.5983
2006-02-22,3.6029
2006-02-23,3.612
2006-02-24,3.5967
2006-02-27,3.5716
2006-02-28,3.5704
2006-03-01,3.5932
2006-03-02,3.5879
2006-03-03,3.6083
2006-03-06,3.6158
2006-03-07,3.5904
2006-03-08,3.6011
2006-03-09,3.593
2006-03-10,3.5868
2006-03-13,3.5858
2006-03-16,3.6219
2006-03-17,3.6116
2006-03-20,3.6062
2006-03-21,3.5941
2006-03-22,3.5825
2006-03-23,3.5706
2006-03-24,3.5531
2006-03-27,3.5817
2006-03-29,3.5862
2006-03-30,3.5873
2006-03-31,3.5868
2006-04-03,3.5666
2006-04-04,3.5698
2006-04-05,3.5798
2006-04-06,3.5838
2006-04-07,3.5595
2006-04-10,3.5418
2006-04-11,3.5303
2006-04-18,3.5829
2006-04-20,3.5759
2006-04-21,3.5715
2006-04-24,3.5778
2006-04-25,3.5681
2006-04-26,3.5758
2006-04-27,3.5607
2006-04-28,3.5839
2006-05-01,3.6166
2006-05-02,3.612
2006-05-04,3.6303
2006-05-05,3.631
2006-05-08,3.6326
2006-05-09,3.6188
2006-05-10,3.6329
2006-05-11,3.6249
2006-05-12,3.6759
2006-05-15,3.688
2006-05-16,3.6743
2006-05-17,3.6827
2006-05-18,3.6771
2006-05-19,3.6614
2006-05-22,3.6913
2006-05-23,3.7173
2006-05-24,3.7479
2006-05-25,3.7165
2006-05-26,3.7129
2006-05-30,3.7318
2006-05-31,3.7266
2006-06-01,3.7059
2006-06-05,3.7219
2006-06-06,3.6887
2006-06-07,3.6665
2006-06-08,3.6506
2006-06-09,3.6389
2006-06-12,3.6243
2006-06-13,3.6493
2006-06-14,3.6427
2006-06-15,3.624
2006-06-16,3.6108
2006-06-19,3.5918
2006-06-20,3.5897
2006-06-21,3.6119
2006-06-22,3.5964
2006-06-23,3.5861
2006-06-26,3.5982
2006-06-27,3.6031
2006-06-28,3.6
2006-06-29,3.5835
2006-06-30,3.6013
2006-07-03,3.6051
2006-07-04,3.5823
2006-07-05,3.5718
2006-07-06,3.5717
2006-07-07,3.567
2006-07-10,3.5813
2006-07-11,3.5671
2006-07-12,3.605
2006-07-13,3.6529
2006-07-14,3.6699
2006-07-17,3.6051
2006-07-18,3.5763
2006-07-19,3.5496
2006-07-20,3.5778
2006-07-21,3.6019
2006-07-24,3.5772
2006-07-25,3.5593
2006-07-26,3.5448
2006-07-27,3.5789
2006-07-28,3.5718
2006-07-31,3.5639
2006-08-01,3.573
2006-08-02,3.5872
2006-08-04,3.5746
2006-08-07,3.5969
2006-08-08,3.5627
2006-08-09,3.5729
2006-08-10,3.5777
2006-08-11,3.5549
2006-08-14,3.5206
2006-08-15,3.5127
2006-08-16,3.5368
2006-08-17,3.5555
2006-08-18,3.548
2006-08-21,3.558
2006-08-22,3.5472
2006-08-23,3.5425
2006-08-24,3.5534
2006-08-25,3.5481
2006-08-28,3.5661
2006-08-29,3.5704
2006-08-30,3.56
2006-08-31,3.5633
2006-09-01,3.5525
2006-09-04,3.5543
2006-09-05,3.5354
2006-09-06,3.5249
2006-09-07,3.5301
2006-09-08,3.5276
2006-09-11,3.5388
2006-09-12,3.5309
2006-09-13,3.4943
2006-09-14,3.5171
2006-09-15,3.4776
2006-09-18,3.4706
2006-09-19,3.4589
2006-09-20,3.4652
2006-09-21,3.4664
2006-09-25,3.4939
2006-09-26,3.4735
2006-09-27,3.4528
2006-09-28,3.4502
2006-09-29,3.4394
2006-10-03,3.4514
2006-10-04,3.4175
2006-10-05,3.4045
2006-10-06,3.379
2006-10-09,3.3776
2006-10-10,3.371
2006-10-11,3.3604
2006-10-12,3.3614
2006-10-13,3.3492
2006-10-16,3.3534
2006-10-17,3.3606
2006-10-18,3.3707
2006-10-19,3.3775
2006-10-20,3.4014
2006-10-23,3.3764
2006-10-24,3.3752
2006-10-25,3.3903
2006-10-26,3.4059
2006-10-27,3.4217
2006-10-30,3.4376
2006-10-31,3.4268
2006-11-01,3.4226
2006-11-02,3.4389
2006-11-03,3.4433
2006-11-06,3.43
2006-11-07,3.4598
2006-11-08,3.4722
2006-11-09,3.4627
2006-11-10,3.4636
2006-11-13,3.4555
2006-11-14,3.4463
2006-11-15,3.4339
2006-11-16,3.4617
2006-11-17,3.4443
2006-11-20,3.4749
2006-11-21,3.4792
2006-11-22,3.5009
2006-11-23,3.5263
2006-11-24,3.5443
2006-11-27,3.5575
2006-11-28,3.5529
2006-11-30,3.5195
2006-12-01,3.5317
2006-12-04,3.5349
2006-12-05,3.5424
2006-12-06,3.5146
2006-12-07,3.5146
2006-12-08,3.5078
2006-12-11,3.486
2006-12-12,3.4948
2006-12-13,3.4789
2006-12-14,3.4477
2006-12-15,3.4408
2006-12-18,3.4351
2006-12-19,3.4468
2006-12-20,3.4421
2006-12-21,3.4354
2006-12-22,3.4484
2006-12-26,3.4634
2006-12-27,3.4641
2006-12-28,3.4513
2006-12-29,3.4655
2007-01-02,3.4673
2007-01-03,3.4269
2007-01-04,3.4141
2007-01-05,3.4448
2007-01-08,3.4278
2007-01-09,3.4177
2007-01-10,3.4194
2007-01-11,3.3994
2007-01-12,3.3814
2007-01-15,3.3905
2007-01-16,3.3933
2007-01-17,3.3831
2007-01-18,3.371
2007-01-19,3.3807
2007-01-22,3.3747
2007-01-23,3.4028
2007-01-24,3.3937
2007-01-25,3.3979
2007-01-26,3.3917
2007-01-29,3.3866
2007-01-30,3.3924
2007-01-31,3.4024
2007-02-01,3.4108
2007-02-02,3.4177
2007-02-05,3.3998
2007-02-06,3.4118
2007-02-07,3.4156
2007-02-08,3.3857
2007-02-09,3.3832
2007-02-12,3.3807
2007-02-13,3.3974
2007-02-14,3.3986
2007-02-15,3.4078
2007-02-16,3.3998
2007-02-19,3.387
2007-02-20,3.3832
2007-02-21,3.3789
2007-02-22,3.3638
2007-02-23,3.3782
2007-02-26,3.4134
2007-02-27,3.4325
2007-02-28,3.4449
2007-03-01,3.4633
2007-03-02,3.4355
2007-03-06,3.4495
2007-03-07,3.4556
2007-03-08,3.4466
2007-03-09,3.4187
2007-03-12,3.4221
2007-03-13,3.4498
2007-03-14,3.4584
2007-03-15,3.455
2007-03-16,3.482
2007-03-19,3.4709
2007-03-20,3.4706
2007-03-21,3.4556
2007-03-22,3.4558
2007-03-23,3.4504
2007-03-26,3.4409
2007-03-27,3.4404
2007-03-28,3.4504
2007-03-29,3.4325
2007-03-30,3.4071
2007-04-04,3.39
2007-04-05,3.3821
2007-04-10,3.3824
2007-04-11,3.3645
2007-04-12,3.3351
2007-04-13,3.3604
2007-04-16,3.3381
2007-04-17,3.3548
2007-04-18,3.3734
2007-04-19,3.3881
2007-04-20,3.3744
2007-04-23,3.3666
2007-04-25,3.3516
2007-04-26,3.3268
2007-04-27,3.3264
2007-04-30,3.3297
2007-05-01,3.3384
2007-05-02,3.3403
2007-05-03,3.3412
2007-05-04,3.3269
2007-05-07,3.3026
2007-05-08,3.281
2007-05-09,3.2639
2007-05-10,3.2448
2007-05-11,3.2624
2007-05-14,3.2482
2007-05-15,3.2582
2007-05-16,3.2338
2007-05-17,3.2281
2007-05-18,3.259
2007-05-21,3.2442
2007-05-22,3.2443
2007-05-24,3.2545
2007-05-25,3.2838
2007-05-29,3.2893
2007-05-30,3.3029
2007-05-31,3.2897
2007-06-01,3.3151
2007-06-04,3.3177
2007-06-05,3.3348
2007-06-06,3.3663
2007-06-07,3.3861
2007-06-08,3.4172
2007-06-11,3.3807
2007-06-12,3.375
2007-06-13,3.386
2007-06-14,3.3627
2007-06-15,3.3538
2007-06-18,3.3402
2007-06-19,3.3576
2007-06-20,3.3849
2007-06-21,3.4106
2007-06-22,3.4125
2007-06-25,3.4613
2007-06-26,3.467
2007-06-27,3.4903
2007-06-28,3.4655
2007-06-29,3.4496
2007-07-02,3.4918
2007-07-03,3.4427
2007-07-04,3.4391
2007-07-05,3.4754
2007-07-06,3.4731
2007-07-09,3.4743
2007-07-10,3.4875
2007-07-11,3.5362
2007-07-12,3.5492
2007-07-13,3.5517
2007-07-16,3.5668
2007-07-17,3.572
2007-07-18,3.5664
2007-07-19,3.5341
2007-07-20,3.5098
2007-07-23,3.5232
2007-07-25,3.4811
2007-07-26,3.5256
2007-07-27,3.5761
2007-07-30,3.6099
2007-07-31,3.5723
2007-08-01,3.6037
2007-08-02,3.5999
2007-08-03,3.5732
2007-08-06,3.6223
2007-08-07,3.6028
2007-08-08,3.5769
2007-08-09,3.574
2007-08-10,3.5915
2007-08-13,3.5309
2007-08-14,3.4937
2007-08-15,3.488
2007-08-16,3.4942
2007-08-17,3.5062
2007-08-20,3.4792
2007-08-21,3.4905
2007-08-22,3.4496
2007-08-23,3.4434
2007-08-24,3.4676
2007-08-27,3.4537
2007-08-28,3.4427
2007-08-29,3.4321
2007-08-30,3.414
2007-08-31,3.4193
2007-09-03,3.4189
2007-09-04,3.4129
2007-09-05,3.3976
2007-09-06,3.4347
2007-09-07,3.4404
2007-09-10,3.4831
2007-09-11,3.4565
2007-09-17,3.451
2007-09-18,3.4534
2007-09-19,3.4335
2007-09-20,3.4608
2007-09-24,3.4421
2007-09-25,3.455
2007-09-26,3.4428
2007-09-28,3.4289
2007-10-01,3.41
2007-10-02,3.411
2007-10-03,3.4163
2007-10-05,3.4066
2007-10-08,3.3804
2007-10-09,3.4057
2007-10-10,3.3997
2007-10-11,3.4253
2007-10-12,3.4046
2007-10-15,3.4187
2007-10-16,3.4202
2007-10-17,3.4081
2007-10-18,3.4348
2007-10-19,3.4301
2007-10-22,3.4345
2007-10-23,3.4266
2007-10-24,3.4321
2007-10-25,3.4389
2007-10-26,3.4279
2007-10-29,3.4246
2007-10-30,3.4161
2007-10-31,3.4175
2007-11-01,3.4112
2007-11-02,3.4434
2007-11-05,3.432
2007-11-06,3.4421
2007-11-07,3.4811
2007-11-08,3.4653
2007-11-09,3.497
2007-11-12,3.5176
2007-11-13,3.5166
2007-11-14,3.5111
2007-11-15,3.5002
2007-11-16,3.5029
2007-11-19,3.5165
2007-11-20,3.51
2007-11-21,3.5234
2007-11-22,3.5269
2007-11-23,3.5036
2007-11-26,3.5055
2007-11-27,3.5089
2007-11-28,3.4637
2007-11-29,3.4386
2007-11-30,3.4222
2007-12-03,3.4008
2007-12-04,3.4307
2007-12-05,3.4329
2007-12-06,3.4245
2007-12-07,3.4266
2007-12-10,3.4626
2007-12-11,3.4536
2007-12-12,3.4756
2007-12-13,3.4563
2007-12-14,3.4687
2007-12-17,3.4742
2007-12-18,3.4489
2007-12-19,3.4198
2007-12-20,3.4046
2007-12-21,3.3836
2007-12-24,3.3547
2007-12-26,3.4001
2007-12-27,3.3656
2007-12-28,3.3993
2007-12-31,3.42
2008-01-02,3.43
2008-01-03,3.4459
2008-01-04,3.4205
2008-01-07,3.4293
2008-01-08,3.4002
2008-01-09,3.4075
2008-01-10,3.4239
2008-01-11,3.4233
2008-01-14,3.417
2008-01-15,3.3999
2008-01-16,3.4289
2008-01-17,3.4134
2008-01-18,3.4281
2008-01-21,3.4457
2008-01-22,3.4431
2008-01-23,3.3986
2008-01-24,3.3837
2008-01-25,3.3922
2008-01-28,3.4001
2008-01-29,3.3291
2008-01-30,3.3462
2008-01-31,3.3548
2008-02-01,3.3276
2008-02-04,3.28
2008-02-05,3.2696
2008-02-06,3.2995
2008-02-07,3.3417
2008-02-08,3.2642
2008-02-11,3.2933
2008-02-12,3.2491
2008-02-13,3.2668
2008-02-14,3.2777
2008-02-15,3.2684
2008-02-18,3.2686
2008-02-19,3.2838
2008-02-20,3.2927
2008-02-21,3.2785
2008-02-22,3.3009
2008-02-25,3.2827
2008-02-26,3.3393
2008-02-27,3.3764
2008-02-28,3.4083
2008-02-29,3.466
2008-03-03,3.5205
2008-03-04,3.4985
2008-03-05,3.4526
2008-03-06,3.4869
2008-03-07,3.532
2008-03-10,3.4956
2008-03-11,3.409
2008-03-12,3.4069
2008-03-13,3.358
2008-03-14,3.4381
2008-03-17,3.4826
2008-03-18,3.4211
2008-03-19,3.3986
2008-03-20,3.3572
2008-03-24,3.4682
2008-03-25,3.4744
2008-03-26,3.5133
2008-03-27,3.5282
2008-03-28,3.5356
2008-03-31,3.577
2008-04-01,3.5257
2008-04-02,3.5179
2008-04-03,3.5046
2008-04-04,3.58
2008-04-07,3.5949
2008-04-08,3.585
2008-04-09,3.5505
2008-04-10,3.6482
2008-04-11,3.5849
2008-04-14,3.579
2008-04-15,3.4925
2008-04-16,3.4852
2008-04-17,3.4558
2008-04-18,3.4085
2008-04-21,3.4096
2008-04-22,3.433
2008-04-23,3.4208
2008-04-24,3.3703
2008-04-25,3.3529
2008-04-28,3.3545
2008-04-29,3.3401
2008-04-30,3.3009
2008-05-01,3.2773
2008-05-02,3.2914
2008-05-05,3.2594
2008-05-06,3.2527
2008-05-07,3.2664
2008-05-09,3.3183
2008-05-12,3.2917
2008-05-13,3.2783
2008-05-14,3.2462
2008-05-15,3.2466
2008-05-16,3.1901
2008-05-19,3.223
2008-05-20,3.2471
2008-05-21,3.2614
2008-05-22,3.2471
2008-05-23,3.2377
2008-05-27,3.1997
2008-05-28,3.1776
2008-05-29,3.118
2008-05-30,3.076
2008-06-02,3.1262
2008-06-03,3.1722
2008-06-04,3.1997
2008-06-05,3.2159
2008-06-06,3.2065
2008-06-10,3.2546
2008-06-11,3.2695
2008-06-12,3.2873
2008-06-13,3.2684
2008-06-16,3.2653
2008-06-17,3.1986
2008-06-18,3.2017
2008-06-19,3.2223
2008-06-20,3.221
2008-06-23,3.2322
2008-06-24,3.2397
2008-06-25,3.2558
2008-06-26,3.2742
2008-06-27,3.3175
2008-06-30,3.2887
2008-07-01,3.2883
2008-07-02,3.2146
2008-07-03,3.2087
2008-07-04,3.1894
2008-07-07,3.1495
2008-07-08,3.1815
2008-07-09,3.1305
2008-07-10,3.2088
2008-07-11,3.286
2008-07-14,3.2519
2008-07-15,3.2925
2008-07-16,3.3194
2008-07-17,3.3132
2008-07-18,3.3146
2008-07-21,3.3514
2008-07-22,3.4059
2008-07-23,3.3612
2008-07-24,3.3637
2008-07-25,3.3714
2008-07-28,3.3656
2008-07-29,3.3482
2008-07-30,3.3149
2008-07-31,3.3136
2008-08-01,3.3582
2008-08-04,3.383
2008-08-05,3.3741
2008-08-06,3.371
2008-08-07,3.3529
2008-08-08,3.3444
2008-08-11,3.3041
2008-08-12,3.2936
2008-08-13,3.2979
2008-08-14,3.295
2008-08-15,3.2651
2008-08-18,3.2491
2008-08-19,3.2594
2008-08-20,3.2556
2008-08-21,3.2261
2008-08-22,3.1808
2008-08-25,3.1983
2008-08-26,3.1908
2008-08-27,3.2644
2008-08-28,3.2828
2008-08-29,3.2834
2008-09-01,3.2945
2008-09-02,3.2727
2008-09-03,3.2378
2008-09-04,3.2345
2008-09-05,3.2218
2008-09-08,3.1755
2008-09-09,3.1795
2008-09-10,3.1882
2008-09-11,3.1822
2008-09-12,3.1904
2008-09-15,3.2138
2008-09-16,3.191
2008-09-17,3.1709
2008-09-18,3.2188
2008-09-19,3.1453
2008-09-22,3.1898
2008-09-23,3.1553
2008-09-24,3.1463
2008-09-25,3.1349
2008-09-26,3.146
2008-10-02,3.0853
2008-10-03,3.0616
2008-10-06,3.0392
2008-10-07,3.0697
2008-10-10,3.2121
2008-10-13,3.1963
2008-10-15,3.186
2008-10-16,3.2669
2008-10-17,3.2908
2008-10-20,3.3
2008-10-22,3.2906
2008-10-23,3.2953
2008-10-24,3.3657
2008-10-27,3.3007
2008-10-28,3.2662
2008-10-29,3.2841
2008-10-30,3.2802
2008-10-31,3.295
2008-11-03,3.2402
2008-11-04,3.2324
2008-11-05,3.2808
2008-11-06,3.2744
2008-11-07,3.2607
2008-11-10,3.2185
2008-11-11,3.2257
2008-11-12,3.2759
2008-11-13,3.3021
2008-11-14,3.2663
2008-11-17,3.2738
2008-11-18,3.3036
2008-11-19,3.2887
2008-11-20,3.296
2008-11-21,3.2787
2008-11-24,3.2963
2008-11-25,3.2964
2008-11-26,3.2551
2008-11-27,3.2519
2008-11-28,3.258
2008-12-01,3.2952
2008-12-02,3.2781
2008-12-03,3.2905
2008-12-04,3.2623
2008-12-05,3.3134
2008-12-08,3.243
2008-12-09,3.2419
2008-12-10,3.2369
2008-12-11,3.285
2008-12-12,3.3096
2008-12-15,3.2951
2008-12-16,3.3149
2008-12-17,3.3729
2008-12-18,3.4894
2008-12-19,3.4217
2008-12-22,3.4905
2008-12-23,3.5253
2008-12-24,3.6055
2008-12-29,3.6781
2008-12-30,3.5692
2008-12-31,3.5648
2009-01-02,3.5523
2009-01-05,3.4737
2009-01-06,3.4314
2009-01-07,3.512
2009-01-08,3.5286
2009-01-09,3.5273
2009-01-12,3.4878
2009-01-13,3.5076
2009-01-14,3.4778
2009-01-15,3.4455
2009-01-16,3.4373
2009-01-19,3.4261
2009-01-20,3.4075
2009-01-21,3.4186
2009-01-22,3.4094
2009-01-23,3.4132
2009-01-26,3.4496
2009-01-27,3.4943
2009-01-28,3.5316
2009-01-29,3.504
2009-01-30,3.5134
2009-02-02,3.5008
2009-02-03,3.5163
2009-02-04,3.5086
2009-02-05,3.4976
2009-02-06,3.4242
2009-02-09,3.4719
2009-02-11,3.5151
2009-02-12,3.4939
2009-02-13,3.4895
2009-02-16,3.4867
2009-02-17,3.534
2009-02-18,3.5301
2009-02-19,3.503
2009-02-20,3.5055
2009-02-23,3.5725
2009-02-24,3.5922
2009-02-25,3.6061
2009-02-26,3.5934
2009-02-27,3.55
2009-03-02,3.5788
2009-03-03,3.5845
2009-03-04,3.5692
2009-03-05,3.6021
2009-03-06,3.6612
2009-03-09,3.6497
2009-03-12,3.6435
2009-03-13,3.5157
2009-03-16,3.4945
2009-03-17,3.4996
2009-03-18,3.5216
2009-03-19,3.5823
2009-03-20,3.5919
2009-03-23,3.5908
2009-03-24,3.604
2009-03-25,3.6323
2009-03-26,3.6876
2009-03-27,3.7281
2009-03-30,3.6765
2009-03-31,3.6767
2009-04-01,3.695
2009-04-02,3.6607
2009-04-03,3.6746
2009-04-06,3.6504
2009-04-07,3.64
2009-04-14,3.6598
2009-04-16,3.6474
2009-04-17,3.6155
2009-04-20,3.5954
2009-04-21,3.6039
2009-04-22,3.6056
2009-04-23,3.6517
2009-04-24,3.7283
2009-04-27,3.6942
2009-04-28,3.6842
2009-04-30,3.6651
2009-05-01,3.6588
2009-05-04,3.6555
2009-05-05,3.6551
2009-05-06,3.6518
2009-05-07,3.6465
2009-05-08,3.6337
2009-05-11,3.7
2009-05-12,3.7156
2009-05-13,3.725
2009-05-14,3.7435
2009-05-15,3.742
2009-05-18,3.7168
2009-05-19,3.7051
2009-05-20,3.6979
2009-05-21,3.643
2009-05-22,3.6332
2009-05-26,3.6657
2009-05-27,3.6647
2009-05-28,3.6202
2009-06-01,3.6541
2009-06-02,3.6849
2009-06-03,3.686
2009-06-04,3.6966
2009-06-05,3.6755
2009-06-08,3.6492
2009-06-09,3.632
2009-06-10,3.6377
2009-06-11,3.6334
2009-06-12,3.6496
2009-06-15,3.6341
2009-06-16,3.6263
2009-06-17,3.6242
2009-06-18,3.6737
2009-06-19,3.6478
2009-06-22,3.6338
2009-06-23,3.6874
2009-06-24,3.6297
2009-06-25,3.6053
2009-06-26,3.6448
2009-06-29,3.6176
2009-06-30,3.6272
2009-07-01,3.5889
2009-07-02,3.5648
2009-07-03,3.5753
2009-07-06,3.5818
2009-07-07,3.612
2009-07-08,3.6389
2009-07-09,3.6494
2009-07-10,3.6421
2009-07-13,3.6833
2009-07-14,3.652
2009-07-15,3.6297
2009-07-16,3.6416
2009-07-17,3.6227
2009-07-20,3.6544
2009-07-21,3.6416
2009-07-22,3.6365
2009-07-23,3.6319
2009-07-24,3.6049
2009-07-27,3.5757
2009-07-28,3.5462
2009-07-29,3.5275
2009-07-31,3.4883
2009-08-03,3.5131
2009-08-04,3.6367
2009-08-05,3.6656
2009-08-06,3.6939
2009-08-07,3.675
2009-08-10,3.5849
2009-08-11,3.5744
2009-08-12,3.5741
2009-08-13,3.5544
2009-08-14,3.5391
2009-08-17,3.5233
2009-08-18,3.5488
2009-08-19,3.5656
2009-08-20,3.5769
2009-08-21,3.6024
2009-08-24,3.5839
2009-08-25,3.5876
2009-08-26,3.5684
2009-08-27,3.5576
2009-08-28,3.6038
2009-08-31,3.5889
2009-09-01,3.5843
2009-09-02,3.5679
2009-09-03,3.5881
2009-09-04,3.543
2009-09-07,3.5507
2009-09-08,3.6141
2009-09-09,3.6171
2009-09-10,3.6339
2009-09-11,3.6471
2009-09-14,3.6331
2009-09-15,3.6226
2009-09-16,3.6116
2009-09-17,3.6286
2009-09-21,3.6149
2009-09-22,3.6444
2009-09-23,3.6477
2009-09-24,3.6484
2009-09-25,3.6616
2009-09-29,3.6341
2009-09-30,3.6519
2009-10-01,3.619
2009-10-02,3.6252
2009-10-05,3.6432
2009-10-06,3.6368
2009-10-07,3.6348
2009-10-08,3.6388
2009-10-09,3.6243
2009-10-12,3.6265
2009-10-13,3.6412
2009-10-14,3.642
2009-10-15,3.6533
2009-10-16,3.6488
2009-10-19,3.6559
2009-10-20,3.6637
2009-10-21,3.6585
2009-10-22,3.6714
2009-10-23,3.6733
2009-10-26,3.6682
2009-10-27,3.6415
2009-10-28,3.6588
2009-10-29,3.6743
2009-10-30,3.6747
2009-11-02,3.6968
2009-11-03,3.6887
2009-11-04,3.7012
2009-11-05,3.7251
2009-11-06,3.7144
2009-11-09,3.7154
2009-11-10,3.7244
2009-11-11,3.7324
2009-11-12,3.7269
2009-11-13,3.7193
2009-11-16,3.7232
2009-11-17,3.7176
2009-11-18,3.7327
2009-11-19,3.7254
2009-11-20,3.7528
2009-11-23,3.7684
2009-11-24,3.7405
2009-11-25,3.7534
2009-11-26,3.7726
2009-11-27,3.7743
2009-11-30,3.7788
2009-12-01,3.7748
2009-12-02,3.7804
2009-12-03,3.7803
2009-12-04,3.7753
2009-12-07,3.7312
2009-12-08,3.7164
2009-12-09,3.7121
2009-12-10,3.6866
2009-12-11,3.6806
2009-12-14,3.6587
2009-12-15,3.6392
2009-12-16,3.6454
2009-12-17,3.6262
2009-12-18,3.6419
2009-12-21,3.6538
2009-12-22,3.6216
2009-12-23,3.6379
2009-12-24,3.6679
2009-12-28,3.6651
2009-12-29,3.6707
2009-12-30,3.6506
2009-12-31,3.6672
2010-01-04,3.6435
2010-01-05,3.6268
2010-01-06,3.617
2010-01-07,3.6013
2010-01-08,3.5957
2010-01-11,3.6218
2010-01-12,3.6293
2010-01-13,3.6135
2010-01-14,3.6051
2010-01-15,3.5924
2010-01-18,3.5936
2010-01-19,3.5742
2010-01-20,3.5479
2010-01-21,3.5518
2010-01-22,3.5835
2010-01-25,3.5821
2010-01-26,3.5741
2010-01-27,3.5654
2010-01-28,3.549
2010-01-29,3.5492
2010-02-01,3.5252
2010-02-02,3.5127
2010-02-03,3.5207
2010-02-04,3.5077
2010-02-05,3.49
2010-02-08,3.475
2010-02-09,3.4848
2010-02-10,3.5157
2010-02-11,3.4973
2010-02-12,3.4608
2010-02-15,3.4865
2010-02-16,3.481
2010-02-17,3.4967
2010-02-18,3.4716
2010-02-19,3.4619
2010-02-22,3.4974
2010-02-23,3.488
2010-02-24,3.4897
2010-02-25,3.4891
2010-02-26,3.5217
2010-03-02,3.5099
2010-03-03,3.5136
2010-03-04,3.5322
2010-03-05,3.503
2010-03-08,3.5135
2010-03-09,3.4927
2010-03-10,3.4883
2010-03-11,3.4884
2010-03-12,3.494
2010-03-15,3.5059
2010-03-16,3.5165
2010-03-17,3.5271
2010-03-18,3.5202
2010-03-19,3.5402
2010-03-22,3.5186
2010-03-23,3.5254
2010-03-24,3.4996
2010-03-25,3.5055
2010-03-26,3.5006
2010-03-31,3.4869
2010-04-01,3.5103
2010-04-06,3.4623
2010-04-07,3.4609
2010-04-08,3.4374
2010-04-09,3.4508
2010-04-12,3.4746
2010-04-13,3.4852
2010-04-14,3.5142
2010-04-15,3.493
2010-04-16,3.4966
2010-04-19,3.4939
2010-04-21,3.4786
2010-04-22,3.4824
2010-04-23,3.463
2010-04-26,3.4554
2010-04-27,3.4638
2010-04-28,3.4532
2010-04-29,3.4442
2010-04-30,3.4481
2010-05-03,3.4445
2010-05-04,3.4245
2010-05-05,3.3857
2010-05-06,3.4016
2010-05-07,3.4106
2010-05-10,3.4164
2010-05-11,3.3804
2010-05-12,3.3805
2010-05-13,3.3729
2010-05-14,3.3611
2010-05-17,3.3215
2010-05-18,3.3221
2010-05-20,3.3212
2010-05-21,3.3245
2010-05-24,3.288
2010-05-25,3.3136
2010-05-26,3.3335
2010-05-27,3.3284
2010-05-28,3.3267
2010-06-01,3.3128
2010-06-02,3.3287
2010-06-03,3.3296
2010-06-04,3.3435
2010-06-07,3.3421
2010-06-08,3.3404
2010-06-09,3.3822
2010-06-10,3.3644
2010-06-11,3.3713
2010-06-14,3.3644
2010-06-15,3.3444
2010-06-16,3.3729
2010-06-17,3.4279
2010-06-18,3.434
2010-06-21,3.439
2010-06-22,3.4555
2010-06-23,3.4841
2010-06-24,3.4997
2010-06-25,3.5084
2010-06-28,3.5744
2010-06-29,3.5771
2010-06-30,3.5853
2010-07-01,3.6327
2010-07-02,3.6432
2010-07-05,3.6552
2010-07-06,3.6591
2010-07-07,3.6819
2010-07-08,3.6705
2010-07-09,3.6651
2010-07-12,3.6348
2010-07-13,3.6372
2010-07-14,3.6492
2010-07-15,3.6886
2010-07-16,3.7055
2010-07-19,3.6658
2010-07-21,3.6776
2010-07-22,3.7061
2010-07-23,3.6965
2010-07-26,3.6695
2010-07-27,3.5988
2010-07-28,3.5957
2010-07-29,3.6199
2010-07-30,3.6391
2010-08-02,3.6064
2010-08-03,3.6219
2010-08-04,3.6285
2010-08-05,3.5941
2010-08-06,3.6011
2010-08-09,3.6117
2010-08-10,3.5759
2010-08-11,3.6007
2010-08-12,3.599
2010-08-13,3.6059
2010-08-16,3.6497
2010-08-17,3.6266
2010-08-18,3.625
2010-08-19,3.6413
2010-08-20,3.6673
2010-08-23,3.6768
2010-08-24,3.6623
2010-08-25,3.7079
2010-08-26,3.716
2010-08-27,3.7383
2010-08-30,3.7111
2010-08-31,3.7429
2010-09-01,3.7469
2010-09-02,3.7435
2010-09-03,3.7265
2010-09-06,3.715
2010-09-07,3.736
2010-09-13,3.7154
2010-09-14,3.7575
2010-09-15,3.7396
2010-09-16,3.6746
2010-09-20,3.6966
2010-09-21,3.7032
2010-09-22,3.7285
2010-09-24,3.7584
2010-09-27,3.7348
2010-09-28,3.7366
2010-09-29,3.7517
2010-10-01,3.7234
2010-10-04,3.7327
2010-10-05,3.7363
2010-10-06,3.7314
2010-10-07,3.7447
2010-10-08,3.7233
2010-10-11,3.741
2010-10-12,3.7679
2010-10-13,3.7582
2010-10-14,3.7696
2010-10-15,3.7364
2010-10-18,3.7337
2010-10-19,3.7071
2010-10-20,3.754
2010-10-21,3.7536
2010-10-22,3.7334
2010-10-25,3.7097
2010-10-26,3.7288
2010-10-27,3.6823
2010-10-28,3.6939
2010-10-29,3.6789
2010-11-01,3.6731
2010-11-02,3.68
2010-11-03,3.6834
2010-11-04,3.7056
2010-11-05,3.751
2010-11-08,3.7404
2010-11-09,3.7715
2010-11-10,3.7368
2010-11-11,3.7768
2010-11-12,3.7732
2010-11-15,3.7385
2010-11-16,3.7332
2010-11-17,3.7014
2010-11-18,3.7
2010-11-19,3.6805
2010-11-22,3.6632
2010-11-23,3.6846
2010-11-24,3.6665
2010-11-25,3.6506
2010-11-26,3.6715
2010-11-29,3.67
2010-11-30,3.6883
2010-12-01,3.6448
2010-12-02,3.6494
2010-12-03,3.6675
2010-12-06,3.693
2010-12-07,3.7036
2010-12-08,3.6825
2010-12-09,3.6721
2010-12-10,3.6808
2010-12-13,3.689
2010-12-14,3.7372
2010-12-15,3.7378
2010-12-16,3.7083
2010-12-17,3.7469
2010-12-20,3.7376
2010-12-21,3.7493
2010-12-22,3.7714
2010-12-23,3.7471
2010-12-24,3.7374
2010-12-27,3.7243
2010-12-28,3.7774
2010-12-29,3.7659
2010-12-30,3.7955
2010-12-31,3.7882
2011-01-03,3.7938
2011-01-04,3.7314
2011-01-05,3.712
2011-01-06,3.6766
2011-01-07,3.7094
2011-01-10,3.7087
2011-01-11,3.6671
2011-01-12,3.6379
2011-01-13,3.6795
2011-01-14,3.6879
2011-01-17,3.6767
2011-01-18,3.6753
2011-01-19,3.6967
2011-01-20,3.7674
2011-01-21,3.7737
2011-01-24,3.7841
2011-01-25,3.8199
2011-01-26,3.8142
2011-01-27,3.8755
2011-01-28,3.8899
2011-01-31,3.9409
2011-02-01,3.9249
2011-02-02,3.9229
2011-02-03,3.8994
2011-02-04,3.9225
2011-02-07,3.8326
2011-02-08,3.856
2011-02-09,3.7975
2011-02-10,3.8303
2011-02-11,3.8041
2011-02-14,3.7722
2011-02-15,3.7577
2011-02-16,3.7342
2011-02-17,3.7738
2011-02-18,3.8041
2011-02-21,3.7992
2011-02-22,3.8647
2011-02-23,3.8752
2011-02-24,3.9505
2011-02-25,3.942
2011-02-28,3.9005
2011-03-01,3.8951
2011-03-02,3.9244
2011-03-03,3.8979
2011-03-04,3.8832
2011-03-07,3.8908
2011-03-08,3.8432
2011-03-09,3.842
2011-03-10,3.8217
2011-03-11,3.8292
2011-03-14,3.8287
2011-03-15,3.8614
2011-03-16,3.8856
2011-03-17,3.9475
2011-03-18,3.9319
2011-03-22,3.9019
2011-03-23,3.9263
2011-03-24,3.9087
2011-03-25,3.8995
2011-03-28,3.8466
2011-03-29,3.8324
2011-03-30,3.8084
2011-03-31,3.8037
2011-04-01,3.7674
2011-04-04,3.7532
2011-04-05,3.7539
2011-04-06,3.7835
2011-04-07,3.7607
2011-04-08,3.7687
2011-04-11,3.7853
2011-04-12,3.8246
2011-04-13,3.8121
2011-04-14,3.838
2011-04-15,3.826
2011-04-20,3.8285
2011-04-21,3.8568
2011-04-26,3.8899
2011-04-27,3.903
2011-04-28,3.8994
2011-04-29,3.8891
2011-05-02,3.8968
2011-05-03,3.9177
2011-05-04,3.9332
2011-05-05,3.9679
2011-05-06,3.9485
2011-05-09,3.9428
2011-05-11,3.9341
2011-05-12,3.9444
2011-05-13,3.956
2011-05-16,3.9806
2011-05-17,3.974
2011-05-18,4.0025
2011-05-19,3.9509
2011-05-20,3.9524
2011-05-23,3.9819
2011-05-24,3.9691
2011-05-25,3.9954
2011-05-26,3.9867
2011-05-27,4.0485
2011-05-31,4.03
2011-06-01,4.0459
2011-06-02,4.0504
2011-06-03,4.0209
2011-06-06,4.043
2011-06-07,4.0355
2011-06-09,4.0195
2011-06-10,4.0309
2011-06-13,4.1005
2011-06-14,4.0506
2011-06-15,4.0221
2011-06-16,4.1058
2011-06-17,4.0823
2011-06-20,4.087
2011-06-21,4.0503
2011-06-22,4.0644
2011-06-23,4.102
2011-06-24,4.1095
2011-06-27,4.1394
2011-06-28,4.1555
2011-06-29,4.1018
2011-06-30,4.0935
2011-07-01,4.0175
2011-07-04,3.991
2011-07-05,4.0427
2011-07-06,4.0613
2011-07-07,4.0351
2011-07-08,4.0014
2011-07-11,4.1015
2011-07-12,4.1629
2011-07-13,4.1397
2011-07-14,4.2093
2011-07-15,4.2057
2011-07-18,4.2224
2011-07-19,4.1957
2011-07-20,4.1685
2011-07-21,4.1701
2011-07-22,4.1155
2011-07-25,4.2322
2011-07-26,4.2293
2011-07-27,4.2413
2011-07-28,4.2838
2011-07-29,4.2792
2011-08-01,4.354
2011-08-02,4.4215
2011-08-03,4.4691
2011-08-04,4.4956
2011-08-05,4.5812
2011-08-08,4.6688
2011-08-10,4.8526
2011-08-11,4.8066
2011-08-12,4.618
2011-08-15,4.4554
2011-08-16,4.5479
2011-08-17,4.4621
2011-08-18,4.4782
2011-08-19,4.5367
2011-08-22,4.5449
2011-08-23,4.5357
2011-08-24,4.5714
2011-08-25,4.5453
2011-08-26,4.5823
2011-08-29,4.4191
2011-08-30,4.3495
2011-08-31,4.4048
2011-09-01,4.4639
2011-09-02,4.5581
2011-09-05,4.6207
2011-09-06,4.3139
2011-09-07,4.2826
2011-09-08,4.2604
2011-09-09,4.224
2011-09-12,4.2138
2011-09-13,4.2227
2011-09-14,4.2359
2011-09-15,4.2191
2011-09-16,4.1844
2011-09-19,4.1897
2011-09-20,4.1812
2011-09-21,4.1273
2011-09-22,4.0747
2011-09-23,4.1085
2011-09-26,4.1219
2011-09-27,4.1244
2011-10-03,4.1207
2011-10-04,4.0831
2011-10-05,4.0565
2011-10-06,4.0024
2011-10-10,4.0369
2011-10-11,4.049
2011-10-12,4.0794
2011-10-14,4.0812
2011-10-17,4.0726
2011-10-18,4.0492
2011-10-19,4.047
2011-10-21,4.0847
2011-10-24,4.1105
2011-10-25,4.1355
2011-10-26,4.1683
2011-10-27,4.1777
2011-10-28,4.1738
2011-10-31,4.139
2011-11-01,4.105
2011-11-02,4.1338
2011-11-03,4.1615
2011-11-04,4.1471
2011-11-07,4.1034
2011-11-08,4.0956
2011-11-09,4.106
2011-11-10,4.1079
2011-11-11,4.1091
2011-11-14,4.1109
2011-11-15,4.0702
2011-11-16,4.0619
2011-11-17,4.046
2011-11-18,4.0774
2011-11-21,4.0654
2011-11-22,4.091
2011-11-23,4.0916
2011-11-24,4.1151
2011-11-25,4.0994
2011-11-28,4.1266
2011-11-29,4.1127
2011-11-30,4.1112
2011-12-01,4.1101
2011-12-02,4.0731
2011-12-05,4.0458
2011-12-06,4.0485
2011-12-07,4.0308
2011-12-08,4.0467
2011-12-09,4.0715
2011-12-12,4.0462
2011-12-13,4.0305
2011-12-14,4.012
2011-12-15,4.0256
2011-12-16,4.0362
2011-12-19,4.0551
2011-12-20,4.0588
2011-12-21,4.045
2011-12-22,4.0389
2011-12-23,4.0469
2011-12-27,4.0392
2011-12-28,4.0699
2011-12-29,4.0315
2011-12-30,4.0619
2012-01-03,4.0778
2012-01-04,4.1
2012-01-05,4.0592
2012-01-06,4.0374
2012-01-09,4.0332
2012-01-10,4.0371
2012-01-11,4.0316
2012-01-12,4.0347
2012-01-13,4.0662
2012-01-16,4.0348
2012-01-17,4.0552
2012-01-18,4.0388
2012-01-19,4.0455
2012-01-20,4.0523
2012-01-23,4.067
2012-01-24,4.0828
2012-01-25,4.0604
2012-01-26,4.0978
2012-01-27,4.0928
2012-01-30,4.1004
2012-01-31,4.0872
2012-02-01,4.0732
2012-02-02,4.0601
2012-02-03,4.0563
2012-02-06,4.0218
2012-02-07,4.055
2012-02-08,4.0544
2012-02-09,4.0731
2012-02-10,4.0726
2012-02-13,4.0741
2012-02-14,4.0815
2012-02-15,4.0686
2012-02-16,4.0579
2012-02-17,4.0805
2012-02-20,4.0945
2012-02-21,4.0893
2012-02-22,4.1138
2012-02-23,4.1448
2012-02-24,4.1715
2012-02-27,4.2277
2012-02-28,4.2241
2012-02-29,4.201
2012-03-01,4.1791
2012-03-02,4.1724
2012-03-05,4.1616
2012-03-06,4.1524
2012-03-07,4.1504
2012-03-12,4.1161
2012-03-13,4.0988
2012-03-14,4.0835
2012-03-15,4.0837
2012-03-16,4.0764
2012-03-19,4.1036
2012-03-20,4.1049
2012-03-21,4.11
2012-03-22,4.0996
2012-03-23,4.1087
2012-03-26,4.1044
2012-03-27,4.1134
2012-03-28,4.114
2012-03-29,4.1137
2012-03-30,4.1107
2012-04-02,4.12
2012-04-03,4.1275
2012-04-04,4.0916
2012-04-05,4.074
2012-04-10,4.074
2012-04-11,4.1031
2012-04-12,4.103
2012-04-16,4.0692
2012-04-17,4.1065
2012-04-18,4.1016
2012-04-19,4.1063
2012-04-20,4.1053
2012-04-23,4.1125
2012-04-24,4.1168
2012-04-25,4.1234
2012-04-27,4.1283
2012-04-30,4.1261
2012-05-01,4.1571
2012-05-02,4.1418
2012-05-03,4.1299
2012-05-04,4.1334
2012-05-07,4.1281
2012-05-08,4.123
2012-05-09,4.1205
2012-05-10,4.1179
2012-05-11,4.113
2012-05-14,4.1046
2012-05-15,4.0935
2012-05-16,4.0599
2012-05-17,4.0401
2012-05-18,4.053
2012-05-21,4.0689
2012-05-22,4.0527
2012-05-23,4.0623
2012-05-24,4.0266
2012-05-25,4.0264
2012-05-28,4.0345
2012-05-29,4.0417
2012-05-30,4.0236
2012-05-31,4.0093
2012-06-01,4.0214
2012-06-04,4.0303
2012-06-05,4.0308
2012-06-06,4.0498
2012-06-07,4.0539
2012-06-08,4.0256
2012-06-11,4.036
2012-06-12,4.0497
2012-06-13,4.0498
2012-06-14,4.061
2012-06-15,4.0651
2012-06-18,4.0564
2012-06-19,4.053
2012-06-20,4.0907
2012-06-21,4.0973
2012-06-22,4.0749
2012-06-25,4.0728
2012-06-26,4.0948
2012-06-27,4.1043
2012-06-28,4.0801
2012-06-29,4.1055
2012-07-02,4.1127
2012-07-03,4.1123
2012-07-04,4.0993
2012-07-05,4.0771
2012-07-06,4.0545
2012-07-09,4.0594
2012-07-10,4.0543
2012-07-11,4.0457
2012-07-12,4.0411
2012-07-13,4.0331
2012-07-16,4.0428
2012-07-17,4.0739
2012-07-18,4.0851
2012-07-19,4.1332
2012-07-20,4.083
2012-07-23,4.0754
2012-07-24,4.0959
2012-07-25,4.1068
2012-07-26,4.1487
2012-07-27,4.1777
2012-07-30,4.1223
2012-07-31,4.0833
2012-08-01,4.0715
2012-08-02,4.0616
2012-08-03,4.0754
2012-08-06,4.0931
2012-08-07,4.1298
2012-08-08,4.1125
2012-08-09,4.0839
2012-08-10,4.0924
2012-08-13,4.1555
2012-08-14,4.1484
2012-08-15,4.1243
2012-08-16,4.1313
2012-08-17,4.1434
2012-08-20,4.1316
2012-08-21,4.1619
2012-08-22,4.1778
2012-08-23,4.1835
2012-08-24,4.1995
2012-08-27,4.1984
2012-08-28,4.1926
2012-08-29,4.2074
2012-08-30,4.2219
2012-08-31,4.1969
2012-09-03,4.207
2012-09-04,4.2152
2012-09-05,4.2097
2012-09-06,4.2225
2012-09-07,4.1863
2012-09-10,4.2074
2012-09-11,4.1989
2012-09-12,4.2134
2012-09-13,4.2251
2012-09-14,4.2001
2012-09-19,4.2094
2012-09-20,4.1978
2012-09-21,4.1817
2012-09-24,4.173
2012-09-27,4.1811
2012-09-28,4.1862
2012-10-02,4.1496
2012-10-03,4.1457
2012-10-04,4.1407
2012-10-05,4.1384
2012-10-09,4.1274
2012-10-10,4.1083
2012-10-11,4.1195
2012-10-12,4.1184
2012-10-15,4.095
2012-10-16,4.1039
2012-10-17,4.1128
2012-10-18,4.1273
2012-10-19,4.1276
2012-10-22,4.1213
2012-10-23,4.1184
2012-10-24,4.1281
2012-10-25,4.1405
2012-10-26,4.141
2012-10-29,4.1488
2012-10-30,4.176
2012-10-31,4.1737
2012-11-01,4.1576
2012-11-02,4.1446
2012-11-05,4.1345
2012-11-06,4.1296
2012-11-07,4.1185
2012-11-08,4.1255
2012-11-09,4.1151
2012-11-12,4.142
2012-11-13,4.1337
2012-11-14,4.1456
2012-11-15,4.1882
2012-11-16,4.1859
2012-11-19,4.1749
2012-11-20,4.1724
2012-11-21,4.1639
2012-11-22,4.1368
2012-11-23,4.1453
2012-11-26,4.1642
2012-11-27,4.1489
2012-11-28,4.1415
2012-11-29,4.1315
2012-11-30,4.1136
2012-12-03,4.1125
2012-12-04,4.1154
2012-12-05,4.0957
2012-12-06,4.1132
2012-12-07,4.1007
2012-12-10,4.1017
2012-12-11,4.0823
2012-12-12,4.0721
2012-12-13,4.0815
2012-12-14,4.1122
2012-12-17,4.114
2012-12-18,4.1139
2012-12-19,4.1184
2012-12-20,4.1159
2012-12-21,4.1002
2012-12-24,4.1011
2012-12-26,4.1015
2012-12-27,4.0906
2012-12-28,4.0701
2012-12-31,4.0766
2013-01-02,4.0762
2013-01-03,4.0511
2013-01-04,4.0623
2013-01-07,4.0857
2013-01-08,4.087
2013-01-09,4.087
2013-01-10,4.0934
2013-01-11,4.0835
2013-01-14,4.0713
2013-01-15,4.0302
2013-01-16,4.0162
2013-01-17,4.0025
2013-01-18,3.9691
2013-01-21,4.0107
2013-01-23,4.0087
2013-01-24,3.9994
2013-01-25,4.0076
2013-01-28,4.0206
2013-01-29,4.0354
2013-01-30,4.0619
2013-01-31,4.09
2013-02-01,4.06
2013-02-04,4.0451
2013-02-05,4.062
2013-02-06,4.0475
2013-02-07,4.0609
2013-02-08,4.0314
2013-02-11,4.0304
2013-02-12,4.0315
2013-02-13,4.0182
2013-02-14,3.9914
2013-02-15,3.993
2013-02-18,3.9819
2013-02-19,3.9845
2013-02-20,3.9716
2013-02-21,3.9406
2013-02-22,3.9845
2013-02-26,4.0142
2013-02-27,4.009
2013-02-28,3.9838
2013-03-01,3.9785
2013-03-04,3.9631
2013-03-05,3.9598
2013-03-06,3.9503
2013-03-07,3.9353
2013-03-08,3.9131
2013-03-11,3.8825
2013-03-12,3.8843
2013-03-13,3.8906
2013-03-14,3.8766
2013-03-15,3.9016
2013-03-18,3.9079
2013-03-19,3.9005
2013-03-20,3.8888
2013-03-21,3.8863
2013-03-22,3.8789
2013-03-27,3.8249
2013-03-28,3.8247
2013-04-02,3.8271
2013-04-03,3.8147
2013-04-04,3.8238
2013-04-05,3.8523
2013-04-08,3.8726
2013-04-09,3.8795
2013-04-10,3.9032
2013-04-11,3.9017
2013-04-12,3.893
2013-04-15,3.9002
2013-04-17,3.9172
2013-04-18,3.8928
2013-04-19,3.8957
2013-04-22,3.8848
2013-04-23,3.8552
2013-04-24,3.8266
2013-04-25,3.8222
2013-04-26,3.8173
2013-04-29,3.8243
2013-04-30,3.8352
2013-05-01,3.8644
2013-05-02,3.8499
2013-05-03,3.8214
2013-05-06,3.8093
2013-05-07,3.7928
2013-05-08,3.793
2013-05-09,3.7996
2013-05-10,3.7294
2013-05-13,3.7369
2013-05-14,3.814
2013-05-16,3.7751
2013-05-17,3.7683
2013-05-20,3.7778
2013-05-21,3.7872
2013-05-22,3.7662
2013-05-23,3.8262
2013-05-24,3.8281
2013-05-28,3.8304
2013-05-29,3.828
2013-05-30,3.8335
2013-05-31,3.8588
2013-06-03,3.8476
2013-06-04,3.8762
2013-06-05,3.8777
2013-06-06,3.8751
2013-06-07,3.9057
2013-06-10,3.8697
2013-06-11,3.9281
2013-06-12,3.9079
2013-06-13,3.9199
2013-06-14,3.8983
2013-06-17,3.9007
2013-06-18,3.9054
2013-06-19,3.9037
2013-06-20,3.8878
2013-06-21,3.9035
2013-06-24,3.8872
2013-06-25,3.8576
2013-06-26,3.8457
2013-06-27,3.8584
2013-06-28,3.8235
2013-07-01,3.8461
2013-07-02,3.8282
2013-07-03,3.8434
2013-07-04,3.8313
2013-07-05,3.8013
2013-07-08,3.7911
2013-07-09,3.7748
2013-07-10,3.7619
2013-07-11,3.8046
2013-07-12,3.7964
2013-07-15,3.7793
2013-07-17,3.8082
2013-07-18,3.8166
2013-07-19,3.7976
2013-07-22,3.8007
2013-07-23,3.8039
2013-07-24,3.8239
2013-07-25,3.8399
2013-07-26,3.8543
2013-07-29,3.8711
2013-07-30,3.8391
2013-07-31,3.8399
2013-08-01,3.8259
2013-08-02,3.8174
2013-08-05,3.8255
2013-08-06,3.8297
2013-08-07,3.8408
2013-08-08,3.8457
2013-08-09,3.8346
2013-08-12,3.8229
2013-08-13,3.8212
2013-08-14,3.8154
2013-08-15,3.8202
2013-08-16,3.8458
2013-08-19,3.8596
2013-08-20,3.8764
2013-08-21,3.8783
2013-08-22,3.8651
2013-08-23,3.8787
2013-08-26,3.9019
2013-08-27,3.9687
2013-08-28,3.9909
2013-08-29,3.9116
2013-08-30,3.8857
2013-09-02,3.8815
2013-09-03,3.8787
2013-09-09,3.8691
2013-09-10,3.856
2013-09-11,3.814
2013-09-12,3.8294
2013-09-16,3.8115
2013-09-17,3.8206
2013-09-18,3.818
2013-09-20,3.848
2013-09-23,3.8526
2013-09-24,3.8732
2013-09-25,3.9068
2013-09-27,3.9301
2013-09-30,3.906
2013-10-01,3.9062
2013-10-02,3.9027
2013-10-03,3.9242
2013-10-04,3.9436
2013-10-07,3.9193
2013-10-08,3.9339
2013-10-09,3.9213
2013-10-10,3.9058
2013-10-11,3.9059
2013-10-14,3.8855
2013-10-15,3.8706
2013-10-16,3.9
2013-10-17,3.9152
2013-10-18,3.9151
2013-10-21,3.9156
2013-10-22,3.905
2013-10-23,3.9326
2013-10-24,3.9623
2013-10-25,3.9568
2013-10-28,3.9484
2013-10-29,3.927
2013-10-30,3.9218
2013-10-31,3.8928
2013-11-01,3.8711
2013-11-04,3.8736
2013-11-05,3.8765
2013-11-06,3.8725
2013-11-07,3.8762
2013-11-08,3.8568
2013-11-11,3.843
2013-11-12,3.8401
2013-11-13,3.848
2013-11-14,3.8481
2013-11-15,3.8342
2013-11-18,3.8604
2013-11-19,3.8539
2013-11-20,3.8931
2013-11-21,3.902
2013-11-22,3.8988
2013-11-25,3.9117
2013-11-26,3.8967
2013-11-27,3.9142
2013-11-28,3.9007
2013-11-29,3.893
2013-12-02,3.8783
2013-12-03,3.891
2013-12-04,3.9009
2013-12-05,3.9066
2013-12-06,3.9206
2013-12-09,3.9288
2013-12-10,3.9288
2013-12-11,3.9464
2013-12-12,3.957
2013-12-13,3.943
2013-12-16,3.9601
2013-12-17,3.9572
2013-12-18,3.9457
2013-12-19,3.9257
2013-12-20,3.9113
2013-12-23,3.9151
2013-12-24,3.8959
2013-12-26,3.8979
2013-12-27,3.9329
2013-12-30,3.9062
2013-12-31,3.8973
2014-01-02,3.881
2014-01-03,3.8893
2014-01-06,3.8742
2014-01-07,3.8636
2014-01-08,3.8498
2014-01-09,3.8508
2014-01-10,3.8552
2014-01-13,3.8636
2014-01-14,3.8676
2014-01-15,3.8366
2014-01-16,3.8463
2014-01-17,3.8504
2014-01-20,3.835
2014-01-21,3.8251
2014-01-22,3.8343
2014-01-23,3.8595
2014-01-24,3.8769
2014-01-27,3.892
2014-01-28,3.8844
2014-01-29,3.8799
2014-01-30,3.8827
2014-01-31,3.8729
2014-02-03,3.8875
2014-02-04,3.9116
2014-02-05,3.9132
2014-02-06,3.924
2014-02-07,3.9178
2014-02-10,3.9264
2014-02-11,3.9245
2014-02-12,3.9194
2014-02-13,3.9321
2014-02-14,3.931
2014-02-17,3.9344
2014-02-18,3.9452
2014-02-19,3.9513
2014-02-20,3.9495
2014-02-21,3.9414
2014-02-24,3.9477
2014-02-25,3.9658
2014-02-26,3.9625
2014-02-27,3.9499
2014-02-28,3.9465
2014-03-03,3.9648
2014-03-04,3.9425
2014-03-05,3.9296
2014-03-06,3.9222
2014-03-07,3.9375
2014-03-10,3.9566
2014-03-11,3.952
2014-03-12,3.9607
2014-03-13,3.9782
2014-03-14,3.9686
2014-03-18,3.9596
2014-03-19,3.9596
2014-03-20,3.9344
2014-03-21,3.9402
2014-03-24,3.9354
2014-03-25,3.9505
2014-03-26,3.9387
2014-03-27,3.9554
2014-03-28,3.9427
2014-03-31,3.9469
2014-04-01,3.9363
2014-04-02,3.9296
2014-04-03,3.9102
2014-04-04,3.8941
2014-04-07,3.9291
2014-04-08,3.9285
2014-04-09,3.9449
2014-04-10,3.9462
2014-04-11,3.9525
2014-04-16,3.9437
2014-04-17,3.9513
2014-04-22,3.9407
2014-04-23,3.9582
2014-04-24,3.9389
2014-04-25,3.9375
2014-04-28,3.9675
2014-04-29,3.9409
2014-04-30,3.9363
2014-05-01,3.9309
2014-05-02,3.928
2014-05-05,3.9421
2014-05-07,3.9453
2014-05-08,3.9447
2014-05-09,3.9152
2014-05-12,3.895
2014-05-13,3.8845
2014-05-14,3.8867
2014-05-15,3.8593
2014-05-16,3.8879
2014-05-19,3.8755
2014-05-20,3.8878
2014-05-21,3.9027
2014-05-22,3.9017
2014-05-23,3.8918
2014-05-27,3.8827
2014-05-28,3.8833
2014-05-29,3.8761
2014-05-30,3.8735
2014-06-02,3.8771
2014-06-03,3.866
2014-06-05,3.876
2014-06-06,3.8852
2014-06-09,3.8644
2014-06-10,3.8467
2014-06-11,3.851
2014-06-12,3.8466
2014-06-13,3.8517
2014-06-16,3.8454
2014-06-17,3.8435
2014-06-18,3.8505
2014-06-19,3.8576
2014-06-20,3.8508
2014-06-23,3.8581
2014-06-24,3.842
2014-06-25,3.848
2014-06-26,3.8429
2014-06-27,3.8457
2014-06-30,3.8627
2014-07-01,3.8641
2014-07-02,3.8562
2014-07-03,3.8488
2014-07-04,3.82
2014-07-07,3.8274
2014-07-08,3.8365
2014-07-09,3.8483
2014-07-10,3.8449
2014-07-11,3.8422
2014-07-14,3.8444
2014-07-15,3.8126
2014-07-16,3.7946
2014-07-17,3.7977
2014-07-18,3.8133
2014-07-21,3.8065
2014-07-22,3.7939
2014-07-23,3.7811
2014-07-24,3.7716
2014-07-25,3.7971
2014-07-28,3.7898
2014-07-29,3.7878
2014-07-30,3.7793
2014-07-31,3.7712
2014-08-01,3.7556
2014-08-04,3.7714
2014-08-06,3.763
2014-08-07,3.7986
2014-08-08,3.8327
2014-08-11,3.832
2014-08-12,3.8265
2014-08-13,3.8464
2014-08-14,3.8295
2014-08-15,3.8266
2014-08-18,3.8739
2014-08-19,3.8866
2014-08-20,3.8762
2014-08-21,3.8737
2014-08-22,3.8637
2014-08-25,3.8677
2014-08-26,3.9034
2014-08-27,3.8995
2014-08-28,3.8923
2014-08-29,3.9013
2014-09-01,3.8965
2014-09-02,3.887
2014-09-03,3.8963
2014-09-04,3.8737
2014-09-05,3.8671
2014-09-08,3.8643
2014-09-09,3.8579
2014-09-10,3.8758
2014-09-11,3.8744
2014-09-12,3.8861
2014-09-15,3.8735
2014-09-16,3.8994
2014-09-17,3.9059
2014-09-18,3.8909
2014-09-19,3.8912
2014-09-22,3.8908
2014-09-23,3.9021
2014-09-29,3.8781
2014-09-30,3.8534
2014-10-01,3.83
2014-10-02,3.8128
2014-10-06,3.802
2014-10-07,3.8561
2014-10-08,3.8993
2014-10-10,3.8987
2014-10-13,3.9156
2014-10-14,3.933
2014-10-15,3.905
2014-10-17,3.9282
2014-10-20,3.9659
2014-10-21,3.942
2014-10-22,3.9396
2014-10-23,3.9554
2014-10-24,3.9739
2014-10-27,3.985
2014-10-28,3.9632
2014-10-29,3.9663
2014-10-30,3.9419
2014-10-31,3.9436
2014-11-03,3.9269
2014-11-04,3.9403
2014-11-05,3.9362
2014-11-06,3.9331
2014-11-07,3.9206
2014-11-10,3.9261
2014-11-11,3.9408
2014-11-12,3.9583
2014-11-13,3.9513
2014-11-14,3.956
2014-11-17,3.9791
2014-11-18,3.9989
2014-11-19,4.0059
2014-11-20,4.0153
2014-11-21,4.0003
2014-11-24,3.9862
2014-11-25,3.9944
2014-11-26,4.0062
2014-11-27,4.0339
2014-11-28,4.0246
2014-12-01,4.0537
2014-12-02,4.0902
2014-12-03,4.0944
2014-12-04,4.0779
2014-12-05,4.0734
2014-12-08,4.0685
2014-12-09,4.0533
2014-12-10,4.0663
2014-12-11,4.0624
2014-12-12,4.0428
2014-12-15,4.0558
2014-12-16,4.0992
2014-12-17,4.066
2014-12-18,4.0282
2014-12-19,4.0099
2014-12-22,3.9982
2014-12-23,3.9784
2014-12-24,3.9712
2014-12-29,3.9847
2014-12-30,3.9501
2014-12-31,3.9291
2015-01-02,3.925
2015-01-05,3.9228
2015-01-06,3.9325
2015-01-07,3.9003
2015-01-08,3.8931
2015-01-09,3.8906
2015-01-12,3.8829
2015-01-13,3.8694
2015-01-14,3.8552
2015-01-15,4.4521
2015-01-16,4.4825
2015-01-19,4.5175
2015-01-20,4.4855
2015-01-21,4.5489
2015-01-22,4.6067
2015-01-23,4.5426
2015-01-26,4.4879
2015-01-27,4.4413
2015-01-28,4.3743
2015-01-29,4.2821
2015-01-30,4.2496
2015-02-02,4.227
2015-02-03,4.2394
2015-02-04,4.203
2015-02-05,4.1759
2015-02-06,4.1999
2015-02-09,4.1959
2015-02-10,4.178
2015-02-11,4.1704
2015-02-12,4.1805
2015-02-13,4.1838
2015-02-16,4.1796
2015-02-17,4.1515
2015-02-18,4.0963
2015-02-19,4.0538
2015-02-20,4.0587
2015-02-23,4.0627
2015-02-24,4.1646
2015-02-25,4.1456
2015-02-26,4.1545
2015-02-27,4.1732
2015-03-02,4.1718
2015-03-03,4.1503
2015-03-04,4.1422
2015-03-09,4.0838
2015-03-10,4.0646
2015-03-11,4.0228
2015-03-12,4.0134
2015-03-13,3.9943
2015-03-16,3.996
2015-03-18,4.0087
2015-03-19,4.0356
2015-03-20,4.1042
2015-03-23,4.1302
2015-03-24,4.1052
2015-03-25,4.1282
2015-03-26,4.1394
2015-03-27,4.1121
2015-03-30,4.1191
2015-03-31,4.0888
2015-04-01,4.1037
2015-04-02,4.1113
2015-04-07,4.0927
2015-04-08,4.0913
2015-04-09,4.0577
2015-04-13,4.0706
2015-04-14,4.0772
2015-04-15,4.0813
2015-04-16,4.0855
2015-04-17,4.1084
2015-04-20,4.0998
2015-04-21,4.1161
2015-04-22,4.1381
2015-04-24,4.1131
2015-04-27,4.1116
2015-04-28,4.0633
2015-04-29,4.0599
2015-04-30,4.1233
2015-05-01,4.1453
2015-05-04,4.1572
2015-05-05,4.1531
2015-05-06,4.1852
2015-05-07,4.2284
2015-05-08,4.1956
2015-05-11,4.1474
2015-05-12,4.1833
2015-05-13,4.1525
2015-05-14,4.1966
2015-05-15,4.1726
2015-05-18,4.1635
2015-05-19,4.1393
2015-05-20,4.1286
2015-05-21,4.1381
2015-05-22,4.147
2015-05-26,4.0905
2015-05-27,4.0805
2015-05-28,4.0982
2015-05-29,4.1118
2015-06-01,4.0943
2015-06-02,4.1071
2015-06-03,4.131
2015-06-04,4.1241
2015-06-05,4.1259
2015-06-08,4.1209
2015-06-09,4.1281
2015-06-10,4.1206
2015-06-11,4.0914
2015-06-12,4.1129
2015-06-15,4.1156
2015-06-16,4.1144
2015-06-17,4.1413
2015-06-18,4.1631
2015-06-19,4.1508
2015-06-22,4.1628
2015-06-23,4.0517
2015-06-24,4.0364
2015-06-25,4.0161
2015-06-26,4.0649
2015-06-29,4.0734
2015-06-30,4.054
2015-07-01,4.0147
2015-07-02,3.9817
2015-07-03,4.0029
2015-07-06,3.9925
2015-07-07,3.9841
2015-07-08,4.0064
2015-07-09,3.983
2015-07-10,4.0113
2015-07-13,3.9883
2015-07-14,3.997
2015-07-15,3.9666
2015-07-16,3.96
2015-07-17,3.9618
2015-07-20,3.9712
2015-07-21,3.9621
2015-07-22,3.9716
2015-07-23,3.9948
2015-07-24,3.9734
2015-07-27,3.9779
2015-07-28,3.9093
2015-07-29,3.936
2015-07-30,3.8948
2015-07-31,3.915
2015-08-03,3.9003
2015-08-04,3.9085
2015-08-05,3.8861
2015-08-06,3.8822
2015-08-07,3.8779
2015-08-10,3.871
2015-08-11,3.8774
2015-08-12,3.9122
2015-08-13,3.8901
2015-08-14,3.8777
2015-08-17,3.8933
2015-08-18,3.9163
2015-08-19,3.981
2015-08-20,4.0286
2015-08-21,4.0409
2015-08-24,4.1276
2015-08-25,4.1036
2015-08-26,4.1494
2015-08-27,4.1159
2015-08-28,4.0786
2015-08-31,4.072
2015-09-01,4.0774
2015-09-02,4.0699
2015-09-03,4.0568
2015-09-04,4.0321
2015-09-07,4.0355
2015-09-08,4.0103
2015-09-09,3.9745
2015-09-10,3.9969
2015-09-11,3.9782
2015-09-16,3.9849
2015-09-17,4.0006
2015-09-18,4.0396
2015-09-21,4.0505
2015-09-24,4.0491
2015-09-25,4.0221
2015-09-29,4.0548
2015-09-30,4.0293
2015-10-01,4.0072
2015-10-02,4.0146
2015-10-06,3.9762
2015-10-07,3.9838
2015-10-08,3.9787
2015-10-09,3.9844
2015-10-12,3.9885
2015-10-13,4.028
2015-10-14,4.0253
2015-10-15,4.0186
2015-10-16,3.9995
2015-10-19,4.0181
2015-10-20,4.0594
2015-10-21,4.0352
2015-10-22,4.0056
2015-10-23,3.9852
2015-10-26,3.9664
2015-10-27,3.9287
2015-10-28,3.938
2015-10-29,3.9244
2015-10-30,3.9148
2015-11-02,3.9201
2015-11-03,3.9169
2015-11-04,3.9172
2015-11-05,3.9001
2015-11-06,3.9057
2015-11-09,3.9048
2015-11-10,3.9028
2015-11-11,3.8852
2015-11-12,3.8751
2015-11-13,3.8746
2015-11-16,3.8687
2015-11-17,3.8547
2015-11-18,3.843
2015-11-19,3.8211
2015-11-20,3.8242
2015-11-23,3.8152
2015-11-24,3.8067
2015-11-25,3.797
2015-11-26,3.789
2015-11-27,3.7988
2015-11-30,3.7599
2015-12-01,3.7687
2015-12-02,3.7789
2015-12-03,3.795
2015-12-04,3.8592
2015-12-07,3.848
2015-12-08,3.893
2015-12-09,3.9246
2015-12-10,3.9225
2015-12-11,3.9073
2015-12-14,3.9237
2015-12-15,3.9176
2015-12-16,3.9142
2015-12-17,3.908
2015-12-18,3.9094
2015-12-21,3.9236
2015-12-22,3.9407
2015-12-23,3.9381
2015-12-24,3.9475
2015-12-28,3.9343
2015-12-29,3.9294
2015-12-30,3.9326
2015-12-31,3.9246
2016-01-04,3.9201
2016-01-05,3.8939
2016-01-06,3.9081
2016-01-07,3.9332
2016-01-08,3.9274
2016-01-11,3.9448
2016-01-12,3.9365
2016-01-13,3.9042
2016-01-14,3.9361
2016-01-15,3.9332
2016-01-18,3.9377
2016-01-19,3.9249
2016-01-20,3.9727
2016-01-21,3.9501
2016-01-22,3.934
2016-01-25,3.9236
2016-01-26,3.9158
2016-01-27,3.9107
2016-01-28,3.9059
2016-01-29,3.8774
2016-02-01,3.8704
2016-02-02,3.8717
2016-02-03,3.9
2016-02-04,3.906
2016-02-05,3.9167
2016-02-08,3.9143
2016-02-09,3.968
2016-02-10,3.9765
2016-02-11,3.9935
2016-02-12,3.9735
2016-02-15,3.9497
2016-02-16,3.9629
2016-02-17,3.9436
2016-02-18,3.9264
2016-02-19,3.9428
2016-02-22,3.9245
2016-02-23,3.9313
2016-02-24,3.9488
2016-02-25,3.9441
2016-02-26,3.9376
2016-02-29,3.8974
2016-03-01,3.9009
2016-03-02,3.8892
2016-03-03,3.8986
2016-03-04,3.9153
2016-03-07,3.9128
2016-03-08,3.9386
2016-03-09,3.9099
2016-03-10,3.8956
2016-03-11,3.9267
2016-03-14,3.9283
2016-03-15,3.9465
2016-03-16,3.9437
2016-03-17,3.9725
2016-03-18,3.9752
2016-03-21,3.9776
2016-03-22,3.9697
2016-03-23,3.9403
2016-03-28,3.9266
2016-03-29,3.9228
2016-03-30,3.9303
2016-03-31,3.9191
2016-04-01,3.9402
2016-04-04,3.9404
2016-04-05,3.9659
2016-04-06,3.9759
2016-04-07,3.9607
2016-04-08,3.9601
2016-04-11,3.9541
2016-04-12,3.9465
2016-04-13,3.9172
2016-04-14,3.925
2016-04-15,3.9116
2016-04-18,3.908
2016-04-19,3.9069
2016-04-20,3.9114
2016-04-21,3.8753
2016-04-25,3.87
2016-04-26,3.8639
2016-04-27,3.8762
2016-04-28,3.8891
2016-05-02,3.9099
2016-05-03,3.9504
2016-05-04,3.9468
2016-05-05,3.9228
2016-05-06,3.9137
2016-05-09,3.8964
2016-05-10,3.8834
2016-05-11,3.8767
2016-05-13,3.8824
2016-05-16,3.9025
2016-05-17,3.9004
2016-05-18,3.8991
2016-05-19,3.8984
2016-05-20,3.9074
2016-05-23,3.9155
2016-05-24,3.8975
2016-05-25,3.8878
2016-05-26,3.8721
2016-05-27,3.8833
2016-05-31,3.8885
2016-06-01,3.89
2016-06-02,3.9012
2016-06-03,3.9041
2016-06-06,3.93
2016-06-07,3.9442
2016-06-08,3.9803
2016-06-09,3.9964
2016-06-10,3.9887
2016-06-13,4.0127
2016-06-14,4.0031
2016-06-15,4.0187
2016-06-16,4.0021
2016-06-17,4.0065
2016-06-20,4.0062
2016-06-21,4.0262
2016-06-22,4.0144
2016-06-23,4.001
2016-06-24,3.9865
2016-06-27,3.9912
2016-06-28,3.9628
2016-06-29,3.9392
2016-06-30,3.9373
2016-07-01,3.9391
2016-07-04,3.9574
2016-07-05,3.9777
2016-07-06,3.979
2016-07-07,3.9711
2016-07-08,3.9648
2016-07-11,3.9505
2016-07-12,3.9492
2016-07-13,3.93
2016-07-14,3.9298
2016-07-15,3.9263
2016-07-18,3.9242
2016-07-19,3.9219
2016-07-20,3.907
2016-07-21,3.9064
2016-07-22,3.8967
2016-07-25,3.904
2016-07-26,3.886
2016-07-27,3.864
2016-07-28,3.8905
2016-07-29,3.9145
2016-08-01,3.9298
2016-08-02,3.9512
2016-08-03,3.9488
2016-08-04,3.9283
2016-08-05,3.919
2016-08-08,3.9002
2016-08-09,3.8861
2016-08-10,3.9028
2016-08-11,3.9102
2016-08-12,3.9092
2016-08-15,3.9107
2016-08-16,3.9211
2016-08-17,3.9373
2016-08-18,3.9434
2016-08-19,3.9419
2016-08-22,3.9257
2016-08-23,3.9174
2016-08-24,3.9047
2016-08-25,3.9048
2016-08-26,3.8851
2016-08-29,3.8744
2016-08-30,3.8602
2016-08-31,3.8481
2016-09-01,3.8347
2016-09-02,3.8447
2016-09-05,3.8479
2016-09-06,3.8473
2016-09-07,3.8877
2016-09-08,3.8798
2016-09-09,3.8588
2016-09-12,3.869
2016-09-13,3.8801
2016-09-14,3.8805
2016-09-15,3.8829
2016-09-16,3.8645
2016-09-19,3.8477
2016-09-20,3.8585
2016-09-21,3.8681
2016-09-22,3.8843
2016-09-23,3.8769
2016-09-26,3.8882
2016-09-27,3.8657
2016-09-28,3.8658
2016-09-29,3.8752
2016-09-30,3.8805
2016-10-05,3.8689
2016-10-06,3.8622
2016-10-07,3.8591
2016-10-10,3.8629
2016-10-13,3.8565
2016-10-14,3.862
2016-10-18,3.862
2016-10-19,3.861
2016-10-20,3.8763
2016-10-21,3.8678
2016-10-25,3.8711
2016-10-26,3.874
2016-10-27,3.8739
2016-10-28,3.8843
2016-10-31,3.8926
2016-11-01,3.8919
2016-11-02,3.9238
2016-11-03,3.9192
2016-11-04,3.9071
2016-11-07,3.9048
2016-11-08,3.9057
2016-11-09,3.9097
2016-11-10,3.8899
2016-11-11,3.8948
2016-11-14,3.8628
2016-11-15,3.8537
2016-11-16,3.8407
2016-11-17,3.8483
2016-11-18,3.8367
2016-11-21,3.8305
2016-11-22,3.8241
2016-11-23,3.8288
2016-11-24,3.814
2016-11-25,3.8188
2016-11-28,3.8033
2016-11-29,3.7881
2016-11-30,3.779
2016-12-01,3.7866
2016-12-02,3.786
2016-12-05,3.7839
2016-12-06,3.7734
2016-12-07,3.7653
2016-12-08,3.7595
2016-12-09,3.7557
2016-12-12,3.7661
2016-12-13,3.7602
2016-12-14,3.7652
2016-12-15,3.7322
2016-12-16,3.746
2016-12-19,3.7646
2016-12-20,3.7453
2016-12-21,3.7353
2016-12-22,3.7265
2016-12-23,3.7224
2016-12-27,3.7393
2016-12-28,3.7398
2016-12-29,3.7509
2016-12-30,3.7672
2017-01-03,3.7486
2017-01-04,3.76
2017-01-05,3.7795
2017-01-06,3.8018
2017-01-09,3.7812
2017-01-10,3.7918
2017-01-11,3.7758
2017-01-12,3.7972
2017-01-13,3.7883
2017-01-16,3.7807
2017-01-17,3.817
2017-01-18,3.8018
2017-01-19,3.7872
2017-01-20,3.7821
2017-01-23,3.8024
2017-01-24,3.7889
2017-01-25,3.7913
2017-01-26,3.7929
2017-01-27,3.7933
2017-01-30,3.7731
2017-01-31,3.8009
2017-02-01,3.8077
2017-02-02,3.8056
2017-02-03,3.7776
2017-02-06,3.7662
2017-02-07,3.7581
2017-02-08,3.7556
2017-02-09,3.7532
2017-02-10,3.7364
2017-02-13,3.7353
2017-02-14,3.7325
2017-02-15,3.7126
2017-02-16,3.7125
2017-02-17,3.7185
2017-02-20,3.6943
2017-02-21,3.6706
2017-02-22,3.6608
2017-02-23,3.6733
2017-02-24,3.6799
2017-02-27,3.6521
2017-02-28,3.6414
2017-03-01,3.5922
2017-03-02,3.6467
2017-03-03,3.6431
2017-03-06,3.645
2017-03-07,3.6229
2017-03-08,3.6356
2017-03-09,3.635
2017-03-10,3.6333
2017-03-14,3.6295
2017-03-15,3.6265
2017-03-16,3.6395
2017-03-17,3.6485
2017-03-20,3.6289
2017-03-21,3.6306
2017-03-22,3.6798
2017-03-23,3.6714
2017-03-24,3.675
2017-03-27,3.6737
2017-03-28,3.6677
2017-03-29,3.6473
2017-03-30,3.6279
2017-03-31,3.6296
2017-04-03,3.6172
2017-04-04,3.6366
2017-04-05,3.6408
2017-04-06,3.6355
2017-04-07,3.6281
2017-04-12,3.6298
2017-04-13,3.6351
2017-04-18,3.6623
2017-04-19,3.679
2017-04-20,3.6776
2017-04-21,3.6895
2017-04-24,3.6669
2017-04-25,3.6659
2017-04-26,3.655
2017-04-27,3.6686
2017-04-28,3.6412
2017-05-03,3.647
2017-05-04,3.6453
2017-05-05,3.6565
2017-05-08,3.6286
2017-05-09,3.5933
2017-05-10,3.5802
2017-05-11,3.5828
2017-05-12,3.5814
2017-05-15,3.6058
2017-05-16,3.638
2017-05-17,3.6626
2017-05-18,3.6879
2017-05-19,3.6721
2017-05-22,3.6885
2017-05-23,3.6948
2017-05-24,3.6791
2017-05-25,3.6769
2017-05-26,3.6747
2017-05-30,3.6455
2017-06-01,3.6584
2017-06-02,3.6655
2017-06-05,3.6742
2017-06-06,3.6746
2017-06-07,3.6671
2017-06-08,3.6603
2017-06-09,3.6422
2017-06-12,3.6515
2017-06-13,3.6494
2017-06-14,3.6358
2017-06-15,3.6139
2017-06-16,3.6226
2017-06-19,3.63
2017-06-20,3.6278
2017-06-21,3.6373
2017-06-22,3.6394
2017-06-23,3.6479
2017-06-26,3.6323
2017-06-27,3.6393
2017-06-28,3.6669
2017-06-29,3.643
2017-06-30,3.6468
2017-07-03,3.6343
2017-07-04,3.6414
2017-07-05,3.6445
2017-07-06,3.6589
2017-07-07,3.6678
2017-07-10,3.6701
2017-07-11,3.6929
2017-07-12,3.6906
2017-07-13,3.6607
2017-07-14,3.6507
2017-07-17,3.6909
2017-07-18,3.7326
2017-07-19,3.7623
2017-07-20,3.7188
2017-07-21,3.7411
2017-07-24,3.7925
2017-07-25,3.7657
2017-07-26,3.7271
2017-07-27,3.7089
2017-07-28,3.6772
2017-07-31,3.6687
2017-08-02,3.6902
2017-08-03,3.7013
2017-08-04,3.7283
2017-08-07,3.7222
2017-08-08,3.7087
2017-08-09,3.7329
2017-08-10,3.7265
2017-08-11,3.7334
2017-08-14,3.7006
2017-08-15,3.6924
2017-08-16,3.7246
2017-08-17,3.745
2017-08-18,3.7675
2017-08-21,3.7489
2017-08-22,3.7509
2017-08-23,3.7413
2017-08-24,3.7298
2017-08-25,3.732
2017-08-28,3.7531
2017-08-29,3.7873
2017-08-30,3.7384
2017-08-31,3.7201
2017-09-01,3.7275
2017-09-04,3.7401
2017-09-05,3.7187
2017-09-06,3.7248
2017-09-07,3.7037
2017-09-08,3.6979
2017-09-11,3.7099
2017-09-12,3.6926
2017-09-13,3.6867
2017-09-14,3.6566
2017-09-15,3.659
2017-09-18,3.6686
2017-09-19,3.6508
2017-09-25,3.6061
2017-09-26,3.6294
2017-09-27,3.635
2017-09-28,3.6273
2017-10-02,3.6471
2017-10-03,3.6209
2017-10-04,3.6188
2017-10-06,3.5926
2017-10-09,3.587
2017-10-10,3.5849
2017-10-11,3.5988
2017-10-13,3.5878
2017-10-16,3.583
2017-10-17,3.5887
2017-10-18,3.5742
2017-10-19,3.5884
2017-10-20,3.5515
2017-10-23,3.5359
2017-10-24,3.5436
2017-10-25,3.5396
2017-10-26,3.5438
2017-10-27,3.5391
2017-10-30,3.5334
2017-10-31,3.5269
2017-11-01,3.506
2017-11-02,3.5067
2017-11-03,3.5143
2017-11-06,3.5087
2017-11-07,3.5193
2017-11-08,3.5148
2017-11-09,3.5245
2017-11-10,3.5519
2017-11-13,3.5615
2017-11-14,3.5715
2017-11-15,3.5815
2017-11-16,3.5482
2017-11-17,3.5477
2017-11-20,3.5487
2017-11-21,3.549
2017-11-22,3.5628
2017-11-23,3.5835
2017-11-24,3.5799
2017-11-27,3.5702
2017-11-28,3.5657
2017-11-29,3.5528
2017-11-30,3.549
2017-12-01,3.5477
2017-12-04,3.5478
2017-12-05,3.5445
2017-12-06,3.5509
2017-12-07,3.5426
2017-12-08,3.5327
2017-12-11,3.5535
2017-12-12,3.57
2017-12-13,3.5789
2017-12-14,3.5748
2017-12-15,3.5657
2017-12-18,3.555
2017-12-19,3.5542
2017-12-20,3.5452
2017-12-21,3.5277
2017-12-22,3.5215
2017-12-26,3.5212
2017-12-27,3.5188
2017-12-28,3.5409
2017-12-29,3.5546
2018-01-02,3.5595
2018-01-03,3.5447
2018-01-04,3.5355
2018-01-05,3.5272
2018-01-08,3.5189
2018-01-09,3.5069
2018-01-10,3.5088
2018-01-11,3.5043
2018-01-12,3.5024
2018-01-15,3.5385
2018-01-16,3.5365
2018-01-17,3.5775
2018-01-18,3.572
2018-01-19,3.5656
2018-01-22,3.5599
2018-01-23,3.5561
2018-01-24,3.5807
2018-01-25,3.6153
2018-01-26,3.6242
2018-01-29,3.6435
2018-01-30,3.6441
2018-01-31,3.6502
2018-02-01,3.6757
2018-02-02,3.6957
2018-02-05,3.6914
2018-02-06,3.716
2018-02-07,3.7051
2018-02-08,3.7028
2018-02-09,3.7476
2018-02-12,3.7571
2018-02-13,3.7779
2018-02-14,3.7865
2018-02-15,3.8117
2018-02-16,3.843
2018-02-19,3.7956
2018-02-20,3.7456
2018-02-21,3.7358
2018-02-22,3.7291
2018-02-23,3.7309
2018-02-26,3.7383
2018-02-27,3.7098
2018-02-28,3.6965
2018-03-05,3.6852
2018-03-06,3.6935
2018-03-07,3.6858
2018-03-08,3.6551
2018-03-09,3.6338
2018-03-12,3.6186
2018-03-13,3.6356
2018-03-14,3.6266
2018-03-15,3.6295
2018-03-16,3.6355
2018-03-19,3.6395
2018-03-20,3.6489
2018-03-21,3.6678
2018-03-22,3.6725
2018-03-23,3.6864
2018-03-26,3.6899
2018-03-27,3.6773
2018-03-28,3.6789
2018-03-29,3.6745
2018-04-03,3.6858
2018-04-04,3.6867
2018-04-05,3.679
2018-04-09,3.6777
2018-04-10,3.6729
2018-04-11,3.6727
2018-04-12,3.652
2018-04-13,3.6484
2018-04-16,3.6484
2018-04-17,3.6644
2018-04-18,3.6334
2018-04-20,3.6262
2018-04-23,3.6315
2018-04-24,3.6412
2018-04-25,3.6506
2018-04-26,3.6364
2018-04-27,3.6286
2018-04-30,3.6261
2018-05-01,3.64
2018-05-02,3.6236
2018-05-03,3.636
2018-05-04,3.6266
2018-05-07,3.6062
2018-05-08,3.5913
2018-05-09,3.5951
2018-05-10,3.5731
2018-05-11,3.5602
2018-05-14,3.5815
2018-05-15,3.5971
2018-05-16,3.5884
2018-05-17,3.5793
2018-05-18,3.5903
2018-05-21,3.5843
2018-05-22,3.5821
2018-05-23,3.6145
2018-05-24,3.6032
2018-05-25,3.5963
2018-05-29,3.6166
2018-05-30,3.6107
2018-05-31,3.6155
2018-06-01,3.6134
2018-06-04,3.6213
2018-06-05,3.6246
2018-06-06,3.6099
2018-06-07,3.6373
2018-06-08,3.6388
2018-06-11,3.6209
2018-06-12,3.6355
2018-06-13,3.6307
2018-06-14,3.6546
2018-06-15,3.6174
2018-06-18,3.6413
2018-06-19,3.6596
2018-06-20,3.6476
2018-06-21,3.6321
2018-06-22,3.6548
2018-06-25,3.6605
2018-06-26,3.6716
2018-06-27,3.6709
2018-06-28,3.6565
2018-06-29,3.6773
2018-07-02,3.6881
2018-07-03,3.6794
2018-07-04,3.683
2018-07-05,3.6576
2018-07-06,3.663
2018-07-09,3.6632
2018-07-10,3.659
2018-07-11,3.658
2018-07-12,3.6565
2018-07-13,3.6285
2018-07-16,3.6476
2018-07-17,3.6487
2018-07-18,3.6401
2018-07-19,3.6425
2018-07-20,3.6499
2018-07-23,3.6613
2018-07-24,3.6721
2018-07-25,3.6705
2018-07-26,3.664
2018-07-27,3.6784
2018-07-30,3.6964
2018-07-31,3.7081
2018-08-01,3.7092
2018-08-02,3.711
2018-08-03,3.7141
2018-08-06,3.7171
2018-08-07,3.7153
2018-08-08,3.6986
2018-08-09,3.7086
2018-08-10,3.7178
2018-08-13,3.7299
2018-08-14,3.7248
2018-08-15,3.7035
2018-08-16,3.7103
2018-08-17,3.682
2018-08-20,3.6785
2018-08-21,3.6983
2018-08-22,3.7038
2018-08-23,3.7002
2018-08-24,3.6961
2018-08-27,3.7009
2018-08-28,3.7114
2018-08-29,3.7303
2018-08-30,3.7192
2018-08-31,3.7318
2018-09-03,3.7262
2018-09-04,3.7222
2018-09-05,3.7146
2018-09-06,3.7069
2018-09-07,3.7108
2018-09-12,3.6875
2018-09-13,3.6893
2018-09-14,3.6968
2018-09-17,3.7127
2018-09-20,3.7095
2018-09-21,3.7354
2018-09-25,3.7081
2018-09-26,3.7086
2018-09-27,3.7136
2018-09-28,3.7169
2018-10-02,3.7059
2018-10-03,3.6877
2018-10-04,3.6711
2018-10-05,3.6568
2018-10-08,3.6452
2018-10-09,3.6616
2018-10-10,3.6538
2018-10-11,3.6811
2018-10-12,3.6626
2018-10-15,3.6766
2018-10-16,3.69
2018-10-17,3.6751
2018-10-18,3.6717
2018-10-19,3.6764
2018-10-22,3.6611
2018-10-23,3.6898
2018-10-24,3.6858
2018-10-25,3.694
2018-10-26,3.7
2018-10-29,3.7031
2018-10-31,3.694
2018-11-01,3.6938
2018-11-02,3.6892
2018-11-05,3.6763
2018-11-06,3.6737
2018-11-07,3.685
2018-11-08,3.6623
2018-11-09,3.6545
2018-11-12,3.6431
2018-11-13,3.652
2018-11-14,3.6624
2018-11-15,3.6771
2018-11-16,3.6915
2018-11-19,3.7212
2018-11-20,3.7438
2018-11-21,3.764
2018-11-22,3.7494
2018-11-23,3.7506
2018-11-26,3.7397
2018-11-27,3.7308
2018-11-28,3.7368
2018-11-29,3.7309
2018-11-30,3.7135
2018-12-03,3.7219
2018-12-04,3.7466
2018-12-05,3.7329
2018-12-06,3.7418
2018-12-07,3.7636
2018-12-10,3.7699
2018-12-11,3.7926
2018-12-12,3.7664
2018-12-13,3.7838
2018-12-14,3.7819
2018-12-17,3.8043
2018-12-18,3.7953
2018-12-19,3.7805
2018-12-20,3.7973
2018-12-21,3.8214
2018-12-24,3.7979
2018-12-26,3.8051
2018-12-27,3.8133
2018-12-28,3.8245
2018-12-31,3.8072
2019-01-02,3.8057
2019-01-03,3.7869
2019-01-04,3.7685
2019-01-07,3.7648
2019-01-08,3.771
2019-01-09,3.753
2019-01-10,3.75
2019-01-11,3.7381
2019-01-14,3.7239
2019-01-15,3.7203
2019-01-16,3.7157
2019-01-17,3.7178
2019-01-18,3.714
2019-01-21,3.7051
2019-01-22,3.7043
2019-01-23,3.6925
2019-01-24,3.7004
2019-01-25,3.6992
2019-01-28,3.7077
2019-01-29,3.7034
2019-01-30,3.6801
2019-01-31,3.6675
2019-02-01,3.6547
2019-02-04,3.6367
2019-02-05,3.6044
2019-02-06,3.6176
2019-02-07,3.6199
2019-02-08,3.627
2019-02-11,3.63
2019-02-12,3.6154
2019-02-13,3.6174
2019-02-14,3.6304
2019-02-15,3.6183
2019-02-18,3.6094
2019-02-19,3.6101
2019-02-20,3.6141
2019-02-21,3.6137
2019-02-22,3.6119
2019-02-25,3.6092
2019-02-26,3.6213
2019-02-27,3.6317
2019-02-28,3.6261
2019-03-01,3.6227
2019-03-04,3.6206
2019-03-05,3.6146
2019-03-06,3.5997
2019-03-07,3.5903
2019-03-08,3.5938
2019-03-11,3.5884
2019-03-12,3.5885
2019-03-13,3.5947
2019-03-14,3.585
2019-03-15,3.5909
2019-03-18,3.5989
2019-03-19,3.6038
2019-03-20,3.6136
2019-03-25,3.6484
2019-03-26,3.6432
2019-03-27,3.6554
2019-03-28,3.6516
2019-03-29,3.6494
2019-04-01,3.6445
2019-04-02,3.6256
2019-04-03,3.6118
2019-04-04,3.6093
2019-04-05,3.5871
2019-04-08,3.5798
2019-04-10,3.5775
2019-04-11,3.5759
2019-04-12,3.5695
2019-04-15,3.5506
2019-04-16,3.5369
2019-04-17,3.5458
2019-04-18,3.5495
2019-04-23,3.5303
2019-04-24,3.5483
2019-04-25,3.5539
2019-04-29,3.5458
2019-04-30,3.5407
2019-05-01,3.5301
2019-05-02,3.5313
2019-05-03,3.5299
2019-05-06,3.5258
2019-05-07,3.5172
2019-05-08,3.5224
2019-05-10,3.5192
2019-05-13,3.5388
2019-05-14,3.549
2019-05-15,3.5417
2019-05-16,3.5347
2019-05-17,3.5437
2019-05-20,3.5394
2019-05-21,3.5626
2019-05-22,3.5783
2019-05-23,3.5842
2019-05-24,3.5971
2019-05-28,3.5999
2019-05-29,3.5961
2019-05-30,3.5856
2019-05-31,3.6148
2019-06-03,3.635
2019-06-04,3.6368
2019-06-05,3.6387
2019-06-06,3.6193
2019-06-07,3.625
2019-06-10,3.6181
2019-06-11,3.6099
2019-06-12,3.6059
2019-06-13,3.616
2019-06-14,3.6163
2019-06-17,3.6158
2019-06-18,3.6158
2019-06-19,3.618
2019-06-20,3.6297
2019-06-21,3.658
2019-06-24,3.6954
2019-06-25,3.686
2019-06-26,3.6712
2019-06-27,3.6663
2019-06-28,3.6611
2019-07-01,3.6375
2019-07-02,3.6172
2019-07-03,3.6252
2019-07-04,3.6203
2019-07-05,3.6083
2019-07-08,3.6014
2019-07-09,3.5893
2019-07-10,3.6036
2019-07-11,3.597
2019-07-12,3.5997
2019-07-15,3.6026
2019-07-16,3.5923
2019-07-17,3.5795
2019-07-18,3.5896
2019-07-19,3.5936
2019-07-22,3.6021
2019-07-23,3.5967
2019-07-24,3.5727
2019-07-25,3.5726
2019-07-26,3.554
2019-07-29,3.5553
2019-07-30,3.534
2019-07-31,3.5319
2019-08-01,3.5386
2019-08-02,3.5526
2019-08-05,3.5866
2019-08-06,3.579
2019-08-07,3.56
2019-08-08,3.5695
2019-08-09,3.5692
2019-08-12,3.5862
2019-08-13,3.608
2019-08-14,3.5875
2019-08-15,3.6127
2019-08-16,3.6151
2019-08-19,3.6153
2019-08-20,3.5961
2019-08-21,3.6008
2019-08-22,3.5863
2019-08-23,3.556
2019-08-26,3.5919
2019-08-27,3.5936
2019-08-28,3.5911
2019-08-29,3.5832
2019-08-30,3.5764
2019-09-02,3.5701
2019-09-03,3.5838
2019-09-04,3.5814
2019-09-05,3.5755
2019-09-06,3.5589
2019-09-09,3.5636
2019-09-10,3.5669
2019-09-11,3.5655
2019-09-12,3.5753
2019-09-13,3.5675
2019-09-16,3.5691
2019-09-18,3.5567
2019-09-19,3.5523
2019-09-20,3.544
2019-09-23,3.5481
2019-09-24,3.5463
2019-09-25,3.5498
2019-09-26,3.5361
2019-09-27,3.5068
2019-10-02,3.485
2019-10-03,3.4955
2019-10-04,3.492
2019-10-07,3.5126
2019-10-10,3.5295
2019-10-11,3.5172
2019-10-15,3.5158
2019-10-16,3.5439
2019-10-17,3.5714
2019-10-18,3.5791
2019-10-22,3.5781
2019-10-23,3.5723
2019-10-24,3.5567
2019-10-25,3.5682
2019-10-28,3.5454
2019-10-29,3.5463
2019-10-30,3.5546
2019-10-31,3.575
2019-11-01,3.5678
2019-11-04,3.5657
2019-11-05,3.5301
2019-11-06,3.516
2019-11-07,3.5115
2019-11-08,3.5101
2019-11-11,3.5166
2019-11-12,3.5237
2019-11-13,3.5314
2019-11-14,3.5272
2019-11-15,3.5094
2019-11-18,3.4933
2019-11-19,3.4881
2019-11-20,3.4992
2019-11-21,3.485
2019-11-22,3.4813
2019-11-25,3.4664
2019-11-26,3.4726
2019-11-27,3.4778
2019-11-28,3.4759
2019-11-29,3.4765
2019-12-02,3.4788
2019-12-03,3.5193
2019-12-04,3.5106
2019-12-05,3.5072
2019-12-06,3.5052
2019-12-09,3.5063
2019-12-10,3.5144
2019-12-11,3.5295
2019-12-12,3.5421
2019-12-13,3.5367
2019-12-16,3.5555
2019-12-17,3.5578
2019-12-18,3.567
2019-12-19,3.5616
2019-12-20,3.5482
2019-12-23,3.5387
2019-12-24,3.5305
2019-12-26,3.5388
2019-12-27,3.5446
2019-12-30,3.5639
2019-12-31,3.575
2020-01-02,3.5584
2020-01-03,3.5588
2020-01-06,3.5844
2020-01-07,3.5719
2020-01-08,3.5666
2020-01-09,3.5637
2020-01-10,3.5638
2020-01-13,3.5703
2020-01-14,3.5867
2020-01-15,3.5833
2020-01-16,3.5924
2020-01-17,3.5786
2020-01-20,3.5665
2020-01-21,3.5695
2020-01-22,3.5537
2020-01-23,3.57
2020-01-24,3.5621
2020-01-27,3.5651
2020-01-28,3.5535
2020-01-29,3.5459
2020-01-30,3.5571
2020-01-31,3.5526
2020-02-03,3.5709
2020-02-04,3.5586
2020-02-05,3.5482
2020-02-06,3.5299
2020-02-07,3.5116
2020-02-10,3.499
2020-02-11,3.4963
2020-02-12,3.5091
2020-02-13,3.5076
2020-02-14,3.5012
2020-02-17,3.4907
2020-02-18,3.4832
2020-02-19,3.4786
2020-02-20,3.4895
2020-02-21,3.4892
2020-02-24,3.5065
2020-02-25,3.502
2020-02-26,3.5274
2020-02-27,3.5374
2020-02-28,3.5917
2020-03-03,3.6126
2020-03-04,3.6136
2020-03-05,3.6429
2020-03-06,3.71
2020-03-09,3.7842
2020-03-12,3.8712
2020-03-13,3.8617
2020-03-16,3.9434
2020-03-17,4.0253
2020-03-18,3.977
2020-03-19,3.7752
2020-03-20,3.6713
2020-03-23,3.7452
2020-03-24,3.7491
2020-03-25,3.7147
2020-03-26,3.7344
2020-03-27,3.7359
2020-03-30,3.7491
2020-03-31,3.6854
2020-04-01,3.6811
2020-04-02,3.7557
2020-04-03,3.7228
2020-04-06,3.7099
2020-04-07,3.705
2020-04-14,3.706
2020-04-16,3.7169
2020-04-17,3.6978
2020-04-20,3.6976
2020-04-21,3.6572
2020-04-22,3.6542
2020-04-23,3.6461
2020-04-24,3.5978
2020-04-27,3.6082
2020-04-28,3.5779
2020-04-30,3.6045
2020-05-01,3.6253
2020-05-04,3.655
2020-05-05,3.6293
2020-05-06,3.6046
2020-05-07,3.6036
2020-05-11,3.6185
2020-05-12,3.6162
2020-05-13,3.6282
2020-05-14,3.6362
2020-05-15,3.6323
2020-05-18,3.6431
2020-05-19,3.6312
2020-05-20,3.6274
2020-05-21,3.6385
2020-05-22,3.6306
2020-05-26,3.6302
2020-05-27,3.6101
2020-05-28,3.6101
2020-06-01,3.6522
2020-06-02,3.6221
2020-06-03,3.5967
2020-06-04,3.6233
2020-06-05,3.609
2020-06-08,3.5938
2020-06-09,3.6213
2020-06-10,3.6436
2020-06-11,3.6591
2020-06-12,3.6618
2020-06-15,3.6759
2020-06-16,3.6641
2020-06-17,3.641
2020-06-18,3.6377
2020-06-19,3.6257
2020-06-22,3.6276
2020-06-23,3.6316
2020-06-24,3.6271
2020-06-25,3.6281
2020-06-26,3.6275
2020-06-29,3.6363
2020-06-30,3.6429
2020-07-01,3.6452
2020-07-02,3.6541
2020-07-03,3.6289
2020-07-06,3.661
2020-07-07,3.6593
2020-07-08,3.6694
2020-07-09,3.6685
2020-07-10,3.6722
2020-07-13,3.6539
2020-07-14,3.6601
2020-07-15,3.6427
2020-07-16,3.6242
2020-07-17,3.6505
2020-07-20,3.6586
2020-07-21,3.6502
2020-07-22,3.6712
2020-07-23,3.6875
2020-07-24,3.6997
2020-07-27,3.7045
2020-07-28,3.7203
2020-07-29,3.7156
2020-07-31,3.7537
2020-08-03,3.716
2020-08-04,3.7422
2020-08-05,3.7481
2020-08-06,3.752
2020-08-07,3.7326
2020-08-10,3.7191
2020-08-11,3.7302
2020-08-12,3.7286
2020-08-13,3.7443
2020-08-14,3.7396
2020-08-17,3.7538
2020-08-18,3.7579
2020-08-19,3.7635
2020-08-20,3.7359
2020-08-21,3.7446
2020-08-24,3.7443
2020-08-25,3.7365
2020-08-26,3.739
2020-08-27,3.6996
2020-08-28,3.7246
2020-08-31,3.725
2020-09-01,3.7094
2020-09-02,3.6931
2020-09-03,3.6979
2020-09-04,3.702
2020-09-07,3.694
2020-09-08,3.6941
2020-09-09,3.7089
2020-09-10,3.7545
2020-09-11,3.7781
2020-09-14,3.7885
2020-09-15,3.778
2020-09-16,3.7669
2020-09-17,3.756
2020-09-21,3.77
2020-09-22,3.7615
2020-09-23,3.7477
2020-09-24,3.755
2020-09-25,3.7453
2020-09-29,3.7533
2020-09-30,3.726
2020-10-01,3.733
2020-10-02,3.7243
2020-10-05,3.735
2020-10-06,3.7272
2020-10-07,3.7165
2020-10-08,3.6998
2020-10-09,3.6989
2020-10-12,3.7137
2020-10-13,3.7174
2020-10-14,3.7008
2020-10-15,3.7138
2020-10-16,3.696
2020-10-19,3.7122
2020-10-20,3.7225
2020-10-21,3.7427
2020-10-22,3.7281
2020-10-23,3.7306
2020-10-26,3.7296
2020-10-27,3.7204
2020-10-28,3.7237
2020-10-29,3.7366
2020-10-30,3.7355
2020-11-02,3.7052
2020-11-03,3.7349
2020-11-04,3.7391
2020-11-05,3.7265
2020-11-06,3.7467
2020-11-09,3.7245
2020-11-10,3.6867
2020-11-11,3.688
2020-11-12,3.6907
2020-11-13,3.6752
2020-11-16,3.6717
2020-11-17,3.6856
2020-11-18,3.6678
2020-11-19,3.671
2020-11-20,3.6741
2020-11-23,3.6771
2020-11-24,3.6594
2020-11-25,3.6497
2020-11-26,3.6576
2020-11-27,3.6596
2020-11-30,3.661
2020-12-01,3.6484
2020-12-02,3.6601
2020-12-03,3.6687
2020-12-04,3.6644
2020-12-07,3.6695
2020-12-08,3.6513
2020-12-09,3.6672
2020-12-10,3.656
2020-12-11,3.6676
2020-12-14,3.6761
2020-12-15,3.6739
2020-12-16,3.6793
2020-12-17,3.6702
2020-12-18,3.662
2020-12-21,3.6598
2020-12-22,3.6527
2020-12-23,3.621
2020-12-24,3.6168
2020-12-28,3.613
2020-12-29,3.6227
2020-12-30,3.6287
2020-12-31,3.6498
2021-01-04,3.6457
2021-01-05,3.6403
2021-01-06,3.6353
2021-01-07,3.6015
2021-01-08,3.5973
2021-01-11,3.574
2021-01-12,3.5503
2021-01-13,3.5266
2021-01-14,3.5049
2021-01-15,3.6397
2021-01-18,3.6246
2021-01-19,3.6423
2021-01-20,3.6536
2021-01-21,3.6996
2021-01-22,3.7012
2021-01-25,3.6831
2021-01-26,3.6775
2021-01-27,3.6733
2021-01-28,3.6981
2021-01-29,3.6996
2021-02-01,3.6711
2021-02-02,3.6729
2021-02-03,3.6715
2021-02-04,3.6564
2021-02-05,3.6418
2021-02-08,3.6443
2021-02-09,3.6457
2021-02-10,3.6492
2021-02-11,3.6597
2021-02-12,3.6423
2021-02-15,3.6427
2021-02-16,3.6451
2021-02-17,3.6369
2021-02-18,3.6396
2021-02-19,3.6562
2021-02-22,3.6417
2021-02-23,3.6269
2021-02-24,3.5967
2021-02-25,3.6211
2021-03-01,3.6171
2021-03-02,3.5961
2021-03-03,3.5828
2021-03-04,3.5838
2021-03-05,3.5658
2021-03-08,3.5699
2021-03-09,3.5748
2021-03-10,3.5679
2021-03-11,3.5717
2021-03-12,3.5649
2021-03-15,3.5668
2021-03-16,3.5672
2021-03-17,3.5442
2021-03-18,3.5599
2021-03-19,3.5506
2021-03-22,3.5698
2021-03-24,3.5236
2021-03-25,3.5369
2021-03-26,3.5353
2021-03-29,3.5614
2021-03-30,3.5342
2021-03-31,3.5387
2021-04-01,3.5214
2021-04-05,3.5227
2021-04-06,3.5273
2021-04-07,3.551
2021-04-08,3.5383
2021-04-09,3.551
2021-04-12,3.5633
2021-04-13,3.5722
2021-04-14,3.5765
2021-04-16,3.5642
2021-04-19,3.5724
2021-04-20,3.5496
2021-04-21,3.5467
2021-04-22,3.5653
2021-04-23,3.5506
2021-04-26,3.5385
2021-04-27,3.5481
2021-04-28,3.5528
2021-04-29,3.5688
2021-04-30,3.5694
2021-05-03,3.5584
2021-05-04,3.5543
2021-05-05,3.5733
2021-05-06,3.5898
2021-05-07,3.5919
2021-05-10,3.6132
2021-05-11,3.641
2021-05-12,3.6244
2021-05-13,3.6282
2021-05-14,3.6328
2021-05-18,3.6483
2021-05-19,3.621
2021-05-20,3.6218
2021-05-21,3.6304
2021-05-24,3.6301
2021-05-25,3.6232
2021-05-26,3.6279
2021-05-27,3.6174
2021-05-28,3.6246
2021-06-01,3.6018
2021-06-02,3.6091
2021-06-03,3.6125
2021-06-04,3.5988
2021-06-07,3.6143
2021-06-08,3.6195
2021-06-09,3.6234
2021-06-10,3.6184
2021-06-11,3.6265
2021-06-14,3.6156
2021-06-15,3.6034
2021-06-16,3.6
2021-06-17,3.5634
2021-06-18,3.5525
2021-06-21,3.5457
2021-06-22,3.5436
2021-06-23,3.5462
2021-06-24,3.5421
2021-06-25,3.5362
2021-06-28,3.5398
2021-06-29,3.5395
2021-06-30,3.532
2021-07-01,3.5239
2021-07-02,3.5304
2021-07-05,3.5427
2021-07-06,3.5368
2021-07-07,3.5399
2021-07-08,3.5738
2021-07-09,3.5796
2021-07-12,3.585
2021-07-13,3.5788
2021-07-14,3.5677
2021-07-15,3.5619
2021-07-16,3.5653
2021-07-19,3.5804
2021-07-20,3.5835
2021-07-21,3.5729
2021-07-22,3.5619
2021-07-23,3.5565
2021-07-26,3.5556
2021-07-27,3.5559
2021-07-28,3.5563
2021-07-29,3.5686
2021-07-30,3.5728
2021-08-02,3.5654
2021-08-03,3.5638
2021-08-04,3.5503
2021-08-05,3.5454
2021-08-06,3.5445
2021-08-09,3.5154
2021-08-10,3.5018
2021-08-11,3.4847
2021-08-12,3.4928
2021-08-13,3.4926
2021-08-16,3.5184
2021-08-17,3.537
2021-08-18,3.5415
2021-08-19,3.5343
2021-08-20,3.5398
2021-08-23,3.5221
2021-08-24,3.5253
2021-08-25,3.5336
2021-08-26,3.5181
2021-08-27,3.525
2021-08-30,3.5196
2021-08-31,3.5128
2021-09-01,3.4908
2021-09-02,3.5071
2021-09-03,3.507
2021-09-09,3.4838
2021-09-10,3.4931
2021-09-13,3.4708
2021-09-14,3.4815
2021-09-17,3.4599
2021-09-20,3.4467
2021-09-22,3.4726
2021-09-23,3.4584
2021-09-24,3.4622
2021-09-27,3.4513
2021-09-29,3.4583
2021-09-30,3.4472
2021-10-01,3.4648
2021-10-04,3.4665
2021-10-05,3.4818
2021-10-06,3.4908
2021-10-07,3.4838
2021-10-08,3.4724
2021-10-11,3.4854
2021-10-12,3.476
2021-10-13,3.4882
2021-10-14,3.5007
2021-10-15,3.4867
2021-10-18,3.4855
2021-10-19,3.496
2021-10-20,3.4804
2021-10-21,3.4967
2021-10-22,3.5004
2021-10-25,3.4887
2021-10-26,3.4819
2021-10-27,3.4707
2021-10-28,3.4698
2021-10-29,3.4674
2021-11-01,3.4319
2021-11-02,3.4265
2021-11-03,3.4406
2021-11-04,3.4204
2021-11-05,3.4147
2021-11-08,3.39
2021-11-09,3.3933
2021-11-10,3.4025
2021-11-11,3.3875
2021-11-12,3.3761
2021-11-15,3.3721
2021-11-16,3.3323
2021-11-17,3.3006
2021-11-18,3.323
2021-11-19,3.3271
2021-11-22,3.3308
2021-11-23,3.3341
2021-11-24,3.3835
2021-11-25,3.3797
2021-11-26,3.4281
2021-11-29,3.4146
2021-11-30,3.442
2021-12-01,3.4188
2021-12-02,3.4501
2021-12-03,3.4244
2021-12-06,3.4282
2021-12-07,3.4137
2021-12-08,3.3687
2021-12-09,3.3599
2021-12-10,3.36
2021-12-13,3.3557
2021-12-14,3.3862
2021-12-15,3.3914
2021-12-16,3.3573
2021-12-17,3.3928
2021-12-20,3.4134
2021-12-21,3.4332
2021-12-22,3.4312
2021-12-23,3.4239
2021-12-24,3.4325
2021-12-27,3.4117
2021-12-28,3.3943
2021-12-29,3.3873
2021-12-30,3.3969
2021-12-31,3.4045
2022-01-03,3.3869
2022-01-04,3.368
2022-01-05,3.3757
2022-01-06,3.3878
2022-01-07,3.3762
2022-01-10,3.3761
2022-01-11,3.3747
2022-01-12,3.3704
2022-01-13,3.4163
2022-01-14,3.4171
2022-01-17,3.3958
2022-01-18,3.4138
2022-01-19,3.4112
2022-01-20,3.4233
2022-01-21,3.4428
2022-01-24,3.4727
2022-01-25,3.4603
2022-01-26,3.4503
2022-01-27,3.4337
2022-01-28,3.4298
2022-01-31,3.4259
2022-02-01,3.4408
2022-02-02,3.4377
2022-02-03,3.4547
2022-02-04,3.4711
2022-02-07,3.4599
2022-02-08,3.4904
2022-02-09,3.4839
2022-02-10,3.4824
2022-02-11,3.4853
2022-02-14,3.525
2022-02-15,3.4875
2022-02-16,3.4415
2022-02-17,3.4635
2022-02-18,3.468
2022-02-21,3.499
2022-02-22,3.5033
2022-02-23,3.5043
2022-02-24,3.5404
2022-02-25,3.5204
2022-02-28,3.5112
2022-03-01,3.5185
2022-03-02,3.5163
2022-03-03,3.5219
2022-03-04,3.5343
2022-03-07,3.5453
2022-03-08,3.5633
2022-03-09,3.5384
2022-03-10,3.5285
2022-03-11,3.5047
2022-03-14,3.495
2022-03-15,3.5001
2022-03-16,3.4698
2022-03-21,3.4793
2022-03-22,3.4521
2022-03-23,3.455
2022-03-24,3.4576
2022-03-25,3.4762
2022-03-28,3.4458
2022-03-29,3.4368
2022-03-30,3.4435
2022-03-31,3.4344
2022-04-01,3.4667
2022-04-04,3.4586
2022-04-05,3.4616
2022-04-06,3.4555
2022-04-07,3.4594
2022-04-08,3.4482
2022-04-11,3.4376
2022-04-12,3.447
2022-04-13,3.4361
2022-04-14,3.4227
2022-04-19,3.4264
2022-04-20,3.4089
2022-04-21,3.3981
2022-04-25,3.4331
2022-04-26,3.4348
2022-04-27,3.4441
2022-04-28,3.4131
2022-04-29,3.4263
2022-05-02,3.441
2022-05-03,3.4473
2022-05-04,3.4232
2022-05-06,3.4716
2022-05-09,3.4661
2022-05-10,3.4794
2022-05-11,3.461
2022-05-12,3.482
2022-05-13,3.4095
2022-05-16,3.4027
2022-05-17,3.3793
2022-05-18,3.3619
2022-05-19,3.4733
2022-05-20,3.4482
2022-05-23,3.4717
2022-05-24,3.4679
2022-05-25,3.4846
2022-05-26,3.5078
2022-05-27,3.4992
2022-05-30,3.456
2022-05-31,3.4774
2022-06-01,3.4551
2022-06-02,3.4785
2022-06-06,3.4644
2022-06-07,3.4189
2022-06-08,3.4189
2022-06-09,3.4176
2022-06-10,3.4507
2022-06-13,3.462
2022-06-14,3.4661
2022-06-15,3.4601
2022-06-16,3.5305
2022-06-17,3.5867
2022-06-20,3.5815
2022-06-21,3.5748
2022-06-22,3.5847
2022-06-23,3.5727
2022-06-24,3.5743
2022-06-27,3.5462
2022-06-28,3.5964
2022-06-29,3.6304
2022-06-30,3.6507
2022-07-01,3.6775
2022-07-04,3.6427
2022-07-05,3.6473
2022-07-06,3.6173
2022-07-07,3.5892
2022-07-08,3.5594
2022-07-11,3.5409
2022-07-12,3.5391
2022-07-13,3.5501
2022-07-14,3.5285
2022-07-15,3.5498
2022-07-18,3.5333
2022-07-19,3.5481
2022-07-20,3.5535
2022-07-21,3.552
2022-07-22,3.5537
2022-07-25,3.5702
2022-07-26,3.5711
2022-07-27,3.5653
2022-07-28,3.5674
2022-07-29,3.5638
2022-08-01,3.5606
2022-08-02,3.5372
2022-08-03,3.5134
2022-08-04,3.4858
2022-08-05,3.489
2022-08-08,3.4735
2022-08-09,3.465
2022-08-10,3.465
2022-08-11,3.4649
2022-08-12,3.4413
2022-08-15,3.4544
2022-08-16,3.443
2022-08-17,3.4239
2022-08-18,3.4011
2022-08-19,3.3982
2022-08-22,3.423
2022-08-23,3.3963
2022-08-24,3.4002
2022-08-25,3.4109
2022-08-26,3.3773
2022-08-29,3.4291
2022-08-30,3.4051
2022-08-31,3.4146
2022-09-01,3.4337
2022-09-02,3.4477
2022-09-05,3.4775
2022-09-06,3.4809
2022-09-07,3.4858
2022-09-08,3.5231
2022-09-09,3.5662
2022-09-12,3.5489
2022-09-13,3.5335
2022-09-14,3.5742
2022-09-15,3.591
2022-09-16,3.5716
2022-09-19,3.5696
2022-09-20,3.5628
2022-09-21,3.5969
2022-09-22,3.5309
2022-09-23,3.56
2022-09-28,3.5725
2022-09-29,3.6044
2022-09-30,3.6288
2022-10-03,3.6243
2022-10-06,3.5983
2022-10-07,3.5595
2022-10-11,3.5845
2022-10-12,3.5803
2022-10-13,3.5783
2022-10-14,3.544
2022-10-18,3.5516
2022-10-19,3.528
2022-10-20,3.5301
2022-10-21,3.533
2022-10-24,3.552
2022-10-25,3.5497
2022-10-26,3.5404
2022-10-27,3.5626
2022-10-28,3.562
2022-10-31,3.5248
2022-11-02,3.552
2022-11-03,3.5233
2022-11-04,3.532
2022-11-07,3.5745
2022-11-08,3.5691
2022-11-09,3.6054
2022-11-10,3.6026
2022-11-11,3.5908
2022-11-14,3.6276
2022-11-15,3.6566
2022-11-16,3.6371
2022-11-17,3.644
2022-11-18,3.648
2022-11-21,3.6182
2022-11-22,3.6391
2022-11-23,3.638
2022-11-24,3.6271
2022-11-25,3.6188
2022-11-28,3.6439
2022-11-29,3.6112
2022-11-30,3.6229
2022-12-01,3.6188
2022-12-02,3.6119
2022-12-05,3.6209
2022-12-06,3.6232
2022-12-07,3.6639
2022-12-08,3.66
2022-12-09,3.6637
2022-12-12,3.6772
2022-12-13,3.6631
2022-12-14,3.6752
2022-12-15,3.6919
2022-12-16,3.7206
2022-12-19,3.6935
2022-12-20,3.7306
2022-12-21,3.7572
2022-12-22,3.7497
2022-12-23,3.7513
2022-12-27,3.7795
2022-12-28,3.8024
2022-12-29,3.8186
2022-12-30,3.8151
2023-01-03,3.7618
2023-01-04,3.8005
2023-01-05,3.8049
2023-01-06,3.783
2023-01-09,3.7826
2023-01-10,3.7643
2023-01-11,3.7239
2023-01-12,3.6732
2023-01-13,3.6696
2023-01-16,3.6876
2023-01-17,3.7096
2023-01-18,3.7035
2023-01-19,3.7205
2023-01-20,3.7116
2023-01-23,3.6686
2023-01-24,3.6447
2023-01-25,3.6571
2023-01-26,3.7042
2023-01-27,3.7259
2023-01-30,3.7687
2023-01-31,3.7515
2023-02-01,3.7716
2023-02-02,3.7624
2023-02-03,3.722
2023-02-06,3.7483
2023-02-07,3.7481
2023-02-08,3.7834
2023-02-09,3.8003
2023-02-10,3.8008
2023-02-13,3.839
2023-02-14,3.8146
2023-02-15,3.825
2023-02-16,3.8368
2023-02-17,3.8256
2023-02-20,3.8622
2023-02-21,3.946
2023-02-22,3.9471
2023-02-23,3.8771
2023-02-24,3.9091
2023-02-27,3.9059
2023-02-28,3.9109
2023-03-01,3.8844
2023-03-02,3.8705
2023-03-03,3.906
2023-03-06,3.8365
2023-03-09,3.8399
2023-03-10,3.8638
2023-03-13,3.979
2023-03-14,3.9832
2023-03-15,3.9493
2023-03-16,3.9577
2023-03-17,3.9599
2023-03-20,3.9654
2023-03-21,3.9519
2023-03-22,3.9491
2023-03-23,3.9399
2023-03-24,3.9522
2023-03-27,3.883
2023-03-28,3.8534
2023-03-29,3.8777
2023-03-30,3.914
2023-03-31,3.9455
2023-04-03,3.9255
2023-04-04,3.9022
2023-04-11,4.0064
2023-04-13,4.1025
2023-04-14,4.123
2023-04-17,4.0792
2023-04-18,4.0682
2023-04-19,4.066
2023-04-20,4.0877
2023-04-21,4.0891
2023-04-24,4.1121
2023-04-25,4.0989
2023-04-27,4.0705
2023-04-28,4.0644
2023-05-01,4.0542
2023-05-02,4.0338
2023-05-03,4.0905
2023-05-04,4.1074
2023-05-05,4.0872
2023-05-08,4.0901
2023-05-09,4.1001
2023-05-10,4.1218
2023-05-11,4.0768
2023-05-12,4.0881
2023-05-15,4.0654
2023-05-16,4.0983
2023-05-17,4.0604
2023-05-18,4.0423
2023-05-19,4.0379
2023-05-22,4.0815
2023-05-23,4.0736
2023-05-24,4.1304
2023-05-25,4.1217
2023-05-30,4.1121
2023-05-31,4.0805
2023-06-01,4.1055
2023-06-02,4.1444
2023-06-05,4.0974
2023-06-06,4.0892
2023-06-07,4.0351
2023-06-08,4.0256
2023-06-09,4.0348
2023-06-12,3.9642
2023-06-13,3.9253
2023-06-14,4.0052
2023-06-15,3.9776
2023-06-16,3.9894
2023-06-19,4.0255
2023-06-20,4.022
2023-06-21,4.0172
2023-06-22,4.0554
2023-06-23,4.0345
2023-06-26,4.06
2023-06-27,4.068
2023-06-28,4.1059
2023-06-29,4.121
2023-06-30,4.1134
2023-07-03,4.1292
2023-07-04,4.1374
2023-07-05,4.112
2023-07-06,4.13
2023-07-07,4.1491
2023-07-10,4.1683
2023-07-11,4.2073
2023-07-12,4.1719
2023-07-13,4.1898
2023-07-14,4.2086
2023-07-17,4.2315
2023-07-18,4.2373
2023-07-19,4.1815
2023-07-20,4.185
2023-07-21,4.1737
2023-07-24,4.1883
2023-07-25,4.2737
2023-07-26,4.3022
2023-07-28,4.2663
2023-07-31,4.2404
2023-08-01,4.1727
2023-08-02,4.1616
2023-08-03,4.2097
2023-08-04,4.2002
2023-08-07,4.1921
2023-08-08,4.2175
2023-08-09,4.2419
2023-08-10,4.2603
2023-08-11,4.2484
2023-08-14,4.2488
2023-08-15,4.2952
2023-08-16,4.267
2023-08-17,4.3044
2023-08-18,4.3077
2023-08-21,4.3126
2023-08-22,4.3035
2023-08-23,4.2972
2023-08-24,4.2846
2023-08-25,4.2908
2023-08-28,4.2973
2023-08-29,4.3026
2023-08-30,4.3175
2023-08-31,4.3129
2023-09-01,4.2985
2023-09-04,4.3061
2023-09-05,4.2652
2023-09-06,4.2777
2023-09-07,4.3099
2023-09-08,4.3137
2023-09-11,4.3096
2023-09-12,4.2582
2023-09-13,4.2766
2023-09-14,4.2834
2023-09-18,4.2686
2023-09-19,4.2445
2023-09-20,4.2467
2023-09-21,4.2014
2023-09-22,4.213
2023-09-26,4.1855
2023-09-27,4.1864
2023-09-28,4.1904
2023-09-29,4.2
2023-10-02,4.1981
2023-10-03,4.1762
2023-10-04,4.198
2023-10-05,4.2036
2023-10-06,4.228
2023-10-09,4.3028
2023-10-10,4.3562
2023-10-11,4.3848
2023-10-12,4.3958
2023-10-13,4.3791
2023-10-16,4.4193
2023-10-17,4.4527
2023-10-18,4.4742
2023-10-19,4.4839
2023-10-20,4.5348
2023-10-23,4.556
2023-10-24,4.5472
2023-10-25,4.5354
2023-10-26,4.5392
2023-10-27,4.5367
2023-10-30,4.4881
2023-10-31,4.4535
2023-11-01,4.4326
2023-11-02,4.3901
2023-11-03,4.4046
2023-11-06,4.3217
2023-11-07,4.2885
2023-11-08,4.2728
2023-11-09,4.2781
2023-11-10,4.2898
2023-11-13,4.2815
2023-11-14,4.2523
2023-11-15,4.2419
2023-11-16,4.2532
2023-11-17,4.2011
2023-11-20,4.2172
2023-11-21,4.1973
2023-11-22,4.2167
2023-11-23,4.2211
2023-11-24,4.2286
2023-11-27,4.2312
2023-11-28,4.2063
2023-11-29,4.1924
2023-11-30,4.2423
2023-12-01,4.2795
2023-12-04,4.2503
2023-12-05,4.2668
2023-12-06,4.2387
2023-12-07,4.2242
2023-12-08,4.2233
2023-12-11,4.2212
2023-12-12,4.2361
2023-12-13,4.2356
2023-12-14,4.2485
2023-12-15,4.2205
2023-12-18,4.2076
2023-12-19,4.207
2023-12-20,4.2174
2023-12-21,4.2093
2023-12-22,4.2052
2023-12-26,4.2317
2023-12-27,4.2483
2023-12-28,4.3232
2023-12-29,4.3135
2024-01-02,4.263
2024-01-03,4.2695
2024-01-04,4.2907
2024-01-05,4.2917
2024-01-08,4.3684
2024-01-09,4.3672
2024-01-10,4.4071
2024-01-11,4.3942
2024-01-12,4.3676
2024-01-15,4.3947
2024-01-16,4.3799
2024-01-17,4.3791
2024-01-18,4.3542
2024-01-19,4.3169
2024-01-22,4.3418
2024-01-23,4.3365
2024-01-24,4.2985
2024-01-25,4.2805
2024-01-26,4.2879
2024-01-29,4.2718
2024-01-30,4.2305
2024-01-31,4.2089
2024-02-01,4.2357
2024-02-02,4.2546
2024-02-05,4.2249
2024-02-06,4.1759
2024-02-07,4.1791
2024-02-08,4.1956
2024-02-09,4.2073
2024-02-12,4.2082
2024-02-13,4.1428
2024-02-14,4.126
2024-02-15,4.1112
2024-02-16,4.0944
2024-02-19,4.1141
2024-02-20,4.1444
2024-02-21,4.1784
2024-02-22,4.1485
2024-02-23,4.1241
2024-02-26,4.1484
2024-02-28,4.1001
2024-02-29,4.0743
2024-03-01,4.0232
2024-03-04,4.0382
2024-03-05,4.0528
2024-03-06,4.0775
2024-03-07,4.0841
2024-03-08,4.083
2024-03-11,4.1168
2024-03-12,4.1627
2024-03-13,4.1702
2024-03-14,4.124
2024-03-15,4.1275
2024-03-18,4.1366
2024-03-19,4.1332
2024-03-20,4.1325
2024-03-21,4.0349
2024-03-22,4.019
2024-03-26,4.0526
2024-03-27,4.041
2024-03-28,4.074
2024-04-01,4.0614
2024-04-02,4.069
2024-04-03,4.1075
2024-04-04,4.0987
2024-04-05,4.1457
2024-04-08,4.0975
2024-04-09,4.084
2024-04-10,4.1104
2024-04-11,4.1213
2024-04-12,4.1152
2024-04-15,4.0717
2024-04-16,4.129
2024-04-17,4.1438
2024-04-18,4.1594
2024-04-19,4.1663
2024-04-24,4.1116
2024-04-25,4.152
2024-04-26,4.1904
2024-04-30,4.1059
2024-05-01,4.063
2024-05-02,4.0987
2024-05-03,4.0976
2024-05-06,4.1332
2024-05-07,4.1017
2024-05-08,4.0837
2024-05-09,4.1127
2024-05-10,4.1064
2024-05-13,4.1069
2024-05-15,4.0799
2024-05-16,4.074
2024-05-17,4.0892
2024-05-20,4.0737
2024-05-21,4.0361
2024-05-22,4.0153
2024-05-23,4.0193
2024-05-24,4.0145
2024-05-28,4.0349
2024-05-29,4.0452
2024-05-30,4.1011
2024-05-31,4.1092
2024-06-03,4.0617
2024-06-04,4.1271
2024-06-05,4.1561
2024-06-06,4.1785
2024-06-07,4.1935
2024-06-10,4.1831
2024-06-11,4.1501
2024-06-13,4.144
2024-06-14,4.172
2024-06-17,4.1829
2024-06-18,4.1925
2024-06-19,4.2004
2024-06-20,4.1791
2024-06-21,4.191
2024-06-24,4.1701
2024-06-25,4.17
2024-06-26,4.1784
2024-06-27,4.1841
2024-06-28,4.179
2024-07-01,4.1636
2024-07-02,4.1654
2024-07-03,4.1662
2024-07-04,4.1561
2024-07-05,4.1413
2024-07-08,4.1132
2024-07-09,4.0896
2024-07-10,4.0792
2024-07-11,4.0537
2024-07-12,4.0653
2024-07-15,4.0385
2024-07-16,4.061
2024-07-17,4.091
2024-07-18,4.112
2024-07-19,4.1202
2024-07-22,4.0899
2024-07-23,4.0691
2024-07-24,4.0913
2024-07-25,4.1578
2024-07-26,4.1696
2024-07-29,4.2195
2024-07-30,4.214
2024-07-31,4.277
2024-08-01,4.3259
2024-08-02,4.3666
2024-08-05,4.5009
2024-08-06,4.4956
2024-08-07,4.3865
2024-08-08,4.4196
2024-08-09,4.3199
2024-08-12,4.3399
2024-08-14,4.3237
2024-08-15,4.2891
2024-08-16,4.2386
2024-08-19,4.2786
2024-08-20,4.2963
2024-08-21,4.3489
2024-08-22,4.374
2024-08-23,4.3497
2024-08-26,4.3251
2024-08-27,4.3555
2024-08-28,4.3506
2024-08-29,4.3442
2024-08-30,4.3102
2024-09-02,4.2962
2024-09-03,4.3097
2024-09-04,4.3788
2024-09-05,4.3642
2024-09-06,4.4058
2024-09-09,4.4193
2024-09-10,4.4401
2024-09-11,4.4514
2024-09-12,4.3907
2024-09-13,4.3676
2024-09-16,4.4296
2024-09-17,4.433
2024-09-18,4.4738
2024-09-19,4.4342
2024-09-20,4.4438
2024-09-23,4.4496
2024-09-24,4.4476
2024-09-25,4.4251
2024-09-26,4.3591
2024-09-27,4.3788
2024-09-30,4.3965
2024-10-01,4.3963
2024-10-07,4.4273
2024-10-08,4.4061
2024-10-09,4.3827
2024-10-10,4.3934
2024-10-14,4.3632
2024-10-15,4.348
2024-10-16,4.3649
2024-10-18,4.2855
2024-10-21,4.3178
2024-10-22,4.366
2024-10-23,4.3707
2024-10-25,4.3666
2024-10-28,4.3027
2024-10-29,4.3055
2024-10-30,4.2759
2024-10-31,4.2926
2024-11-01,4.3338
2024-11-04,4.3418
2024-11-05,4.3431
2024-11-06,4.2651
2024-11-07,4.2558
2024-11-08,4.267
2024-11-11,4.2464
2024-11-12,4.2563
2024-11-13,4.2392
2024-11-14,4.2079
2024-11-15,4.2145
2024-11-18,4.2066
2024-11-19,4.2387
2024-11-20,4.2224
2024-11-21,4.2246
2024-11-22,4.1863
2024-11-25,4.1283
2024-11-26,4.1124
2024-11-27,4.1365
2024-11-28,4.1223
2024-11-29,4.1358
2024-12-02,4.0999
2024-12-03,4.1032
2024-12-04,4.0624
2024-12-05,4.0763
2024-12-06,4.0895
2024-12-09,4.0526
2024-12-10,4.0661
2024-12-11,4.056
2024-12-12,4.0282
2024-12-13,4.0223
2024-12-16,4.0437
2024-12-17,4.0156
2024-12-18,4.0103
2024-12-19,4.0369
2024-12-20,4.0767
2024-12-23,4.0677
2024-12-24,4.0704
2024-12-26,4.077
2024-12-27,4.0865
2024-12-30,4.0389
2024-12-31,4.0278
2025-01-02,4.0176
2025-01-03,4.0161
2025-01-06,4.0307
2025-01-07,4.0024
2025-01-08,4.0155
2025-01-09,4.0122
2025-01-10,4.0168
2025-01-13,4.0064
2025-01-14,3.9638
2025-01-15,3.9704
2025-01-16,3.9708
2025-01-17,3.9533
2025-01-20,3.9199
2025-01-21,3.9368
2025-01-22,3.912
2025-01-23,3.9222
2025-01-24,3.9539
2025-01-27,4.0237
2025-01-28,3.9934
2025-01-29,3.9683
2025-01-30,3.9439
2025-01-31,3.9247
2025-02-03,3.9405
2025-02-04,3.9349
2025-02-05,3.9386
2025-02-06,3.9312
2025-02-07,3.9173
2025-02-10,3.9147
2025-02-11,3.9333
2025-02-12,3.9402
2025-02-13,3.9386
2025-02-14,3.9437
2025-02-17,3.9452
2025-02-18,3.9448
2025-02-19,3.9178
2025-02-20,3.923
2025-02-21,3.9664
2025-02-24,3.9646
2025-02-25,4.0022
2025-02-26,3.9911
2025-02-27,3.9554
2025-02-28,3.9807
2025-03-03,3.9938
2025-03-04,4.0504
2025-03-05,4.0759
2025-03-06,4.0747
2025-03-07,4.1106
2025-03-10,4.1391
2025-03-11,4.1412
2025-03-12,4.1213
2025-03-13,4.1396
2025-03-17,4.152
2025-03-18,4.167
2025-03-19,4.1785
2025-03-20,4.165
2025-03-21,4.1837
2025-03-24,4.2019
2025-03-25,4.1582
2025-03-26,4.1502
2025-03-27,4.16
2025-03-28,4.177
2025-03-31,4.2171
2025-04-01,4.1971
2025-04-02,4.1826
2025-04-03,4.2904
2025-04-04,4.3505
2025-04-07,4.412
2025-04-08,4.4025
2025-04-09,4.5391
2025-04-10,4.4683
2025-04-11,4.5527
2025-04-14,4.5153
2025-04-15,4.5128
2025-04-16,4.5323
2025-04-17,4.51
2025-04-21,4.581
2025-04-22,4.5876
2025-04-23,4.4488
2025-04-24,4.4176
2025-04-25,4.3492
2025-04-28,4.3722
2025-04-29,4.3904
2025-04-30,4.4108
2025-05-02,4.3688
2025-05-05,4.3896
2025-05-06,4.3833
2025-05-07,4.3534
2025-05-08,4.3372
2025-05-09,4.2939
2025-05-12,4.1918
2025-05-13,4.2482
2025-05-14,4.2621
2025-05-15,4.2205
2025-05-16,4.255
2025-05-19,4.2584
2025-05-20,4.2279
2025-05-21,4.3084
2025-05-22,4.3189
2025-05-23,4.3599
2025-05-27,4.2772
2025-05-28,4.2799
2025-05-29,4.2399
2025-05-30,4.2722
2025-06-03,4.2941
2025-06-04,4.265
2025-06-05,4.2611
2025-06-06,4.2681
2025-06-09,4.2436
2025-06-10,4.2556
2025-06-11,4.2588
2025-06-12,4.3993
2025-06-13,4.4316
2025-06-16,4.3605
2025-06-17,4.312
2025-06-18,4.2775
2025-06-19,4.2582
2025-06-20,4.2679
2025-06-23,4.2488
2025-06-24,4.202
2025-06-25,4.229
2025-06-26,4.2426
2025-06-27,4.244
2025-06-30,4.2314
2025-07-01,4.2707
2025-07-02,4.2522
2025-07-03,4.243
2025-07-04,4.21
2025-07-07,4.1859
2025-07-08,4.2077
2025-07-09,4.1774
2025-07-10,4.1556
2025-07-11,4.1831
2025-07-14,4.2232
2025-07-15,4.198
2025-07-16,4.1847
2025-07-17,4.1693
2025-07-18,4.1854
2025-07-21,4.1965
2025-07-22,4.2071
2025-07-23,4.2019
2025-07-24,4.2051
2025-07-25,4.2184
2025-07-28,4.186
2025-07-29,4.1773
2025-07-30,4.1747
2025-07-31,4.17
2025-08-01,4.1917
2025-08-04,4.2064
2025-08-05,4.2535
2025-08-06,4.2732
2025-08-07,4.24
2025-08-08,4.2548
2025-08-11,4.2123
2025-08-12,4.23
2025-08-13,4.2188
2025-08-14,4.2008
2025-08-15,4.1921
2025-08-18,4.2011
2025-08-19,4.1968
2025-08-20,4.2149
2025-08-21,4.2418
2025-08-22,4.2071
2025-08-25,4.2101
2025-08-26,4.1809
2025-08-27,4.1467
2025-08-28,4.1587
2025-08-29,4.1632
2025-09-01,4.1954
2025-09-02,4.2046
2025-09-03,4.189
2025-09-04,4.181
2025-09-05,4.1587
2025-09-08,4.1763
2025-09-09,4.2036
2025-09-10,4.1829
2025-09-11,4.1759
2025-09-12,4.1801
2025-09-15,4.2016
2025-09-16,4.2245
2025-09-17,4.2449
2025-09-18,4.2408
2025-09-19,4.1993
2025-09-25,4.2
2025-09-26,4.2076
2025-09-29,4.1609
2025-09-30,4.1427
2025-10-03,4.1591
2025-10-06,4.1107
2025-10-08,4.0929
2025-10-09,4.0408
2025-10-10,4.0381
2025-10-13,4.0931
2025-10-15,4.1103
2025-10-16,4.1386
2025-10-17,4.2084
2025-10-20,4.175
2025-10-21,4.1397
2025-10-22,4.138
2025-10-23,4.1447
2025-10-24,4.1372
2025-10-27,4.0949
2025-10-28,4.1009
2025-10-29,4.0787
2025-10-30,4.0569
2025-10-31,4.0407
2025-11-03,4.0322
2025-11-04,4.0374
2025-11-05,4.0391
2025-11-06,4.0219
2025-11-07,4.04
2025-11-10,4.0098
2025-11-11,4.0127
2025-11-12,4.0026
2025-11-13,4.0329
2025-11-14,4.0847
2025-11-17,4.0747
2025-11-18,4.1042
2025-11-19,4.0733
2025-11-20,4.036
2025-11-21,4.0716
2025-11-24,4.0696
2025-11-25,4.0435
2025-11-26,4.0653
2025-11-27,4.0655
2025-11-28,4.0468
2025-12-01,4.0683
2025-12-02,4.0468
2025-12-03,4.0349
2025-12-04,4.0466
2025-12-05,4.0207
2025-12-08,3.9849
2025-12-09,3.9834
2025-12-10,4.0092
2025-12-11,4.0296
2025-12-12,4.0278
2025-12-15,4.0299
2025-12-16,4.0523
2025-12-17,4.048
2025-12-18,4.0472
2025-12-19,4.0317
2025-12-22,4.0398
2025-12-23,4.054
2025-12-24,4.0497
2025-12-29,4.053
2025-12-30,4.0313
2025-12-31,4.0213
2026-01-02,4.0111
2026-01-05,3.9752
2026-01-06,3.99
2026-01-07,3.9881
2026-01-08,3.9787
2026-01-09,3.9629
2026-01-12,3.9533
2026-01-13,3.9435
2026-01-14,3.9326
2026-01-15,3.9388
2026-01-16,3.9097
2026-01-19,3.9604
2026-01-20,4.0075
2026-01-21,4.0116
2026-01-22,3.9624
2026-01-23,3.9643
2026-01-26,4.0325
2026-01-27,4.0153
2026-01-28,4.0313
2026-01-29,4.0161
2026-01-30,4.0303
2026-02-02,3.9976
2026-02-03,3.9676
2026-02-04,3.9778
2026-02-05,4.0164
2026-02-06,4.0171
2026-02-09,4.0244
2026-02-10,4.023
2026-02-11,4.0178
2026-02-12,3.9949
2026-02-13,4.0027
2026-02-16,4.0091
2026-02-17,4.0272
2026-02-18,4.0196
2026-02-19,4.0479
2026-02-20,4.024
2026-02-23,4.021
2026-02-24,4.0235
2026-02-25,3.9975
2026-02-26,4.0168
2026-02-27,4.0396
2026-03-02,3.9632
2026-03-05,3.943
2026-03-06,3.9437
2026-03-09,3.9986
2026-03-10,3.9798
2026-03-11,3.9886
2026-03-12,3.9822
2026-03-13,3.9877
2026-03-16,3.9604
2026-03-17,3.9502
2026-03-18,3.9359
2026-03-19,3.9233
2026-03-20,3.9437
2026-03-23,3.9447
2026-03-24,3.9606
2026-03-25,3.9471
2026-03-26,3.9419
2026-03-27,3.9555
2026-03-30,3.9661
2026-03-31,3.9595
2026-04-07,3.935
2026-04-09,3.9017
2026-04-10,3.8685
2026-04-13,3.873
2026-04-14,3.8665
2026-04-15,3.8522
2026-04-16,3.8191
2026-04-17,3.8236
2026-04-20,3.8426
2026-04-21,3.8275
2026-04-23,3.8273
2026-04-24,3.8143
2026-04-27,3.7952
2026-04-28,3.787
2026-04-29,3.7509
2026-04-30,3.7597
2026-05-01,3.7709
2026-05-04,3.777
2026-05-05,3.7593
2026-05-06,3.7313
2026-05-07,3.7374
2026-05-08,3.7349
2026-05-11,3.7347
2026-05-12,3.7247
2026-05-13,3.7218
2026-05-14,3.7154
2026-05-15,3.7113
2026-05-18,3.7152
2026-05-19,3.6965
2026-05-20,3.6975
2026-05-21,3.6957
2026-05-26,3.641
2026-05-27,3.6129
2026-05-28,3.588
2026-05-29,3.584
2026-06-01,3.588
2026-06-02,3.5969
2026-06-03,3.6409
2026-06-04,3.6711
2026-06-05,3.6914
2026-06-08,3.6897
2026-06-09,3.692
2026-06-10,3.723
2026-06-11,3.709
2026-06-12,3.6858
2026-06-15,3.6687
2026-06-16,3.6642
2026-06-17,3.679
2026-06-18,3.66
2026-06-19,3.6679
2026-06-22,3.6727
2026-06-23,3.6911
2026-06-24,3.6798
2026-06-25,3.6635
2026-06-26,3.7106
2026-06-29,3.6858
2026-06-30,3.6802
2026-07-01,3.6777
2026-07-02,3.7241
2026-07-03,3.7316
2026-07-06,3.729
2026-07-07,3.7523
2026-07-08,3.7639
2026-07-09,3.7533
2026-07-10,3.7289
2026-07-13,3.7369
2026-07-14,3.711
2026-07-15,3.6938
2026-07-16,3.7221
2026-07-17,3.7793
2026-07-20,3.7733
2026-07-21,3.7611
2026-07-22,3.7667
2026-07-24,3.7504
2026-07-27,3.7273
2026-07-28,3.731
2026-07-29,3.7287
2026-07-30,3.7769
2026-07-31,3.7843
2026-08-03,3.7811
2026-08-04,3.7447
2026-08-05,3.7111
2026-08-06,3.7211
2026-08-07,3.7019
2026-08-10,3.7095
2026-08-11,3.7065
2026-08-12,3.6816
2026-08-13,3.6722
2026-08-14,3.6311
2026-08-17,3.6404
2026-08-18,3.6756
2026-08-19,3.6849
2026-08-20,3.7493
2026-08-21,3.7412
2026-08-24,3.7305
2026-08-25,3.7191
2026-08-26,3.697
2026-08-27,3.6963
2026-08-28,3.6884
2026-08-31,3.6948
2026-09-01,3.7183
2026-09-02,3.7309
2026-09-03,3.7373
2026-09-04,3.7177
2026-09-07,3.7239
