date,rate
1962-02-10,0.00004357
1967-11-19,0.0000468
1971-08-22,0.00005638
1974-11-10,0.00010072
1975-06-18,0.00011256
1975-08-05,0.00010378
1975-09-09,0.00010554
1975-09-28,0.00011268
1975-11-24,0.0001164
1976-01-04,0.00011655
1976-02-11,0.00012007
1976-03-15,0.00012061
1976-04-19,0.00012642
1976-05-20,0.00012801
1976-06-24,0.00012932
1976-07-19,0.00013106
1976-08-25,0.0001355
1976-09-29,0.00014164
1976-11-01,0.00014578
1976-11-24,0.00014774
1976-12-24,0.00014858
1977-01-17,0.00015147
1977-03-02,0.00015493
1977-03-21,0.00015871
1977-05-25,0.00015622
1977-07-04,0.00015878
1977-07-18,0.0001629
1977-08-01,0.00016461
1977-08-17,0.000168
1977-09-20,0.0001667
1977-10-17,0.00017019
1977-10-31,0.0002506
1977-11-01,0.0002515
1977-11-02,0.0002501
1977-11-03,0.0002494
1977-11-04,0.0002485
1977-11-07,0.0002492
1977-11-08,0.0002487
1977-11-09,0.0002494
1977-11-10,0.000249
1977-11-11,0.0002479
1977-11-14,0.0002485
1977-11-15,0.0002481
1977-11-16,0.0002478
1977-11-17,0.0002484
1977-11-18,0.0002485
1977-11-21,0.0002495
1977-11-22,0.000249
1977-11-23,0.0002493
1977-11-24,0.0002496
1977-11-25,0.0002494
1977-11-28,0.0002496
1977-11-29,0.0002495
1977-11-30,0.0002488
1977-12-01,0.0002491
1977-12-02,0.0002494
1977-12-05,0.0002512
1977-12-06,0.0002545
1977-12-07,0.0002553
1977-12-08,0.0002542
1977-12-09,0.0002528
1977-12-12,0.0002531
1977-12-13,0.0002561
1977-12-14,0.0002589
1977-12-15,0.0002587
1977-12-16,0.0002576
1977-12-19,0.0002592
1977-12-20,0.000263
1977-12-21,0.000262
1977-12-22,0.00026
1977-12-23,0.0002595
1977-12-27,0.0002607
1977-12-28,0.0002647
1977-12-29,0.0002677
1977-12-30,0.000267
1978-01-03,0.0002675
1978-01-04,0.0002718
1978-01-05,0.0002635
1978-01-06,0.0002647
1978-01-09,0.0002649
1978-01-10,0.0002675
1978-01-11,0.0002718
1978-01-12,0.0002752
1978-01-13,0.0002736
1978-01-16,0.0002746
1978-01-17,0.0002733
1978-01-18,0.0002728
1978-01-19,0.0002737
1978-01-20,0.0002751
1978-01-23,0.0002762
1978-01-24,0.0002786
1978-01-25,0.0002791
1978-01-26,0.0002791
1978-01-27,0.0002786
1978-01-30,0.0002787
1978-01-31,0.0002802
1978-02-01,0.0002803
1978-02-02,0.0002791
1978-02-03,0.0002793
1978-02-06,0.00028
1978-02-07,0.0002806
1978-02-08,0.0002802
1978-02-09,0.0002798
1978-02-10,0.0002793
1978-02-13,0.0002787
1978-02-14,0.0002801
1978-02-15,0.00028
1978-02-16,0.0002805
1978-02-17,0.0002825
1978-02-20,0.0002856
1978-02-21,0.0002867
1978-02-22,0.000286
1978-02-23,0.0002869
1978-02-24,0.0002897
1978-02-27,0.0002899
1978-02-28,0.0002913
1978-03-01,0.0002959
1978-03-02,0.0002945
1978-03-03,0.0002948
1978-03-06,0.0002963
1978-03-07,0.0002924
1978-03-09,0.0002926
1978-03-10,0.0002898
1978-03-13,0.0002869
1978-03-14,0.00029
1978-03-15,0.0002912
1978-03-16,0.0002942
1978-03-17,0.0002957
1978-03-20,0.0002954
1978-03-21,0.0002944
1978-03-22,0.0002927
1978-03-28,0.0002961
1978-03-29,0.0002954
1978-03-30,0.0002945
1978-03-31,0.000295
1978-04-03,0.0002985
1978-04-04,0.0002957
1978-04-05,0.0002945
1978-04-06,0.0002967
1978-04-07,0.0002952
1978-04-10,0.0002961
1978-04-11,0.0002967
1978-04-12,0.0002971
1978-04-13,0.0002958
1978-04-14,0.0002951
1978-04-17,0.0002948
1978-04-18,0.0002935
1978-04-19,0.0002941
1978-04-20,0.0002929
1978-04-24,0.0002925
1978-04-25,0.0002931
1978-04-26,0.0002931
1978-04-27,0.0002943
1978-05-01,0.000296
1978-05-02,0.0002958
1978-05-03,0.0002954
1978-05-05,0.0002958
1978-05-08,0.0002942
1978-05-09,0.0002942
1978-05-10,0.0002955
1978-05-12,0.000295
1978-05-16,0.0002948
1978-05-17,0.0002964
1978-05-18,0.0002966
1978-05-19,0.000298
1978-05-22,0.000298
1978-05-23,0.0003002
1978-05-24,0.0003009
1978-05-25,0.0003014
1978-05-26,0.0003027
1978-05-29,0.0003058
1978-05-30,0.0003068
1978-05-31,0.0003082
1978-06-01,0.0003108
1978-06-02,0.0003096
1978-06-05,0.0003107
1978-06-06,0.0003092
1978-06-07,0.0003085
1978-06-08,0.0003081
1978-06-09,0.0003072
1978-06-12,0.0003089
1978-06-13,0.0003088
1978-06-14,0.0003086
1978-06-15,0.0003079
1978-06-16,0.0003069
1978-06-19,0.0003088
1978-06-20,0.0003093
1978-06-21,0.0003108
1978-06-22,0.0003112
1978-06-23,0.0003118
1978-06-26,0.000314
1978-06-27,0.000314
1978-06-28,0.0003153
1978-06-29,0.000316
1978-06-30,0.0003162
1978-07-03,0.0003177
1978-07-04,0.0003177
1978-07-05,0.000317
1978-07-06,0.0003166
1978-07-07,0.0003155
1978-07-10,0.0003168
1978-07-11,0.0003173
1978-07-12,0.000317
1978-07-13,0.0003186
1978-07-14,0.000318
1978-07-17,0.0003187
1978-07-18,0.0003189
1978-07-19,0.0003204
1978-07-20,0.0003218
1978-07-21,0.0003231
1978-07-24,0.0003256
1978-07-25,0.0003247
1978-07-26,0.0003244
1978-07-27,0.0003242
1978-07-28,0.0003249
1978-07-31,0.0003278
1978-08-01,0.0003285
1978-08-02,0.0003272
1978-08-03,0.0003268
1978-08-04,0.0003283
1978-08-07,0.0003296
1978-08-08,0.000332
1978-08-09,0.0003341
1978-08-10,0.0003329
1978-08-11,0.0003351
1978-08-14,0.0003368
1978-08-15,0.0003417
1978-08-16,0.0003377
1978-08-17,0.0003343
1978-08-18,0.0003338
1978-08-21,0.0003288
1978-08-22,0.0003325
1978-08-23,0.0003276
1978-08-24,0.0003289
1978-08-25,0.0003279
1978-08-28,0.0003288
1978-08-29,0.0003303
1978-08-30,0.0003353
1978-08-31,0.0003342
1978-09-01,0.0003333
1978-09-04,0.0003395
1978-09-05,0.000337
1978-09-06,0.0003343
1978-09-07,0.0003331
1978-09-08,0.0003311
1978-09-11,0.0003315
1978-09-12,0.0003338
1978-09-13,0.0003337
1978-09-14,0.0003376
1978-09-15,0.0003375
1978-09-18,0.0003386
1978-09-19,0.0003404
1978-09-20,0.0003432
1978-09-21,0.0003428
1978-09-22,0.0003407
1978-09-25,0.0003419
1978-09-26,0.0003423
1978-09-27,0.0003395
1978-09-28,0.0003404
1978-09-29,0.0003424
1978-10-04,0.0003467
1978-10-05,0.0003471
1978-10-06,0.0003465
1978-10-09,0.0003473
1978-10-10,0.0003471
1978-10-12,0.0003541
1978-10-13,0.0003518
1978-10-17,0.0003559
1978-10-18,0.0003559
1978-10-19,0.000358
1978-10-20,0.0003607
1978-10-24,0.0003649
1978-10-25,0.0003724
1978-10-26,0.0003766
1978-10-27,0.0003766
1978-10-30,0.0003829
1978-10-31,0.0003872
1978-11-01,0.0003799
1978-11-02,0.0003577
1978-11-03,0.0003532
1978-11-06,0.0003511
1978-11-08,0.0003562
1978-11-09,0.0003619
1978-11-10,0.000357
1978-11-13,0.0003589
1978-11-14,0.0003607
1978-11-15,0.0003588
1978-11-16,0.0003583
1978-11-17,0.0003583
1978-11-20,0.0003519
1978-11-21,0.0003537
1978-11-22,0.0003543
1978-11-23,0.0003556
1978-11-24,0.0003567
1978-11-27,0.0003541
1978-11-28,0.0003537
1978-11-29,0.0003534
1978-11-30,0.0003537
1978-12-01,0.0003499
1978-12-04,0.0003485
1978-12-05,0.0003471
1978-12-06,0.0003492
1978-12-07,0.0003487
1978-12-08,0.0003506
1978-12-11,0.0003515
1978-12-12,0.0003551
1978-12-13,0.0003521
1978-12-14,0.0003511
1978-12-15,0.0003533
1978-12-18,0.0003583
1978-12-19,0.00036
1978-12-20,0.0003664
1978-12-21,0.0003648
1978-12-22,0.0003638
1978-12-27,0.0003706
1978-12-28,0.000374
1978-12-29,0.0003738
1979-01-02,0.0003785
1979-01-03,0.0003754
1979-01-04,0.0003688
1979-01-05,0.0003698
1979-01-08,0.0003726
1979-01-09,0.0003669
1979-01-10,0.0003643
1979-01-11,0.0003641
1979-01-12,0.0003622
1979-01-15,0.0003643
1979-01-16,0.0003687
1979-01-17,0.0003739
1979-01-18,0.0003732
1979-01-19,0.0003741
1979-01-22,0.0003752
1979-01-23,0.000374
1979-01-24,0.000374
1979-01-25,0.0003724
1979-01-26,0.0003707
1979-01-29,0.0003701
1979-01-30,0.0003716
1979-01-31,0.000371
1979-02-01,0.0003679
1979-02-02,0.0003685
1979-02-05,0.0003739
1979-02-06,0.0003773
1979-02-07,0.0003769
1979-02-08,0.0003748
1979-02-09,0.0003724
1979-02-12,0.0003794
1979-02-13,0.0003814
1979-02-14,0.0003812
1979-02-15,0.0003848
1979-02-16,0.0003831
1979-02-19,0.0003834
1979-02-20,0.0003836
1979-02-21,0.0003838
1979-02-22,0.0003831
1979-02-23,0.0003839
1979-02-26,0.0003825
1979-02-27,0.0003771
1979-02-28,0.0003718
1979-03-01,0.0003741
1979-03-02,0.0003702
1979-03-05,0.0003708
1979-03-06,0.0003708
1979-03-07,0.0003729
1979-03-08,0.0003776
1979-03-09,0.0003815
1979-03-12,0.0003832
1979-03-13,0.0003866
1979-03-15,0.0003893
1979-03-16,0.0003926
1979-03-19,0.0003942
1979-03-20,0.0003971
1979-03-21,0.0003979
1979-03-22,0.0004006
1979-03-23,0.0004023
1979-03-26,0.0004037
1979-03-27,0.0004094
1979-03-28,0.0004094
1979-03-29,0.0004114
1979-03-30,0.000412
1979-04-02,0.0004104
1979-04-03,0.0004103
1979-04-04,0.000411
1979-04-05,0.0004112
1979-04-06,0.0004121
1979-04-09,0.0004106
1979-04-10,0.0004126
1979-04-11,0.0004145
1979-04-17,0.0004168
1979-04-19,0.0004223
1979-04-20,0.0004211
1979-04-23,0.0004211
1979-04-24,0.0004237
1979-04-25,0.0004252
1979-04-26,0.0004266
1979-04-27,0.0004261
1979-04-30,0.0004258
1979-05-01,0.000428
1979-05-03,0.0004292
1979-05-04,0.0004278
1979-05-07,0.0004296
1979-05-08,0.0004331
1979-05-09,0.0004334
1979-05-10,0.0004346
1979-05-14,0.0004387
1979-05-15,0.0004372
1979-05-16,0.0004376
1979-05-17,0.0004421
1979-05-18,0.0004416
1979-05-21,0.0004417
1979-05-22,0.000444
1979-05-23,0.0004425
1979-05-25,0.0004455
1979-05-28,0.0004451
1979-05-29,0.0004429
1979-05-30,0.0004413
1979-05-31,0.0004404
1979-06-06,0.0004352
1979-06-07,0.0004348
1979-06-08,0.0004361
1979-06-11,0.0004404
1979-06-12,0.0004427
1979-06-13,0.0004442
1979-06-14,0.0004457
1979-06-15,0.0004497
1979-06-18,0.0004574
1979-06-19,0.0004611
1979-06-20,0.0004676
1979-06-21,0.0004673
1979-06-22,0.0004704
1979-06-25,0.0004754
1979-06-26,0.0004758
1979-06-27,0.0004766
1979-06-28,0.0004776
1979-06-29,0.0004733
1979-07-02,0.0004779
1979-07-03,0.0004726
1979-07-04,0.0004762
1979-07-05,0.0004805
1979-07-06,0.00048
1979-07-09,0.0004809
1979-07-10,0.0004818
1979-07-11,0.0004868
1979-07-12,0.0004883
1979-07-13,0.0004875
1979-07-16,0.0004897
1979-07-17,0.0004933
1979-07-18,0.0004977
1979-07-19,0.0004963
1979-07-20,0.0004972
1979-07-23,0.0004977
1979-07-24,0.0004999
1979-07-25,0.0004975
1979-07-26,0.0004958
1979-07-27,0.000493
1979-07-30,0.0004951
1979-07-31,0.0004898
1979-08-01,0.0004895
1979-08-03,0.0004888
1979-08-06,0.0004914
1979-08-07,0.0004919
1979-08-08,0.0004936
1979-08-09,0.0004953
1979-08-10,0.0004999
1979-08-13,0.0005035
1979-08-14,0.0005014
1979-08-15,0.0005024
1979-08-16,0.0005041
1979-08-17,0.000506
1979-08-20,0.0005098
1979-08-21,0.0005103
1979-08-22,0.0005116
1979-08-23,0.0005116
1979-08-24,0.0005133
1979-08-27,0.0005149
1979-08-28,0.0005149
1979-08-29,0.0005145
1979-08-30,0.0005152
1979-08-31,0.0005153
1979-09-03,0.0005174
1979-09-04,0.0005188
1979-09-05,0.0005206
1979-09-06,0.0005249
1979-09-07,0.0005255
1979-09-10,0.0005287
1979-09-11,0.0005306
1979-09-12,0.0005306
1979-09-13,0.0005325
1979-09-14,0.0005359
1979-09-17,0.0005429
1979-09-18,0.000551
1979-09-19,0.0005509
1979-09-20,0.0005661
1979-09-21,0.0005714
1979-09-24,0.0005646
1979-09-25,0.0005622
1979-09-26,0.0005581
1979-09-27,0.000568
1979-09-28,0.0005683
1979-10-02,0.0005691
1979-10-03,0.0005674
1979-10-04,0.0005684
1979-10-05,0.0005671
1979-10-08,0.0005642
1979-10-09,0.0005562
1979-10-10,0.0005682
1979-10-11,0.0005689
1979-10-12,0.0005658
1979-10-15,0.0005691
1979-10-16,0.0005687
1979-10-17,0.0005698
1979-10-18,0.0005713
1979-10-19,0.0005732
1979-10-22,0.0005746
1979-10-23,0.0005746
1979-10-24,0.0005746
1979-10-25,0.0005792
1979-10-26,0.0005819
1979-10-29,0.0005752
1979-10-30,0.0005727
1979-10-31,0.0005758
1979-11-01,0.0005759
1979-11-02,0.0005775
1979-11-05,0.0005892
1979-11-06,0.0005908
1979-11-07,0.0005955
1979-11-08,0.0005935
1979-11-09,0.0005895
1979-11-12,0.0005924
1979-11-13,0.0005937
1979-11-14,0.0005973
1979-11-15,0.0005987
1979-11-16,0.0006005
1979-11-19,0.0006091
1979-11-20,0.0006098
1979-11-21,0.0006179
1979-11-22,0.0006232
1979-11-23,0.0006233
1979-11-26,0.0006242
1979-11-27,0.000631
1979-11-28,0.0006306
1979-11-29,0.0006296
1979-11-30,0.0006142
1979-12-03,0.000623
1979-12-04,0.0006226
1979-12-05,0.0006199
1979-12-06,0.0006211
1979-12-07,0.0006165
1979-12-10,0.0006233
1979-12-11,0.0006242
1979-12-12,0.0006281
1979-12-13,0.0006289
1979-12-14,0.0006272
1979-12-17,0.0006304
1979-12-18,0.0006358
1979-12-19,0.0006374
1979-12-20,0.0006386
1979-12-21,0.0006402
1979-12-27,0.000658
1979-12-28,0.0006584
1979-12-31,0.0006589
1980-01-02,0.0006629
1980-01-03,0.0006702
1980-01-04,0.0006635
1980-01-06,0.6635
1980-01-07,0.0006685
1980-01-08,0.0006689
1980-01-09,0.0006716
1980-01-10,0.0006718
1980-01-11,0.0006754
1980-01-13,0.6754
1980-01-14,0.0006756
1980-01-15,0.0006766
1980-01-16,0.0006725
1980-01-17,0.0006757
1980-01-18,0.0006773
1980-01-20,0.6773
1980-01-21,0.0006794
1980-01-22,0.0006766
1980-01-23,0.0006782
1980-01-24,0.0006817
1980-01-25,0.0006812
1980-01-27,0.6812
1980-01-28,0.0006832
1980-01-29,0.0006828
1980-01-30,0.0006828
1980-01-31,0.0006815
1980-02-01,0.0006803
1980-02-03,0.6803
1980-02-04,0.0006837
1980-02-05,0.0006869
1980-02-06,0.0006886
1980-02-07,0.0006923
1980-02-08,0.0006931
1980-02-10,0.6931
1980-02-11,0.0006954
1980-02-12,0.000695
1980-02-13,0.0006983
1980-02-14,0.0006998
1980-02-15,0.000699
1980-02-17,0.699
1980-02-18,0.0007055
1980-02-19,0.0007086
1980-02-20,0.0007112
1980-02-21,0.0007153
1980-02-22,0.0007117
1980-02-24,0.7117
1980-02-25,0.0007265
1980-02-26,0.0007265
1980-02-27,0.0007194
1980-02-28,0.0007208
1980-02-29,0.0007171
1980-03-04,0.0007111
1980-03-05,0.0007058
1980-03-06,0.0007041
1980-03-07,0.0007024
1980-03-09,0.7024
1980-03-10,0.0007016
1980-03-11,0.000701
1980-03-12,0.0007084
1980-03-13,0.0007089
1980-03-14,0.0007024
1980-03-16,0.7024
1980-03-17,0.0006973
1980-03-18,0.0006945
1980-03-19,0.0006976
1980-03-20,0.0007009
1980-03-21,0.0006984
1980-03-23,0.6984
1980-03-24,0.0006945
1980-03-25,0.0006945
1980-03-26,0.0006967
1980-03-27,0.0006917
1980-03-28,0.0006904
1980-03-30,0.6904
1980-03-31,0.0006918
1980-04-02,0.0006837
1980-04-03,0.6837
1980-04-04,0.6837
1980-04-06,0.6837
1980-04-08,0.0006915
1980-04-09,0.0007208
1980-04-10,0.0007311
1980-04-11,0.0007321
1980-04-13,0.7321
1980-04-14,0.0007351
1980-04-15,0.0007287
1980-04-16,0.0007287
1980-04-17,0.0007379
1980-04-18,0.0007452
1980-04-20,0.7452
1980-04-22,0.0007445
1980-04-23,0.0007499
1980-04-24,0.0007613
1980-04-25,0.0007625
1980-04-27,0.7625
1980-04-28,0.0007683
1980-04-29,0.0007658
1980-04-30,0.0007626
1980-05-01,0.0007645
1980-05-02,0.7645
1980-05-04,0.7645
1980-05-05,0.0007679
1980-05-06,0.0007761
1980-05-07,0.0007796
1980-05-08,0.0007789
1980-05-09,0.0007778
1980-05-11,0.7778
1980-05-12,0.000784
1980-05-13,0.000793
1980-05-14,0.0007926
1980-05-15,0.7926
1980-05-16,0.000801
1980-05-18,0.801
1980-05-19,0.0008098
1980-05-20,0.0008075
1980-05-22,0.0008154
1980-05-23,0.0008213
1980-05-25,0.8213
1980-05-26,0.8213
1980-05-27,0.0008723
1980-05-28,0.0008362
1980-05-29,0.0008361
1980-05-30,0.0008258
1980-06-01,0.8258
1980-06-02,0.0008351
1980-06-03,0.000827
1980-06-04,0.0008372
1980-06-05,0.8372
1980-06-06,0.0008471
1980-06-08,0.8471
1980-06-09,0.0008597
1980-06-10,0.0008646
1980-06-11,0.0008643
1980-06-12,0.0008667
1980-06-13,0.0008706
1980-06-15,0.8706
1980-06-16,0.0008734
1980-06-17,0.0008728
1980-06-18,0.0008791
1980-06-19,0.000878
1980-06-20,0.0008797
1980-06-22,0.8797
1980-06-23,0.0008879
1980-06-24,0.0008894
1980-06-25,0.0008963
1980-06-26,0.0008995
1980-06-27,0.0009045
1980-06-29,0.9045
1980-06-30,0.0009117
1980-07-01,0.0009086
1980-07-02,0.0009137
1980-07-03,0.0009177
1980-07-04,0.0009236
1980-07-06,0.9236
1980-07-07,0.0009295
1980-07-08,0.0009421
1980-07-09,0.0009378
1980-07-10,0.0009406
1980-07-11,0.0009386
1980-07-13,0.9386
1980-07-14,0.0009395
1980-07-15,0.0009414
1980-07-16,0.0009428
1980-07-17,0.0009561
1980-07-18,0.0009561
1980-07-20,0.9561
1980-07-21,0.0009578
1980-07-23,0.0009576
1980-07-24,0.0009572
1980-07-25,0.0009582
1980-07-27,0.9582
1980-07-28,0.0009608
1980-07-29,0.0009561
1980-07-30,0.0009543
1980-07-31,0.0009483
1980-08-01,0.000947
1980-08-03,0.947
1980-08-04,0.0009497
1980-08-05,0.0009596
1980-08-06,0.0009634
1980-08-07,0.0009639
1980-08-08,0.0009655
1980-08-10,0.9655
1980-08-11,0.0009654
1980-08-12,0.0009674
1980-08-13,0.0009751
1980-08-14,0.0009694
1980-08-15,0.0009685
1980-08-17,0.9685
1980-08-18,0.0009702
1980-08-19,0.000976
1980-08-20,0.000986
1980-08-21,0.0009711
1980-08-22,0.0009903
1980-08-24,0.9903
1980-08-25,0.0009942
1980-08-26,0.0009997
1980-08-27,0.0010046
1980-08-28,0.0010058
1980-08-29,0.0010042
1980-08-31,1.0042
1980-09-01,0.0010109
1980-09-02,0.0010136
1980-09-03,0.0010155
1980-09-04,0.0010175
1980-09-05,0.0010166
1980-09-07,1.0166
1980-09-08,0.0010269
1980-09-09,0.0010332
1980-09-10,0.0010357
1980-09-14,1.0357
1980-09-15,0.0010387
1980-09-16,0.0010418
1980-09-17,0.0010455
1980-09-18,0.0010492
1980-09-19,0.0010464
1980-09-21,1.0464
1980-09-22,0.0010488
1980-09-23,0.0010415
1980-09-24,0.0010521
1980-09-26,0.0010584
1980-09-28,1.0584
1980-09-29,0.0010546
1980-10-03,0.0010609
1980-10-05,1.0609
1980-10-06,0.0010704
1980-10-07,0.0010733
1980-10-08,0.0010764
1980-10-09,0.0010785
1980-10-10,0.0010828
1980-10-12,1.0828
1980-10-13,0.0010859
1980-10-14,0.0010848
1980-10-15,0.0010791
1980-10-16,0.0010791
1980-10-17,0.0010746
1980-10-19,1.0746
1980-10-20,0.001073
1980-10-21,0.0010747
1980-10-22,0.0010726
1980-10-23,0.0010797
1980-10-24,0.0010819
1980-10-26,1.0819
1980-10-27,0.0010872
1980-10-28,0.0010838
1980-10-29,0.0010811
1980-10-30,0.0010909
1980-10-31,0.0010841
1980-11-02,1.0841
1980-11-03,0.0010793
1980-11-04,0.0010836
1980-11-05,0.0010773
1980-11-06,0.001087
1980-11-07,0.0010908
1980-11-09,1.0908
1980-11-10,0.0011049
1980-11-11,0.0011458
1980-11-12,0.001134
1980-11-13,0.00114
1980-11-14,0.0011361
1980-11-16,1.1361
1980-11-17,0.0011321
1980-11-18,0.00114
1980-11-19,0.0011521
1980-11-20,0.0011553
1980-11-21,0.0011519
1980-11-23,1.1519
1980-11-24,0.0011657
1980-11-25,0.0011713
1980-11-26,0.0011764
1980-11-27,0.0011775
1980-11-28,0.0011804
1980-11-30,1.1804
1980-12-01,0.0011673
1980-12-02,0.0011829
1980-12-03,0.001186
1980-12-04,0.001185
1980-12-05,0.0011845
1980-12-07,1.1845
1980-12-08,0.0011982
1980-12-09,0.0012039
1980-12-10,0.0012015
1980-12-11,0.0011912
1980-12-12,0.0011983
1980-12-14,1.1983
1980-12-15,0.0012359
1980-12-16,0.0012227
1980-12-17,0.0012326
1980-12-18,0.0012303
1980-12-19,0.0012485
1980-12-21,1.2485
1980-12-22,0.0012619
1980-12-23,0.0012615
1980-12-24,1.2615
1980-12-26,1.2615
1980-12-28,1.2615
1980-12-29,0.0012769
1980-12-30,0.0012699
1980-12-31,0.0012543
1981-01-02,0.0012599
1981-01-04,1.2599
1981-01-05,0.0012775
1981-01-06,0.0012954
1981-01-07,0.0012875
1981-01-08,0.0012713
1981-01-09,0.0012671
1981-01-11,1.2671
1981-01-12,0.0012781
1981-01-13,0.0012574
1981-01-14,0.001281
1981-01-15,0.0012843
1981-01-16,0.0012724
1981-01-18,1.2724
1981-01-19,0.0012992
1981-01-20,0.0012987
1981-01-21,0.0013083
1981-01-22,0.0013078
1981-01-23,0.001304
1981-01-25,1.304
1981-01-26,0.0012947
1981-01-27,0.0012797
1981-01-28,0.0012678
1981-01-29,0.0012508
1981-01-30,0.0012426
1981-02-01,1.2426
1981-02-02,0.0012558
1981-02-03,0.0012171
1981-02-04,0.0012248
1981-02-05,0.0012343
1981-02-06,0.0012349
1981-02-08,1.2349
1981-02-09,0.0012599
1981-02-10,0.0012575
1981-02-11,0.0012501
1981-02-12,0.0012449
1981-02-13,0.0012473
1981-02-15,1.2473
1981-02-16,0.0012353
1981-02-17,0.0012665
1981-02-18,0.001291
1981-02-19,0.0012964
1981-02-20,0.0013227
1981-02-22,1.3227
1981-02-23,0.0013197
1981-02-24,0.0013105
1981-02-25,0.0013116
1981-02-26,0.0013013
1981-02-27,0.0012971
1981-03-01,1.2971
1981-03-02,0.0012876
1981-03-03,0.0012797
1981-03-04,0.0012997
1981-03-05,0.0013111
1981-03-06,0.0012937
1981-03-08,1.2937
1981-03-09,0.0013079
1981-03-10,0.0013279
1981-03-11,0.0013318
1981-03-12,0.0013185
1981-03-13,0.0013219
1981-03-15,1.3219
1981-03-16,0.0013304
1981-03-17,0.0013481
1981-03-18,0.0013644
1981-03-19,0.0013779
1981-03-20,0.001362
1981-03-23,0.0013556
1981-03-24,0.0013584
1981-03-25,0.0013617
1981-03-26,0.0013507
1981-03-27,0.0013314
1981-03-29,1.3314
1981-03-30,0.0013354
1981-03-31,0.0013396
1981-04-01,0.0013468
1981-04-02,0.0013557
1981-04-03,0.0013439
1981-04-05,1.3439
1981-04-06,0.0013464
1981-04-07,0.0013567
1981-04-08,0.0013781
1981-04-09,0.0013726
1981-04-10,0.0013677
1981-04-12,1.3677
1981-04-13,0.0013553
1981-04-14,0.0013529
1981-04-15,0.001352
1981-04-16,1.352
1981-04-17,1.352
1981-04-20,1.352
1981-04-21,0.0013547
1981-04-22,0.001372
1981-04-23,0.0013676
1981-04-24,0.0013667
1981-04-26,1.3667
1981-04-27,0.0013802
1981-04-28,0.0013709
1981-04-29,0.0013662
1981-04-30,0.0013576
1981-05-01,0.0013688
1981-05-03,1.3688
1981-05-04,0.0013636
1981-05-05,0.0013631
1981-05-06,0.0013798
1981-05-08,0.00138
1981-05-10,1.38
1981-05-11,0.001388
1981-05-12,0.001381
1981-05-13,0.0013835
1981-05-14,0.0013723
1981-05-15,1.3723
1981-05-17,1.3723
1981-05-18,0.0014044
1981-05-19,0.0014307
1981-05-20,0.0014397
1981-05-21,0.0014496
1981-05-22,0.0014458
1981-05-24,1.4458
1981-05-25,0.0014597
1981-05-26,0.001451
1981-05-27,0.0014515
1981-05-28,1.4515
1981-05-29,0.0014777
1981-05-31,1.4777
1981-06-01,0.0014849
1981-06-02,0.0014619
1981-06-03,0.0014853
1981-06-04,0.0014863
1981-06-05,1.4863
1981-06-07,1.4863
1981-06-09,0.0014982
1981-06-10,0.0015303
1981-06-11,0.0015142
1981-06-12,0.0015149
1981-06-14,1.5149
1981-06-15,0.00154
1981-06-16,0.0015586
1981-06-17,0.0015653
1981-06-18,0.0015446
1981-06-19,0.0015355
1981-06-21,1.5355
1981-06-22,0.0015557
1981-06-23,0.0015723
1981-06-24,0.0015599
1981-06-25,0.0015558
1981-06-26,0.0015416
1981-06-28,1.5416
1981-06-29,0.0015649
1981-07-01,0.0015533
1981-07-02,0.0015532
1981-07-03,0.0015721
1981-07-05,1.5721
1981-07-06,0.0015581
1981-07-07,0.0015654
1981-07-08,0.0015654
1981-07-09,0.0015654
1981-07-10,0.001574
1981-07-12,1.574
1981-07-13,0.0015842
1981-07-14,0.0015689
1981-07-15,0.0015811
1981-07-16,0.0015926
1981-07-17,0.0015873
1981-07-19,1.5873
1981-07-20,0.0015754
1981-07-21,0.0015732
1981-07-22,0.0015715
1981-07-23,0.0015901
1981-07-24,0.0015835
1981-07-26,1.5835
1981-07-27,0.0015979
1981-07-28,0.001586
1981-07-29,0.0015857
1981-07-30,0.0015714
1981-07-31,0.0015695
1981-08-02,1.5695
1981-08-03,0.0015574
1981-08-04,0.0015497
1981-08-05,0.0015591
1981-08-06,0.0015582
1981-08-07,0.001542
1981-08-10,0.001519
1981-08-11,0.0015314
1981-08-12,0.0015533
1981-08-13,0.0015669
1981-08-14,0.001557
1981-08-16,1.557
1981-08-17,0.0015738
1981-08-18,0.0016173
1981-08-19,0.0016081
1981-08-20,0.0016106
1981-08-21,0.0016227
1981-08-23,1.6227
1981-08-24,0.0016321
1981-08-25,0.0016075
1981-08-26,0.001617
1981-08-27,0.0016437
1981-08-28,0.0016494
1981-08-30,1.6494
1981-08-31,0.0016706
1981-09-01,0.0016491
1981-09-02,0.0016617
1981-09-03,0.0016656
1981-09-04,0.0016626
1981-09-06,1.6626
1981-09-07,0.0017019
1981-09-08,0.0017241
1981-09-09,0.0017386
1981-09-10,0.0017591
1981-09-11,0.0017666
1981-09-13,1.7666
1981-09-14,0.0017824
1981-09-15,0.0017882
1981-09-16,0.0018055
1981-09-17,0.0018402
1981-09-18,0.0018338
1981-09-20,1.8338
1981-09-21,0.0018656
1981-09-22,0.0018303
1981-09-23,0.001838
1981-09-24,0.0018177
1981-09-25,0.0018316
1981-09-27,1.8316
1981-09-28,0.0018183
1981-10-01,0.001841
1981-10-02,0.0018612
1981-10-04,1.8612
1981-10-05,0.0018916
1981-10-06,0.0018994
1981-10-07,0.0019087
1981-10-09,0.0019255
1981-10-11,1.9255
1981-10-12,0.0019231
1981-10-14,0.0019005
1981-10-15,0.0019269
1981-10-16,0.0019011
1981-10-18,1.9011
1981-10-19,0.0019146
1981-10-21,0.0019075
1981-10-22,0.0019023
1981-10-23,0.0018939
1981-10-25,1.8939
1981-10-26,0.0018713
1981-10-28,0.0018924
1981-10-29,0.0019036
1981-10-30,0.0019486
1981-11-01,1.9486
1981-11-02,0.0019896
1981-11-03,0.0019714
1981-11-04,0.0019862
1981-11-05,0.0019886
1981-11-06,0.0019829
1981-11-08,1.9829
1981-11-09,0.0020152
1981-11-10,0.001996
1981-11-11,0.0019958
1981-11-12,0.0020124
1981-11-13,0.0020121
1981-11-15,2.0121
1981-11-16,0.0020089
1981-11-17,0.0020125
1981-11-18,0.0020197
1981-11-19,0.0020445
1981-11-20,0.0020298
1981-11-22,2.0298
1981-11-23,0.0020271
1981-11-24,0.0020643
1981-11-25,0.0020769
1981-11-26,0.0020913
1981-11-27,0.0020927
1981-11-29,2.0927
1981-11-30,0.0021055
1981-12-01,0.0021037
1981-12-02,0.0020857
1981-12-03,0.0020813
1981-12-04,0.0020925
1981-12-06,2.0925
1981-12-07,0.0020962
1981-12-08,0.0020853
1981-12-09,0.0020818
1981-12-10,0.0020713
1981-12-11,0.0020628
1981-12-13,2.0628
1981-12-14,0.0020411
1981-12-15,0.0020654
1981-12-16,0.0020822
1981-12-17,0.0020788
1981-12-18,0.0020599
1981-12-20,2.0599
1981-12-21,0.0020831
1981-12-22,0.0021016
1981-12-23,0.0021022
1981-12-24,2.1022
1981-12-27,2.1022
1981-12-28,0.0021125
1981-12-29,0.0021084
1981-12-30,0.0021153
1981-12-31,0.0021332
1982-01-03,2.1332
1982-01-04,0.00215
1982-01-05,0.0021285
1982-01-06,0.0021424
1982-01-07,0.0021382
1982-01-08,0.0021502
1982-01-10,2.1502
1982-01-11,0.0021541
1982-01-12,0.0021349
1982-01-13,0.0021543
1982-01-14,0.0021334
1982-01-15,0.0021388
1982-01-17,2.1388
1982-01-18,0.0021354
1982-01-19,0.0021801
1982-01-20,0.0021676
1982-01-21,0.0021722
1982-01-22,0.0021768
1982-01-24,2.1768
1982-01-25,0.0021722
1982-01-26,0.0021692
1982-01-27,0.0021993
1982-01-28,0.002179
1982-01-29,0.0022159
1982-01-31,2.2159
1982-02-01,0.0021961
1982-02-02,0.0021823
1982-02-03,0.0022096
1982-02-04,0.0022038
1982-02-05,0.002222
1982-02-07,2.222
1982-02-08,0.002227
1982-02-09,0.0022135
1982-02-10,0.0022193
1982-02-11,0.0022349
1982-02-12,0.0022221
1982-02-14,2.2221
1982-02-15,0.0022203
1982-02-16,0.002241
1982-02-17,0.0022539
1982-02-18,0.0022719
1982-02-19,0.0023006
1982-02-21,2.3006
1982-02-22,0.0022862
1982-02-23,0.0022755
1982-02-24,0.0022842
1982-02-25,0.0022704
1982-02-26,0.0022667
1982-02-28,2.2667
1982-03-01,0.0022619
1982-03-02,0.0022878
1982-03-03,0.0022975
1982-03-04,0.0022927
1982-03-05,0.0023203
1982-03-07,2.3203
1982-03-08,0.0023464
1982-03-11,0.0023329
1982-03-12,0.0023302
1982-03-14,2.3302
1982-03-15,0.002345
1982-03-16,0.002344
1982-03-17,0.0023583
1982-03-18,0.0023574
1982-03-19,0.0023334
1982-03-21,2.3334
1982-03-22,0.0023458
1982-03-23,0.0023352
1982-03-24,0.0023604
1982-03-25,0.0023386
1982-03-26,0.0023257
1982-03-28,2.3257
1982-03-29,0.0023265
1982-03-30,0.0023231
1982-03-31,0.002329
1982-04-01,0.0023378
1982-04-02,0.002355
1982-04-04,2.355
1982-04-05,0.0023625
1982-04-06,0.0023637
1982-04-07,0.0023898
1982-04-09,2.3898
1982-04-11,2.3898
1982-04-12,2.3898
1982-04-13,0.0024196
1982-04-15,0.0024228
1982-04-16,0.0024297
1982-04-18,2.4297
1982-04-19,0.0024544
1982-04-20,0.0024711
1982-04-21,0.0024835
1982-04-22,0.0024739
1982-04-23,0.0024867
1982-04-25,2.4867
1982-04-26,0.0025271
1982-04-27,0.0025264
1982-04-29,0.0025534
1982-04-30,0.0025818
1982-05-02,2.5818
1982-05-03,0.0026052
1982-05-04,0.002599
1982-05-05,0.002609
1982-05-06,0.0026229
1982-05-07,2.6229
1982-05-09,2.6229
1982-05-10,0.0026758
1982-05-11,0.0026793
1982-05-12,0.0026966
1982-05-13,0.0026795
1982-05-14,0.0026867
1982-05-16,2.6867
1982-05-17,0.0027099
1982-05-18,0.0027075
1982-05-19,0.0027135
1982-05-20,2.7135
1982-05-21,0.0027531
1982-05-23,2.7531
1982-05-24,0.002773
1982-05-25,0.0027691
1982-05-26,0.0027507
1982-05-27,0.0027332
1982-05-30,2.7332
1982-05-31,2.7332
1982-06-01,0.0027371
1982-06-02,0.0027338
1982-06-03,0.0027367
1982-06-04,0.0027406
1982-06-06,2.7406
1982-06-07,0.002741
1982-06-08,0.0027459
1982-06-09,0.0027272
1982-06-10,0.0027272
1982-06-11,0.0027607
1982-06-13,2.7607
1982-06-14,0.0027386
1982-06-15,0.0027501
1982-06-16,0.0027587
1982-06-17,0.0027711
1982-06-18,0.0027693
1982-06-20,2.7693
1982-06-21,0.0027635
1982-06-22,0.0027906
1982-06-23,0.0027884
1982-06-24,0.0028131
1982-06-25,0.0027962
1982-06-27,2.7962
1982-06-28,0.0027993
1982-06-29,0.0028159
1982-06-30,0.0028334
1982-07-01,0.0028385
1982-07-02,0.0028458
1982-07-04,2.8458
1982-07-05,0.0028723
1982-07-06,0.0028835
1982-07-07,0.0028738
1982-07-08,0.0028831
1982-07-09,0.0029069
1982-07-11,2.9069
1982-07-12,0.0029811
1982-07-13,0.0029597
1982-07-14,0.002941
1982-07-15,0.002931
1982-07-16,0.0029456
1982-07-18,2.9456
1982-07-19,0.0029933
1982-07-20,0.0029789
1982-07-21,0.0030072
1982-07-22,0.0029999
1982-07-23,0.0030189
1982-07-25,3.0189
1982-07-26,0.0030457
1982-07-27,0.0030483
1982-07-28,0.0030409
1982-07-30,0.0030306
1982-08-01,3.0306
1982-08-02,0.0030909
1982-08-03,0.0031245
1982-08-04,0.0030792
1982-08-05,0.0031051
1982-08-06,0.0030815
1982-08-08,3.0815
1982-08-09,0.0030662
1982-08-10,0.0031187
1982-08-11,0.0030906
1982-08-12,0.0030791
1982-08-13,0.0031123
1982-08-15,3.1123
1982-08-16,0.0031018
1982-08-17,0.0031033
1982-08-18,0.0031277
1982-08-19,0.0030953
1982-08-20,0.0031534
1982-08-22,3.1534
1982-08-23,0.0031535
1982-08-24,0.0031746
1982-08-25,0.0031826
1982-08-26,0.0031687
1982-08-27,0.0031697
1982-08-29,3.1697
1982-08-30,0.003136
1982-08-31,0.0031472
1982-09-01,0.0031685
1982-09-02,0.0031987
1982-09-03,0.0032714
1982-09-05,3.2714
1982-09-06,0.0032821
1982-09-07,0.0033198
1982-09-08,0.0033041
1982-09-09,0.0033022
1982-09-10,0.0032464
1982-09-12,3.2464
1982-09-13,0.0032387
1982-09-14,0.0032439
1982-09-15,0.0032425
1982-09-16,0.0032218
1982-09-17,0.0032627
1982-09-20,0.0033184
1982-09-21,0.0033142
1982-09-22,0.0033129
1982-09-23,0.0032983
1982-09-24,0.0033005
1982-09-26,3.3005
1982-09-28,0.0032836
1982-09-29,0.0033061
1982-09-30,0.0032831
1982-10-01,0.0033115
1982-10-03,3.3115
1982-10-04,0.0032882
1982-10-05,0.0032848
1982-10-06,0.0032919
1982-10-07,0.0032853
1982-10-08,0.0033046
1982-10-10,3.3046
1982-10-11,0.0033504
1982-10-12,0.0033362
1982-10-13,0.0033238
1982-10-14,0.0033455
1982-10-15,0.0033125
1982-10-17,3.3125
1982-10-18,0.0033832
1982-10-19,0.0033664
1982-10-20,0.0033411
1982-10-21,0.0033329
1982-10-22,0.0033506
1982-10-24,3.3506
1982-10-25,0.0033453
1982-10-26,0.0033679
1982-10-27,0.0034006
1982-10-28,0.0033799
1982-10-29,0.0033856
1982-10-31,3.3856
1982-11-01,0.0034021
1982-11-02,0.0034305
1982-11-03,0.0034327
1982-11-04,0.0034322
1982-11-05,0.0034344
1982-11-07,3.4344
1982-11-08,0.0034151
1982-11-09,0.0034304
1982-11-10,0.0034417
1982-11-11,0.0034221
1982-11-12,0.0034324
1982-11-14,3.4324
1982-11-15,0.0034472
1982-11-16,0.0034646
1982-11-17,0.0034987
1982-11-18,0.0034723
1982-11-19,0.0035137
1982-11-21,3.5137
1982-11-22,0.0035422
1982-11-23,0.0035281
1982-11-24,0.0035502
1982-11-25,0.0035849
1982-11-26,0.0035677
1982-11-28,3.5677
1982-11-29,0.0036625
1982-11-30,0.0036464
1982-12-01,0.0037249
1982-12-02,0.0037142
1982-12-03,0.0037726
1982-12-05,3.7726
1982-12-06,0.0037896
1982-12-07,0.0038317
1982-12-08,0.0037906
1982-12-09,0.0037793
1982-12-10,0.0038016
1982-12-12,3.8016
1982-12-13,0.0037937
1982-12-14,0.0038093
1982-12-15,0.0038256
1982-12-16,0.0038334
1982-12-17,0.0038831
1982-12-19,3.8831
1982-12-20,0.0038738
1982-12-21,0.0039018
1982-12-22,0.0038903
1982-12-23,0.0038885
1982-12-24,3.8885
1982-12-26,3.8885
1982-12-27,0.0039486
1982-12-28,0.0039916
1982-12-29,0.0040069
1982-12-30,0.0039921
1982-12-31,0.0040131
1983-01-03,0.0040172
1983-01-04,0.004048
1983-01-05,0.0040779
1983-01-06,0.0040953
1983-01-07,0.0040896
1983-01-09,4.0896
1983-01-10,0.0041644
1983-01-11,0.0041611
1983-01-12,0.0041602
1983-01-13,0.0041834
1983-01-14,0.0041808
1983-01-16,4.1808
1983-01-17,0.0041961
1983-01-18,0.004164
1983-01-19,0.0041164
1983-01-20,0.0041147
1983-01-21,0.0041216
1983-01-23,4.1216
1983-01-24,0.0040601
1983-01-25,0.0041114
1983-01-26,0.0041863
1983-01-27,0.0041501
1983-01-28,0.004165
1983-01-30,4.165
1983-01-31,0.0041618
1983-02-01,0.0041365
1983-02-02,0.0041352
1983-02-03,0.0041589
1983-02-04,0.0041594
1983-02-06,4.1594
1983-02-07,0.0041982
1983-02-08,0.0042547
1983-02-09,0.0042884
1983-02-10,0.0043225
1983-02-11,0.0043109
1983-02-13,4.3109
1983-02-14,0.0042879
1983-02-15,0.004347
1983-02-16,0.004329
1983-02-17,0.0043627
1983-02-18,0.0043537
1983-02-20,4.3537
1983-02-21,0.0043759
1983-02-22,0.0043878
1983-02-23,0.0043352
1983-02-24,0.0043785
1983-02-25,0.0043625
1983-03-01,0.0043498
1983-03-02,0.004367
1983-03-03,0.0043905
1983-03-04,0.0043865
1983-03-06,4.3865
1983-03-07,0.0044325
1983-03-08,0.0044412
1983-03-09,0.0043992
1983-03-10,0.0044242
1983-03-11,0.0044328
1983-03-13,4.4328
1983-03-14,0.0044515
1983-03-15,0.0045205
1983-03-16,0.0045063
1983-03-17,0.0045255
1983-03-18,0.0045027
1983-03-20,4.5027
1983-03-21,0.0045179
1983-03-22,0.0045717
1983-03-23,0.0045593
1983-03-24,0.0045776
1983-03-25,0.0045962
1983-03-27,4.5962
1983-03-28,0.0045855
1983-03-30,0.0046002
1983-03-31,4.6002
1983-04-01,4.6002
1983-04-03,4.6002
1983-04-05,0.0046578
1983-04-06,0.0047024
1983-04-07,0.0047098
1983-04-08,0.0046718
1983-04-10,4.6718
1983-04-11,0.0046966
1983-04-12,0.0047228
1983-04-13,0.0047138
1983-04-14,0.0046964
1983-04-15,0.0047271
1983-04-17,4.7271
1983-04-19,0.0047174
1983-04-20,0.0047162
1983-04-21,0.0047367
1983-04-22,0.0047567
1983-04-24,4.7567
1983-04-25,0.0047754
1983-04-26,0.0047681
1983-04-27,0.004781
1983-04-28,0.0047774
1983-04-29,4.7774
1983-05-01,4.7774
1983-05-02,0.0047909
1983-05-03,0.0048388
1983-05-04,0.0048697
1983-05-05,0.0048809
1983-05-06,0.0048719
1983-05-08,4.8719
1983-05-09,0.0049316
1983-05-10,0.0049437
1983-05-11,0.0049542
1983-05-12,4.9542
1983-05-13,0.0049543
1983-05-15,4.9543
1983-05-16,0.0049481
1983-05-17,0.0049509
1983-05-19,0.0049511
1983-05-20,0.0049598
1983-05-22,4.9598
1983-05-23,4.9598
1983-05-24,0.0049229
1983-05-25,0.0049373
1983-05-26,0.0049522
1983-05-27,0.0049262
1983-05-29,4.9262
1983-05-30,0.004943
1983-05-31,0.0049516
1983-06-01,0.0049182
1983-06-02,0.0049051
1983-06-03,0.0049444
1983-06-05,4.9444
1983-06-06,0.0049091
1983-06-07,0.0049194
1983-06-08,0.0049111
1983-06-09,0.0049622
1983-06-10,0.0049867
1983-06-12,4.9867
1983-06-13,0.0050363
1983-06-14,0.0050372
1983-06-15,0.0049947
1983-06-16,0.0050346
1983-06-17,0.0050832
1983-06-19,5.0832
1983-06-20,0.0050832
1983-06-21,0.0050779
1983-06-22,0.0051632
1983-06-23,0.0051689
1983-06-24,0.0051585
1983-06-26,5.1585
1983-06-27,0.0052001
1983-06-28,0.0051398
1983-06-29,0.005195
1983-06-30,0.0052041
1983-07-01,0.0052156
1983-07-03,5.2156
1983-07-04,0.0051806
1983-07-05,0.0051889
1983-07-06,0.0051946
1983-07-07,0.0052463
1983-07-08,0.0052316
1983-07-10,5.2316
1983-07-11,0.0052557
1983-07-12,0.0052685
1983-07-13,0.0053005
1983-07-14,0.0053369
1983-07-15,0.0053299
1983-07-17,5.3299
1983-07-18,0.0053601
1983-07-20,0.00538
1983-07-21,0.0054177
1983-07-22,0.0054006
1983-07-24,5.4006
1983-07-25,0.0053483
1983-07-26,0.0053781
1983-07-27,0.0053714
1983-07-28,0.0053627
1983-07-29,0.0053548
1983-07-31,5.3548
1983-08-01,0.0053511
1983-08-02,0.0053838
1983-08-03,0.0054222
1983-08-04,0.0054509
1983-08-05,0.0054206
1983-08-07,5.4206
1983-08-08,0.0054416
1983-08-09,0.0054975
1983-08-10,0.0058389
1983-08-11,0.0057923
1983-08-12,0.0058317
1983-08-14,5.8317
1983-08-15,0.0058669
1983-08-16,0.0059559
1983-08-17,0.005967
1983-08-18,0.0060718
1983-08-19,0.0060324
1983-08-21,6.0324
1983-08-22,0.0060909
1983-08-23,0.0061242
1983-08-24,0.0061009
1983-08-25,0.0060667
1983-08-26,0.0060547
1983-08-28,6.0547
1983-08-29,0.006054
1983-08-30,0.0060669
1983-08-31,0.0060451
1983-09-01,0.0060882
1983-09-02,0.0060722
1983-09-04,6.0722
1983-09-05,0.0061491
1983-09-06,0.0062219
1983-09-07,0.0062161
1983-09-11,6.2161
1983-09-12,0.0063266
1983-09-13,0.0063413
1983-09-14,0.006345
1983-09-15,0.0063401
1983-09-16,0.0063829
1983-09-18,6.3829
1983-09-19,0.0064238
1983-09-20,0.006488
1983-09-21,0.0064845
1983-09-23,0.0064982
1983-09-25,6.4982
1983-09-26,0.0065928
1983-09-27,0.0066078
1983-09-28,0.0066901
1983-09-30,0.0066942
1983-10-02,6.6942
1983-10-03,0.0067908
1983-10-04,0.0068032
1983-10-05,0.006918
1983-10-06,0.006961
1983-10-07,0.0070316
1983-10-09,7.0316
1983-10-10,0.007439
1983-10-11,0.0086376
1983-10-12,0.0085525
1983-10-13,0.0086026
1983-10-14,0.0085918
1983-10-16,8.5918
1983-10-17,0.0086686
1983-10-18,0.0087534
1983-10-19,0.0087369
1983-10-20,0.0086709
1983-10-21,0.0087056
1983-10-23,8.7056
1983-10-24,0.0086658
1983-10-26,0.0087482
1983-10-27,0.0087312
1983-10-28,0.0087747
1983-10-30,8.7747
1983-10-31,0.0088299
1983-11-01,0.0088332
1983-11-02,0.0088595
1983-11-03,0.0089684
1983-11-04,0.0089785
1983-11-06,8.9785
1983-11-07,0.0089674
1983-11-08,0.0090048
1983-11-09,0.0090479
1983-11-10,0.0091199
1983-11-11,0.00912
1983-11-13,9.12
1983-11-14,0.0091647
1983-11-15,0.0091835
1983-11-16,0.0092974
1983-11-17,0.009261
1983-11-18,0.0093243
1983-11-20,9.3243
1983-11-21,0.0093332
1983-11-22,0.0093636
1983-11-23,0.0094688
1983-11-24,0.0094672
1983-11-25,0.0095234
1983-11-27,9.5234
1983-11-28,0.00964
1983-11-29,0.0096464
1983-11-30,0.0098014
1983-12-01,0.0098779
1983-12-02,0.0098978
1983-12-04,9.8978
1983-12-05,0.0098729
1983-12-06,0.0098735
1983-12-07,0.0098847
1983-12-08,0.0099357
1983-12-09,0.0098923
1983-12-11,9.8923
1983-12-12,0.0099732
1983-12-13,0.010002
1983-12-14,0.0100212
1983-12-15,0.0100644
1983-12-16,0.0100516
1983-12-18,10.0516
1983-12-19,0.010165
1983-12-20,0.0101785
1983-12-21,0.0102456
1983-12-22,0.010365
1983-12-23,0.0104614
1983-12-25,10.4614
1983-12-27,0.0106413
1983-12-28,0.0107436
1983-12-29,0.0108339
1983-12-30,0.01093
1984-01-02,0.0110236
1984-01-03,0.0110303
1984-01-04,0.0109743
1984-01-05,0.0109735
1984-01-06,0.0109936
1984-01-08,10.9936
1984-01-09,0.010977
1984-01-10,0.0110169
1984-01-11,0.011142
1984-01-12,0.011144
1984-01-13,0.011174
1984-01-15,11.174
1984-01-16,0.011368
1984-01-17,0.011516
1984-01-18,0.011459
1984-01-19,0.011583
1984-01-20,0.011653
1984-01-22,11.653
1984-01-23,0.011669
1984-01-24,0.01169
1984-01-25,0.011832
1984-01-26,0.011975
1984-01-27,0.012034
1984-01-29,12.034
1984-01-30,0.012112
1984-01-31,0.012123
1984-02-01,0.012204
1984-02-02,0.012365
1984-02-03,0.01245
1984-02-05,12.45
1984-02-06,0.012576
1984-02-07,0.012571
1984-02-08,0.012657
1984-02-09,0.01276
1984-02-10,0.012752
1984-02-12,12.752
1984-02-13,0.012903
1984-02-14,0.012945
1984-02-15,0.013124
1984-02-16,0.013276
1984-02-17,0.013338
1984-02-19,13.338
1984-02-20,0.01332
1984-02-21,0.013321
1984-02-22,0.013555
1984-02-23,0.013673
1984-02-24,0.013834
1984-02-26,13.834
1984-02-27,0.013995
1984-02-28,0.014283
1984-02-29,0.014326
1984-03-01,0.014409
1984-03-02,0.014665
1984-03-04,14.665
1984-03-05,0.014888
1984-03-06,0.015006
1984-03-07,0.015224
1984-03-08,0.015161
1984-03-09,0.015262
1984-03-11,15.262
1984-03-12,0.015123
1984-03-13,0.015301
1984-03-14,0.015605
1984-03-15,0.015466
1984-03-16,0.015455
1984-03-20,0.01542
1984-03-21,0.015284
1984-03-22,0.015357
1984-03-23,0.01545
1984-03-25,15.45
1984-03-26,0.01576
1984-03-27,0.015944
1984-03-28,0.015857
1984-03-29,0.016161
1984-03-30,0.016069
1984-04-01,16.069
1984-04-02,0.016278
1984-04-03,0.0162
1984-04-04,0.016329
1984-04-05,0.016511
1984-04-06,0.016607
1984-04-08,16.607
1984-04-09,0.01687
1984-04-10,0.01696
1984-04-11,0.017165
1984-04-12,0.017226
1984-04-13,0.017368
1984-04-15,17.368
1984-04-16,0.017523
1984-04-18,0.017605
1984-04-19,17.605
1984-04-20,17.605
1984-04-22,17.605
1984-04-24,0.017943
1984-04-25,0.017952
1984-04-26,0.018043
1984-04-27,0.018118
1984-04-29,18.118
1984-04-30,0.018114
1984-05-01,0.018085
1984-05-02,0.018263
1984-05-03,0.018495
1984-05-04,0.018735
1984-05-06,18.735
1984-05-08,0.018409
1984-05-09,0.018527
1984-05-10,0.018576
1984-05-11,0.018662
1984-05-13,18.662
1984-05-14,0.018757
1984-05-15,0.018984
1984-05-16,0.019144
1984-05-17,0.019108
1984-05-18,19.108
1984-05-20,19.108
1984-05-21,0.019174
1984-05-22,0.019367
1984-05-23,0.01955
1984-05-24,0.019402
1984-05-25,0.019675
1984-05-27,19.675
1984-05-28,0.019869
1984-05-29,0.019925
1984-05-30,0.020043
1984-05-31,20.043
1984-06-01,0.020336
1984-06-03,20.336
1984-06-04,0.020913
1984-06-05,20.913
1984-06-07,0.021051
1984-06-08,0.021049
1984-06-10,21.049
1984-06-11,21.049
1984-06-12,0.02115
1984-06-13,0.021284
1984-06-14,0.021347
1984-06-15,0.021331
1984-06-17,21.331
1984-06-18,0.021474
1984-06-19,0.021462
1984-06-20,0.021511
1984-06-21,0.021504
1984-06-22,0.021762
1984-06-24,21.762
1984-06-25,0.022144
1984-06-26,0.022474
1984-06-27,0.022835
1984-06-28,0.022795
1984-06-29,0.023165
1984-07-01,23.165
1984-07-02,0.023285
1984-07-03,0.02338
1984-07-04,0.023472
1984-07-05,0.023468
1984-07-06,0.023708
1984-07-08,23.708
1984-07-09,0.023922
1984-07-10,0.024171
1984-07-11,0.024054
1984-07-12,0.024188
1984-07-13,0.024459
1984-07-15,24.459
1984-07-16,0.024744
1984-07-17,0.024923
1984-07-18,0.025066
1984-07-19,0.025244
1984-07-20,0.0255
1984-07-22,25.5
1984-07-25,0.025745
1984-07-26,0.026269
1984-07-27,0.026439
1984-07-29,26.439
1984-07-30,0.026444
1984-07-31,0.026701
1984-08-01,0.026825
1984-08-02,0.027082
1984-08-03,0.02767
1984-08-05,27.67
1984-08-06,0.027789
1984-08-08,0.027475
1984-08-09,0.027815
1984-08-10,0.028407
1984-08-12,28.407
1984-08-13,0.028277
1984-08-14,0.028747
1984-08-15,0.029157
1984-08-16,0.029309
1984-08-17,0.02948
1984-08-19,29.48
1984-08-20,0.029554
1984-08-21,0.029589
1984-08-22,0.029855
1984-08-23,0.030307
1984-08-24,0.030383
1984-08-26,30.383
1984-08-27,0.030624
1984-08-28,0.030534
1984-08-29,0.030784
1984-08-30,0.030949
1984-08-31,0.031118
1984-09-02,31.118
1984-09-03,0.031306
1984-09-04,0.031541
1984-09-05,0.03168
1984-09-06,0.031853
1984-09-07,0.032167
1984-09-09,32.167
1984-09-10,0.03235
1984-09-11,0.032468
1984-09-12,0.032666
1984-09-13,0.032633
1984-09-14,0.033209
1984-09-16,33.209
1984-09-17,0.035729
1984-09-18,0.035271
1984-09-19,0.034962
1984-09-20,0.035191
1984-09-21,0.034802
1984-09-23,34.802
1984-09-24,0.036247
1984-09-25,0.036236
1984-09-26,0.035906
1984-09-30,35.906
1984-10-01,0.036715
1984-10-02,0.037488
1984-10-03,0.038448
1984-10-04,0.038683
1984-10-05,0.039241
1984-10-07,39.241
1984-10-08,0.039409
1984-10-09,0.039261
1984-10-10,0.038865
1984-10-12,0.039009
1984-10-14,39.009
1984-10-15,0.03941
1984-10-16,0.039811
1984-10-17,0.040645
1984-10-19,0.041758
1984-10-21,41.758
1984-10-22,0.042492
1984-10-23,0.043355
1984-10-24,0.044435
1984-10-25,0.044885
1984-10-26,0.045746
1984-10-28,45.746
1984-10-29,0.045548
1984-10-30,0.045996
1984-10-31,0.04695
1984-11-01,0.047375
1984-11-02,0.049481
1984-11-04,49.481
1984-11-05,0.049565
1984-11-06,0.04993
1984-11-07,0.050418
1984-11-08,0.050098
1984-11-09,0.050235
1984-11-11,50.235
1984-11-12,0.050406
1984-11-13,0.051054
1984-11-14,0.050775
1984-11-15,0.050989
1984-11-16,0.051467
1984-11-18,51.467
1984-11-19,0.051432
1984-11-20,0.051297
1984-11-21,0.051392
1984-11-22,0.052018
1984-11-23,0.05219
1984-11-25,52.19
1984-11-26,0.051926
1984-11-27,0.052056
1984-11-28,0.052128
1984-11-29,0.05243
1984-11-30,0.052601
1984-12-02,52.601
1984-12-03,0.052384
1984-12-04,0.053034
1984-12-05,0.053633
1984-12-06,0.053538
1984-12-07,0.054023
1984-12-09,54.023
1984-12-10,0.053887
1984-12-11,0.05422
1984-12-12,0.05441
1984-12-13,0.054667
1984-12-14,0.054603
1984-12-16,54.603
1984-12-17,0.054999
1984-12-18,0.054817
1984-12-19,0.055053
1984-12-20,0.055041
1984-12-21,0.055064
1984-12-23,55.064
1984-12-24,55.064
1984-12-26,55.064
1984-12-27,0.055959
1984-12-28,0.056175
1984-12-30,56.175
1984-12-31,0.056774
1985-01-02,0.056309
1985-01-03,0.056831
1985-01-04,0.057366
1985-01-06,57.366
1985-01-07,0.057656
1985-01-08,0.058428
1985-01-09,0.058138
1985-01-10,0.058512
1985-01-11,0.058707
1985-01-13,58.707
1985-01-14,0.058874
1985-01-15,0.05809
1985-01-16,0.058064
1985-01-17,0.058224
1985-01-18,0.05873
1985-01-20,58.73
1985-01-21,0.059032
1985-01-22,0.059111
1985-01-23,0.059206
1985-01-24,0.059422
1985-01-25,0.059823
1985-01-27,59.823
1985-01-28,0.059888
1985-01-29,0.059985
1985-01-30,0.059972
1985-01-31,0.060091
1985-02-01,0.060773
1985-02-03,60.773
1985-02-04,0.060951
1985-02-05,0.060517
1985-02-06,0.060267
1985-02-07,0.060303
1985-02-08,0.060379
1985-02-10,60.379
1985-02-11,0.060497
1985-02-12,0.060234
1985-02-13,0.060317
1985-02-14,0.06059
1985-02-15,0.060598
1985-02-17,60.598
1985-02-18,0.061195
1985-02-19,0.061288
1985-02-20,0.061489
1985-02-21,0.061351
1985-02-22,0.061504
1985-02-24,61.504
1985-02-25,0.061516
1985-02-26,0.06112
1985-02-27,0.063651
1985-02-28,0.064315
1985-03-01,0.064124
1985-03-03,64.124
1985-03-04,0.064549
1985-03-05,0.064038
1985-03-06,0.064076
1985-03-08,0.065001
1985-03-10,65.001
1985-03-11,0.066643
1985-03-12,0.067588
1985-03-13,0.067257
1985-03-14,0.066962
1985-03-15,0.067435
1985-03-17,67.435
1985-03-18,0.06784
1985-03-19,0.069557
1985-03-20,0.070906
1985-03-21,0.070264
1985-03-22,0.072077
1985-03-24,72.077
1985-03-25,0.072568
1985-03-26,0.072937
1985-03-27,0.074676
1985-03-28,0.076542
1985-03-29,0.078295
1985-03-31,78.295
1985-04-01,0.078215
1985-04-02,0.077526
1985-04-03,0.078503
1985-04-04,78.503
1985-04-05,78.503
1985-04-07,78.503
1985-04-08,79.15
1985-04-09,0.079842
1985-04-10,0.080275
1985-04-11,0.081867
1985-04-14,81.867
1985-04-15,0.084025
1985-04-16,0.084915
1985-04-17,0.085033
1985-04-18,0.084346
1985-04-19,0.086492
1985-04-21,86.492
1985-04-22,0.086699
1985-04-23,0.085741
1985-04-24,0.084347
1985-04-26,0.08305
1985-04-28,83.05
1985-04-29,0.084308
1985-04-30,0.085365
1985-05-01,0.083764
1985-05-02,0.083391
1985-05-03,83.391
1985-05-05,83.391
1985-05-06,0.083079
1985-05-07,0.083402
1985-05-08,0.083551
1985-05-09,0.085127
1985-05-10,0.085917
1985-05-12,85.917
1985-05-13,0.087385
1985-05-14,0.088936
1985-05-15,0.088749
1985-05-16,90.15
1985-05-17,0.090492
1985-05-19,90.492
1985-05-20,0.092957
1985-05-21,0.092529
1985-05-22,0.091539
1985-05-23,0.090811
1985-05-24,0.092085
1985-05-27,92.085
1985-05-28,0.093127
1985-05-29,0.093503
1985-05-30,0.095147
1985-05-31,0.095006
1985-06-02,95.006
1985-06-03,0.09727
1985-06-04,0.097701
1985-06-05,97.701
1985-06-06,0.098031
1985-06-07,0.09943
1985-06-09,99.43
1985-06-10,0.098799
1985-06-11,0.099477
1985-06-12,0.10085
1985-06-13,0.10114
1985-06-14,0.1017
1985-06-16,101.7
1985-06-17,0.10318
1985-06-18,0.10439
1985-06-19,0.10633
1985-06-20,0.10591
1985-06-21,0.10565
1985-06-23,105.65
1985-06-24,0.10688
1985-06-25,0.10814
1985-06-26,0.10997
1985-06-27,0.11264
1985-06-28,0.11531
1985-06-30,115.31
1985-07-01,0.13822
1985-07-03,0.13751
1985-07-04,0.13768
1985-07-05,0.13762
1985-07-07,137.62
1985-07-08,0.1388
1985-07-09,0.13977
1985-07-10,0.14176
1985-07-11,0.14127
1985-07-12,0.14293
1985-07-14,142.93
1985-07-15,0.14353
1985-07-16,0.14321
1985-07-17,0.14395
1985-07-18,0.14397
1985-07-19,0.14294
1985-07-21,142.94
1985-07-22,0.14245
1985-07-23,0.14376
1985-07-24,0.14277
1985-07-25,0.14321
1985-07-26,0.14291
1985-07-29,0.14616
1985-07-30,0.14553
1985-07-31,0.14696
1985-08-01,0.14654
1985-08-02,0.14444
1985-08-04,144.44
1985-08-05,0.14474
1985-08-06,0.1449
1985-08-07,0.14354
1985-08-08,0.14495
1985-08-09,0.14437
1985-08-11,144.37
1985-08-12,0.14688
1985-08-13,0.14843
1985-08-14,0.14672
1985-08-15,0.14836
1985-08-16,0.14819
1985-08-18,148.19
1985-08-19,0.14789
1985-08-20,0.1475
1985-08-21,0.14805
1985-08-22,0.1483
1985-08-23,0.14841
1985-08-25,148.41
1985-08-26,0.14896
1985-08-27,0.14749
1985-08-28,0.1485
1985-08-29,0.14744
1985-08-30,0.1483
1985-09-01,148.3
1985-09-02,0.14673
1985-09-03,0.14602
1985-09-04,0.1461
1985-09-05,0.1453
1985-09-06,0.1421
1985-09-08,0.1421
1985-09-09,0.14
1985-09-10,0.1393
1985-09-11,0.1394
1985-09-12,0.1388
1985-09-13,0.1404
1985-09-15,0.1404
1985-09-18,0.1418
1985-09-19,0.1413
1985-09-20,0.1414
1985-09-22,0.1414
1985-09-23,0.1494
1985-09-24,0.1502
1985-09-26,0.1529
1985-09-27,0.1533
1985-09-29,0.1533
1985-10-01,0.1531
1985-10-02,0.1545
1985-10-03,0.1536
1985-10-04,0.1556
1985-10-06,0.1556
1985-10-08,0.1551
1985-10-09,0.1541
1985-10-10,0.1537
1985-10-11,0.1532
1985-10-13,0.1532
1985-10-14,0.1529
1985-10-15,0.1524
1985-10-16,0.1516
1985-10-17,0.1535
1985-10-18,0.1545
1985-10-20,0.1545
1985-10-21,0.1548
1985-10-22,0.1542
1985-10-23,0.154
1985-10-24,0.1534
1985-10-25,0.1549
1985-10-27,0.1549
1985-10-28,0.1549
1985-10-29,0.1557
1985-10-30,0.1561
1985-10-31,0.1567
1985-11-01,0.1575
1985-11-03,0.1575
1985-11-04,0.1574
1985-11-05,0.1564
1985-11-06,0.1573
1985-11-07,0.1574
1985-11-08,0.1556
1985-11-10,0.1556
1985-11-11,0.1552
1985-11-12,0.155
1985-11-13,0.1565
1985-11-14,0.1561
1985-11-15,0.1559
1985-11-17,0.1559
1985-11-18,0.1558
1985-11-19,0.1562
1985-11-20,0.1564
1985-11-21,0.1572
1985-11-22,0.1583
1985-11-24,0.1583
1985-11-25,0.1596
1985-11-26,0.1592
1985-11-27,0.1602
1985-11-28,0.1606
1985-11-29,0.1627
1985-12-01,0.1627
1985-12-02,0.1635
1985-12-03,0.1624
1985-12-04,0.1632
1985-12-05,0.1624
1985-12-06,0.162
1985-12-08,0.162
1985-12-09,0.1625
1985-12-10,0.1614
1985-12-11,0.1609
1985-12-12,0.1632
1985-12-13,0.1629
1985-12-15,0.1629
1985-12-16,0.1623
1985-12-17,0.1631
1985-12-18,0.1626
1985-12-19,0.1614
1985-12-20,0.1621
1985-12-22,0.1621
1985-12-23,0.163
1985-12-24,0.1624
1985-12-26,0.1624
1985-12-27,0.1641
1985-12-29,0.1641
1985-12-30,0.166
1985-12-31,0.1672
1986-01-03,0.1671
1986-01-05,0.1671
1986-01-06,0.1662
1986-01-07,0.1677
1986-01-08,0.167
1986-01-09,0.1652
1986-01-10,0.1672
1986-01-12,0.1672
1986-01-13,0.1653
1986-01-14,0.1637
1986-01-15,0.1647
1986-01-16,0.1655
1986-01-17,0.1643
1986-01-19,0.1643
1986-01-20,0.164
1986-01-21,0.1654
1986-01-22,0.1643
1986-01-23,0.1646
1986-01-24,0.1666
1986-01-26,0.1666
1986-01-27,0.1689
1986-01-28,0.1686
1986-01-29,0.169
1986-01-30,0.1683
1986-01-31,0.1689
1986-02-02,0.1689
1986-02-03,0.1698
1986-02-04,0.1669
1986-02-05,0.1675
1986-02-06,0.1691
1986-02-07,0.1683
1986-02-09,0.1683
1986-02-10,0.17
1986-02-11,0.1701
1986-02-12,0.1703
1986-02-13,0.171
1986-02-14,0.1708
1986-02-16,0.1708
1986-02-17,0.1712
1986-02-18,0.1717
1986-02-19,0.1735
1986-02-20,0.1735
1986-02-21,0.172
1986-02-23,0.172
1986-02-24,0.1762
1986-02-25,0.1775
1986-02-26,0.1775
1986-02-27,0.1812
1986-02-28,0.1799
1986-03-02,0.1799
1986-03-03,0.18
1986-03-04,0.1818
1986-03-05,0.1811
1986-03-06,0.1786
1986-03-07,0.1791
1986-03-09,0.1791
1986-03-10,0.1773
1986-03-11,0.176
1986-03-12,0.1769
1986-03-13,0.1752
1986-03-14,0.1783
1986-03-16,0.1783
1986-03-17,0.1798
1986-03-18,0.1796
1986-03-19,0.1787
1986-03-20,0.1794
1986-03-21,0.1791
1986-03-23,0.1791
1986-03-24,0.1766
1986-03-26,0.1721
1986-03-27,0.1726
1986-03-28,0.173
1986-03-30,0.173
1986-03-31,0.173
1986-04-01,0.1732
1986-04-02,0.1708
1986-04-03,0.1691
1986-04-04,0.17
1986-04-06,0.17
1986-04-07,0.1692
1986-04-08,0.1727
1986-04-09,0.1733
1986-04-10,0.1723
1986-04-11,0.1751
1986-04-13,0.1751
1986-04-14,0.174
1986-04-15,0.1721
1986-04-16,0.1772
1986-04-17,0.1793
1986-04-18,0.1801
1986-04-20,0.1801
1986-04-21,0.1811
1986-04-22,0.1825
1986-04-23,0.1821
1986-04-25,0.1834
1986-04-27,0.1834
1986-04-28,0.1844
1986-04-29,0.1837
1986-05-01,0.1816
1986-05-02,0.1808
1986-05-04,0.1808
1986-05-05,0.1829
1986-05-06,0.1798
1986-05-07,0.181
1986-05-08,0.181
1986-05-09,0.1824
1986-05-11,0.1824
1986-05-12,0.1834
1986-05-13,0.1832
1986-05-15,0.1829
1986-05-16,0.1803
1986-05-18,0.1803
1986-05-19,0.1803
1986-05-20,0.1809
1986-05-21,0.1776
1986-05-22,0.1763
1986-05-23,0.1758
1986-05-25,0.1758
1986-05-26,0.1752
1986-05-27,0.1753
1986-05-28,0.1761
1986-05-29,0.1761
1986-05-30,0.1739
1986-06-01,0.1739
1986-06-02,0.1735
1986-06-03,0.1764
1986-06-04,0.1775
1986-06-05,0.1782
1986-06-06,0.1807
1986-06-08,0.1807
1986-06-09,0.1809
1986-06-10,0.1818
1986-06-11,0.1832
1986-06-12,0.1829
1986-06-15,0.1829
1986-06-16,0.1834
1986-06-17,0.1814
1986-06-18,0.181
1986-06-19,0.1805
1986-06-20,0.1793
1986-06-22,0.1793
1986-06-23,0.1782
1986-06-24,0.1806
1986-06-25,0.1818
1986-06-26,0.1811
1986-06-27,0.182
1986-06-29,0.182
1986-06-30,0.1836
1986-07-01,0.1842
1986-07-02,0.1839
1986-07-03,0.1856
1986-07-04,0.1856
1986-07-06,0.1856
1986-07-07,0.1853
1986-07-08,0.184
1986-07-09,0.1852
1986-07-10,0.1837
1986-07-11,0.1839
1986-07-13,0.1839
1986-07-14,0.1832
1986-07-15,0.1842
1986-07-16,0.185
1986-07-17,0.1857
1986-07-18,0.1855
1986-07-20,0.1855
1986-07-21,0.187
1986-07-22,0.1871
1986-07-23,0.1875
1986-07-24,0.1866
1986-07-25,0.1851
1986-07-27,0.1851
1986-07-28,0.1867
1986-07-29,0.1873
1986-07-30,0.187
1986-07-31,0.1895
1986-08-01,0.1894
1986-08-03,0.1894
1986-08-04,0.1913
1986-08-05,0.1898
1986-08-06,0.1911
1986-08-07,0.1922
1986-08-08,0.1916
1986-08-10,0.1916
1986-08-11,0.1929
1986-08-12,0.1922
1986-08-13,0.1921
1986-08-15,0.192
1986-08-17,0.192
1986-08-18,0.1919
1986-08-19,0.1915
1986-08-20,0.1935
1986-08-21,0.1924
1986-08-22,0.193
1986-08-24,0.193
1986-08-25,0.1933
1986-08-26,0.1922
1986-08-27,0.1912
1986-08-28,0.1922
1986-08-29,0.1916
1986-08-31,0.1916
1986-09-01,0.1937
1986-09-02,0.1944
1986-09-03,0.1929
1986-09-04,0.1931
1986-09-05,0.1936
1986-09-07,0.1936
1986-09-08,0.1908
1986-09-09,0.1904
1986-09-10,0.191
1986-09-11,0.19
1986-09-12,0.1887
1986-09-14,0.1887
1986-09-15,0.1919
1986-09-16,0.1913
1986-09-17,0.193
1986-09-18,0.1948
1986-09-19,0.1964
1986-09-21,0.1964
1986-09-22,0.1941
1986-09-23,0.1929
1986-09-24,0.1925
1986-09-25,0.1921
1986-09-26,0.1923
1986-09-28,0.1923
1986-09-29,0.1942
1986-09-30,0.1951
1986-10-01,0.1939
1986-10-02,0.1943
1986-10-03,0.1959
1986-10-06,0.1974
1986-10-07,0.1967
1986-10-08,0.1964
1986-10-09,0.1966
1986-10-10,0.1965
1986-10-14,0.1988
1986-10-15,0.1987
1986-10-16,0.1992
1986-10-17,0.1995
1986-10-19,0.1995
1986-10-20,0.1987
1986-10-21,0.1974
1986-10-22,0.198
1986-10-23,0.1982
1986-10-24,0.1958
1986-10-26,0.1958
1986-10-27,0.1943
1986-10-28,0.195
1986-10-29,0.1954
1986-10-30,0.1959
1986-10-31,0.1923
1986-11-02,0.1923
1986-11-03,0.1918
1986-11-04,0.193
1986-11-05,0.1941
1986-11-06,0.1922
1986-11-07,0.1928
1986-11-09,0.1928
1986-11-10,0.1939
1986-11-11,0.1939
1986-11-12,0.1958
1986-11-13,0.1958
1986-11-14,0.1963
1986-11-16,0.1963
1986-11-17,0.197
1986-11-18,0.1953
1986-11-19,0.1962
1986-11-20,0.1973
1986-11-21,0.1961
1986-11-23,0.1961
1986-11-24,0.1956
1986-11-25,0.1969
1986-11-26,0.1986
1986-11-27,0.1983
1986-11-28,0.1996
1986-11-30,0.1996
1986-12-01,0.2004
1986-12-02,0.1992
1986-12-03,0.1984
1986-12-04,0.1989
1986-12-05,0.1978
1986-12-07,0.1978
1986-12-08,0.1962
1986-12-09,0.1966
1986-12-10,0.1957
1986-12-11,0.1965
1986-12-12,0.1955
1986-12-14,0.1955
1986-12-15,0.1955
1986-12-16,0.1949
1986-12-17,0.196
1986-12-18,0.1954
1986-12-19,0.1969
1986-12-21,0.1969
1986-12-22,0.198
1986-12-23,0.1994
1986-12-24,0.199
1986-12-26,0.199
1986-12-28,0.199
1986-12-29,0.2005
1986-12-30,0.2012
1986-12-31,0.2023
1987-01-02,0.2042
1987-01-04,0.2042
1987-01-05,0.2028
1987-01-06,0.2031
1987-01-07,0.2026
1987-01-08,0.2032
1987-01-09,0.204
1987-01-11,0.204
1987-01-12,0.2067
1987-01-13,0.2283
1987-01-14,0.23
1987-01-15,0.2323
1987-01-16,0.2329
1987-01-18,0.2329
1987-01-19,0.2349
1987-01-20,0.2328
1987-01-21,0.2318
1987-01-22,0.2337
1987-01-23,0.2339
1987-01-25,0.2339
1987-01-26,0.2351
1987-01-27,0.2337
1987-01-28,0.2373
1987-01-29,0.2375
1987-01-30,0.2372
1987-02-01,0.2372
1987-02-02,0.2348
1987-02-03,0.2369
1987-02-04,0.2351
1987-02-05,0.2331
1987-02-06,0.2306
1987-02-08,0.2306
1987-02-09,0.2302
1987-02-10,0.2346
1987-02-11,0.235
1987-02-12,0.2344
1987-02-13,0.2333
1987-02-15,0.2333
1987-02-16,0.2349
1987-02-17,0.235
1987-02-18,0.2345
1987-02-19,0.2325
1987-02-20,0.2338
1987-02-22,0.2338
1987-02-23,0.2339
1987-02-24,0.2328
1987-02-25,0.2351
1987-02-26,0.235
1987-02-27,0.2347
1987-03-01,0.2347
1987-03-02,0.2349
1987-03-03,0.2341
1987-03-04,0.2346
1987-03-05,0.2336
1987-03-06,0.2348
1987-03-08,0.2348
1987-03-09,0.2327
1987-03-10,0.2322
1987-03-11,0.2323
1987-03-12,0.2318
1987-03-13,0.2324
1987-03-16,0.2344
1987-03-17,0.2346
1987-03-18,0.2343
1987-03-19,0.2347
1987-03-20,0.235
1987-03-22,0.235
1987-03-23,0.2355
1987-03-24,0.2363
1987-03-25,0.2345
1987-03-26,0.2336
1987-03-27,0.2347
1987-03-29,0.2347
1987-03-30,0.2365
1987-03-31,0.2356
1987-04-01,0.2343
1987-04-02,0.2334
1987-04-03,0.2341
1987-04-05,0.2341
1987-04-06,0.2332
1987-04-07,0.2334
1987-04-08,0.2326
1987-04-09,0.2328
1987-04-10,0.234
1987-04-12,0.234
1987-04-13,0.2353
1987-04-15,0.234
1987-04-16,0.2339
1987-04-17,0.2337
1987-04-19,0.2337
1987-04-21,0.2347
1987-04-22,0.233
1987-04-23,0.2334
1987-04-24,0.2346
1987-04-26,0.2346
1987-04-27,0.2366
1987-04-28,0.236
1987-04-29,0.2348
1987-04-30,0.2366
1987-05-01,0.2364
1987-05-03,0.2364
1987-05-05,0.2387
1987-05-06,0.2374
1987-05-07,0.2375
1987-05-08,0.2368
1987-05-10,0.2368
1987-05-11,0.2355
1987-05-12,0.2361
1987-05-13,0.2353
1987-05-14,0.2351
1987-05-15,0.2368
1987-05-17,0.2368
1987-05-18,0.2374
1987-05-19,0.2361
1987-05-20,0.2372
1987-05-21,0.2368
1987-05-22,0.237
1987-05-24,0.237
1987-05-25,0.2365
1987-05-26,0.2356
1987-05-27,0.2326
1987-05-28,0.2337
1987-05-29,0.2333
1987-05-31,0.2333
1987-06-01,0.2321
1987-06-02,0.2334
1987-06-04,0.2341
1987-06-05,0.2346
1987-06-07,0.2346
1987-06-08,0.2353
1987-06-09,0.2361
1987-06-10,0.2366
1987-06-11,0.2359
1987-06-12,0.2367
1987-06-14,0.2367
1987-06-15,0.2341
1987-06-16,0.234
1987-06-17,0.2331
1987-06-18,0.2336
1987-06-19,0.2338
1987-06-21,0.2338
1987-06-22,0.233
1987-06-23,0.2322
1987-06-24,0.2337
1987-06-25,0.2333
1987-06-26,0.2329
1987-06-28,0.2329
1987-06-29,0.2312
1987-06-30,0.2316
1987-07-01,0.2328
1987-07-02,0.232
1987-07-03,0.2312
1987-07-05,0.2312
1987-07-06,0.2301
1987-07-07,0.2307
1987-07-08,0.2302
1987-07-09,0.2305
1987-07-10,0.2295
1987-07-12,0.2295
1987-07-13,0.2299
1987-07-14,0.2301
1987-07-15,0.2298
1987-07-16,0.2311
1987-07-17,0.2302
1987-07-19,0.2302
1987-07-20,0.2288
1987-07-21,0.2292
1987-07-22,0.2291
1987-07-23,0.2294
1987-07-24,0.2293
1987-07-26,0.2293
1987-07-27,0.2298
1987-07-28,0.2296
1987-07-29,0.2296
1987-07-30,0.2293
1987-07-31,0.2298
1987-08-02,0.2298
1987-08-03,0.2287
1987-08-05,0.2268
1987-08-06,0.2262
1987-08-07,0.2261
1987-08-09,0.2261
1987-08-10,0.2247
1987-08-11,0.2241
1987-08-12,0.2232
1987-08-13,0.2233
1987-08-14,0.223
1987-08-16,0.223
1987-08-17,0.2252
1987-08-18,0.2259
1987-08-19,0.2277
1987-08-20,0.2274
1987-08-21,0.2283
1987-08-23,0.2283
1987-08-24,0.2288
1987-08-25,0.2292
1987-08-26,0.2284
1987-08-27,0.2286
1987-08-28,0.229
1987-08-30,0.229
1987-08-31,0.2291
1987-09-01,0.2292
1987-09-02,0.2293
1987-09-03,0.2296
1987-09-04,0.2304
1987-09-06,0.2304
1987-09-07,0.2302
1987-09-08,0.2302
1987-09-09,0.2287
1987-09-10,0.2286
1987-09-11,0.228
1987-09-13,0.228
1987-09-14,0.2283
1987-09-15,0.2284
1987-09-16,0.2289
1987-09-17,0.2286
1987-09-18,0.2292
1987-09-20,0.2292
1987-09-21,0.2294
1987-09-22,0.2288
1987-09-23,0.2284
1987-09-27,0.2284
1987-09-28,0.2288
1987-09-29,0.227
1987-09-30,0.2278
1987-10-01,0.2269
1987-10-04,0.2269
1987-10-05,0.227
1987-10-06,0.2279
1987-10-07,0.229
1987-10-09,0.2295
1987-10-11,0.2295
1987-10-12,0.2299
1987-10-13,0.2298
1987-10-14,0.2293
1987-10-16,0.2309
1987-10-18,0.2309
1987-10-19,0.233
1987-10-20,0.2309
1987-10-21,0.2299
1987-10-22,0.2297
1987-10-23,0.2307
1987-10-25,0.2307
1987-10-26,0.2327
1987-10-27,0.2328
1987-10-28,0.235
1987-10-29,0.2355
1987-10-30,0.2344
1987-11-01,0.2344
1987-11-02,0.236
1987-11-03,0.2371
1987-11-04,0.2376
1987-11-05,0.239
1987-11-06,0.2407
1987-11-08,0.2407
1987-11-09,0.2417
1987-11-10,0.2439
1987-11-11,0.2431
1987-11-12,0.2414
1987-11-13,0.2409
1987-11-15,0.2409
1987-11-16,0.2388
1987-11-17,0.241
1987-11-18,0.2415
1987-11-19,0.2435
1987-11-20,0.2441
1987-11-22,0.2441
1987-11-23,0.2446
1987-11-24,0.2435
1987-11-25,0.2439
1987-11-26,0.2439
1987-11-27,0.2444
1987-11-29,0.2444
1987-11-30,0.246
1987-12-01,0.2448
1987-12-02,0.2446
1987-12-03,0.2454
1987-12-04,0.2447
1987-12-06,0.2447
1987-12-07,0.2435
1987-12-08,0.2439
1987-12-09,0.2447
1987-12-10,0.2448
1987-12-11,0.2471
1987-12-13,0.2471
1987-12-14,0.2478
1987-12-15,0.2473
1987-12-16,0.2469
1987-12-17,0.2477
1987-12-18,0.2478
1987-12-20,0.2478
1987-12-21,0.2474
1987-12-22,0.2472
1987-12-23,0.2467
1987-12-24,0.2468
1987-12-27,0.2468
1987-12-28,0.2493
1987-12-29,0.2505
1987-12-30,0.25
1987-12-31,0.2524
1988-01-03,0.2524
1988-01-04,0.2523
1988-01-05,0.2499
1988-01-06,0.2488
1988-01-07,0.248
1988-01-08,0.2463
1988-01-10,0.2463
1988-01-11,0.2489
1988-01-12,0.2484
1988-01-13,0.2495
1988-01-14,0.2483
1988-01-15,0.2486
1988-01-17,0.2486
1988-01-18,0.2445
1988-01-19,0.2449
1988-01-20,0.2462
1988-01-21,0.2461
1988-01-22,0.2457
1988-01-24,0.2457
1988-01-25,0.2456
1988-01-26,0.2456
1988-01-27,0.246
1988-01-28,0.2465
1988-01-29,0.2464
1988-01-31,0.2464
1988-02-01,0.2449
1988-02-02,0.2451
1988-02-03,0.2454
1988-02-04,0.2449
1988-02-05,0.2456
1988-02-07,0.2456
1988-02-08,0.2442
1988-02-09,0.2438
1988-02-10,0.2442
1988-02-11,0.2444
1988-02-12,0.2442
1988-02-14,0.2442
1988-02-15,0.2434
1988-02-16,0.2432
1988-02-17,0.2434
1988-02-18,0.244
1988-02-19,0.244
1988-02-21,0.244
1988-02-22,0.2442
1988-02-23,0.2452
1988-02-24,0.2451
1988-02-25,0.2447
1988-02-26,0.2453
1988-02-28,0.2453
1988-02-29,0.2454
1988-03-01,0.2449
1988-03-02,0.2453
1988-03-04,0.2445
1988-03-06,0.2445
1988-03-07,0.2453
1988-03-08,0.246
1988-03-09,0.246
1988-03-10,0.2463
1988-03-11,0.2463
1988-03-13,0.2463
1988-03-14,0.247
1988-03-15,0.2462
1988-03-16,0.2447
1988-03-17,0.2439
1988-03-18,0.2435
1988-03-20,0.2435
1988-03-21,0.2438
1988-03-22,0.2427
1988-03-23,0.2428
1988-03-24,0.2435
1988-03-25,0.2443
1988-03-27,0.2443
1988-03-28,0.2456
1988-03-29,0.2452
1988-03-30,0.2444
1988-03-31,0.2448
1988-04-01,0.2448
1988-04-03,0.2448
1988-04-04,0.2457
1988-04-05,0.2457
1988-04-06,0.245
1988-04-07,0.2444
1988-04-10,0.2444
1988-04-11,0.2442
1988-04-12,0.2439
1988-04-13,0.243
1988-04-14,0.2432
1988-04-15,0.2445
1988-04-17,0.2445
1988-04-18,0.2444
1988-04-19,0.2441
1988-04-20,0.2447
1988-04-22,0.2439
1988-04-24,0.2439
1988-04-25,0.2434
1988-04-26,0.2433
1988-04-27,0.2428
1988-04-28,0.2428
1988-04-29,0.2437
1988-05-01,0.2437
1988-05-02,0.2427
1988-05-03,0.2425
1988-05-04,0.2427
1988-05-05,0.2428
1988-05-06,0.2425
1988-05-08,0.2425
1988-05-09,0.2424
1988-05-10,0.242
1988-05-11,0.2434
1988-05-12,0.2428
1988-05-13,0.2425
1988-05-15,0.2425
1988-05-16,0.2424
1988-05-17,0.2425
1988-05-18,0.2416
1988-05-19,0.242
1988-05-20,0.2427
1988-05-23,0.2426
1988-05-24,0.2429
1988-05-25,0.2426
1988-05-26,0.2419
1988-05-27,0.2423
1988-05-29,0.2423
1988-05-30,0.2411
1988-05-31,0.2414
1988-06-01,0.241
1988-06-02,0.2406
1988-06-03,0.2417
1988-06-05,0.2417
1988-06-06,0.242
1988-06-07,0.2425
1988-06-08,0.2428
1988-06-09,0.2421
1988-06-10,0.243
1988-06-12,0.243
1988-06-13,0.2418
1988-06-14,0.2419
1988-06-15,0.2403
1988-06-16,0.2399
1988-06-17,0.2396
1988-06-19,0.2396
1988-06-20,0.2392
1988-06-21,0.2391
1988-06-22,0.2386
1988-06-23,0.2361
1988-06-24,0.2359
1988-06-26,0.2359
1988-06-27,0.2343
1988-06-28,0.2366
1988-06-29,0.2345
1988-06-30,0.2349
1988-07-01,0.2344
1988-07-03,0.2344
1988-07-04,0.2351
1988-07-05,0.2355
1988-07-06,0.2354
1988-07-07,0.2348
1988-07-08,0.2344
1988-07-10,0.2344
1988-07-11,0.2324
1988-07-12,0.2325
1988-07-13,0.2326
1988-07-14,0.2321
1988-07-15,0.2315
1988-07-17,0.2315
1988-07-18,0.2288
1988-07-19,0.2305
1988-07-20,0.232
1988-07-21,0.2311
1988-07-22,0.2334
1988-07-25,0.233
1988-07-26,0.2321
1988-07-27,0.231
1988-07-28,0.2316
1988-07-29,0.2298
1988-07-31,0.2298
1988-08-01,0.2298
1988-08-02,0.2306
1988-08-03,0.2294
1988-08-04,0.2298
1988-08-05,0.2289
1988-08-07,0.2289
1988-08-08,0.2273
1988-08-09,0.227
1988-08-10,0.2254
1988-08-11,0.2264
1988-08-12,0.2276
1988-08-14,0.2276
1988-08-15,0.2275
1988-08-16,0.2266
1988-08-17,0.2265
1988-08-18,0.2258
1988-08-19,0.2267
1988-08-21,0.2267
1988-08-22,0.2249
1988-08-23,0.2255
1988-08-24,0.2262
1988-08-25,0.2278
1988-08-26,0.2288
1988-08-28,0.2288
1988-08-29,0.2286
1988-08-30,0.2278
1988-08-31,0.2282
1988-09-01,0.2279
1988-09-02,0.2284
1988-09-04,0.2284
1988-09-05,0.2295
1988-09-06,0.23
1988-09-07,0.2305
1988-09-08,0.2296
1988-09-09,0.2304
1988-09-11,0.2304
1988-09-14,0.2297
1988-09-15,0.228
1988-09-16,0.2285
1988-09-18,0.2285
1988-09-19,0.2292
1988-09-22,0.2286
1988-09-23,0.2282
1988-09-25,0.2282
1988-09-27,0.228
1988-09-28,0.2283
1988-09-29,0.228
1988-09-30,0.2279
1988-10-02,0.2279
1988-10-04,0.2291
1988-10-05,0.2283
1988-10-06,0.2287
1988-10-07,0.2282
1988-10-09,0.2282
1988-10-10,0.2289
1988-10-11,0.229
1988-10-12,0.2289
1988-10-13,0.23
1988-10-14,0.2305
1988-10-16,0.2305
1988-10-17,0.2314
1988-10-18,0.2313
1988-10-19,0.2317
1988-10-20,0.2319
1988-10-21,0.2333
1988-10-23,0.2333
1988-10-24,0.2331
1988-10-25,0.2325
1988-10-26,0.2334
1988-10-27,0.2344
1988-10-28,0.2339
1988-10-30,0.2339
1988-10-31,0.2345
1988-11-02,0.2336
1988-11-03,0.2344
1988-11-04,0.2335
1988-11-06,0.2335
1988-11-07,0.2329
1988-11-08,0.2337
1988-11-09,0.2344
1988-11-10,0.2352
1988-11-11,0.2366
1988-11-13,0.2366
1988-11-14,0.2359
1988-11-15,0.236
1988-11-16,0.2357
1988-11-17,0.2379
1988-11-18,0.2362
1988-11-20,0.2362
1988-11-21,0.237
1988-11-22,0.2375
1988-11-23,0.238
1988-11-24,0.2384
1988-11-25,0.2384
1988-11-27,0.2384
1988-11-28,0.2369
1988-11-29,0.2367
1988-11-30,0.2372
1988-12-01,0.2368
1988-12-02,0.237
1988-12-04,0.237
1988-12-05,0.2376
1988-12-06,0.2376
1988-12-07,0.2359
1988-12-08,0.2354
1988-12-09,0.2367
1988-12-11,0.2367
1988-12-12,0.2365
1988-12-13,0.2359
1988-12-14,0.2353
1988-12-15,0.2363
1988-12-16,0.2355
1988-12-18,0.2355
1988-12-19,0.2345
1988-12-20,0.2329
1988-12-21,0.2334
1988-12-22,0.2332
1988-12-23,0.2333
1988-12-25,0.2333
1988-12-27,0.2447
1988-12-28,0.2437
1988-12-29,0.2439
1988-12-30,0.2654
1989-01-03,0.2654
1989-01-04,0.2632
1989-01-05,0.2624
1989-01-06,0.2616
1989-01-08,0.2616
1989-01-09,0.2592
1989-01-10,0.2583
1989-01-11,0.2574
1989-01-12,0.2567
1989-01-13,0.2552
1989-01-15,0.2552
1989-01-16,0.254
1989-01-17,0.2544
1989-01-18,0.2528
1989-01-19,0.252
1989-01-20,0.2535
1989-01-22,0.2535
1989-01-23,0.2538
1989-01-24,0.2556
1989-01-25,0.2538
1989-01-26,0.2533
1989-01-27,0.2529
1989-01-29,0.2529
1989-01-30,0.2508
1989-01-31,0.2505
1989-02-01,0.2499
1989-02-02,0.2497
1989-02-03,0.2488
1989-02-05,0.2488
1989-02-06,0.2482
1989-02-07,0.2492
1989-02-08,0.2489
1989-02-09,0.2499
1989-02-10,0.2515
1989-02-12,0.2515
1989-02-13,0.2491
1989-02-14,0.2495
1989-02-15,0.2507
1989-02-16,0.2506
1989-02-17,0.251
1989-02-19,0.251
1989-02-20,0.2508
1989-02-21,0.2495
1989-02-22,0.2506
1989-02-23,0.252
1989-02-24,0.2515
1989-02-26,0.2515
1989-02-27,0.2525
1989-03-01,0.2511
1989-03-02,0.251
1989-03-03,0.2501
1989-03-05,0.2501
1989-03-06,0.2503
1989-03-07,0.2495
1989-03-08,0.2497
1989-03-09,0.2486
1989-03-10,0.2493
1989-03-12,0.2493
1989-03-13,0.2487
1989-03-14,0.2484
1989-03-15,0.2489
1989-03-16,0.2483
1989-03-17,0.2481
1989-03-19,0.2481
1989-03-20,0.248
1989-03-22,0.2485
1989-03-23,0.2493
1989-03-24,0.2495
1989-03-26,0.2495
1989-03-27,0.2477
1989-03-28,0.2474
1989-03-29,0.2471
1989-03-30,0.2473
1989-03-31,0.2471
1989-04-02,0.2471
1989-04-03,0.2472
1989-04-04,0.2486
1989-04-05,0.2488
1989-04-06,0.2495
1989-04-07,0.2494
1989-04-09,0.2494
1989-04-10,0.249
1989-04-11,0.2488
1989-04-12,0.2482
1989-04-13,0.249
1989-04-14,0.2484
1989-04-16,0.2484
1989-04-17,0.2506
1989-04-18,0.2495
1989-04-19,0.2501
1989-04-21,0.2516
1989-04-23,0.2516
1989-04-24,0.2515
1989-04-25,0.2507
1989-04-27,0.25
1989-04-28,0.2493
1989-04-30,0.2493
1989-05-01,0.2494
1989-05-02,0.2501
1989-05-03,0.2502
1989-05-04,0.25
1989-05-05,0.2493
1989-05-07,0.2493
1989-05-08,0.2493
1989-05-09,0.2483
1989-05-11,0.2484
1989-05-12,0.2483
1989-05-14,0.2483
1989-05-15,0.2467
1989-05-16,0.2472
1989-05-17,0.2473
1989-05-18,0.2457
1989-05-19,0.2458
1989-05-21,0.2458
1989-05-22,0.243
1989-05-23,0.2437
1989-05-24,0.2437
1989-05-25,0.2447
1989-05-26,0.2478
1989-05-28,0.2478
1989-05-29,0.2446
1989-05-30,0.2456
1989-05-31,0.247
1989-06-01,0.2478
1989-06-02,0.2485
1989-06-04,0.2485
1989-06-05,0.2502
1989-06-06,0.247
1989-06-07,0.2484
1989-06-08,0.2488
1989-06-11,0.2488
1989-06-12,0.2456
1989-06-13,0.2468
1989-06-14,0.2469
1989-06-15,0.246
1989-06-16,0.2492
1989-06-18,0.2492
1989-06-19,0.2501
1989-06-20,0.2515
1989-06-21,0.2501
1989-06-22,0.254
1989-06-23,0.2647
1989-06-25,0.2647
1989-06-26,0.2649
1989-06-27,0.2647
1989-06-28,0.2629
1989-06-29,0.2643
1989-06-30,0.2643
1989-07-02,0.2643
1989-07-03,0.2656
1989-07-04,0.266
1989-07-05,0.2665
1989-07-06,0.2682
1989-07-07,0.2685
1989-07-09,0.2685
1989-07-10,0.2704
1989-07-11,0.2699
1989-07-12,0.2696
1989-07-13,0.2701
1989-07-14,0.2683
1989-07-16,0.2683
1989-07-17,0.2671
1989-07-18,0.2663
1989-07-19,0.2676
1989-07-20,0.2663
1989-07-21,0.2683
1989-07-23,0.2683
1989-07-24,0.2681
1989-07-25,0.2696
1989-07-26,0.2702
1989-07-27,0.271
1989-07-28,0.2704
1989-07-30,0.2704
1989-07-31,0.2705
1989-08-01,0.2705
1989-08-02,0.2723
1989-08-03,0.272
1989-08-04,0.2707
1989-08-06,0.2707
1989-08-07,0.2681
1989-08-08,0.2683
1989-08-09,0.2688
1989-08-11,0.2672
1989-08-13,0.2672
1989-08-14,0.2655
1989-08-15,0.2645
1989-08-16,0.2645
1989-08-17,0.2638
1989-08-18,0.2629
1989-08-20,0.2629
1989-08-21,0.2631
1989-08-22,0.2636
1989-08-23,0.2647
1989-08-24,0.2637
1989-08-25,0.2639
1989-08-27,0.2639
1989-08-28,0.2645
1989-08-29,0.2659
1989-08-30,0.2669
1989-08-31,0.2642
1989-09-01,0.2626
1989-09-03,0.2626
1989-09-04,0.261
1989-09-05,0.2614
1989-09-06,0.2633
1989-09-07,0.2626
1989-09-08,0.2622
1989-09-10,0.2622
1989-09-11,0.2605
1989-09-12,0.2625
1989-09-13,0.2628
1989-09-14,0.2642
1989-09-15,0.2641
1989-09-17,0.2641
1989-09-18,0.2647
1989-09-19,0.2665
1989-09-20,0.2672
1989-09-21,0.2678
1989-09-22,0.2675
1989-09-24,0.2675
1989-09-25,0.2699
1989-09-26,0.2695
1989-09-27,0.2718
1989-09-28,0.2715
1989-09-29,0.2728
1989-10-02,0.2723
1989-10-03,0.2726
1989-10-04,0.2731
1989-10-05,0.2727
1989-10-06,0.2722
1989-10-10,0.2742
1989-10-11,0.2712
1989-10-12,0.2705
1989-10-13,0.2714
1989-10-15,0.2714
1989-10-16,0.276
1989-10-17,0.2751
1989-10-18,0.2766
1989-10-19,0.2766
1989-10-20,0.2771
1989-10-22,0.2771
1989-10-23,0.276
1989-10-24,0.2774
1989-10-25,0.2776
1989-10-26,0.2781
1989-10-27,0.2783
1989-10-29,0.2783
1989-10-30,0.2799
1989-10-31,0.2785
1989-11-01,0.2767
1989-11-02,0.2767
1989-11-03,0.2773
1989-11-05,0.2773
1989-11-06,0.2772
1989-11-07,0.2777
1989-11-08,0.2794
1989-11-09,0.2779
1989-11-10,0.2774
1989-11-12,0.2774
1989-11-13,0.2779
1989-11-14,0.2772
1989-11-15,0.279
1989-11-16,0.2779
1989-11-17,0.2776
1989-11-19,0.2776
1989-11-20,0.2797
1989-11-21,0.28
1989-11-22,0.2823
1989-11-23,0.2824
1989-11-24,0.2834
1989-11-26,0.2834
1989-11-27,0.2855
1989-11-28,0.2842
1989-11-29,0.285
1989-11-30,0.2822
1989-12-01,0.284
1989-12-03,0.284
1989-12-04,0.2851
1989-12-05,0.284
1989-12-06,0.2862
1989-12-07,0.2864
1989-12-08,0.2872
1989-12-10,0.2872
1989-12-11,0.2882
1989-12-12,0.288
1989-12-13,0.2911
1989-12-14,0.2893
1989-12-15,0.2893
1989-12-17,0.2893
1989-12-18,0.2905
1989-12-19,0.2885
1989-12-20,0.2898
1989-12-21,0.2894
1989-12-22,0.2911
1989-12-24,0.2911
1989-12-27,0.2972
1989-12-28,0.298
1989-12-29,0.2973
1989-12-31,0.2973
1990-01-02,0.297
1990-01-03,0.2932
1990-01-04,0.2926
1990-01-05,0.2955
1990-01-07,0.2955
1990-01-08,0.2954
1990-01-09,0.2967
1990-01-10,0.2973
1990-01-11,0.2965
1990-01-12,0.2975
1990-01-14,0.2975
1990-01-15,0.297
1990-01-16,0.2938
1990-01-17,0.2966
1990-01-18,0.2963
1990-01-19,0.2954
1990-01-21,0.2954
1990-01-22,0.2947
1990-01-23,0.2955
1990-01-24,0.2981
1990-01-25,0.2977
1990-01-26,0.2984
1990-01-28,0.2984
1990-01-29,0.2997
1990-01-30,0.3005
1990-01-31,0.2989
1990-02-01,0.2986
1990-02-02,0.2986
1990-02-04,0.2986
1990-02-05,0.2988
1990-02-06,0.3009
1990-02-07,0.3009
1990-02-08,0.3005
1990-02-09,0.3009
1990-02-11,0.3009
1990-02-12,0.3016
1990-02-13,0.2998
1990-02-14,0.301
1990-02-15,0.2994
1990-02-16,0.2977
1990-02-18,0.2977
1990-02-19,0.3003
1990-02-20,0.3011
1990-02-21,0.3034
1990-02-22,0.3035
1990-02-23,0.3033
1990-02-25,0.3033
1990-02-26,0.302
1990-02-27,0.3006
1990-02-28,0.3008
1990-03-01,0.2992
1990-03-02,0.3048
1990-03-04,0.3048
1990-03-05,0.3121
1990-03-06,0.3098
1990-03-07,0.3091
1990-03-08,0.3076
1990-03-09,0.3091
1990-03-12,0.3089
1990-03-13,0.3083
1990-03-14,0.3081
1990-03-15,0.3071
1990-03-16,0.3082
1990-03-18,0.3082
1990-03-19,0.3106
1990-03-20,0.3101
1990-03-21,0.3099
1990-03-22,0.3088
1990-03-23,0.3107
1990-03-25,0.3107
1990-03-26,0.3086
1990-03-27,0.3086
1990-03-28,0.308
1990-03-29,0.3072
1990-03-30,0.308
1990-04-01,0.308
1990-04-02,0.3076
1990-04-03,0.3082
1990-04-04,0.3083
1990-04-05,0.3067
1990-04-06,0.308
1990-04-08,0.308
1990-04-09,0.3102
1990-04-11,0.3127
1990-04-12,0.3125
1990-04-13,0.3135
1990-04-15,0.3135
1990-04-17,0.3143
1990-04-18,0.3134
1990-04-19,0.3138
1990-04-20,0.3141
1990-04-22,0.3141
1990-04-23,0.3135
1990-04-24,0.3127
1990-04-25,0.3135
1990-04-26,0.3148
1990-04-27,0.3144
1990-04-29,0.3144
1990-05-01,0.3145
1990-05-02,0.3151
1990-05-03,0.315
1990-05-04,0.3168
1990-05-06,0.3168
1990-05-07,0.3195
1990-05-08,0.3191
1990-05-09,0.3208
1990-05-10,0.321
1990-05-11,0.3218
1990-05-13,0.3218
1990-05-14,0.3202
1990-05-15,0.3213
1990-05-16,0.3199
1990-05-17,0.321
1990-05-18,0.3216
1990-05-20,0.3216
1990-05-21,0.3211
1990-05-22,0.3196
1990-05-23,0.3199
1990-05-24,0.3174
1990-05-25,0.3171
1990-05-27,0.3171
1990-05-28,0.316
1990-05-29,0.3192
1990-05-31,0.3153
1990-06-01,0.3123
1990-06-03,0.3123
1990-06-04,0.3119
1990-06-05,0.3146
1990-06-06,0.3169
1990-06-07,0.3189
1990-06-08,0.3205
1990-06-10,0.3205
1990-06-11,0.3207
1990-06-12,0.3204
1990-06-13,0.3208
1990-06-15,0.3198
1990-06-17,0.3198
1990-06-18,0.3206
1990-06-19,0.3204
1990-06-20,0.3216
1990-06-21,0.3225
1990-06-22,0.3241
1990-06-24,0.3241
1990-06-25,0.3285
1990-06-26,0.3283
1990-06-27,0.3303
1990-06-28,0.3249
1990-06-29,0.3264
1990-07-01,0.3264
1990-07-02,0.326
1990-07-03,0.3285
1990-07-04,0.3291
1990-07-05,0.3303
1990-07-06,0.3296
1990-07-08,0.3296
1990-07-09,0.3286
1990-07-10,0.3291
1990-07-11,0.3295
1990-07-12,0.3267
1990-07-13,0.327
1990-07-15,0.327
1990-07-16,0.3283
1990-07-17,0.3272
1990-07-18,0.3281
1990-07-19,0.3294
1990-07-20,0.3317
1990-07-22,0.3317
1990-07-23,0.3321
1990-07-24,0.3347
1990-07-25,0.3347
1990-07-26,0.3351
1990-07-27,0.3339
1990-07-29,0.3339
1990-07-30,0.3334
1990-08-01,0.3346
1990-08-02,0.333
1990-08-03,0.3338
1990-08-05,0.3338
1990-08-06,0.3356
1990-08-07,0.3378
1990-08-08,0.3374
1990-08-09,0.3349
1990-08-10,0.3355
1990-08-12,0.3355
1990-08-13,0.3382
1990-08-14,0.3355
1990-08-15,0.3357
1990-08-16,0.3365
1990-08-17,0.339
1990-08-19,0.339
1990-08-20,0.3387
1990-08-21,0.3373
1990-08-22,0.3371
1990-08-23,0.3387
1990-08-24,0.3395
1990-08-26,0.3395
1990-08-27,0.3432
1990-08-28,0.3457
1990-08-29,0.3458
1990-08-30,0.3436
1990-08-31,0.341
1990-09-02,0.341
1990-09-03,0.3363
1990-09-04,0.3358
1990-09-05,0.3376
1990-09-06,0.3397
1990-09-07,0.3394
1990-09-09,0.3394
1990-09-10,0.3457
1990-09-11,0.3428
1990-09-12,0.3418
1990-09-13,0.341
1990-09-14,0.3435
1990-09-16,0.3435
1990-09-17,0.3451
1990-09-18,0.3451
1990-09-19,0.3457
1990-09-23,0.3457
1990-09-24,0.3445
1990-09-25,0.3446
1990-09-26,0.3434
1990-09-27,0.3433
1990-09-30,0.3433
1990-10-01,0.3453
1990-10-02,0.3441
1990-10-03,0.3453
1990-10-05,0.3472
1990-10-07,0.3472
1990-10-08,0.3448
1990-10-09,0.3471
1990-10-10,0.348
1990-10-12,0.3494
1990-10-14,0.3494
1990-10-15,0.3478
1990-10-16,0.3478
1990-10-17,0.3497
1990-10-18,0.3499
1990-10-19,0.3511
1990-10-21,0.3511
1990-10-22,0.3505
1990-10-23,0.3484
1990-10-24,0.3499
1990-10-25,0.3503
1990-10-26,0.3499
1990-10-28,0.3499
1990-10-29,0.3497
1990-10-30,0.3481
1990-10-31,0.3485
1990-11-01,0.3478
1990-11-02,0.3495
1990-11-04,0.3495
1990-11-05,0.351
1990-11-06,0.3521
1990-11-07,0.3524
1990-11-08,0.3527
1990-11-09,0.3517
1990-11-11,0.3517
1990-11-12,0.3533
1990-11-13,0.3542
1990-11-14,0.3534
1990-11-15,0.3539
1990-11-16,0.3527
1990-11-18,0.3527
1990-11-19,0.3545
1990-11-20,0.3537
1990-11-21,0.3535
1990-11-22,0.3522
1990-11-23,0.3535
1990-11-25,0.3535
1990-11-26,0.3522
1990-11-27,0.3538
1990-11-28,0.3538
1990-11-29,0.352
1990-11-30,0.3496
1990-12-02,0.3496
1990-12-03,0.3504
1990-12-04,0.3497
1990-12-05,0.3506
1990-12-06,0.3512
1990-12-07,0.352
1990-12-09,0.352
1990-12-10,0.3541
1990-12-11,0.3552
1990-12-12,0.3553
1990-12-13,0.3548
1990-12-14,0.3543
1990-12-16,0.3543
1990-12-17,0.3525
1990-12-18,0.3521
1990-12-19,0.3531
1990-12-20,0.3556
1990-12-21,0.3519
1990-12-23,0.3519
1990-12-24,0.3528
1990-12-27,0.3508
1990-12-28,0.3534
1990-12-30,0.3534
1990-12-31,0.3527
1991-01-02,0.3535
1991-01-03,0.3523
1991-01-04,0.3529
1991-01-06,0.3529
1991-01-07,0.3484
1991-01-08,0.3451
1991-01-09,0.344
1991-01-10,0.3464
1991-01-11,0.347
1991-01-13,0.347
1991-01-14,0.3434
1991-01-15,0.3438
1991-01-16,0.3436
1991-01-17,0.3468
1991-01-18,0.3483
1991-01-20,0.3483
1991-01-21,0.3488
1991-01-22,0.3524
1991-01-23,0.3501
1991-01-24,0.352
1991-01-25,0.3518
1991-01-27,0.3518
1991-01-28,0.3513
1991-01-29,0.3521
1991-01-30,0.3507
1991-01-31,0.3506
1991-02-01,0.3524
1991-02-03,0.3524
1991-02-04,0.3535
1991-02-05,0.3543
1991-02-06,0.3563
1991-02-07,0.3567
1991-02-08,0.3561
1991-02-10,0.3561
1991-02-11,0.3556
1991-02-12,0.3562
1991-02-13,0.3555
1991-02-14,0.3545
1991-02-15,0.3548
1991-02-17,0.3548
1991-02-18,0.3529
1991-02-19,0.3518
1991-02-20,0.3517
1991-02-21,0.3514
1991-02-22,0.3532
1991-02-24,0.3532
1991-02-25,0.3489
1991-02-26,0.3496
1991-02-27,0.3477
1991-03-01,0.3467
1991-03-03,0.3467
1991-03-04,0.3453
1991-03-05,0.3482
1991-03-06,0.346
1991-03-07,0.3464
1991-03-08,0.3442
1991-03-10,0.3442
1991-03-11,0.3604
1991-03-12,0.3619
1991-03-13,0.3619
1991-03-14,0.3619
1991-03-15,0.3602
1991-03-17,0.3602
1991-03-18,0.3583
1991-03-19,0.3552
1991-03-20,0.3521
1991-03-21,0.3529
1991-03-22,0.3541
1991-03-24,0.3541
1991-03-25,0.352
1991-03-26,0.3469
1991-03-27,0.3473
1991-03-28,0.3443
1991-03-31,0.3443
1991-04-02,0.35
1991-04-03,0.3493
1991-04-04,0.3473
1991-04-07,0.3473
1991-04-08,0.346
1991-04-09,0.3467
1991-04-10,0.349
1991-04-11,0.3472
1991-04-12,0.3484
1991-04-14,0.3484
1991-04-15,0.3476
1991-04-16,0.3494
1991-04-17,0.3499
1991-04-19,0.3446
1991-04-21,0.3446
1991-04-22,0.3419
1991-04-23,0.3411
1991-04-24,0.3434
1991-04-25,0.3436
1991-04-26,0.3453
1991-04-28,0.3453
1991-04-29,0.3432
1991-04-30,0.3459
1991-05-01,0.3508
1991-05-02,0.3476
1991-05-03,0.3493
1991-05-05,0.3493
1991-05-06,0.3482
1991-05-07,0.3514
1991-05-08,0.3594
1991-05-09,0.3523
1991-05-10,0.3569
1991-05-12,0.3569
1991-05-13,0.3582
1991-05-14,0.3622
1991-05-15,0.3639
1991-05-16,0.3649
1991-05-17,0.3655
1991-05-20,0.3598
1991-05-21,0.3644
1991-05-22,0.366
1991-05-23,0.3661
1991-05-24,0.3683
1991-05-26,0.3683
1991-05-27,0.3677
1991-05-28,0.3666
1991-05-29,0.367
1991-05-30,0.3609
1991-05-31,0.3606
1991-06-02,0.3606
1991-06-03,0.3591
1991-06-04,0.3593
1991-06-05,0.3568
1991-06-06,0.3571
1991-06-07,0.3551
1991-06-09,0.3551
1991-06-10,0.3534
1991-06-11,0.3535
1991-06-12,0.3525
1991-06-13,0.3485
1991-06-14,0.3452
1991-06-16,0.3452
1991-06-17,0.3462
1991-06-18,0.345
1991-06-19,0.3431
1991-06-20,0.347
1991-06-21,0.3451
1991-06-23,0.3451
1991-06-24,0.3428
1991-06-25,0.3454
1991-06-26,0.3449
1991-06-27,0.3448
1991-06-28,0.343
1991-06-30,0.343
1991-07-01,0.3429
1991-07-02,0.3402
1991-07-03,0.3399
1991-07-04,0.3384
1991-07-05,0.338
1991-07-07,0.338
1991-07-08,0.3413
1991-07-09,0.3399
1991-07-10,0.3391
1991-07-11,0.3404
1991-07-12,0.338
1991-07-14,0.338
1991-07-15,0.3427
1991-07-16,0.343
1991-07-17,0.3427
1991-07-18,0.3449
1991-07-19,0.3471
1991-07-22,0.3496
1991-07-23,0.3473
1991-07-24,0.3492
1991-07-25,0.3491
1991-07-26,0.3495
1991-07-28,0.3495
1991-07-29,0.3483
1991-07-30,0.3488
1991-07-31,0.3495
1991-08-01,0.3472
1991-08-02,0.3451
1991-08-04,0.3451
1991-08-05,0.3494
1991-08-06,0.3513
1991-08-07,0.3513
1991-08-08,0.3518
1991-08-09,0.3487
1991-08-11,0.3487
1991-08-12,0.3483
1991-08-13,0.3484
1991-08-14,0.3453
1991-08-15,0.3442
1991-08-16,0.3449
1991-08-18,0.3449
1991-08-19,0.3387
1991-08-20,0.3405
1991-08-21,0.3421
1991-08-22,0.3475
1991-08-23,0.3488
1991-08-25,0.3488
1991-08-26,0.3472
1991-08-27,0.3468
1991-08-28,0.3457
1991-08-29,0.3471
1991-08-30,0.3463
1991-09-01,0.3463
1991-09-02,0.3456
1991-09-03,0.3475
1991-09-04,0.3468
1991-09-05,0.3463
1991-09-06,0.3458
1991-09-08,0.3458
1991-09-11,0.352
1991-09-12,0.354
1991-09-13,0.3526
1991-09-15,0.3526
1991-09-16,0.3549
1991-09-19,0.3568
1991-09-20,0.3574
1991-09-22,0.3574
1991-09-24,0.3614
1991-09-25,0.3627
1991-09-26,0.3622
1991-09-27,0.3682
1991-09-29,0.3682
1991-10-01,0.3702
1991-10-02,0.3711
1991-10-03,0.3712
1991-10-04,0.3712
1991-10-06,0.3712
1991-10-07,0.3694
1991-10-08,0.3695
1991-10-09,0.3666
1991-10-10,0.3688
1991-10-11,0.3694
1991-10-13,0.3694
1991-10-14,0.3707
1991-10-15,0.3695
1991-10-16,0.3706
1991-10-17,0.3712
1991-10-18,0.3728
1991-10-20,0.3728
1991-10-21,0.3737
1991-10-22,0.3733
1991-10-23,0.3721
1991-10-24,0.3722
1991-10-25,0.373
1991-10-27,0.373
1991-10-28,0.3702
1991-10-29,0.367
1991-10-30,0.3691
1991-10-31,0.3697
1991-11-01,0.3691
1991-11-03,0.3691
1991-11-04,0.3725
1991-11-05,0.3728
1991-11-06,0.3727
1991-11-07,0.3734
1991-11-08,0.3721
1991-11-10,0.3721
1991-11-11,0.3707
1991-11-12,0.3724
1991-11-13,0.3707
1991-11-14,0.3706
1991-11-15,0.3708
1991-11-17,0.3708
1991-11-18,0.3729
1991-11-19,0.3727
1991-11-20,0.3734
1991-11-21,0.3731
1991-11-22,0.3739
1991-11-24,0.3739
1991-11-25,0.3761
1991-11-26,0.3759
1991-11-27,0.3739
1991-11-28,0.3726
1991-11-29,0.3706
1991-12-01,0.3706
1991-12-02,0.373
1991-12-03,0.3725
1991-12-04,0.3736
1991-12-05,0.3747
1991-12-06,0.3759
1991-12-08,0.3759
1991-12-09,0.3775
1991-12-10,0.3785
1991-12-11,0.3746
1991-12-12,0.3775
1991-12-13,0.3762
1991-12-15,0.3762
1991-12-16,0.3756
1991-12-17,0.377
1991-12-18,0.378
1991-12-19,0.3778
1991-12-20,0.3799
1991-12-22,0.3799
1991-12-23,0.3844
1991-12-24,0.3838
1991-12-27,0.3876
1991-12-29,0.3876
1991-12-30,0.3867
1991-12-31,0.3862
1992-01-02,0.3855
1992-01-03,0.3833
1992-01-05,0.3833
1992-01-06,0.3841
1992-01-07,0.3857
1992-01-08,0.3861
1992-01-09,0.3834
1992-01-10,0.3784
1992-01-12,0.3784
1992-01-13,0.376
1992-01-14,0.3768
1992-01-15,0.3717
1992-01-16,0.3705
1992-01-17,0.3676
1992-01-19,0.3676
1992-01-20,0.373
1992-01-21,0.3736
1992-01-22,0.3741
1992-01-23,0.3739
1992-01-24,0.3708
1992-01-26,0.3708
1992-01-27,0.3725
1992-01-28,0.3716
1992-01-29,0.3743
1992-01-30,0.3716
1992-01-31,0.3702
1992-02-02,0.3702
1992-02-03,0.3712
1992-02-04,0.3723
1992-02-05,0.3738
1992-02-06,0.3752
1992-02-07,0.3745
1992-02-09,0.3745
1992-02-10,0.3778
1992-02-11,0.3761
1992-02-12,0.3743
1992-02-13,0.3732
1992-02-14,0.3702
1992-02-16,0.3702
1992-02-17,0.3712
1992-02-18,0.3676
1992-02-19,0.3678
1992-02-20,0.3675
1992-02-21,0.3696
1992-02-23,0.3696
1992-02-24,0.3673
1992-02-25,0.3704
1992-02-26,0.3694
1992-02-27,0.3712
1992-02-28,0.373
1992-03-01,0.373
1992-03-02,0.3721
1992-03-03,0.3709
1992-03-04,0.3706
1992-03-05,0.3701
1992-03-06,0.3706
1992-03-08,0.3706
1992-03-09,0.3718
1992-03-10,0.3723
1992-03-11,0.3704
1992-03-12,0.3712
1992-03-13,0.3702
1992-03-15,0.3702
1992-03-16,0.372
1992-03-17,0.3734
1992-03-18,0.3742
1992-03-22,0.3742
1992-03-23,0.3722
1992-03-24,0.3737
1992-03-25,0.3758
1992-03-26,0.3756
1992-03-27,0.3746
1992-03-29,0.3746
1992-03-30,0.3779
1992-03-31,0.3767
1992-04-01,0.3743
1992-04-02,0.3732
1992-04-03,0.3753
1992-04-05,0.3753
1992-04-06,0.378
1992-04-07,0.3789
1992-04-08,0.3789
1992-04-09,0.3768
1992-04-10,0.3779
1992-04-12,0.3779
1992-04-13,0.3764
1992-04-14,0.3752
1992-04-15,0.3743
1992-04-16,0.3736
1992-04-19,0.3736
1992-04-21,0.3747
1992-04-22,0.3755
1992-04-23,0.377
1992-04-26,0.377
1992-04-27,0.3787
1992-04-28,0.3786
1992-04-29,0.3797
1992-04-30,0.3782
1992-05-01,0.3793
1992-05-03,0.3793
1992-05-04,0.3806
1992-05-05,0.3819
1992-05-06,0.3833
1992-05-08,0.3839
1992-05-10,0.3839
1992-05-11,0.3834
1992-05-12,0.3859
1992-05-13,0.3885
1992-05-14,0.3907
1992-05-15,0.3895
1992-05-17,0.3895
1992-05-18,0.3931
1992-05-19,0.3931
1992-05-20,0.3922
1992-05-21,0.3917
1992-05-22,0.3921
1992-05-24,0.3921
1992-05-25,0.3927
1992-05-26,0.3938
1992-05-27,0.3925
1992-05-28,0.3933
1992-05-29,0.3976
1992-05-31,0.3976
1992-06-01,0.3992
1992-06-02,0.3967
1992-06-03,0.3948
1992-06-04,0.3964
1992-06-05,0.3977
1992-06-08,0.3983
1992-06-09,0.3991
1992-06-10,0.3989
1992-06-11,0.4004
1992-06-12,0.4029
1992-06-14,0.4029
1992-06-15,0.4052
1992-06-16,0.404
1992-06-17,0.406
1992-06-18,0.4035
1992-06-19,0.406
1992-06-21,0.406
1992-06-22,0.4063
1992-06-24,0.4094
1992-06-25,0.4126
1992-06-26,0.4144
1992-06-28,0.4144
1992-06-29,0.4165
1992-06-30,0.4177
1992-07-01,0.4181
1992-07-02,0.4175
1992-07-03,0.4197
1992-07-05,0.4197
1992-07-06,0.4181
1992-07-07,0.4208
1992-07-08,0.4249
1992-07-09,0.4256
1992-07-10,0.4216
1992-07-12,0.4216
1992-07-13,0.4262
1992-07-14,0.4272
1992-07-15,0.4279
1992-07-16,0.4289
1992-07-17,0.4298
1992-07-19,0.4298
1992-07-20,0.4339
1992-07-21,0.4284
1992-07-22,0.4287
1992-07-23,0.4282
1992-07-24,0.4293
1992-07-26,0.4293
1992-07-27,0.4288
1992-07-28,0.4307
1992-07-29,0.4323
1992-07-30,0.4297
1992-07-31,0.4303
1992-08-02,0.4303
1992-08-03,0.4319
1992-08-04,0.4311
1992-08-05,0.4313
1992-08-06,0.4302
1992-08-07,0.4315
1992-08-10,0.4328
1992-08-11,0.4341
1992-08-12,0.4333
1992-08-13,0.4345
1992-08-14,0.435
1992-08-16,0.435
1992-08-17,0.4329
1992-08-18,0.4343
1992-08-19,0.4347
1992-08-20,0.4351
1992-08-21,0.4355
1992-08-23,0.4355
1992-08-24,0.4411
1992-08-25,0.4439
1992-08-26,0.4433
1992-08-27,0.4424
1992-08-28,0.4429
1992-08-30,0.4429
1992-08-31,0.4431
1992-09-01,0.4443
1992-09-02,0.4455
1992-09-03,0.4448
1992-09-04,0.4403
1992-09-06,0.4403
1992-09-07,0.4437
1992-09-08,0.4455
1992-09-09,0.4442
1992-09-10,0.4406
1992-09-11,0.439
1992-09-13,0.439
1992-09-14,0.4317
1992-09-15,0.4325
1992-09-16,0.4294
1992-09-17,0.4265
1992-09-18,0.4264
1992-09-20,0.4264
1992-09-21,0.4312
1992-09-22,0.4301
1992-09-23,0.428
1992-09-24,0.4294
1992-09-25,0.4339
1992-09-27,0.4339
1992-09-30,0.4449
1992-10-01,0.4465
1992-10-02,0.4458
1992-10-04,0.4458
1992-10-05,0.4486
1992-10-08,0.4388
1992-10-09,0.4361
1992-10-11,0.4361
1992-10-13,0.4349
1992-10-14,0.4405
1992-10-15,0.4408
1992-10-16,0.4393
1992-10-18,0.4393
1992-10-20,0.4334
1992-10-21,0.4321
1992-10-22,0.4315
1992-10-23,0.4344
1992-10-25,0.4344
1992-10-26,0.4288
1992-10-27,0.4308
1992-10-28,0.4305
1992-10-29,0.4305
1992-10-30,0.4325
1992-11-01,0.4325
1992-11-02,0.4336
1992-11-03,0.432
1992-11-04,0.4333
1992-11-05,0.4328
1992-11-06,0.4314
1992-11-08,0.4314
1992-11-09,0.4308
1992-11-10,0.4317
1992-11-11,0.433
1992-11-12,0.4351
1992-11-13,0.4351
1992-11-15,0.4351
1992-11-16,0.435
1992-11-17,0.4325
1992-11-18,0.4352
1992-11-19,0.4358
1992-11-20,0.432
1992-11-22,0.432
1992-11-23,0.4286
1992-11-24,0.4318
1992-11-25,0.4358
1992-11-26,0.4372
1992-11-27,0.4356
1992-11-29,0.4356
1992-11-30,0.4367
1992-12-01,0.4371
1992-12-02,0.4378
1992-12-03,0.4377
1992-12-04,0.4373
1992-12-06,0.4373
1992-12-07,0.4358
1992-12-08,0.4415
1992-12-09,0.4414
1992-12-10,0.4389
1992-12-11,0.4362
1992-12-13,0.4362
1992-12-14,0.4406
1992-12-15,0.4425
1992-12-16,0.446
1992-12-17,0.4455
1992-12-18,0.4448
1992-12-20,0.4448
1992-12-21,0.4449
1992-12-22,0.4426
1992-12-23,0.4421
1992-12-24,0.442
1992-12-27,0.442
1992-12-28,0.4429
1992-12-29,0.4404
1992-12-30,0.4431
1992-12-31,0.4429
1993-01-03,0.4429
1993-01-04,0.4412
1993-01-05,0.4402
1993-01-06,0.4421
1993-01-07,0.4418
1993-01-08,0.4411
1993-01-10,0.4411
1993-01-11,0.4418
1993-01-12,0.4433
1993-01-13,0.4419
1993-01-14,0.4447
1993-01-15,0.4443
1993-01-17,0.4443
1993-01-18,0.445
1993-01-19,0.4474
1993-01-20,0.4496
1993-01-21,0.4492
1993-01-22,0.4493
1993-01-24,0.4493
1993-01-25,0.4528
1993-01-26,0.4547
1993-01-27,0.4546
1993-01-28,0.4529
1993-01-29,0.4516
1993-01-31,0.4516
1993-02-01,0.4453
1993-02-02,0.4451
1993-02-03,0.4427
1993-02-04,0.4388
1993-02-05,0.4421
1993-02-07,0.4421
1993-02-08,0.4465
1993-02-09,0.4442
1993-02-10,0.4443
1993-02-11,0.444
1993-02-12,0.4444
1993-02-14,0.4444
1993-02-15,0.443
1993-02-16,0.4448
1993-02-17,0.4473
1993-02-18,0.4474
1993-02-19,0.4475
1993-02-21,0.4475
1993-02-22,0.4465
1993-02-23,0.4475
1993-02-24,0.4479
1993-02-25,0.447
1993-02-26,0.4433
1993-02-28,0.4433
1993-03-01,0.4418
1993-03-02,0.4422
1993-03-03,0.4426
1993-03-04,0.4415
1993-03-05,0.4422
1993-03-08,0.4395
1993-03-09,0.4392
1993-03-10,0.4391
1993-03-11,0.4376
1993-03-12,0.4386
1993-03-14,0.4386
1993-03-15,0.4373
1993-03-16,0.4378
1993-03-17,0.4384
1993-03-18,0.4377
1993-03-19,0.4398
1993-03-21,0.4398
1993-03-22,0.4415
1993-03-23,0.4431
1993-03-24,0.4437
1993-03-25,0.4426
1993-03-26,0.4416
1993-03-28,0.4416
1993-03-29,0.4445
1993-03-30,0.4444
1993-03-31,0.4466
1993-04-01,0.4455
1993-04-02,0.4494
1993-04-04,0.4494
1993-04-05,0.4476
1993-04-07,0.4466
1993-04-08,0.4453
1993-04-11,0.4453
1993-04-13,0.4486
1993-04-14,0.4504
1993-04-15,0.4469
1993-04-16,0.4454
1993-04-18,0.4454
1993-04-19,0.4441
1993-04-20,0.4488
1993-04-21,0.4467
1993-04-22,0.4469
1993-04-23,0.4475
1993-04-25,0.4475
1993-04-27,0.4491
1993-04-28,0.4463
1993-04-29,0.449
1993-04-30,0.4485
1993-05-02,0.4485
1993-05-03,0.4477
1993-05-04,0.4493
1993-05-05,0.4503
1993-05-06,0.4483
1993-05-07,0.4481
1993-05-09,0.4481
1993-05-10,0.4454
1993-05-11,0.4421
1993-05-12,0.4415
1993-05-13,0.4418
1993-05-14,0.4413
1993-05-16,0.4413
1993-05-17,0.442
1993-05-18,0.4401
1993-05-19,0.4418
1993-05-20,0.4412
1993-05-21,0.4415
1993-05-23,0.4415
1993-05-24,0.439
1993-05-25,0.4394
1993-05-27,0.4408
1993-05-28,0.4442
1993-05-30,0.4442
1993-06-01,0.4459
1993-06-02,0.4471
1993-06-03,0.4456
1993-06-04,0.4454
1993-06-06,0.4454
1993-06-07,0.4416
1993-06-08,0.4423
1993-06-09,0.4408
1993-06-10,0.4399
1993-06-11,0.4415
1993-06-13,0.4415
1993-06-14,0.4424
1993-06-15,0.4416
1993-06-16,0.4385
1993-06-17,0.4368
1993-06-18,0.4358
1993-06-20,0.4358
1993-06-21,0.4331
1993-06-22,0.4335
1993-06-23,0.4323
1993-06-24,0.4312
1993-06-25,0.4307
1993-06-27,0.4307
1993-06-28,0.4287
1993-06-29,0.4313
1993-06-30,0.4312
1993-07-01,0.4285
1993-07-02,0.4297
1993-07-04,0.4297
1993-07-05,0.4298
1993-07-06,0.4287
1993-07-07,0.4296
1993-07-08,0.4292
1993-07-09,0.4265
1993-07-11,0.4265
1993-07-12,0.4227
1993-07-13,0.4211
1993-07-14,0.4197
1993-07-15,0.4211
1993-07-16,0.4185
1993-07-18,0.4185
1993-07-19,0.4236
1993-07-20,0.4244
1993-07-21,0.426
1993-07-22,0.4231
1993-07-23,0.4213
1993-07-25,0.4213
1993-07-26,0.4272
1993-07-28,0.4278
1993-07-29,0.4289
1993-07-30,0.4227
1993-08-01,0.4227
1993-08-02,0.4039
1993-08-03,0.4185
1993-08-04,0.4214
1993-08-05,0.4206
1993-08-06,0.4229
1993-08-08,0.4229
1993-08-09,0.4165
1993-08-10,0.4146
1993-08-11,0.4105
1993-08-12,0.4104
1993-08-13,0.4035
1993-08-15,0.4035
1993-08-16,0.4044
1993-08-17,0.407
1993-08-18,0.4125
1993-08-19,0.4124
1993-08-20,0.4147
1993-08-22,0.4147
1993-08-23,0.415
1993-08-24,0.4129
1993-08-25,0.414
1993-08-26,0.4152
1993-08-27,0.416
1993-08-29,0.416
1993-08-30,0.419
1993-08-31,0.4187
1993-09-01,0.4188
1993-09-02,0.4202
1993-09-03,0.4199
1993-09-05,0.4199
1993-09-06,0.427
1993-09-07,0.4275
1993-09-08,0.4275
1993-09-09,0.4261
1993-09-10,0.4292
1993-09-12,0.4292
1993-09-13,0.431
1993-09-14,0.4299
1993-09-15,0.4311
1993-09-19,0.4311
1993-09-20,0.4317
1993-09-21,0.4324
1993-09-22,0.4306
1993-09-23,0.4336
1993-09-26,0.4336
1993-09-27,0.4358
1993-09-28,0.4358
1993-09-29,0.4374
1993-10-01,0.4343
1993-10-03,0.4343
1993-10-04,0.4349
1993-10-05,0.436
1993-10-06,0.4355
1993-10-08,0.4363
1993-10-10,0.4363
1993-10-11,0.4401
1993-10-12,0.4411
1993-10-13,0.4423
1993-10-14,0.4398
1993-10-15,0.4363
1993-10-17,0.4363
1993-10-18,0.4351
1993-10-19,0.4338
1993-10-20,0.434
1993-10-21,0.4339
1993-10-22,0.4309
1993-10-24,0.4309
1993-10-25,0.433
1993-10-26,0.4319
1993-10-27,0.4324
1993-10-28,0.4328
1993-10-29,0.4333
1993-10-31,0.4333
1993-11-01,0.4309
1993-11-02,0.432
1993-11-03,0.4334
1993-11-04,0.4347
1993-11-05,0.4339
1993-11-07,0.4339
1993-11-08,0.4358
1993-11-09,0.4379
1993-11-10,0.4361
1993-11-11,0.4368
1993-11-12,0.4361
1993-11-14,0.4361
1993-11-15,0.4365
1993-11-16,0.4357
1993-11-17,0.4357
1993-11-18,0.4347
1993-11-19,0.4342
1993-11-21,0.4342
1993-11-22,0.4361
1993-11-23,0.4377
1993-11-24,0.4368
1993-11-25,0.4363
1993-11-26,0.4364
1993-11-28,0.4364
1993-11-29,0.437
1993-11-30,0.4388
1993-12-01,0.4375
1993-12-02,0.4364
1993-12-03,0.4372
1993-12-05,0.4372
1993-12-06,0.4396
1993-12-07,0.4413
1993-12-08,0.441
1993-12-09,0.4433
1993-12-10,0.4449
1993-12-12,0.4449
1993-12-13,0.4454
1993-12-14,0.4435
1993-12-15,0.4417
1993-12-16,0.4413
1993-12-17,0.4436
1993-12-19,0.4436
1993-12-20,0.4436
1993-12-21,0.4445
1993-12-22,0.4463
1993-12-23,0.4478
1993-12-24,0.4492
1993-12-26,0.4492
1993-12-27,0.4487
1993-12-28,0.4489
1993-12-29,0.4482
1993-12-30,0.4454
1993-12-31,0.4412
1994-01-02,0.4412
1994-01-03,0.4406
1994-01-04,0.4407
1994-01-05,0.4417
1994-01-06,0.4411
1994-01-07,0.4413
1994-01-09,0.4413
1994-01-10,0.4427
1994-01-11,0.4434
1994-01-12,0.4422
1994-01-13,0.4421
1994-01-14,0.4397
1994-01-16,0.4397
1994-01-17,0.4389
1994-01-18,0.4387
1994-01-19,0.4386
1994-01-20,0.4393
1994-01-21,0.4405
1994-01-23,0.4405
1994-01-24,0.4393
1994-01-25,0.4392
1994-01-26,0.4397
1994-01-27,0.442
1994-01-28,0.4444
1994-01-30,0.4444
1994-01-31,0.4424
1994-02-01,0.4419
1994-02-02,0.4428
1994-02-03,0.4417
1994-02-04,0.4406
1994-02-06,0.4406
1994-02-07,0.4377
1994-02-08,0.4374
1994-02-09,0.4364
1994-02-10,0.4362
1994-02-11,0.4355
1994-02-13,0.4355
1994-02-14,0.4362
1994-02-15,0.4378
1994-02-16,0.4377
1994-02-17,0.4386
1994-02-18,0.4412
1994-02-20,0.4412
1994-02-21,0.4409
1994-02-22,0.4393
1994-02-23,0.4418
1994-02-24,0.4428
1994-02-27,0.4428
1994-02-28,0.4426
1994-03-01,0.4449
1994-03-02,0.4425
1994-03-03,0.4437
1994-03-04,0.4436
1994-03-06,0.4436
1994-03-07,0.4438
1994-03-08,0.4445
1994-03-09,0.4457
1994-03-10,0.4487
1994-03-11,0.4511
1994-03-13,0.4511
1994-03-14,0.4504
1994-03-15,0.4498
1994-03-16,0.449
1994-03-17,0.4498
1994-03-18,0.448
1994-03-20,0.448
1994-03-21,0.4473
1994-03-22,0.4483
1994-03-23,0.4485
1994-03-24,0.4489
1994-03-25,0.4509
1994-03-28,0.4506
1994-03-29,0.4525
1994-03-30,0.4517
1994-03-31,0.4522
1994-04-03,0.4522
1994-04-05,0.4482
1994-04-06,0.4464
1994-04-07,0.446
1994-04-08,0.446
1994-04-10,0.446
1994-04-11,0.4469
1994-04-12,0.4456
1994-04-13,0.4451
1994-04-15,0.4456
1994-04-17,0.4456
1994-04-18,0.4462
1994-04-19,0.446
1994-04-20,0.4467
1994-04-21,0.4489
1994-04-22,0.4509
1994-04-24,0.4509
1994-04-25,0.4536
1994-04-26,0.4549
1994-04-27,0.4573
1994-04-28,0.4575
1994-04-29,0.4593
1994-05-01,0.4593
1994-05-02,0.462
1994-05-03,0.4642
1994-05-04,0.4665
1994-05-05,0.463
1994-05-06,0.4613
1994-05-08,0.4613
1994-05-09,0.4622
1994-05-10,0.4629
1994-05-11,0.4612
1994-05-12,0.4621
1994-05-13,0.4602
1994-05-15,0.4602
1994-05-17,0.46
1994-05-18,0.4608
1994-05-19,0.4639
1994-05-20,0.4649
1994-05-22,0.4649
1994-05-23,0.4674
1994-05-24,0.4683
1994-05-25,0.4668
1994-05-26,0.4699
1994-05-27,0.4699
1994-05-29,0.4699
1994-05-30,0.4719
1994-05-31,0.4714
1994-06-01,0.4698
1994-06-02,0.4698
1994-06-03,0.4683
1994-06-05,0.4683
1994-06-06,0.4671
1994-06-07,0.4676
1994-06-08,0.4684
1994-06-09,0.4677
1994-06-10,0.4691
1994-06-12,0.4691
1994-06-13,0.4718
1994-06-14,0.4732
1994-06-15,0.4735
1994-06-16,0.476
1994-06-17,0.4773
1994-06-19,0.4773
1994-06-20,0.4825
1994-06-21,0.4851
1994-06-22,0.4854
1994-06-23,0.4847
1994-06-24,0.4867
1994-06-26,0.4867
1994-06-27,0.4888
1994-06-28,0.4895
1994-06-29,0.4891
1994-06-30,0.4846
1994-07-01,0.4828
1994-07-03,0.4828
1994-07-04,0.484
1994-07-05,0.4848
1994-07-06,0.4864
1994-07-07,0.4859
1994-07-08,0.4877
1994-07-10,0.4877
1994-07-11,0.4906
1994-07-12,0.4973
1994-07-13,0.4969
1994-07-14,0.4959
1994-07-15,0.493
1994-07-18,0.4962
1994-07-19,0.4953
1994-07-20,0.4929
1994-07-21,0.4954
1994-07-22,0.4887
1994-07-24,0.4887
1994-07-25,0.4893
1994-07-26,0.4888
1994-07-27,0.4912
1994-07-28,0.4931
1994-07-29,0.4894
1994-07-31,0.4894
1994-08-01,0.4915
1994-08-02,0.4899
1994-08-03,0.4895
1994-08-04,0.4917
1994-08-05,0.4879
1994-08-07,0.4879
1994-08-08,0.4899
1994-08-09,0.488
1994-08-10,0.4887
1994-08-11,0.4867
1994-08-12,0.4895
1994-08-14,0.4895
1994-08-15,0.492
1994-08-16,0.4905
1994-08-17,0.4906
1994-08-18,0.4905
1994-08-19,0.4934
1994-08-21,0.4934
1994-08-22,0.497
1994-08-23,0.498
1994-08-24,0.4938
1994-08-25,0.4923
1994-08-26,0.4929
1994-08-28,0.4929
1994-08-29,0.4875
1994-08-30,0.4857
1994-08-31,0.4866
1994-09-01,0.486
1994-09-02,0.487
1994-09-04,0.487
1994-09-05,0.4922
1994-09-08,0.493
1994-09-09,0.4914
1994-09-11,0.4914
1994-09-12,0.4963
1994-09-13,0.4958
1994-09-16,0.4949
1994-09-18,0.4949
1994-09-19,0.4951
1994-09-21,0.4952
1994-09-22,0.496
1994-09-23,0.4968
1994-09-25,0.4968
1994-09-26,0.4963
1994-09-28,0.4997
1994-09-29,0.497
1994-09-30,0.4962
1994-10-02,0.4962
1994-10-03,0.4945
1994-10-04,0.4971
1994-10-05,0.4975
1994-10-06,0.4986
1994-10-07,0.4993
1994-10-09,0.4993
1994-10-10,0.4979
1994-10-11,0.4993
1994-10-12,0.5012
1994-10-13,0.5028
1994-10-14,0.5061
1994-10-16,0.5061
1994-10-17,0.5101
1994-10-18,0.5131
1994-10-19,0.5129
1994-10-20,0.5142
1994-10-21,0.5175
1994-10-23,0.5175
1994-10-24,0.5159
1994-10-25,0.5178
1994-10-26,0.5158
1994-10-27,0.515
1994-10-28,0.5128
1994-10-30,0.5128
1994-10-31,0.509
1994-11-01,0.5112
1994-11-02,0.5134
1994-11-03,0.5075
1994-11-04,0.5046
1994-11-06,0.5046
1994-11-07,0.5057
1994-11-08,0.5048
1994-11-09,0.5046
1994-11-10,0.5019
1994-11-11,0.5023
1994-11-13,0.5023
1994-11-14,0.4974
1994-11-15,0.4974
1994-11-16,0.4935
1994-11-17,0.4946
1994-11-18,0.4968
1994-11-20,0.4968
1994-11-21,0.4974
1994-11-22,0.4998
1994-11-23,0.4983
1994-11-24,0.4982
1994-11-25,0.4999
1994-11-27,0.4999
1994-11-28,0.4981
1994-11-29,0.4957
1994-11-30,0.4928
1994-12-01,0.4925
1994-12-02,0.4912
1994-12-04,0.4912
1994-12-05,0.4901
1994-12-06,0.4906
1994-12-07,0.4908
1994-12-08,0.4899
1994-12-09,0.4881
1994-12-11,0.4881
1994-12-12,0.4888
1994-12-13,0.4892
1994-12-14,0.4895
1994-12-15,0.4895
1994-12-16,0.4894
1994-12-18,0.4894
1994-12-19,0.4889
1994-12-20,0.4917
1994-12-21,0.4958
1994-12-22,0.4937
1994-12-23,0.4934
1994-12-25,0.4934
1994-12-27,0.4915
1994-12-28,0.4912
1994-12-29,0.494
1994-12-30,0.4965
1995-01-01,0.4965
1995-01-03,0.4941
1995-01-04,0.4943
1995-01-05,0.4947
1995-01-06,0.4955
1995-01-08,0.4955
1995-01-09,0.4936
1995-01-10,0.4976
1995-01-11,0.4975
1995-01-12,0.4974
1995-01-13,0.499
1995-01-15,0.499
1995-01-16,0.4979
1995-01-17,0.499
1995-01-18,0.4998
1995-01-19,0.4988
1995-01-20,0.5022
1995-01-22,0.5022
1995-01-23,0.503
1995-01-24,0.5029
1995-01-25,0.5039
1995-01-26,0.502
1995-01-27,0.5027
1995-01-29,0.5027
1995-01-30,0.5025
1995-01-31,0.5041
1995-02-01,0.5012
1995-02-02,0.5024
1995-02-03,0.5027
1995-02-05,0.5027
1995-02-06,0.5014
1995-02-07,0.5017
1995-02-08,0.5018
1995-02-09,0.5023
1995-02-10,0.5024
1995-02-12,0.5024
1995-02-13,0.5043
1995-02-14,0.5047
1995-02-15,0.5068
1995-02-16,0.5073
1995-02-17,0.5128
1995-02-19,0.5128
1995-02-20,0.5153
1995-02-21,0.516
1995-02-22,0.5148
1995-02-23,0.5151
1995-02-24,0.5144
1995-02-26,0.5144
1995-02-27,0.5147
1995-02-28,0.5135
1995-03-01,0.5137
1995-03-02,0.5139
1995-03-03,0.5172
1995-03-05,0.5172
1995-03-06,0.5281
1995-03-07,0.5253
1995-03-08,0.533
1995-03-09,0.5295
1995-03-10,0.5294
1995-03-12,0.5294
1995-03-13,0.5269
1995-03-14,0.5255
1995-03-15,0.5245
1995-03-19,0.5245
1995-03-20,0.5296
1995-03-21,0.5275
1995-03-22,0.526
1995-03-23,0.53
1995-03-24,0.5324
1995-03-26,0.5324
1995-03-27,0.5327
1995-03-28,0.5354
1995-03-29,0.5381
1995-03-30,0.5385
1995-03-31,0.5379
1995-04-02,0.5379
1995-04-03,0.5431
1995-04-04,0.5408
1995-04-05,0.5445
1995-04-06,0.5435
1995-04-07,0.5449
1995-04-09,0.5449
1995-04-10,0.5372
1995-04-11,0.5364
1995-04-12,0.5403
1995-04-13,0.5403
1995-04-16,0.5403
1995-04-18,0.548
1995-04-19,0.5527
1995-04-20,0.5466
1995-04-23,0.5466
1995-04-24,0.5491
1995-04-25,0.5487
1995-04-26,0.5458
1995-04-27,0.548
1995-04-28,0.5465
1995-04-30,0.5465
1995-05-01,0.5442
1995-05-02,0.5464
1995-05-03,0.5482
1995-05-05,0.5486
1995-05-07,0.5486
1995-05-08,0.5522
1995-05-09,0.5507
1995-05-10,0.5491
1995-05-11,0.5439
1995-05-12,0.5355
1995-05-14,0.5355
1995-05-15,0.537
1995-05-16,0.5353
1995-05-17,0.5375
1995-05-18,0.5361
1995-05-19,0.5375
1995-05-21,0.5375
1995-05-22,0.537
1995-05-23,0.5396
1995-05-24,0.5377
1995-05-25,0.5416
1995-05-26,0.5544
1995-05-28,0.5544
1995-05-30,0.5517
1995-05-31,0.5544
1995-06-01,0.5411
1995-06-02,0.546
1995-06-05,0.5471
1995-06-06,0.5451
1995-06-07,0.5444
1995-06-08,0.5426
1995-06-09,0.544
1995-06-11,0.544
1995-06-12,0.5444
1995-06-13,0.5461
1995-06-14,0.5422
1995-06-15,0.5418
1995-06-16,0.5414
1995-06-18,0.5414
1995-06-19,0.5427
1995-06-20,0.5456
1995-06-21,0.5466
1995-06-22,0.5484
1995-06-23,0.5452
1995-06-25,0.5452
1995-06-26,0.5478
1995-06-27,0.5488
1995-06-28,0.5469
1995-06-29,0.5448
1995-06-30,0.5459
1995-07-02,0.5459
1995-07-03,0.5474
1995-07-04,0.5475
1995-07-05,0.5453
1995-07-06,0.5465
1995-07-07,0.5454
1995-07-09,0.5454
1995-07-10,0.5434
1995-07-11,0.5416
1995-07-12,0.5398
1995-07-13,0.5386
1995-07-14,0.5428
1995-07-16,0.5428
1995-07-17,0.5412
1995-07-18,0.5423
1995-07-19,0.5449
1995-07-20,0.5476
1995-07-21,0.5465
1995-07-23,0.5465
1995-07-24,0.5458
1995-07-25,0.5471
1995-07-26,0.5497
1995-07-27,0.5519
1995-07-28,0.5553
1995-07-30,0.5553
1995-07-31,0.557
1995-08-01,0.5571
1995-08-02,0.5542
1995-08-03,0.5565
1995-08-04,0.5572
1995-08-07,0.5559
1995-08-08,0.5529
1995-08-09,0.5529
1995-08-10,0.5521
1995-08-11,0.5459
1995-08-13,0.5459
1995-08-14,0.5431
1995-08-15,0.5388
1995-08-16,0.5318
1995-08-17,0.5289
1995-08-18,0.53
1995-08-20,0.53
1995-08-21,0.5325
1995-08-22,0.5282
1995-08-23,0.5299
1995-08-24,0.5278
1995-08-25,0.5328
1995-08-27,0.5328
1995-08-28,0.5356
1995-08-29,0.5349
1995-08-30,0.5317
1995-08-31,0.5348
1995-09-01,0.5344
1995-09-03,0.5344
1995-09-04,0.5368
1995-09-05,0.5351
1995-09-06,0.5311
1995-09-07,0.5319
1995-09-08,0.53
1995-09-10,0.53
1995-09-11,0.534
1995-09-12,0.5334
1995-09-13,0.5303
1995-09-14,0.529
1995-09-15,0.5281
1995-09-17,0.5281
1995-09-18,0.5292
1995-09-19,0.5279
1995-09-20,0.5308
1995-09-21,0.5407
1995-09-22,0.5464
1995-09-24,0.5464
1995-09-27,0.5428
1995-09-28,0.5428
1995-09-29,0.5431
1995-10-01,0.5431
1995-10-02,0.5407
1995-10-05,0.5412
1995-10-06,0.5431
1995-10-08,0.5431
1995-10-10,0.5436
1995-10-11,0.5441
1995-10-12,0.5435
1995-10-13,0.5447
1995-10-15,0.5447
1995-10-17,0.5431
1995-10-18,0.5411
1995-10-19,0.5435
1995-10-20,0.5479
1995-10-22,0.5479
1995-10-23,0.5555
1995-10-24,0.5592
1995-10-25,0.5589
1995-10-26,0.56
1995-10-27,0.5605
1995-10-29,0.5605
1995-10-30,0.5551
1995-10-31,0.5526
1995-11-01,0.5519
1995-11-02,0.5469
1995-11-03,0.5491
1995-11-05,0.5491
1995-11-06,0.5512
1995-11-07,0.5513
1995-11-08,0.5499
1995-11-09,0.5464
1995-11-10,0.5511
1995-11-12,0.5511
1995-11-13,0.5505
1995-11-14,0.5479
1995-11-15,0.5537
1995-11-16,0.556
1995-11-17,0.5605
1995-11-19,0.5605
1995-11-20,0.5648
1995-11-21,0.5627
1995-11-22,0.5594
1995-11-23,0.56
1995-11-24,0.5624
1995-11-26,0.5624
1995-11-27,0.5567
1995-11-28,0.5541
1995-11-29,0.5514
1995-11-30,0.552
1995-12-01,0.5512
1995-12-03,0.5512
1995-12-04,0.5533
1995-12-05,0.5548
1995-12-06,0.5545
1995-12-07,0.5545
1995-12-08,0.5541
1995-12-10,0.5541
1995-12-11,0.5572
1995-12-12,0.5564
1995-12-13,0.5544
1995-12-14,0.5545
1995-12-15,0.5582
1995-12-17,0.5582
1995-12-18,0.5597
1995-12-19,0.5627
1995-12-20,0.5622
1995-12-21,0.5687
1995-12-22,0.5682
1995-12-24,0.5682
1995-12-27,0.5661
1995-12-28,0.5665
1995-12-29,0.5651
1995-12-31,0.5651
1996-01-02,0.5638
1996-01-03,0.5617
1996-01-04,0.5587
1996-01-05,0.5601
1996-01-07,0.5601
1996-01-08,0.5638
1996-01-09,0.5601
1996-01-10,0.5609
1996-01-11,0.562
1996-01-12,0.5593
1996-01-14,0.5593
1996-01-15,0.558
1996-01-16,0.5539
1996-01-17,0.5523
1996-01-18,0.549
1996-01-19,0.5469
1996-01-21,0.5469
1996-01-22,0.5444
1996-01-23,0.5485
1996-01-24,0.545
1996-01-25,0.5488
1996-01-26,0.5478
1996-01-28,0.5478
1996-01-29,0.5449
1996-01-30,0.5458
1996-01-31,0.5443
1996-02-01,0.5444
1996-02-02,0.5456
1996-02-04,0.5456
1996-02-05,0.5494
1996-02-06,0.5505
1996-02-07,0.5473
1996-02-08,0.5469
1996-02-09,0.5459
1996-02-11,0.5459
1996-02-12,0.5463
1996-02-13,0.5442
1996-02-14,0.5471
1996-02-15,0.5474
1996-02-16,0.5467
1996-02-18,0.5467
1996-02-19,0.5528
1996-02-20,0.5493
1996-02-21,0.551
1996-02-22,0.5537
1996-02-23,0.5538
1996-02-25,0.5538
1996-02-26,0.5551
1996-02-27,0.5528
1996-02-28,0.5508
1996-02-29,0.5467
1996-03-01,0.543
1996-03-03,0.543
1996-03-04,0.5451
1996-03-07,0.5406
1996-03-08,0.5419
1996-03-10,0.5419
1996-03-11,0.5408
1996-03-12,0.5392
1996-03-13,0.5436
1996-03-14,0.5437
1996-03-15,0.5435
1996-03-17,0.5435
1996-03-18,0.5429
1996-03-19,0.5411
1996-03-20,0.5412
1996-03-21,0.544
1996-03-22,0.5408
1996-03-24,0.5408
1996-03-25,0.5419
1996-03-26,0.5455
1996-03-27,0.546
1996-03-28,0.5472
1996-03-29,0.5463
1996-03-31,0.5463
1996-04-01,0.5436
1996-04-02,0.5463
1996-04-07,0.5463
1996-04-09,0.5474
1996-04-11,0.5434
1996-04-12,0.5434
1996-04-14,0.5434
1996-04-15,0.5411
1996-04-16,0.5453
1996-04-17,0.546
1996-04-18,0.5478
1996-04-19,0.5506
1996-04-21,0.5506
1996-04-22,0.5436
1996-04-23,0.5417
1996-04-25,0.5395
1996-04-26,0.5375
1996-04-28,0.5375
1996-04-29,0.5446
1996-04-30,0.5411
1996-05-01,0.5409
1996-05-02,0.542
1996-05-03,0.5454
1996-05-05,0.5454
1996-05-06,0.5543
1996-05-07,0.5582
1996-05-08,0.5536
1996-05-09,0.5526
1996-05-10,0.5513
1996-05-12,0.5513
1996-05-13,0.545
1996-05-14,0.5437
1996-05-15,0.5472
1996-05-16,0.5491
1996-05-17,0.5496
1996-05-19,0.5496
1996-05-20,0.5514
1996-05-21,0.5503
1996-05-22,0.5479
1996-05-23,0.5482
1996-05-26,0.5482
1996-05-28,0.5508
1996-05-30,0.5585
1996-05-31,0.5563
1996-06-02,0.5563
1996-06-03,0.5579
1996-06-04,0.5559
1996-06-05,0.5539
1996-06-06,0.5546
1996-06-07,0.5529
1996-06-09,0.5529
1996-06-10,0.5485
1996-06-11,0.5524
1996-06-12,0.5521
1996-06-13,0.5523
1996-06-14,0.5561
1996-06-16,0.5561
1996-06-17,0.5572
1996-06-18,0.5593
1996-06-19,0.5575
1996-06-20,0.5564
1996-06-21,0.556
1996-06-23,0.556
1996-06-24,0.5475
1996-06-25,0.5469
1996-06-26,0.5466
1996-06-27,0.5451
1996-06-28,0.5456
1996-06-30,0.5456
1996-07-01,0.5459
1996-07-02,0.544
1996-07-03,0.5424
1996-07-04,0.5445
1996-07-05,0.543
1996-07-07,0.543
1996-07-08,0.5404
1996-07-09,0.5396
1996-07-10,0.5399
1996-07-11,0.543
1996-07-12,0.5447
1996-07-14,0.5447
1996-07-15,0.5407
1996-07-16,0.5509
1996-07-18,0.553
1996-07-19,0.5535
1996-07-21,0.5535
1996-07-22,0.5521
1996-07-23,0.5531
1996-07-24,0.5515
1996-07-26,0.5562
1996-07-28,0.5562
1996-07-29,0.5533
1996-07-30,0.5535
1996-07-31,0.5555
1996-08-01,0.5518
1996-08-02,0.5508
1996-08-04,0.5508
1996-08-05,0.5518
1996-08-06,0.5485
1996-08-07,0.5492
1996-08-08,0.5469
1996-08-09,0.5486
1996-08-11,0.5486
1996-08-12,0.5496
1996-08-13,0.549
1996-08-14,0.5481
1996-08-15,0.5485
1996-08-16,0.5472
1996-08-18,0.5472
1996-08-19,0.5473
1996-08-20,0.547
1996-08-21,0.549
1996-08-22,0.5463
1996-08-23,0.5479
1996-08-25,0.5479
1996-08-26,0.5498
1996-08-27,0.5504
1996-08-28,0.5494
1996-08-29,0.5498
1996-08-30,0.5492
1996-09-01,0.5492
1996-09-02,0.5488
1996-09-03,0.5481
1996-09-04,0.5485
1996-09-05,0.5496
1996-09-06,0.5496
1996-09-08,0.5496
1996-09-09,0.548
1996-09-10,0.5453
1996-09-11,0.5438
1996-09-12,0.5435
1996-09-16,0.5445
1996-09-17,0.5446
1996-09-18,0.5443
1996-09-19,0.5452
1996-09-20,0.5444
1996-09-24,0.5459
1996-09-25,0.5469
1996-09-26,0.5441
1996-09-27,0.5456
1996-09-29,0.5456
1996-09-30,0.5492
1996-10-01,0.5454
1996-10-02,0.5444
1996-10-03,0.5431
1996-10-04,0.5433
1996-10-06,0.5433
1996-10-07,0.5441
1996-10-08,0.5453
1996-10-09,0.5443
1996-10-10,0.5445
1996-10-11,0.5438
1996-10-13,0.5438
1996-10-14,0.544
1996-10-15,0.5416
1996-10-16,0.5426
1996-10-17,0.549
1996-10-18,0.5535
1996-10-20,0.5535
1996-10-21,0.5556
1996-10-22,0.5529
1996-10-23,0.5581
1996-10-24,0.562
1996-10-25,0.5616
1996-10-27,0.5616
1996-10-28,0.5573
1996-10-29,0.5611
1996-10-30,0.5629
1996-10-31,0.5631
1996-11-01,0.5599
1996-11-03,0.5599
1996-11-04,0.5585
1996-11-05,0.5578
1996-11-06,0.5563
1996-11-07,0.5605
1996-11-08,0.5588
1996-11-10,0.5588
1996-11-11,0.5605
1996-11-12,0.5636
1996-11-13,0.5594
1996-11-14,0.5594
1996-11-15,0.5594
1996-11-17,0.5594
1996-11-18,0.5577
1996-11-19,0.5597
1996-11-20,0.5615
1996-11-21,0.564
1996-11-22,0.5639
1996-11-24,0.5639
1996-11-25,0.5585
1996-11-26,0.553
1996-11-27,0.5556
1996-11-28,0.5535
1996-11-29,0.5528
1996-12-01,0.5528
1996-12-02,0.5541
1996-12-03,0.5502
1996-12-04,0.5508
1996-12-05,0.5487
1996-12-06,0.5547
1996-12-08,0.5547
1996-12-09,0.5523
1996-12-10,0.5519
1996-12-11,0.5561
1996-12-12,0.5546
1996-12-13,0.5549
1996-12-15,0.5549
1996-12-16,0.5509
1996-12-17,0.5535
1996-12-18,0.5521
1996-12-19,0.551
1996-12-20,0.5493
1996-12-22,0.5493
1996-12-23,0.5502
1996-12-24,0.5489
1996-12-25,0.5489
1996-12-26,0.5489
1996-12-27,0.5485
1996-12-29,0.5485
1996-12-31,0.5472
1997-01-02,0.5481
1997-01-03,0.5487
1997-01-05,0.5487
1997-01-06,0.5428
1997-01-07,0.5443
1997-01-08,0.5411
1997-01-09,0.5403
1997-01-10,0.5404
1997-01-13,0.5395
1997-01-14,0.5391
1997-01-15,0.5369
1997-01-16,0.5384
1997-01-17,0.5355
1997-01-20,0.5299
1997-01-21,0.531
1997-01-22,0.5272
1997-01-23,0.5273
1997-01-24,0.5295
1997-01-27,0.5291
1997-01-28,0.5263
1997-01-29,0.5288
1997-01-30,0.529
1997-01-31,0.5307
1997-02-03,0.5285
1997-02-04,0.5295
1997-02-05,0.5273
1997-02-06,0.527
1997-02-07,0.5255
1997-02-10,0.5272
1997-02-11,0.5233
1997-02-12,0.5204
1997-02-13,0.5212
1997-02-17,0.5188
1997-02-18,0.5176
1997-02-19,0.5191
1997-02-20,0.5201
1997-02-24,0.5225
1997-02-25,0.5228
1997-02-26,0.5225
1997-02-27,0.5196
1997-03-03,0.5189
1997-03-04,0.516
1997-03-05,0.5151
1997-03-06,0.5142
1997-03-07,0.5154
1997-03-10,0.5175
1997-03-11,0.5179
1997-03-12,0.5178
1997-03-13,0.5204
1997-03-14,0.5184
1997-03-17,0.5228
1997-03-18,0.5226
1997-03-19,0.5236
1997-03-20,0.5261
1997-03-21,0.5229
1997-03-25,0.5236
1997-03-26,0.523
1997-03-27,0.5246
1997-04-01,0.5275
1997-04-02,0.527
1997-04-03,0.5268
1997-04-04,0.527
1997-04-07,0.5212
1997-04-08,0.5191
1997-04-09,0.5187
1997-04-10,0.5194
1997-04-11,0.5181
1997-04-14,0.5185
1997-04-15,0.5154
1997-04-16,0.5171
1997-04-17,0.5174
1997-04-18,0.5201
1997-04-23,0.5202
1997-04-24,0.5198
1997-04-25,0.5203
1997-04-29,0.5169
1997-04-30,0.5182
1997-05-01,0.5186
1997-05-02,0.5203
1997-05-05,0.5182
1997-05-06,0.5168
1997-05-07,0.5194
1997-05-08,0.5216
1997-05-09,0.5241
1997-05-13,0.5251
1997-05-14,0.5232
1997-05-15,0.5271
1997-05-16,0.524
1997-05-19,0.5252
1997-05-20,0.5244
1997-05-21,0.5273
1997-05-22,0.527
1997-05-23,0.5274
1997-05-27,0.5242
1997-05-28,0.5234
1997-05-29,0.5233
1997-05-30,0.5242
1997-06-02,0.5195
1997-06-03,0.519
1997-06-04,0.5178
1997-06-05,0.5186
1997-06-06,0.5177
1997-06-09,0.5212
1997-06-10,0.522
1997-06-12,0.5194
1997-06-13,0.5188
1997-06-16,0.518
1997-06-17,0.517
1997-06-18,0.52
1997-06-19,0.5187
1997-06-20,0.5231
1997-06-23,0.5302
1997-06-24,0.5336
1997-06-25,0.5371
1997-06-26,0.5441
1997-06-27,0.5464
1997-06-30,0.5403
1997-07-01,0.5344
1997-07-02,0.526
1997-07-03,0.5266
1997-07-04,0.5334
1997-07-07,0.5368
1997-07-08,0.5342
1997-07-09,0.5319
1997-07-10,0.5312
1997-07-11,0.531
1997-07-14,0.5213
1997-07-15,0.5214
1997-07-16,0.5208
1997-07-17,0.519
1997-07-18,0.517
1997-07-21,0.5158
1997-07-22,0.5115
1997-07-23,0.5045
1997-07-24,0.5043
1997-07-25,0.5083
1997-07-28,0.5043
1997-07-29,0.5062
1997-07-30,0.5052
1997-07-31,0.5072
1997-08-01,0.5028
1997-08-04,0.4965
1997-08-05,0.4947
1997-08-06,0.4923
1997-08-07,0.4926
1997-08-08,0.4953
1997-08-11,0.4996
1997-08-13,0.5026
1997-08-14,0.5047
1997-08-15,0.5012
1997-08-18,0.5084
1997-08-19,0.5053
1997-08-20,0.5012
1997-08-21,0.5019
1997-08-22,0.5061
1997-08-25,0.5083
1997-08-26,0.5137
1997-08-27,0.5127
1997-08-28,0.5108
1997-08-29,0.5143
1997-09-01,0.508
1997-09-02,0.507
1997-09-03,0.5072
1997-09-04,0.5077
1997-09-05,0.51
1997-09-08,0.5127
1997-09-09,0.5084
1997-09-10,0.5112
1997-09-11,0.5134
1997-09-12,0.5158
1997-09-15,0.5234
1997-09-16,0.5187
1997-09-17,0.5183
1997-09-18,0.5198
1997-09-19,0.5164
1997-09-22,0.5148
1997-09-23,0.5128
1997-09-24,0.5192
1997-09-25,0.5185
1997-09-26,0.525
1997-09-29,0.523
1997-09-30,0.5197
1997-10-06,0.5219
1997-10-07,0.5238
1997-10-08,0.5211
1997-10-09,0.5268
1997-10-13,0.5235
1997-10-14,0.5238
1997-10-15,0.5269
1997-10-17,0.5271
1997-10-20,0.5213
1997-10-21,0.5217
1997-10-22,0.521
1997-10-24,0.5261
1997-10-27,0.5275
1997-10-28,0.5394
1997-10-29,0.534
1997-10-30,0.5425
1997-10-31,0.5387
1997-11-03,0.5332
1997-11-04,0.54
1997-11-05,0.5373
1997-11-06,0.5366
1997-11-07,0.542
1997-11-10,0.541
1997-11-11,0.5441
1997-11-12,0.5424
1997-11-13,0.5392
1997-11-14,0.5368
1997-11-17,0.5329
1997-11-18,0.5361
1997-11-19,0.535
1997-11-20,0.5365
1997-11-21,0.5326
1997-11-24,0.5344
1997-11-25,0.5326
1997-11-26,0.5296
1997-11-27,0.526
1997-11-28,0.5263
1997-12-01,0.5226
1997-12-02,0.5236
1997-12-08,0.52
1997-12-09,0.519
1997-12-10,0.5199
1997-12-11,0.5216
1997-12-12,0.5245
1997-12-15,0.5227
1997-12-16,0.5218
1997-12-17,0.5252
1997-12-18,0.5226
1997-12-19,0.524
1997-12-22,0.5214
1997-12-23,0.5222
1997-12-24,0.523
1997-12-29,0.5211
1997-12-30,0.5176
1997-12-31,0.5179
1998-01-02,0.5159
1998-01-05,0.5147
1998-01-06,0.5128
1998-01-07,0.5123
1998-01-08,0.5125
1998-01-09,0.5157
1998-01-12,0.5152
1998-01-13,0.5142
1998-01-14,0.5151
1998-01-15,0.5157
1998-01-16,0.5191
1998-01-19,0.5136
1998-01-20,0.5149
1998-01-21,0.5134
1998-01-22,0.5194
1998-01-23,0.5248
1998-01-26,0.5264
1998-01-27,0.5253
1998-01-28,0.5201
1998-01-29,0.5203
1998-01-30,0.5182
1998-02-02,0.5144
1998-02-03,0.5175
1998-02-04,0.5186
1998-02-05,0.5235
1998-02-06,0.5236
1998-02-09,0.5196
1998-02-10,0.5219
1998-02-11,0.519
1998-02-12,0.5209
1998-02-13,0.5196
1998-02-16,0.5191
1998-02-17,0.5198
1998-02-18,0.5174
1998-02-19,0.5207
1998-02-20,0.5212
1998-02-23,0.5207
1998-02-24,0.5237
1998-02-25,0.522
1998-02-26,0.5173
1998-02-27,0.5187
1998-03-02,0.5196
1998-03-03,0.5167
1998-03-04,0.5165
1998-03-05,0.5188
1998-03-06,0.5146
1998-03-09,0.5139
1998-03-10,0.5139
1998-03-11,0.5137
1998-03-16,0.5151
1998-03-17,0.5155
1998-03-18,0.5153
1998-03-19,0.5148
1998-03-20,0.515
1998-03-23,0.5168
1998-03-24,0.5157
1998-03-25,0.5141
1998-03-26,0.515
1998-03-27,0.5163
1998-03-30,0.5145
1998-03-31,0.5109
1998-04-01,0.5112
1998-04-02,0.5126
1998-04-03,0.5146
1998-04-06,0.5271
1998-04-07,0.5261
1998-04-08,0.5265
1998-04-09,0.5314
1998-04-14,0.542
1998-04-15,0.5425
1998-04-16,0.541
1998-04-20,0.5417
1998-04-21,0.549
1998-04-22,0.5497
1998-04-23,0.5471
1998-04-24,0.5475
1998-04-27,0.5414
1998-04-28,0.5437
1998-04-29,0.5403
1998-05-04,0.543
1998-05-05,0.5474
1998-05-06,0.5469
1998-05-07,0.5483
1998-05-08,0.5464
1998-05-11,0.5435
1998-05-12,0.5441
1998-05-13,0.5405
1998-05-14,0.5423
1998-05-15,0.5406
1998-05-18,0.537
1998-05-19,0.5387
1998-05-20,0.5392
1998-05-21,0.5424
1998-05-22,0.5429
1998-05-26,0.5397
1998-05-27,0.542
1998-05-28,0.5355
1998-05-29,0.5376
1998-06-01,0.5384
1998-06-02,0.5373
1998-06-03,0.5401
1998-06-04,0.5413
1998-06-05,0.5415
1998-06-08,0.5411
1998-06-09,0.5418
1998-06-10,0.5388
1998-06-11,0.5347
1998-06-12,0.5349
1998-06-15,0.5332
1998-06-16,0.5379
1998-06-17,0.5365
1998-06-18,0.5398
1998-06-19,0.5372
1998-06-22,0.5348
1998-06-23,0.534
1998-06-24,0.5332
1998-06-25,0.5355
1998-06-26,0.5356
1998-06-29,0.5313
1998-06-30,0.5327
1998-07-01,0.5298
1998-07-02,0.5292
1998-07-03,0.5316
1998-07-06,0.532
1998-07-07,0.5307
1998-07-08,0.5296
1998-07-09,0.5262
1998-07-10,0.5274
1998-07-13,0.5313
1998-07-14,0.5324
1998-07-15,0.533
1998-07-16,0.5343
1998-07-17,0.5356
1998-07-20,0.5373
1998-07-21,0.537
1998-07-22,0.5355
1998-07-23,0.5359
1998-07-24,0.5392
1998-07-27,0.539
1998-07-28,0.5375
1998-07-29,0.5409
1998-07-30,0.5418
1998-07-31,0.5378
1998-08-03,0.5357
1998-08-04,0.5372
1998-08-05,0.5407
1998-08-06,0.5417
1998-08-07,0.5508
1998-08-10,0.5433
1998-08-11,0.5413
1998-08-12,0.5458
1998-08-13,0.5414
1998-08-14,0.5407
1998-08-17,0.5383
1998-08-18,0.5386
1998-08-19,0.5385
1998-08-20,0.542
1998-08-21,0.5436
1998-08-24,0.5446
1998-08-25,0.544
1998-08-26,0.5426
1998-08-27,0.548
1998-08-28,0.5693
1998-08-31,0.5647
1998-09-01,0.576
1998-09-02,0.5708
1998-09-03,0.5823
1998-09-04,0.5815
1998-09-07,0.5895
1998-09-08,0.5855
1998-09-09,0.5815
1998-09-10,0.595
1998-09-11,0.598
1998-09-14,0.5914
1998-09-15,0.597
1998-09-16,0.5932
1998-09-17,0.601
1998-09-18,0.5955
1998-09-23,0.5963
1998-09-24,0.6016
1998-09-25,0.6057
1998-09-28,0.6011
1998-10-01,0.6173
1998-10-02,0.6332
1998-10-06,0.6463
1998-10-07,0.6644
1998-10-08,0.7119
1998-10-09,0.6867
1998-10-13,0.6706
1998-10-14,0.671
1998-10-15,0.6776
1998-10-16,0.6826
1998-10-19,0.6866
1998-10-20,0.6952
1998-10-21,0.6955
1998-10-22,0.6968
1998-10-23,0.6812
1998-10-26,0.6675
1998-10-27,0.663
1998-10-28,0.6675
1998-10-29,0.6852
1998-10-30,0.6754
1998-11-02,0.6843
1998-11-03,0.6802
1998-11-04,0.6796
1998-11-05,0.6816
1998-11-06,0.6843
1998-11-09,0.6762
1998-11-10,0.6723
1998-11-11,0.6663
1998-11-12,0.6638
1998-11-13,0.6545
1998-11-16,0.6557
1998-11-17,0.6558
1998-11-18,0.6525
1998-11-19,0.6534
1998-11-20,0.6537
1998-11-23,0.6455
1998-11-24,0.6417
1998-11-25,0.6426
1998-11-26,0.6428
1998-11-27,0.6493
1998-11-30,0.6478
1998-12-01,0.6538
1998-12-02,0.656
1998-12-03,0.6572
1998-12-04,0.6607
1998-12-07,0.6567
1998-12-08,0.6571
1998-12-09,0.6559
1998-12-10,0.6574
1998-12-11,0.6608
1998-12-14,0.6618
1998-12-15,0.6603
1998-12-16,0.6593
1998-12-17,0.6614
1998-12-18,0.6653
1998-12-21,0.6619
1998-12-22,0.658
1998-12-23,0.6569
1998-12-24,0.655
1998-12-28,0.6526
1998-12-29,0.6528
1998-12-30,0.6556
1998-12-31,0.6529
1999-01-04,0.6572
1999-01-05,0.65
1999-01-06,0.6416
1999-01-07,0.637
1999-01-08,0.6393
1999-01-11,0.6318
1999-01-12,0.6284
1999-01-13,0.6426
1999-01-14,0.6373
1999-01-15,0.6423
1999-01-18,0.6309
1999-01-19,0.6346
1999-01-20,0.6312
1999-01-21,0.6333
1999-01-22,0.6377
1999-01-25,0.6359
1999-01-26,0.6355
1999-01-27,0.6328
1999-01-28,0.6285
1999-01-29,0.6291
1999-02-01,0.6222
1999-02-02,0.6209
1999-02-03,0.623
1999-02-04,0.6179
1999-02-05,0.6223
1999-02-08,0.6176
1999-02-09,0.6223
1999-02-10,0.6219
1999-02-11,0.6204
1999-02-12,0.614
1999-02-15,0.6131
1999-02-16,0.6088
1999-02-17,0.6144
1999-02-18,0.6146
1999-02-19,0.6113
1999-02-22,0.6013
1999-02-23,0.5992
1999-02-24,0.6009
1999-02-25,0.6021
1999-02-26,0.5996
1999-03-01,0.598
1999-03-04,0.591
1999-03-05,0.5879
1999-03-08,0.5916
1999-03-09,0.5892
1999-03-10,0.5917
1999-03-11,0.5881
1999-03-12,0.5906
1999-03-15,0.5918
1999-03-16,0.5903
1999-03-17,0.5922
1999-03-18,0.5954
1999-03-19,0.5921
1999-03-22,0.588
1999-03-23,0.5914
1999-03-24,0.5927
1999-03-25,0.5955
1999-03-26,0.5921
1999-03-29,0.5806
1999-03-30,0.5824
1999-04-06,0.5837
1999-04-08,0.5873
1999-04-09,0.5863
1999-04-12,0.5892
1999-04-13,0.5854
1999-04-14,0.5852
1999-04-15,0.5847
1999-04-16,0.5783
1999-04-19,0.5763
1999-04-20,0.5783
1999-04-22,0.575
1999-04-23,0.5795
1999-04-26,0.5815
1999-04-27,0.5859
1999-04-28,0.5936
1999-04-29,0.5926
1999-04-30,0.5932
1999-05-03,0.5896
1999-05-04,0.5869
1999-05-05,0.5873
1999-05-06,0.5969
1999-05-07,0.5985
1999-05-10,0.5972
1999-05-11,0.6007
1999-05-12,0.5925
1999-05-13,0.5915
1999-05-14,0.5891
1999-05-18,0.5863
1999-05-19,0.5848
1999-05-20,0.5862
1999-05-24,0.5847
1999-05-25,0.59
1999-05-26,0.5853
1999-05-27,0.5786
1999-05-28,0.5793
1999-06-01,0.5748
1999-06-02,0.5713
1999-06-03,0.5735
1999-06-04,0.5678
1999-06-07,0.5675
1999-06-08,0.5721
1999-06-09,0.5755
1999-06-10,0.5755
1999-06-11,0.578
1999-06-14,0.5728
1999-06-15,0.5696
1999-06-16,0.5676
1999-06-17,0.5663
1999-06-18,0.5656
1999-06-21,0.5689
1999-06-22,0.5681
1999-06-23,0.5704
1999-06-24,0.5731
1999-06-25,0.5793
1999-06-28,0.5712
1999-06-29,0.5678
1999-06-30,0.566
1999-07-01,0.564
1999-07-02,0.5606
1999-07-05,0.5638
1999-07-06,0.5608
1999-07-07,0.5616
1999-07-08,0.5601
1999-07-09,0.5609
1999-07-12,0.5567
1999-07-13,0.5609
1999-07-14,0.5595
1999-07-15,0.5598
1999-07-16,0.5601
1999-07-19,0.5559
1999-07-20,0.5697
1999-07-21,0.5752
1999-07-23,0.5798
1999-07-26,0.5865
1999-07-27,0.588
1999-07-28,0.5873
1999-07-29,0.593
1999-07-30,0.5983
1999-08-02,0.5988
1999-08-03,0.5951
1999-08-04,0.6026
1999-08-05,0.6064
1999-08-06,0.6018
1999-08-09,0.5997
1999-08-10,0.6063
1999-08-11,0.601
1999-08-12,0.5979
1999-08-13,0.602
1999-08-16,0.5951
1999-08-17,0.5947
1999-08-18,0.5941
1999-08-19,0.5953
1999-08-20,0.6077
1999-08-23,0.6027
1999-08-24,0.5955
1999-08-25,0.5966
1999-08-26,0.5976
1999-08-27,0.5949
1999-08-30,0.5954
1999-08-31,0.603
1999-09-01,0.6038
1999-09-02,0.6066
1999-09-03,0.6069
1999-09-06,0.6
1999-09-07,0.5984
1999-09-08,0.6042
1999-09-09,0.6022
1999-09-13,0.5903
1999-09-14,0.592
1999-09-15,0.5884
1999-09-16,0.5918
1999-09-17,0.5925
1999-09-21,0.5936
1999-09-22,0.6017
1999-09-23,0.5989
1999-09-24,0.6054
1999-09-27,0.6014
1999-09-28,0.6026
1999-09-29,0.6063
1999-09-30,0.6141
1999-10-01,0.6164
1999-10-04,0.6146
1999-10-05,0.6127
1999-10-06,0.6158
1999-10-07,0.6152
1999-10-08,0.6124
1999-10-11,0.6095
1999-10-12,0.6117
1999-10-13,0.6186
1999-10-14,0.6179
1999-10-15,0.623
1999-10-18,0.6248
1999-10-19,0.6217
1999-10-20,0.6184
1999-10-21,0.6211
1999-10-22,0.6205
1999-10-25,0.6135
1999-10-26,0.6077
1999-10-27,0.6048
1999-10-28,0.6041
1999-10-29,0.5997
1999-11-01,0.6033
1999-11-02,0.5986
1999-11-03,0.598
1999-11-04,0.5936
1999-11-05,0.5897
1999-11-08,0.5905
1999-11-09,0.5908
1999-11-10,0.5894
1999-11-11,0.5888
1999-11-12,0.5865
1999-11-15,0.5874
1999-11-16,0.5884
1999-11-17,0.5895
1999-11-18,0.5905
1999-11-19,0.5864
1999-11-22,0.5876
1999-11-23,0.5874
1999-11-24,0.5806
1999-11-25,0.5802
1999-11-26,0.5774
1999-11-29,0.5745
1999-11-30,0.5741
1999-12-01,0.5743
1999-12-02,0.572
1999-12-03,0.5698
1999-12-06,0.5776
1999-12-07,0.5821
1999-12-08,0.5832
1999-12-09,0.5786
1999-12-10,0.5755
1999-12-13,0.5721
1999-12-14,0.5645
1999-12-15,0.564
1999-12-16,0.5717
1999-12-17,0.5759
1999-12-20,0.5652
1999-12-21,0.5666
1999-12-22,0.5654
1999-12-23,0.5655
1999-12-24,0.5673
1999-12-27,0.5668
1999-12-28,0.5627
1999-12-29,0.5626
1999-12-30,0.561
2000-01-03,0.5592
2000-01-04,0.5735
2000-01-05,0.578
2000-01-06,0.5801
2000-01-07,0.5737
2000-01-10,0.5649
2000-01-11,0.5668
2000-01-12,0.5696
2000-01-13,0.5677
2000-01-14,0.5645
2000-01-17,0.5542
2000-01-18,0.5498
2000-01-19,0.555
2000-01-20,0.5544
2000-01-21,0.5587
2000-01-24,0.5523
2000-01-25,0.5523
2000-01-26,0.5491
2000-01-27,0.5491
2000-01-28,0.5402
2000-01-31,0.5378
2000-02-01,0.5309
2000-02-02,0.531
2000-02-03,0.5305
2000-02-04,0.5402
2000-02-07,0.5345
2000-02-08,0.5413
2000-02-09,0.5413
2000-02-10,0.5393
2000-02-11,0.5384
2000-02-14,0.5369
2000-02-15,0.5326
2000-02-16,0.5322
2000-02-17,0.539
2000-02-18,0.5357
2000-02-21,0.5365
2000-02-22,0.5455
2000-02-23,0.546
2000-02-24,0.5379
2000-02-25,0.5365
2000-02-28,0.5232
2000-02-29,0.5263
2000-03-01,0.5241
2000-03-02,0.5249
2000-03-03,0.5215
2000-03-06,0.5181
2000-03-07,0.5156
2000-03-08,0.5142
2000-03-09,0.5158
2000-03-10,0.5159
2000-03-13,0.5174
2000-03-14,0.5127
2000-03-15,0.5148
2000-03-16,0.517
2000-03-17,0.516
2000-03-20,0.5198
2000-03-23,0.5239
2000-03-24,0.5276
2000-03-27,0.5253
2000-03-28,0.5179
2000-03-29,0.5149
2000-03-30,0.5164
2000-03-31,0.517
2000-04-03,0.5204
2000-04-04,0.5164
2000-04-05,0.5283
2000-04-06,0.5214
2000-04-07,0.5192
2000-04-10,0.5187
2000-04-11,0.5206
2000-04-12,0.5181
2000-04-13,0.5162
2000-04-14,0.517
2000-04-17,0.5241
2000-04-18,0.5167
2000-04-25,0.5059
2000-04-27,0.4993
2000-04-28,0.4928
2000-05-02,0.4993
2000-05-03,0.4887
2000-05-04,0.4916
2000-05-05,0.4939
2000-05-08,0.4939
2000-05-09,0.4978
2000-05-11,0.5063
2000-05-12,0.501
2000-05-15,0.5073
2000-05-16,0.5037
2000-05-17,0.4953
2000-05-18,0.4985
2000-05-19,0.4987
2000-05-22,0.5053
2000-05-23,0.5126
2000-05-24,0.5117
2000-05-25,0.5032
2000-05-26,0.5114
2000-05-30,0.5231
2000-05-31,0.5191
2000-06-01,0.5198
2000-06-02,0.5189
2000-06-05,0.5213
2000-06-06,0.5242
2000-06-07,0.531
2000-06-08,0.5323
2000-06-12,0.5232
2000-06-13,0.5272
2000-06-14,0.5299
2000-06-15,0.5233
2000-06-16,0.5232
2000-06-19,0.5277
2000-06-20,0.5247
2000-06-21,0.5211
2000-06-22,0.5157
2000-06-23,0.5135
2000-06-26,0.511
2000-06-27,0.5147
2000-06-28,0.5166
2000-06-29,0.5205
2000-06-30,0.5247
2000-07-03,0.5175
2000-07-04,0.5176
2000-07-05,0.5208
2000-07-06,0.5219
2000-07-07,0.5207
2000-07-10,0.5238
2000-07-11,0.5228
2000-07-12,0.5207
2000-07-13,0.512
2000-07-14,0.5146
2000-07-17,0.5143
2000-07-18,0.5136
2000-07-19,0.5074
2000-07-20,0.508
2000-07-21,0.5134
2000-07-24,0.5119
2000-07-25,0.5165
2000-07-26,0.5162
2000-07-27,0.5149
2000-07-28,0.5091
2000-07-31,0.507
2000-08-01,0.507
2000-08-02,0.5002
2000-08-03,0.4941
2000-08-04,0.4954
2000-08-07,0.4967
2000-08-08,0.4938
2000-08-09,0.489
2000-08-11,0.496
2000-08-14,0.4892
2000-08-15,0.4937
2000-08-16,0.4922
2000-08-17,0.4937
2000-08-18,0.4962
2000-08-21,0.4879
2000-08-22,0.4844
2000-08-23,0.4833
2000-08-24,0.4875
2000-08-25,0.4894
2000-08-28,0.4875
2000-08-29,0.4859
2000-08-30,0.4795
2000-08-31,0.4804
2000-09-01,0.478
2000-09-04,0.4853
2000-09-05,0.4781
2000-09-06,0.4764
2000-09-07,0.4689
2000-09-08,0.4717
2000-09-11,0.4636
2000-09-12,0.4672
2000-09-13,0.4683
2000-09-14,0.4696
2000-09-15,0.4682
2000-09-18,0.4625
2000-09-19,0.4642
2000-09-20,0.459
2000-09-21,0.4622
2000-09-22,0.4703
2000-09-25,0.4769
2000-09-26,0.4744
2000-09-27,0.4783
2000-09-28,0.4761
2000-10-02,0.4766
2000-10-03,0.4751
2000-10-04,0.4737
2000-10-05,0.4743
2000-10-06,0.4751
2000-10-10,0.4784
2000-10-11,0.4774
2000-10-12,0.4802
2000-10-13,0.4788
2000-10-16,0.4703
2000-10-17,0.4724
2000-10-18,0.4708
2000-10-19,0.4653
2000-10-20,0.4683
2000-10-23,0.4662
2000-10-24,0.4686
2000-10-25,0.4629
2000-10-26,0.4584
2000-10-27,0.4619
2000-10-30,0.4717
2000-10-31,0.4676
2000-11-01,0.4731
2000-11-02,0.477
2000-11-03,0.4765
2000-11-06,0.478
2000-11-07,0.4736
2000-11-08,0.4732
2000-11-09,0.4706
2000-11-10,0.4796
2000-11-13,0.4757
2000-11-14,0.4734
2000-11-15,0.4748
2000-11-16,0.4721
2000-11-17,0.4706
2000-11-20,0.4661
2000-11-21,0.4665
2000-11-22,0.4654
2000-11-23,0.4656
2000-11-24,0.4627
2000-11-27,0.4619
2000-11-28,0.4705
2000-11-29,0.475
2000-11-30,0.4764
2000-12-01,0.4811
2000-12-04,0.4903
2000-12-05,0.4843
2000-12-06,0.4847
2000-12-07,0.4907
2000-12-08,0.4857
2000-12-11,0.4836
2000-12-12,0.4823
2000-12-13,0.48
2000-12-14,0.4858
2000-12-15,0.4932
2000-12-18,0.4899
2000-12-19,0.4866
2000-12-20,0.4943
2000-12-21,0.4994
2000-12-22,0.4999
2000-12-27,0.505
2000-12-28,0.5036
2000-12-29,0.5044
2001-01-02,0.5158
2001-01-03,0.5235
2001-01-04,0.5146
2001-01-05,0.5225
2001-01-08,0.5245
2001-01-09,0.5196
2001-01-10,0.5182
2001-01-11,0.5243
2001-01-12,0.5239
2001-01-15,0.5185
2001-01-16,0.5183
2001-01-17,0.5164
2001-01-18,0.5198
2001-01-19,0.5217
2001-01-22,0.516
2001-01-23,0.5217
2001-01-24,0.5167
2001-01-25,0.5066
2001-01-26,0.5148
2001-01-29,0.5111
2001-01-30,0.5117
2001-01-31,0.5148
2001-02-01,0.5234
2001-02-02,0.5218
2001-02-05,0.5221
2001-02-07,0.5173
2001-02-08,0.5113
2001-02-09,0.5061
2001-02-12,0.511
2001-02-13,0.5099
2001-02-14,0.5045
2001-02-15,0.4991
2001-02-16,0.5008
2001-02-19,0.508
2001-02-20,0.5014
2001-02-21,0.5054
2001-02-22,0.5016
2001-02-23,0.4995
2001-02-26,0.5037
2001-02-27,0.5045
2001-02-28,0.5088
2001-03-01,0.5115
2001-03-02,0.5154
2001-03-05,0.5139
2001-03-06,0.5123
2001-03-07,0.5139
2001-03-08,0.5151
2001-03-12,0.5129
2001-03-13,0.5095
2001-03-14,0.5086
2001-03-15,0.5086
2001-03-16,0.5003
2001-03-19,0.503
2001-03-20,0.5049
2001-03-21,0.5072
2001-03-22,0.5011
2001-03-23,0.5043
2001-03-26,0.5002
2001-03-27,0.5016
2001-03-28,0.5008
2001-03-29,0.5
2001-03-30,0.4945
2001-04-02,0.4958
2001-04-03,0.501
2001-04-04,0.5088
2001-04-05,0.5051
2001-04-06,0.5052
2001-04-09,0.5069
2001-04-10,0.5009
2001-04-11,0.4968
2001-04-12,0.4961
2001-04-16,0.4972
2001-04-17,0.4954
2001-04-18,0.4908
2001-04-19,0.4924
2001-04-20,0.5001
2001-04-23,0.5011
2001-04-24,0.4988
2001-04-25,0.4973
2001-04-27,0.5019
2001-04-30,0.4923
2001-05-01,0.4931
2001-05-02,0.4947
2001-05-03,0.4945
2001-05-04,0.4958
2001-05-07,0.4957
2001-05-08,0.4928
2001-05-09,0.49
2001-05-10,0.4929
2001-05-11,0.4885
2001-05-14,0.4865
2001-05-15,0.4884
2001-05-16,0.4911
2001-05-17,0.4885
2001-05-18,0.4877
2001-05-21,0.4865
2001-05-22,0.4816
2001-05-23,0.4759
2001-05-24,0.4757
2001-05-25,0.4742
2001-05-29,0.4728
2001-05-30,0.4729
2001-05-31,0.4703
2001-06-01,0.4697
2001-06-04,0.4752
2001-06-05,0.471
2001-06-06,0.4748
2001-06-07,0.4714
2001-06-08,0.4735
2001-06-11,0.4738
2001-06-12,0.4724
2001-06-13,0.4759
2001-06-14,0.4752
2001-06-15,0.4832
2001-06-18,0.4804
2001-06-19,0.4788
2001-06-20,0.476
2001-06-21,0.4798
2001-06-22,0.478
2001-06-25,0.4824
2001-06-26,0.4829
2001-06-27,0.4837
2001-06-28,0.4763
2001-06-29,0.474
2001-07-02,0.4746
2001-07-03,0.4771
2001-07-04,0.4748
2001-07-05,0.4737
2001-07-06,0.4725
2001-07-09,0.4777
2001-07-10,0.4815
2001-07-11,0.4857
2001-07-12,0.4818
2001-07-13,0.4817
2001-07-16,0.4842
2001-07-17,0.4819
2001-07-18,0.4883
2001-07-19,0.4926
2001-07-20,0.4936
2001-07-23,0.4887
2001-07-24,0.4901
2001-07-25,0.4945
2001-07-26,0.4941
2001-07-27,0.495
2001-07-30,0.4938
2001-07-31,0.4947
2001-08-01,0.4984
2001-08-02,0.4984
2001-08-03,0.4988
2001-08-06,0.499
2001-08-07,0.4984
2001-08-08,0.4981
2001-08-09,0.5035
2001-08-10,0.5097
2001-08-13,0.5114
2001-08-14,0.5102
2001-08-15,0.5199
2001-08-16,0.5208
2001-08-17,0.5178
2001-08-20,0.5199
2001-08-21,0.5195
2001-08-22,0.5237
2001-08-23,0.5174
2001-08-24,0.5191
2001-08-27,0.5172
2001-08-28,0.5148
2001-08-29,0.5216
2001-08-30,0.5182
2001-08-31,0.5252
2001-09-03,0.5193
2001-09-04,0.5145
2001-09-05,0.513
2001-09-06,0.5115
2001-09-07,0.5164
2001-09-10,0.5246
2001-09-11,0.5235
2001-09-12,0.5281
2001-09-13,0.5277
2001-09-14,0.5298
2001-09-20,0.5387
2001-09-21,0.5404
2001-09-24,0.538
2001-09-25,0.5396
2001-09-28,0.5365
2001-10-01,0.5341
2001-10-03,0.5413
2001-10-04,0.5367
2001-10-05,0.5349
2001-10-08,0.5359
2001-10-10,0.532
2001-10-11,0.5232
2001-10-12,0.5249
2001-10-15,0.526
2001-10-16,0.5217
2001-10-17,0.5229
2001-10-18,0.5222
2001-10-19,0.5224
2001-10-22,0.517
2001-10-23,0.5128
2001-10-24,0.5169
2001-10-25,0.5167
2001-10-26,0.5161
2001-10-29,0.5189
2001-10-30,0.5233
2001-10-31,0.5197
2001-11-01,0.522
2001-11-02,0.5184
2001-11-05,0.5121
2001-11-06,0.5136
2001-11-07,0.5167
2001-11-08,0.5114
2001-11-09,0.506
2001-11-12,0.5052
2001-11-13,0.5007
2001-11-14,0.5002
2001-11-15,0.5019
2001-11-16,0.5037
2001-11-19,0.4993
2001-11-20,0.5011
2001-11-21,0.4989
2001-11-22,0.4987
2001-11-23,0.5001
2001-11-26,0.5031
2001-11-27,0.5007
2001-11-28,0.5017
2001-11-29,0.5045
2001-11-30,0.5039
2001-12-03,0.5087
2001-12-04,0.5088
2001-12-05,0.5078
2001-12-06,0.5043
2001-12-07,0.506
2001-12-10,0.5026
2001-12-11,0.5052
2001-12-12,0.5069
2001-12-13,0.5098
2001-12-14,0.5135
2001-12-17,0.5147
2001-12-18,0.5132
2001-12-19,0.5136
2001-12-20,0.5162
2001-12-21,0.5215
2001-12-24,0.5129
2001-12-26,0.5179
2001-12-27,0.5183
2001-12-28,0.5207
2001-12-31,0.5256
2002-01-02,0.5385
2002-01-03,0.5441
2002-01-04,0.5419
2002-01-07,0.5398
2002-01-08,0.5368
2002-01-09,0.5353
2002-01-10,0.5357
2002-01-11,0.5398
2002-01-14,0.539
2002-01-15,0.5407
2002-01-16,0.538
2002-01-17,0.538
2002-01-18,0.535
2002-01-21,0.5414
2002-01-22,0.5448
2002-01-23,0.5486
2002-01-24,0.5425
2002-01-25,0.5408
2002-01-28,0.5336
2002-01-29,0.5377
2002-01-30,0.5377
2002-01-31,0.535
2002-02-01,0.531
2002-02-04,0.5353
2002-02-05,0.5406
2002-02-06,0.5403
2002-02-07,0.5444
2002-02-08,0.5484
2002-02-11,0.5611
2002-02-12,0.5564
2002-02-13,0.547
2002-02-14,0.5422
2002-02-15,0.5436
2002-02-18,0.5488
2002-02-19,0.5523
2002-02-20,0.5535
2002-02-21,0.5495
2002-02-22,0.5499
2002-02-25,0.5449
2002-02-28,0.5382
2002-03-01,0.5461
2002-03-04,0.5438
2002-03-05,0.5487
2002-03-06,0.5524
2002-03-07,0.5536
2002-03-08,0.5516
2002-03-11,0.5484
2002-03-12,0.5492
2002-03-13,0.5494
2002-03-14,0.5529
2002-03-15,0.5534
2002-03-18,0.5501
2002-03-19,0.55
2002-03-20,0.5467
2002-03-21,0.5508
2002-03-22,0.5496
2002-03-25,0.5502
2002-03-26,0.5486
2002-04-02,0.565
2002-04-04,0.5669
2002-04-05,0.5602
2002-04-08,0.5619
2002-04-09,0.5631
2002-04-10,0.5647
2002-04-11,0.5635
2002-04-12,0.5685
2002-04-15,0.5675
2002-04-16,0.5678
2002-04-18,0.5728
2002-04-19,0.5738
2002-04-22,0.5715
2002-04-23,0.5713
2002-04-24,0.582
2002-04-25,0.5896
2002-04-26,0.5885
2002-04-29,0.5958
2002-04-30,0.593
2002-05-01,0.591
2002-05-02,0.5904
2002-05-03,0.5884
2002-05-06,0.5956
2002-05-07,0.5973
2002-05-08,0.5997
2002-05-09,0.5997
2002-05-10,0.606
2002-05-13,0.6045
2002-05-14,0.5973
2002-05-15,0.5939
2002-05-16,0.5976
2002-05-20,0.6007
2002-05-21,0.6029
2002-05-22,0.6057
2002-05-23,0.6082
2002-05-24,0.6068
2002-05-27,0.6033
2002-05-28,0.6152
2002-05-29,0.6225
2002-05-30,0.6221
2002-05-31,0.6198
2002-06-03,0.6171
2002-06-04,0.6277
2002-06-05,0.6279
2002-06-06,0.6277
2002-06-07,0.6345
2002-06-10,0.6332
2002-06-11,0.6332
2002-06-12,0.6312
2002-06-13,0.6282
2002-06-14,0.6295
2002-06-17,0.6274
2002-06-18,0.6287
2002-06-19,0.6371
2002-06-20,0.6428
2002-06-21,0.6474
2002-06-24,0.6511
2002-06-25,0.6426
2002-06-26,0.652
2002-06-27,0.6396
2002-06-28,0.6373
2002-07-01,0.6353
2002-07-02,0.631
2002-07-03,0.6287
2002-07-04,0.6276
2002-07-05,0.6301
2002-07-08,0.6337
2002-07-09,0.6355
2002-07-10,0.6316
2002-07-11,0.6247
2002-07-12,0.6293
2002-07-15,0.6303
2002-07-16,0.6387
2002-07-17,0.6307
2002-07-19,0.6373
2002-07-22,0.6296
2002-07-23,0.622
2002-07-24,0.6257
2002-07-25,0.6354
2002-07-26,0.638
2002-07-29,0.6254
2002-07-30,0.6238
2002-07-31,0.6163
2002-08-01,0.6163
2002-08-02,0.6263
2002-08-05,0.626
2002-08-06,0.6136
2002-08-07,0.6152
2002-08-08,0.6129
2002-08-09,0.6123
2002-08-12,0.6157
2002-08-13,0.6183
2002-08-14,0.6218
2002-08-15,0.6152
2002-08-16,0.6159
2002-08-19,0.6124
2002-08-20,0.6094
2002-08-21,0.6103
2002-08-22,0.6128
2002-08-23,0.6082
2002-08-26,0.6105
2002-08-27,0.6147
2002-08-28,0.6165
2002-08-29,0.6187
2002-08-30,0.618
2002-09-02,0.6189
2002-09-03,0.6249
2002-09-04,0.6307
2002-09-05,0.6367
2002-09-09,0.6247
2002-09-10,0.6234
2002-09-11,0.6262
2002-09-12,0.6235
2002-09-13,0.625
2002-09-17,0.6124
2002-09-18,0.6213
2002-09-19,0.6319
2002-09-20,0.6386
2002-09-23,0.6399
2002-09-24,0.6355
2002-09-25,0.647
2002-09-26,0.6391
2002-09-27,0.6388
2002-09-30,0.6462
2002-10-01,0.6456
2002-10-02,0.6388
2002-10-03,0.6445
2002-10-04,0.6423
2002-10-07,0.6419
2002-10-08,0.6392
2002-10-09,0.6404
2002-10-10,0.6416
2002-10-11,0.6402
2002-10-14,0.6414
2002-10-15,0.637
2002-10-16,0.6369
2002-10-17,0.6246
2002-10-18,0.6232
2002-10-21,0.6219
2002-10-22,0.6269
2002-10-23,0.6237
2002-10-24,0.6204
2002-10-25,0.6241
2002-10-28,0.6252
2002-10-29,0.6322
2002-10-30,0.6272
2002-10-31,0.6324
2002-11-01,0.634
2002-11-04,0.6351
2002-11-05,0.6382
2002-11-06,0.6301
2002-11-07,0.6326
2002-11-08,0.6407
2002-11-11,0.6395
2002-11-12,0.6391
2002-11-13,0.636
2002-11-14,0.6338
2002-11-15,0.6306
2002-11-18,0.6329
2002-11-19,0.6382
2002-11-20,0.632
2002-11-21,0.6324
2002-11-22,0.6319
2002-11-25,0.624
2002-11-26,0.6214
2002-11-27,0.6194
2002-11-28,0.6215
2002-11-29,0.6204
2002-12-02,0.6157
2002-12-03,0.623
2002-12-04,0.627
2002-12-05,0.6269
2002-12-06,0.6333
2002-12-09,0.6377
2002-12-10,0.6368
2002-12-11,0.6326
2002-12-12,0.6376
2002-12-13,0.6407
2002-12-16,0.6376
2002-12-17,0.6455
2002-12-18,0.6443
2002-12-19,0.6543
2002-12-20,0.6546
2002-12-23,0.6564
2002-12-24,0.6572
2002-12-26,0.6636
2002-12-27,0.67
2002-12-30,0.6691
2002-12-31,0.6689
2003-01-02,0.6729
2003-01-03,0.6694
2003-01-06,0.6758
2003-01-07,0.6688
2003-01-08,0.6739
2003-01-09,0.6824
2003-01-10,0.6805
2003-01-13,0.6851
2003-01-14,0.6872
2003-01-15,0.6855
2003-01-16,0.686
2003-01-17,0.6941
2003-01-20,0.6957
2003-01-21,0.6984
2003-01-22,0.7059
2003-01-23,0.7067
2003-01-24,0.7092
2003-01-27,0.7146
2003-01-29,0.7138
2003-01-30,0.6978
2003-01-31,0.7005
2003-02-03,0.6981
2003-02-04,0.7091
2003-02-05,0.7176
2003-02-06,0.7076
2003-02-07,0.7047
2003-02-10,0.7082
2003-02-11,0.6996
2003-02-12,0.7021
2003-02-13,0.709
2003-02-14,0.7166
2003-02-17,0.7002
2003-02-18,0.6979
2003-02-19,0.7007
2003-02-20,0.7073
2003-02-21,0.7121
2003-02-24,0.704
2003-02-25,0.7079
2003-02-26,0.7032
2003-02-27,0.7057
2003-02-28,0.6963
2003-03-03,0.703
2003-03-04,0.7114
2003-03-05,0.7173
2003-03-06,0.7131
2003-03-07,0.7201
2003-03-10,0.7209
2003-03-11,0.7224
2003-03-12,0.7187
2003-03-13,0.7016
2003-03-14,0.6953
2003-03-17,0.6995
2003-03-20,0.678
2003-03-21,0.6768
2003-03-24,0.6758
2003-03-25,0.6767
2003-03-26,0.673
2003-03-27,0.678
2003-03-28,0.6802
2003-03-31,0.6879
2003-04-01,0.682
2003-04-02,0.6815
2003-04-03,0.6725
2003-04-04,0.6732
2003-04-07,0.662
2003-04-08,0.6679
2003-04-09,0.67
2003-04-10,0.6735
2003-04-11,0.6764
2003-04-14,0.6642
2003-04-15,0.6633
2003-04-22,0.6798
2003-04-24,0.677
2003-04-25,0.6788
2003-04-28,0.6792
2003-04-29,0.6674
2003-05-02,0.6782
2003-05-05,0.6771
2003-05-06,0.6808
2003-05-08,0.6864
2003-05-09,0.6921
2003-05-12,0.6964
2003-05-13,0.6982
2003-05-14,0.6946
2003-05-19,0.7105
2003-05-20,0.7131
2003-05-21,0.721
2003-05-22,0.7183
2003-05-23,0.7079
2003-05-27,0.7103
2003-05-28,0.7019
2003-05-29,0.6977
2003-05-30,0.6972
2003-06-02,0.6929
2003-06-03,0.6913
2003-06-04,0.6898
2003-06-05,0.6977
2003-06-09,0.6934
2003-06-10,0.6966
2003-06-11,0.699
2003-06-12,0.6967
2003-06-13,0.6985
2003-06-16,0.6968
2003-06-17,0.6918
2003-06-18,0.691
2003-06-19,0.6868
2003-06-20,0.6902
2003-06-23,0.6832
2003-06-24,0.6808
2003-06-25,0.6771
2003-06-26,0.6672
2003-06-27,0.6663
2003-06-30,0.6633
2003-07-01,0.6702
2003-07-02,0.668
2003-07-03,0.6622
2003-07-04,0.664
2003-07-07,0.654
2003-07-08,0.6593
2003-07-09,0.6635
2003-07-10,0.6594
2003-07-11,0.6649
2003-07-14,0.6647
2003-07-15,0.6685
2003-07-16,0.6633
2003-07-17,0.6718
2003-07-18,0.6691
2003-07-21,0.6726
2003-07-22,0.6711
2003-07-23,0.6709
2003-07-24,0.6773
2003-07-25,0.6801
2003-07-28,0.6759
2003-07-29,0.6769
2003-07-30,0.6789
2003-07-31,0.6732
2003-08-01,0.6656
2003-08-04,0.6797
2003-08-05,0.68
2003-08-06,0.6791
2003-08-08,0.676
2003-08-11,0.6732
2003-08-12,0.6765
2003-08-13,0.6733
2003-08-14,0.6747
2003-08-15,0.673
2003-08-18,0.6678
2003-08-19,0.6617
2003-08-20,0.6636
2003-08-21,0.6611
2003-08-22,0.6601
2003-08-25,0.6567
2003-08-26,0.6506
2003-08-27,0.6576
2003-08-28,0.6507
2003-08-29,0.6529
2003-09-01,0.657
2003-09-02,0.651
2003-09-03,0.6473
2003-09-04,0.6469
2003-09-05,0.6548
2003-09-08,0.6657
2003-09-09,0.6673
2003-09-10,0.6729
2003-09-11,0.6775
2003-09-12,0.682
2003-09-15,0.684
2003-09-16,0.6779
2003-09-17,0.676
2003-09-18,0.6789
2003-09-19,0.6807
2003-09-22,0.6875
2003-09-23,0.6853
2003-09-24,0.6875
2003-09-25,0.6894
2003-09-29,0.6841
2003-09-30,0.6982
2003-10-01,0.6973
2003-10-02,0.6962
2003-10-03,0.6954
2003-10-07,0.703
2003-10-08,0.7034
2003-10-09,0.6968
2003-10-10,0.6983
2003-10-13,0.6928
2003-10-14,0.692
2003-10-15,0.6936
2003-10-16,0.693
2003-10-17,0.6924
2003-10-20,0.694
2003-10-21,0.6989
2003-10-22,0.7034
2003-10-23,0.7105
2003-10-24,0.7111
2003-10-27,0.7078
2003-10-28,0.7038
2003-10-29,0.71
2003-10-30,0.7114
2003-10-31,0.7033
2003-11-03,0.7014
2003-11-04,0.6914
2003-11-05,0.69
2003-11-06,0.6919
2003-11-07,0.6906
2003-11-10,0.6955
2003-11-11,0.7017
2003-11-12,0.7055
2003-11-13,0.7083
2003-11-14,0.717
2003-11-17,0.7182
2003-11-18,0.7136
2003-11-19,0.7201
2003-11-20,0.7171
2003-11-21,0.7176
2003-11-24,0.7128
2003-11-25,0.7082
2003-11-26,0.71
2003-11-27,0.7119
2003-11-28,0.7156
2003-12-01,0.7162
2003-12-02,0.7126
2003-12-03,0.7194
2003-12-04,0.7203
2003-12-05,0.721
2003-12-08,0.727
2003-12-09,0.723
2003-12-10,0.7216
2003-12-11,0.7171
2003-12-12,0.7231
2003-12-15,0.7143
2003-12-16,0.7244
2003-12-17,0.7236
2003-12-18,0.7299
2003-12-19,0.7323
2003-12-22,0.7321
2003-12-23,0.7271
2003-12-24,0.7279
2003-12-29,0.7334
2003-12-30,0.7315
2003-12-31,0.7433
2004-01-02,0.7484
2004-01-05,0.7499
2004-01-06,0.7493
2004-01-07,0.7483
2004-01-08,0.7449
2004-01-09,0.7496
2004-01-12,0.756
2004-01-13,0.7525
2004-01-14,0.7504
2004-01-15,0.7491
2004-01-16,0.7382
2004-01-19,0.7344
2004-01-20,0.7444
2004-01-21,0.7488
2004-01-22,0.7601
2004-01-23,0.7606
2004-01-26,0.7519
2004-01-27,0.7511
2004-01-28,0.7562
2004-01-29,0.751
2004-01-30,0.7448
2004-02-02,0.752
2004-02-03,0.7515
2004-02-04,0.7521
2004-02-05,0.7562
2004-02-06,0.7526
2004-02-09,0.7637
2004-02-10,0.7669
2004-02-11,0.7632
2004-02-12,0.7683
2004-02-13,0.7632
2004-02-16,0.7597
2004-02-17,0.7673
2004-02-18,0.7649
2004-02-19,0.7592
2004-02-20,0.7561
2004-02-23,0.7531
2004-02-24,0.7545
2004-02-25,0.7555
2004-02-26,0.7484
2004-02-27,0.745
2004-03-01,0.7508
2004-03-02,0.7461
2004-03-03,0.7351
2004-03-04,0.7353
2004-03-05,0.737
2004-03-09,0.7464
2004-03-10,0.7416
2004-03-11,0.7408
2004-03-12,0.7418
2004-03-15,0.742
2004-03-16,0.7437
2004-03-17,0.7385
2004-03-18,0.738
2004-03-19,0.7434
2004-03-22,0.7456
2004-03-23,0.7428
2004-03-24,0.7411
2004-03-25,0.7369
2004-03-26,0.737
2004-03-29,0.7385
2004-03-30,0.7397
2004-03-31,0.7436
2004-04-01,0.7479
2004-04-02,0.7467
2004-04-07,0.7338
2004-04-08,0.7392
2004-04-13,0.7275
2004-04-14,0.7242
2004-04-15,0.7262
2004-04-16,0.7307
2004-04-19,0.7338
2004-04-20,0.729
2004-04-21,0.7281
2004-04-22,0.7297
2004-04-23,0.7302
2004-04-26,0.7279
2004-04-28,0.7359
2004-04-29,0.729
2004-04-30,0.7374
2004-05-03,0.7377
2004-05-04,0.7432
2004-05-05,0.7449
2004-05-06,0.745
2004-05-07,0.7432
2004-05-10,0.7367
2004-05-11,0.7344
2004-05-12,0.7375
2004-05-13,0.7359
2004-05-14,0.7322
2004-05-17,0.7429
2004-05-18,0.7421
2004-05-19,0.7397
2004-05-20,0.7369
2004-05-21,0.7402
2004-05-24,0.7368
2004-05-25,0.7416
2004-05-28,0.7516
2004-06-01,0.7484
2004-06-02,0.7513
2004-06-03,0.7462
2004-06-04,0.747
2004-06-07,0.7508
2004-06-08,0.7469
2004-06-09,0.7397
2004-06-10,0.7321
2004-06-11,0.7306
2004-06-14,0.7322
2004-06-15,0.7342
2004-06-16,0.7311
2004-06-17,0.7293
2004-06-18,0.7263
2004-06-21,0.7306
2004-06-22,0.7307
2004-06-23,0.7317
2004-06-24,0.736
2004-06-25,0.735
2004-06-28,0.7364
2004-06-29,0.7351
2004-06-30,0.7353
2004-07-01,0.7334
2004-07-02,0.7316
2004-07-05,0.7388
2004-07-06,0.7405
2004-07-07,0.7454
2004-07-08,0.7454
2004-07-09,0.7465
2004-07-12,0.7467
2004-07-13,0.7459
2004-07-14,0.7474
2004-07-15,0.7482
2004-07-16,0.7475
2004-07-19,0.7493
2004-07-20,0.7472
2004-07-21,0.742
2004-07-22,0.7406
2004-07-23,0.7386
2004-07-26,0.736
2004-07-28,0.7319
2004-07-29,0.732
2004-07-30,0.7338
2004-08-02,0.733
2004-08-03,0.7313
2004-08-04,0.7317
2004-08-05,0.7368
2004-08-06,0.7389
2004-08-09,0.7472
2004-08-10,0.7471
2004-08-11,0.7456
2004-08-12,0.7476
2004-08-13,0.7449
2004-08-16,0.7523
2004-08-17,0.7529
2004-08-18,0.7514
2004-08-19,0.7546
2004-08-20,0.753
2004-08-23,0.7457
2004-08-24,0.7385
2004-08-25,0.7371
2004-08-26,0.7386
2004-08-27,0.7387
2004-08-30,0.7343
2004-08-31,0.7369
2004-09-01,0.7388
2004-09-02,0.7379
2004-09-03,0.7385
2004-09-06,0.7329
2004-09-07,0.7331
2004-09-08,0.7291
2004-09-09,0.7392
2004-09-10,0.7409
2004-09-13,0.7399
2004-09-14,0.7369
2004-09-20,0.7307
2004-09-23,0.7424
2004-09-27,0.7389
2004-09-28,0.7428
2004-09-29,0.7424
2004-10-01,0.7468
2004-10-04,0.7429
2004-10-05,0.7374
2004-10-06,0.7366
2004-10-08,0.7397
2004-10-11,0.7414
2004-10-12,0.7382
2004-10-13,0.7356
2004-10-14,0.7441
2004-10-15,0.7437
2004-10-18,0.7515
2004-10-19,0.7517
2004-10-20,0.7541
2004-10-21,0.7525
2004-10-22,0.754
2004-10-25,0.7616
2004-10-26,0.7625
2004-10-27,0.7662
2004-10-28,0.7668
2004-10-29,0.7667
2004-11-01,0.7625
2004-11-02,0.7611
2004-11-03,0.7635
2004-11-04,0.7683
2004-11-05,0.7667
2004-11-08,0.7701
2004-11-09,0.7692
2004-11-10,0.7693
2004-11-11,0.768
2004-11-12,0.7703
2004-11-15,0.7689
2004-11-16,0.7652
2004-11-17,0.769
2004-11-18,0.7691
2004-11-19,0.7681
2004-11-22,0.7683
2004-11-23,0.7716
2004-11-24,0.774
2004-11-25,0.7772
2004-11-26,0.7772
2004-11-29,0.7804
2004-11-30,0.7806
2004-12-01,0.7819
2004-12-02,0.7823
2004-12-03,0.7803
2004-12-06,0.7873
2004-12-07,0.7829
2004-12-08,0.7779
2004-12-09,0.7769
2004-12-10,0.7749
2004-12-13,0.7788
2004-12-14,0.7747
2004-12-15,0.7786
2004-12-16,0.7795
2004-12-17,0.7768
2004-12-20,0.7791
2004-12-21,0.7811
2004-12-22,0.7813
2004-12-23,0.7848
2004-12-24,0.7882
2004-12-27,0.7886
2004-12-28,0.7952
2004-12-29,0.8008
2004-12-30,0.7941
2004-12-31,0.79
2005-01-03,0.7921
2005-01-04,0.7867
2005-01-05,0.7836
2005-01-06,0.7796
2005-01-07,0.7796
2005-01-10,0.7694
2005-01-11,0.7701
2005-01-12,0.7711
2005-01-13,0.7749
2005-01-14,0.7688
2005-01-17,0.7673
2005-01-18,0.7656
2005-01-19,0.7675
2005-01-20,0.7611
2005-01-21,0.7623
2005-01-24,0.7682
2005-01-25,0.7707
2005-01-26,0.7718
2005-01-27,0.7725
2005-01-28,0.7713
2005-01-31,0.7677
2005-02-01,0.7678
2005-02-02,0.7713
2005-02-03,0.7653
2005-02-04,0.7602
2005-02-07,0.7544
2005-02-08,0.7527
2005-02-09,0.7521
2005-02-10,0.7524
2005-02-11,0.7572
2005-02-14,0.7612
2005-02-15,0.7618
2005-02-16,0.7641
2005-02-17,0.7644
2005-02-18,0.7643
2005-02-21,0.766
2005-02-22,0.7726
2005-02-23,0.7741
2005-02-24,0.7761
2005-02-25,0.7741
2005-02-28,0.7761
2005-03-01,0.7705
2005-03-02,0.7633
2005-03-03,0.7657
2005-03-04,0.7654
2005-03-07,0.768
2005-03-08,0.7657
2005-03-09,0.7705
2005-03-10,0.7768
2005-03-11,0.7751
2005-03-14,0.7741
2005-03-15,0.7749
2005-03-16,0.775
2005-03-17,0.7756
2005-03-18,0.771
2005-03-21,0.7648
2005-03-22,0.7633
2005-03-23,0.7582
2005-03-24,0.7583
2005-03-28,0.7562
2005-03-29,0.7596
2005-03-30,0.7615
2005-03-31,0.7582
2005-04-01,0.7591
2005-04-04,0.7563
2005-04-05,0.7516
2005-04-06,0.754
2005-04-07,0.7569
2005-04-08,0.7526
2005-04-11,0.7599
2005-04-12,0.7615
2005-04-13,0.7612
2005-04-14,0.7557
2005-04-15,0.7577
2005-04-18,0.7626
2005-04-19,0.763
2005-04-20,0.7651
2005-04-21,0.766
2005-04-25,0.7611
2005-04-26,0.76
2005-04-27,0.758
2005-04-28,0.758
2005-04-29,0.7602
2005-05-02,0.7553
2005-05-03,0.7554
2005-05-04,0.7591
2005-05-05,0.7587
2005-05-06,0.7584
2005-05-09,0.7519
2005-05-10,0.7513
2005-05-11,0.755
2005-05-13,0.7459
2005-05-16,0.7421
2005-05-17,0.7426
2005-05-18,0.7406
2005-05-19,0.7402
2005-05-20,0.7409
2005-05-23,0.7377
2005-05-24,0.7414
2005-05-25,0.7399
2005-05-26,0.7387
2005-05-27,0.7413
2005-05-31,0.7312
2005-06-01,0.7271
2005-06-02,0.7274
2005-06-03,0.728
2005-06-06,0.7278
2005-06-07,0.7277
2005-06-08,0.7292
2005-06-09,0.7282
2005-06-10,0.7273
2005-06-14,0.7262
2005-06-15,0.7255
2005-06-16,0.7325
2005-06-17,0.7335
2005-06-20,0.7445
2005-06-21,0.7373
2005-06-22,0.7348
2005-06-23,0.7345
2005-06-24,0.7346
2005-06-27,0.7424
2005-06-28,0.7414
2005-06-29,0.7394
2005-06-30,0.7418
2005-07-01,0.7414
2005-07-04,0.7334
2005-07-05,0.7326
2005-07-06,0.7354
2005-07-07,0.7395
2005-07-08,0.7362
2005-07-11,0.7366
2005-07-12,0.7384
2005-07-13,0.7396
2005-07-14,0.7342
2005-07-15,0.7384
2005-07-18,0.7373
2005-07-19,0.7351
2005-07-20,0.739
2005-07-21,0.7395
2005-07-22,0.7397
2005-07-25,0.7353
2005-07-26,0.731
2005-07-27,0.731
2005-07-28,0.7345
2005-07-29,0.7334
2005-08-01,0.7402
2005-08-02,0.7375
2005-08-03,0.7395
2005-08-04,0.7409
2005-08-05,0.7426
2005-08-08,0.7495
2005-08-09,0.7483
2005-08-10,0.7494
2005-08-11,0.7516
2005-08-12,0.7571
2005-08-15,0.7509
2005-08-16,0.7466
2005-08-17,0.7389
2005-08-18,0.7338
2005-08-19,0.7311
2005-08-22,0.7378
2005-08-23,0.7372
2005-08-24,0.7353
2005-08-25,0.7427
2005-08-26,0.7469
2005-08-29,0.7483
2005-08-30,0.7449
2005-08-31,0.7432
2005-09-01,0.7472
2005-09-02,0.7575
2005-09-05,0.7531
2005-09-06,0.7517
2005-09-07,0.7513
2005-09-08,0.7504
2005-09-09,0.7506
2005-09-12,0.7453
2005-09-13,0.7452
2005-09-14,0.7474
2005-09-15,0.7425
2005-09-16,0.7456
2005-09-19,0.7402
2005-09-20,0.7417
2005-09-21,0.7501
2005-09-22,0.7512
2005-09-23,0.7463
2005-09-26,0.7416
2005-09-27,0.7352
2005-09-28,0.7377
2005-09-29,0.7402
2005-09-30,0.7408
2005-10-06,0.7431
2005-10-07,0.7484
2005-10-10,0.7441
2005-10-11,0.7446
2005-10-14,0.7484
2005-10-17,0.7484
2005-10-19,0.7445
2005-10-20,0.7431
2005-10-21,0.7457
2005-10-24,0.7426
2005-10-26,0.7482
2005-10-27,0.7509
2005-10-28,0.756
2005-10-31,0.7473
2005-11-01,0.7473
2005-11-02,0.7475
2005-11-03,0.7533
2005-11-04,0.7469
2005-11-07,0.7422
2005-11-08,0.7373
2005-11-09,0.7382
2005-11-10,0.742
2005-11-11,0.7402
2005-11-14,0.7439
2005-11-15,0.7409
2005-11-16,0.7422
2005-11-17,0.7408
2005-11-18,0.7409
2005-11-21,0.7487
2005-11-22,0.7441
2005-11-23,0.7462
2005-11-24,0.7429
2005-11-25,0.7403
2005-11-28,0.7372
2005-11-29,0.7382
2005-11-30,0.7365
2005-12-01,0.7357
2005-12-02,0.7312
2005-12-05,0.7329
2005-12-06,0.7323
2005-12-07,0.7291
2005-12-08,0.7321
2005-12-09,0.7322
2005-12-12,0.7353
2005-12-13,0.7367
2005-12-14,0.7398
2005-12-15,0.7381
2005-12-16,0.7379
2005-12-19,0.738
2005-12-20,0.7378
2005-12-21,0.7314
2005-12-22,0.7325
2005-12-23,0.7299
2005-12-27,0.7325
2005-12-28,0.7333
2005-12-29,0.7285
2005-12-30,0.7301
2006-01-03,0.7313
2006-01-04,0.7411
2006-01-05,0.7503
2006-01-06,0.7487
2006-01-09,0.7476
2006-01-10,0.7495
2006-01-11,0.7519
2006-01-12,0.7515
2006-01-13,0.7477
2006-01-16,0.7484
2006-01-17,0.7472
2006-01-18,0.7512
2006-01-19,0.7481
2006-01-20,0.7484
2006-01-23,0.7587
2006-01-24,0.7595
2006-01-25,0.7581
2006-01-26,0.7568
2006-01-27,0.7579
2006-01-30,0.7511
2006-01-31,0.7566
2006-02-01,0.7562
2006-02-02,0.7585
2006-02-03,0.7586
2006-02-06,0.7537
2006-02-07,0.7567
2006-02-08,0.7539
2006-02-09,0.7534
2006-02-10,0.7529
2006-02-13,0.7492
2006-02-14,0.752
2006-02-15,0.7533
2006-02-16,0.7478
2006-02-17,0.7472
2006-02-20,0.7496
2006-02-21,0.7518
2006-02-22,0.7527
2006-02-23,0.7547
2006-02-24,0.752
2006-02-27,0.7487
2006-02-28,0.7493
2006-03-01,0.7523
2006-03-02,0.7525
2006-03-03,0.7557
2006-03-06,0.7563
2006-03-07,0.7514
2006-03-08,0.7534
2006-03-09,0.7533
2006-03-10,0.753
2006-03-13,0.7543
2006-03-16,0.7597
2006-03-17,0.7607
2006-03-20,0.7599
2006-03-21,0.7579
2006-03-22,0.7559
2006-03-23,0.7548
2006-03-24,0.7512
2006-03-27,0.7551
2006-03-29,0.7567
2006-03-30,0.7574
2006-03-31,0.7588
2006-04-03,0.7553
2006-04-04,0.7568
2006-04-05,0.7574
2006-04-06,0.7584
2006-04-07,0.752
2006-04-10,0.7479
2006-04-11,0.7466
2006-04-18,0.7523
2006-04-20,0.7539
2006-04-21,0.7533
2006-04-24,0.754
2006-04-25,0.7523
2006-04-26,0.7561
2006-04-27,0.7548
2006-04-28,0.7572
2006-05-01,0.7586
2006-05-02,0.7577
2006-05-04,0.7598
2006-05-05,0.7603
2006-05-08,0.759
2006-05-09,0.7568
2006-05-10,0.7592
2006-05-11,0.7583
2006-05-12,0.7657
2006-05-15,0.7672
2006-05-16,0.7652
2006-05-17,0.7666
2006-05-18,0.7647
2006-05-19,0.7641
2006-05-22,0.7679
2006-05-23,0.774
2006-05-24,0.7795
2006-05-25,0.7746
2006-05-26,0.7755
2006-05-30,0.7798
2006-05-31,0.779
2006-06-01,0.7762
2006-06-05,0.7783
2006-06-06,0.771
2006-06-07,0.7675
2006-06-08,0.7649
2006-06-09,0.7603
2006-06-12,0.7558
2006-06-13,0.7599
2006-06-14,0.7582
2006-06-15,0.7551
2006-06-16,0.7531
2006-06-19,0.7505
2006-06-20,0.7511
2006-06-21,0.7563
2006-06-22,0.7543
2006-06-23,0.7522
2006-06-26,0.7545
2006-06-27,0.7571
2006-06-28,0.7544
2006-06-29,0.7521
2006-06-30,0.7567
2006-07-03,0.7578
2006-07-04,0.7529
2006-07-05,0.75
2006-07-06,0.7512
2006-07-07,0.7509
2006-07-10,0.7523
2006-07-11,0.7492
2006-07-12,0.7567
2006-07-13,0.7652
2006-07-14,0.7683
2006-07-17,0.7553
2006-07-18,0.7491
2006-07-19,0.747
2006-07-20,0.7533
2006-07-21,0.758
2006-07-24,0.755
2006-07-25,0.7507
2006-07-26,0.749
2006-07-27,0.7552
2006-07-28,0.7529
2006-07-31,0.751
2006-08-01,0.7529
2006-08-02,0.7561
2006-08-04,0.7553
2006-08-07,0.7578
2006-08-08,0.7512
2006-08-09,0.7544
2006-08-10,0.756
2006-08-11,0.7523
2006-08-14,0.7461
2006-08-15,0.745
2006-08-16,0.7485
2006-08-17,0.752
2006-08-18,0.7511
2006-08-21,0.7531
2006-08-22,0.75
2006-08-23,0.7501
2006-08-24,0.7527
2006-08-25,0.7517
2006-08-28,0.7555
2006-08-29,0.7548
2006-08-30,0.7527
2006-08-31,0.7523
2006-09-01,0.7512
2006-09-04,0.7533
2006-09-05,0.7492
2006-09-06,0.7488
2006-09-07,0.7491
2006-09-08,0.7479
2006-09-11,0.749
2006-09-12,0.7475
2006-09-13,0.744
2006-09-14,0.747
2006-09-15,0.7438
2006-09-18,0.7388
2006-09-19,0.7373
2006-09-20,0.7373
2006-09-21,0.7383
2006-09-25,0.7402
2006-09-26,0.7347
2006-09-27,0.732
2006-09-28,0.7325
2006-09-29,0.7313
2006-10-03,0.734
2006-10-04,0.7281
2006-10-05,0.7253
2006-10-06,0.7205
2006-10-09,0.7195
2006-10-10,0.7185
2006-10-11,0.7181
2006-10-12,0.7182
2006-10-13,0.7158
2006-10-16,0.7161
2006-10-17,0.7165
2006-10-18,0.719
2006-10-19,0.7202
2006-10-20,0.7243
2006-10-23,0.7204
2006-10-24,0.7204
2006-10-25,0.7238
2006-10-26,0.7273
2006-10-27,0.7302
2006-10-30,0.7325
2006-10-31,0.7303
2006-11-01,0.7293
2006-11-02,0.7338
2006-11-03,0.7348
2006-11-06,0.734
2006-11-07,0.7407
2006-11-08,0.7425
2006-11-09,0.7412
2006-11-10,0.7398
2006-11-13,0.7381
2006-11-14,0.737
2006-11-15,0.736
2006-11-16,0.7416
2006-11-17,0.7382
2006-11-20,0.7422
2006-11-21,0.7434
2006-11-22,0.7466
2006-11-23,0.7495
2006-11-24,0.7529
2006-11-27,0.7565
2006-11-28,0.7562
2006-11-30,0.7518
2006-12-01,0.7524
2006-12-04,0.7553
2006-12-05,0.755
2006-12-06,0.7484
2006-12-07,0.7485
2006-12-08,0.7473
2006-12-11,0.7437
2006-12-12,0.7465
2006-12-13,0.7446
2006-12-14,0.7393
2006-12-15,0.7372
2006-12-18,0.7368
2006-12-19,0.7407
2006-12-20,0.741
2006-12-21,0.7391
2006-12-22,0.7413
2006-12-26,0.744
2006-12-27,0.746
2006-12-28,0.7433
2006-12-29,0.7463
2007-01-02,0.7487
2007-01-03,0.7425
2007-01-04,0.7391
2007-01-05,0.7434
2007-01-08,0.7401
2007-01-09,0.7395
2007-01-10,0.7405
2007-01-11,0.7371
2007-01-12,0.7321
2007-01-15,0.7335
2007-01-16,0.7345
2007-01-17,0.7328
2007-01-18,0.732
2007-01-19,0.7342
2007-01-22,0.7333
2007-01-23,0.7378
2007-01-24,0.7371
2007-01-25,0.7363
2007-01-26,0.7358
2007-01-29,0.7366
2007-01-30,0.7391
2007-01-31,0.7401
2007-02-01,0.7407
2007-02-02,0.742
2007-02-05,0.7375
2007-02-06,0.7377
2007-02-07,0.7383
2007-02-08,0.7377
2007-02-09,0.7377
2007-02-12,0.7366
2007-02-13,0.7402
2007-02-14,0.7421
2007-02-15,0.7437
2007-02-16,0.7398
2007-02-19,0.7367
2007-02-20,0.7376
2007-02-21,0.7376
2007-02-22,0.7342
2007-02-23,0.7368
2007-02-26,0.7415
2007-02-27,0.7454
2007-02-28,0.7458
2007-03-01,0.7487
2007-03-02,0.7436
2007-03-06,0.7429
2007-03-07,0.7447
2007-03-08,0.7434
2007-03-09,0.7406
2007-03-12,0.742
2007-03-13,0.7456
2007-03-14,0.746
2007-03-15,0.7473
2007-03-16,0.7518
2007-03-19,0.7509
2007-03-20,0.7515
2007-03-21,0.7488
2007-03-22,0.751
2007-03-23,0.7489
2007-03-26,0.7487
2007-03-27,0.7486
2007-03-28,0.7487
2007-03-29,0.7469
2007-03-30,0.7428
2007-04-04,0.741
2007-04-05,0.7402
2007-04-10,0.7421
2007-04-11,0.7393
2007-04-12,0.734
2007-04-13,0.7381
2007-04-16,0.7358
2007-04-17,0.7382
2007-04-18,0.7411
2007-04-19,0.7432
2007-04-20,0.7436
2007-04-23,0.7408
2007-04-25,0.7381
2007-04-26,0.7336
2007-04-27,0.7333
2007-04-30,0.7353
2007-05-01,0.7387
2007-05-02,0.7406
2007-05-03,0.7385
2007-05-04,0.7358
2007-05-07,0.7301
2007-05-08,0.7259
2007-05-09,0.7225
2007-05-10,0.7178
2007-05-11,0.7196
2007-05-14,0.7201
2007-05-15,0.7215
2007-05-16,0.7173
2007-05-17,0.7171
2007-05-18,0.7232
2007-05-21,0.7212
2007-05-22,0.7209
2007-05-24,0.7213
2007-05-25,0.7267
2007-05-29,0.7283
2007-05-30,0.7302
2007-05-31,0.7277
2007-06-01,0.7349
2007-06-04,0.7351
2007-06-05,0.7381
2007-06-06,0.7439
2007-06-07,0.7495
2007-06-08,0.7552
2007-06-11,0.7508
2007-06-12,0.75
2007-06-13,0.7518
2007-06-14,0.7476
2007-06-15,0.7467
2007-06-18,0.7458
2007-06-19,0.7503
2007-06-20,0.7553
2007-06-21,0.7612
2007-06-22,0.7606
2007-06-25,0.769
2007-06-26,0.771
2007-06-27,0.7747
2007-06-28,0.7701
2007-06-29,0.7677
2007-07-02,0.7736
2007-07-03,0.7653
2007-07-04,0.7654
2007-07-05,0.7726
2007-07-06,0.7738
2007-07-09,0.7741
2007-07-10,0.7763
2007-07-11,0.7865
2007-07-12,0.7903
2007-07-13,0.7913
2007-07-16,0.7938
2007-07-17,0.7938
2007-07-18,0.794
2007-07-19,0.7878
2007-07-20,0.7838
2007-07-23,0.7872
2007-07-25,0.7797
2007-07-26,0.7884
2007-07-27,0.7956
2007-07-30,0.7975
2007-07-31,0.7931
2007-08-01,0.7961
2007-08-02,0.7967
2007-08-03,0.7931
2007-08-06,0.7976
2007-08-07,0.7959
2007-08-08,0.7913
2007-08-09,0.7878
2007-08-10,0.7888
2007-08-13,0.7772
2007-08-14,0.7702
2007-08-15,0.7677
2007-08-16,0.7661
2007-08-17,0.7646
2007-08-20,0.7616
2007-08-21,0.7616
2007-08-22,0.756
2007-08-23,0.759
2007-08-24,0.7619
2007-08-27,0.7628
2007-08-28,0.7573
2007-08-29,0.7542
2007-08-30,0.7519
2007-08-31,0.7562
2007-09-03,0.756
2007-09-04,0.7544
2007-09-05,0.751
2007-09-06,0.758
2007-09-07,0.759
2007-09-10,0.7658
2007-09-11,0.7608
2007-09-17,0.7625
2007-09-18,0.7636
2007-09-19,0.7601
2007-09-20,0.7651
2007-09-24,0.7636
2007-09-25,0.7634
2007-09-26,0.7631
2007-09-28,0.7634
2007-10-01,0.7603
2007-10-02,0.7614
2007-10-03,0.7629
2007-10-05,0.7599
2007-10-08,0.7562
2007-10-09,0.7618
2007-10-10,0.7629
2007-10-11,0.7694
2007-10-12,0.7668
2007-10-15,0.7703
2007-10-16,0.7691
2007-10-17,0.7669
2007-10-18,0.7693
2007-10-19,0.7698
2007-10-22,0.7669
2007-10-23,0.7676
2007-10-24,0.7691
2007-10-25,0.7703
2007-10-26,0.7695
2007-10-29,0.771
2007-10-30,0.7683
2007-10-31,0.7689
2007-11-01,0.7668
2007-11-02,0.771
2007-11-05,0.7682
2007-11-06,0.769
2007-11-07,0.7747
2007-11-08,0.7716
2007-11-09,0.775
2007-11-12,0.7743
2007-11-13,0.7754
2007-11-14,0.7748
2007-11-15,0.7726
2007-11-16,0.7711
2007-11-19,0.7728
2007-11-20,0.7728
2007-11-21,0.7743
2007-11-22,0.7741
2007-11-23,0.7677
2007-11-26,0.7694
2007-11-27,0.7691
2007-11-28,0.7647
2007-11-29,0.7604
2007-11-30,0.7574
2007-12-03,0.7544
2007-12-04,0.758
2007-12-05,0.7589
2007-12-06,0.7574
2007-12-07,0.76
2007-12-10,0.7682
2007-12-11,0.7709
2007-12-12,0.7751
2007-12-13,0.773
2007-12-14,0.7756
2007-12-17,0.7727
2007-12-18,0.7668
2007-12-19,0.7602
2007-12-20,0.7569
2007-12-21,0.7533
2007-12-24,0.7486
2007-12-26,0.7588
2007-12-27,0.7528
2007-12-28,0.7577
2007-12-31,0.7591
2008-01-02,0.7608
2008-01-03,0.7599
2008-01-04,0.7516
2008-01-07,0.7545
2008-01-08,0.7501
2008-01-09,0.7486
2008-01-10,0.7495
2008-01-11,0.7491
2008-01-14,0.7456
2008-01-15,0.7407
2008-01-16,0.7417
2008-01-17,0.7384
2008-01-18,0.7422
2008-01-21,0.7388
2008-01-22,0.7392
2008-01-23,0.726
2008-01-24,0.7255
2008-01-25,0.7331
2008-01-28,0.7329
2008-01-29,0.7219
2008-01-30,0.7245
2008-01-31,0.723
2008-02-01,0.7173
2008-02-04,0.7114
2008-02-05,0.7108
2008-02-06,0.7111
2008-02-07,0.7168
2008-02-08,0.7018
2008-02-11,0.7063
2008-02-12,0.6979
2008-02-13,0.7057
2008-02-14,0.7092
2008-02-15,0.7058
2008-02-18,0.7073
2008-02-19,0.71
2008-02-20,0.712
2008-02-21,0.7135
2008-02-22,0.7151
2008-02-25,0.711
2008-02-26,0.7241
2008-02-27,0.7281
2008-02-28,0.7333
2008-02-29,0.7418
2008-03-03,0.7462
2008-03-04,0.7405
2008-03-05,0.7327
2008-03-06,0.7403
2008-03-07,0.7442
2008-03-10,0.7367
2008-03-11,0.7231
2008-03-12,0.7227
2008-03-13,0.7101
2008-03-14,0.7256
2008-03-17,0.7241
2008-03-18,0.7154
2008-03-19,0.7123
2008-03-20,0.704
2008-03-24,0.7288
2008-03-25,0.7338
2008-03-26,0.7388
2008-03-27,0.7421
2008-03-28,0.7445
2008-03-31,0.7533
2008-04-01,0.744
2008-04-02,0.7461
2008-04-03,0.7444
2008-04-04,0.7604
2008-04-07,0.7672
2008-04-08,0.7635
2008-04-09,0.7581
2008-04-10,0.7697
2008-04-11,0.7632
2008-04-14,0.7573
2008-04-15,0.7406
2008-04-16,0.7425
2008-04-17,0.7401
2008-04-18,0.7321
2008-04-21,0.7338
2008-04-22,0.7393
2008-04-23,0.7367
2008-04-24,0.7284
2008-04-25,0.7295
2008-04-28,0.7263
2008-04-29,0.7236
2008-04-30,0.714
2008-05-01,0.7123
2008-05-02,0.7153
2008-05-05,0.7121
2008-05-06,0.7102
2008-05-07,0.7146
2008-05-09,0.7175
2008-05-12,0.715
2008-05-13,0.7118
2008-05-14,0.7095
2008-05-15,0.7109
2008-05-16,0.6974
2008-05-19,0.7037
2008-05-20,0.7095
2008-05-21,0.7102
2008-05-22,0.7051
2008-05-23,0.7025
2008-05-27,0.6937
2008-05-28,0.6914
2008-05-29,0.6802
2008-05-30,0.6709
2008-06-02,0.6789
2008-06-03,0.6836
2008-06-04,0.6891
2008-06-05,0.6966
2008-06-06,0.6968
2008-06-10,0.7021
2008-06-11,0.7062
2008-06-12,0.7088
2008-06-13,0.7061
2008-06-16,0.7068
2008-06-17,0.6933
2008-06-18,0.6945
2008-06-19,0.699
2008-06-20,0.699
2008-06-23,0.7022
2008-06-24,0.7033
2008-06-25,0.708
2008-06-26,0.7109
2008-06-27,0.7146
2008-06-30,0.7087
2008-07-01,0.7072
2008-07-02,0.696
2008-07-03,0.6927
2008-07-04,0.6891
2008-07-07,0.6818
2008-07-08,0.6873
2008-07-09,0.6805
2008-07-10,0.6978
2008-07-11,0.7149
2008-07-14,0.7075
2008-07-15,0.709
2008-07-16,0.7135
2008-07-17,0.7171
2008-07-18,0.7189
2008-07-21,0.7282
2008-07-22,0.739
2008-07-23,0.7332
2008-07-24,0.7331
2008-07-25,0.7341
2008-07-28,0.7344
2008-07-29,0.7306
2008-07-30,0.7245
2008-07-31,0.7261
2008-08-01,0.7336
2008-08-04,0.7405
2008-08-05,0.7376
2008-08-06,0.7361
2008-08-07,0.7337
2008-08-08,0.7295
2008-08-11,0.7179
2008-08-12,0.7166
2008-08-13,0.717
2008-08-14,0.7163
2008-08-15,0.7083
2008-08-18,0.7043
2008-08-19,0.7041
2008-08-20,0.7056
2008-08-21,0.7
2008-08-22,0.6909
2008-08-25,0.6953
2008-08-26,0.6907
2008-08-27,0.7055
2008-08-28,0.7093
2008-08-29,0.7103
2008-09-01,0.7098
2008-09-02,0.7065
2008-09-03,0.6968
2008-09-04,0.6954
2008-09-05,0.6869
2008-09-08,0.6836
2008-09-09,0.6821
2008-09-10,0.6809
2008-09-11,0.6776
2008-09-12,0.685
2008-09-15,0.6843
2008-09-16,0.676
2008-09-17,0.6771
2008-09-18,0.6837
2008-09-19,0.6721
2008-09-22,0.6832
2008-09-23,0.6739
2008-09-24,0.6731
2008-09-25,0.6702
2008-09-26,0.6701
2008-10-02,0.6504
2008-10-03,0.6436
2008-10-06,0.633
2008-10-07,0.6391
2008-10-10,0.657
2008-10-13,0.6604
2008-10-15,0.6618
2008-10-16,0.6696
2008-10-17,0.6744
2008-10-20,0.678
2008-10-22,0.6631
2008-10-23,0.6606
2008-10-24,0.6509
2008-10-27,0.6393
2008-10-28,0.6371
2008-10-29,0.6478
2008-10-30,0.6514
2008-10-31,0.6481
2008-11-03,0.6471
2008-11-04,0.6476
2008-11-05,0.6638
2008-11-06,0.6599
2008-11-07,0.6578
2008-11-10,0.6543
2008-11-11,0.6491
2008-11-12,0.6563
2008-11-13,0.6604
2008-11-14,0.6622
2008-11-17,0.6646
2008-11-18,0.6714
2008-11-19,0.6725
2008-11-20,0.672
2008-11-21,0.6767
2008-11-24,0.6831
2008-11-25,0.6835
2008-11-26,0.6747
2008-11-27,0.6752
2008-11-28,0.6767
2008-12-01,0.6752
2008-12-02,0.6725
2008-12-03,0.6757
2008-12-04,0.6722
2008-12-05,0.6822
2008-12-08,0.6796
2008-12-09,0.6791
2008-12-10,0.6786
2008-12-11,0.6936
2008-12-12,0.699
2008-12-15,0.6987
2008-12-16,0.7023
2008-12-17,0.7082
2008-12-18,0.7191
2008-12-19,0.7083
2008-12-22,0.7194
2008-12-23,0.7201
2008-12-24,0.7274
2008-12-29,0.7387
2008-12-30,0.7162
2008-12-31,0.711
2009-01-02,0.7067
2009-01-05,0.7026
2009-01-06,0.691
2009-01-07,0.7059
2009-01-08,0.7081
2009-01-09,0.7077
2009-01-12,0.7018
2009-01-13,0.6989
2009-01-14,0.6901
2009-01-15,0.6822
2009-01-16,0.6842
2009-01-19,0.6827
2009-01-20,0.6774
2009-01-21,0.6783
2009-01-22,0.6875
2009-01-23,0.6847
2009-01-26,0.6957
2009-01-27,0.7047
2009-01-28,0.7171
2009-01-29,0.7082
2009-01-30,0.7023
2009-02-02,0.6971
2009-02-03,0.7026
2009-02-04,0.7016
2009-02-05,0.7004
2009-02-06,0.6884
2009-02-09,0.7016
2009-02-11,0.7054
2009-02-12,0.6979
2009-02-13,0.701
2009-02-16,0.6975
2009-02-17,0.701
2009-02-18,0.7007
2009-02-19,0.7011
2009-02-20,0.703
2009-02-23,0.7146
2009-02-24,0.7141
2009-02-25,0.7186
2009-02-26,0.7163
2009-02-27,0.7077
2009-03-02,0.7108
2009-03-03,0.7113
2009-03-04,0.7087
2009-03-05,0.7133
2009-03-06,0.7202
2009-03-09,0.7169
2009-03-12,0.7226
2009-03-13,0.7247
2009-03-16,0.7227
2009-03-17,0.7197
2009-03-18,0.7255
2009-03-19,0.7396
2009-03-20,0.7385
2009-03-23,0.7388
2009-03-24,0.7391
2009-03-25,0.7424
2009-03-26,0.7572
2009-03-27,0.7642
2009-03-30,0.7474
2009-03-31,0.7483
2009-04-01,0.7501
2009-04-02,0.7492
2009-04-03,0.7533
2009-04-06,0.7483
2009-04-07,0.7423
2009-04-14,0.7439
2009-04-16,0.7405
2009-04-17,0.7353
2009-04-20,0.7321
2009-04-21,0.7322
2009-04-22,0.7312
2009-04-23,0.7408
2009-04-24,0.756
2009-04-27,0.7468
2009-04-28,0.7448
2009-04-30,0.7419
2009-05-01,0.741
2009-05-04,0.7408
2009-05-05,0.7419
2009-05-06,0.7394
2009-05-07,0.7414
2009-05-08,0.7382
2009-05-11,0.7483
2009-05-12,0.7522
2009-05-13,0.7529
2009-05-14,0.7569
2009-05-15,0.7556
2009-05-18,0.754
2009-05-19,0.7538
2009-05-20,0.7512
2009-05-21,0.7429
2009-05-22,0.7416
2009-05-26,0.7456
2009-05-27,0.7451
2009-05-28,0.7357
2009-06-01,0.7428
2009-06-02,0.7492
2009-06-03,0.7514
2009-06-04,0.7507
2009-06-05,0.749
2009-06-08,0.7437
2009-06-09,0.7395
2009-06-10,0.7405
2009-06-11,0.7384
2009-06-12,0.7405
2009-06-15,0.7374
2009-06-16,0.7339
2009-06-17,0.7352
2009-06-18,0.7413
2009-06-19,0.7408
2009-06-22,0.7354
2009-06-23,0.7442
2009-06-24,0.7411
2009-06-25,0.742
2009-06-26,0.7486
2009-06-29,0.7423
2009-06-30,0.7433
2009-07-01,0.7352
2009-07-02,0.7299
2009-07-03,0.7303
2009-07-06,0.731
2009-07-07,0.7363
2009-07-08,0.7411
2009-07-09,0.7414
2009-07-10,0.7411
2009-07-13,0.7483
2009-07-14,0.7436
2009-07-15,0.7402
2009-07-16,0.7412
2009-07-17,0.7393
2009-07-20,0.7459
2009-07-21,0.7425
2009-07-22,0.7409
2009-07-23,0.7415
2009-07-24,0.7382
2009-07-27,0.7315
2009-07-28,0.7253
2009-07-29,0.7221
2009-07-31,0.7181
2009-08-03,0.7194
2009-08-04,0.7471
2009-08-05,0.7537
2009-08-06,0.7591
2009-08-07,0.7549
2009-08-10,0.7391
2009-08-11,0.736
2009-08-12,0.7332
2009-08-13,0.7319
2009-08-14,0.7269
2009-08-17,0.7201
2009-08-18,0.7254
2009-08-19,0.7268
2009-08-20,0.7288
2009-08-21,0.7331
2009-08-24,0.7309
2009-08-25,0.7309
2009-08-26,0.7281
2009-08-27,0.7277
2009-08-28,0.7362
2009-08-31,0.7311
2009-09-01,0.7297
2009-09-02,0.7272
2009-09-03,0.7294
2009-09-04,0.7213
2009-09-07,0.7242
2009-09-08,0.736
2009-09-09,0.7373
2009-09-10,0.7398
2009-09-11,0.742
2009-09-14,0.7384
2009-09-15,0.7378
2009-09-16,0.7375
2009-09-17,0.7419
2009-09-21,0.7374
2009-09-22,0.7415
2009-09-23,0.7414
2009-09-24,0.741
2009-09-25,0.7434
2009-09-29,0.7385
2009-09-30,0.7401
2009-10-01,0.7379
2009-10-02,0.7365
2009-10-05,0.7392
2009-10-06,0.7385
2009-10-07,0.7387
2009-10-08,0.7408
2009-10-09,0.7392
2009-10-12,0.7394
2009-10-13,0.7419
2009-10-14,0.742
2009-10-15,0.7426
2009-10-16,0.7435
2009-10-19,0.7434
2009-10-20,0.7441
2009-10-21,0.7427
2009-10-22,0.7449
2009-10-23,0.7463
2009-10-26,0.7454
2009-10-27,0.7414
2009-10-28,0.7429
2009-10-29,0.7456
2009-10-30,0.7457
2009-11-02,0.7496
2009-11-03,0.7496
2009-11-04,0.7518
2009-11-05,0.7565
2009-11-06,0.7547
2009-11-09,0.7541
2009-11-10,0.7565
2009-11-11,0.7575
2009-11-12,0.7567
2009-11-13,0.7553
2009-11-16,0.7551
2009-11-17,0.755
2009-11-18,0.758
2009-11-19,0.7573
2009-11-20,0.7629
2009-11-23,0.7651
2009-11-24,0.7595
2009-11-25,0.7609
2009-11-26,0.7647
2009-11-27,0.7645
2009-11-30,0.7656
2009-12-01,0.7647
2009-12-02,0.7657
2009-12-03,0.7663
2009-12-04,0.7642
2009-12-07,0.7584
2009-12-08,0.7548
2009-12-09,0.7537
2009-12-10,0.7488
2009-12-11,0.7477
2009-12-14,0.7433
2009-12-15,0.7397
2009-12-16,0.7405
2009-12-17,0.7337
2009-12-18,0.7334
2009-12-21,0.7332
2009-12-22,0.7291
2009-12-23,0.7292
2009-12-24,0.7344
2009-12-28,0.7339
2009-12-29,0.7342
2009-12-30,0.7304
2009-12-31,0.7312
2010-01-04,0.7285
2010-01-05,0.7241
2010-01-06,0.7211
2010-01-07,0.718
2010-01-08,0.7159
2010-01-11,0.7188
2010-01-12,0.7193
2010-01-13,0.7183
2010-01-14,0.7172
2010-01-15,0.7128
2010-01-18,0.7123
2010-01-19,0.7096
2010-01-20,0.7037
2010-01-21,0.7024
2010-01-22,0.7081
2010-01-25,0.7083
2010-01-26,0.7064
2010-01-27,0.7047
2010-01-28,0.7022
2010-01-29,0.6994
2010-02-01,0.6973
2010-02-02,0.6948
2010-02-03,0.6969
2010-02-04,0.6922
2010-02-05,0.6892
2010-02-08,0.6846
2010-02-09,0.6863
2010-02-10,0.6923
2010-02-11,0.6889
2010-02-12,0.6812
2010-02-15,0.6865
2010-02-16,0.6859
2010-02-17,0.6894
2010-02-18,0.6833
2010-02-19,0.6818
2010-02-22,0.6881
2010-02-23,0.6869
2010-02-24,0.6867
2010-02-25,0.6859
2010-02-26,0.6922
2010-03-02,0.69
2010-03-03,0.6907
2010-03-04,0.6945
2010-03-05,0.6886
2010-03-08,0.6908
2010-03-09,0.6865
2010-03-10,0.6854
2010-03-11,0.6848
2010-03-12,0.6858
2010-03-15,0.6845
2010-03-16,0.6863
2010-03-17,0.6879
2010-03-18,0.6849
2010-03-19,0.6835
2010-03-22,0.6791
2010-03-23,0.6784
2010-03-24,0.6719
2010-03-25,0.6729
2010-03-26,0.6725
2010-03-31,0.6703
2010-04-01,0.6702
2010-04-06,0.6662
2010-04-07,0.6661
2010-04-08,0.6615
2010-04-09,0.6651
2010-04-12,0.6729
2010-04-13,0.6728
2010-04-14,0.6781
2010-04-15,0.6736
2010-04-16,0.6733
2010-04-19,0.6734
2010-04-21,0.6699
2010-04-22,0.6704
2010-04-23,0.6666
2010-04-26,0.6658
2010-04-27,0.6681
2010-04-28,0.6649
2010-04-29,0.664
2010-04-30,0.6644
2010-05-03,0.6631
2010-05-04,0.6591
2010-05-05,0.6516
2010-05-06,0.6465
2010-05-07,0.649
2010-05-10,0.6549
2010-05-11,0.64
2010-05-12,0.6385
2010-05-13,0.6359
2010-05-14,0.6336
2010-05-17,0.6252
2010-05-18,0.6262
2010-05-20,0.6327
2010-05-21,0.6426
2010-05-24,0.633
2010-05-25,0.6344
2010-05-26,0.6356
2010-05-27,0.6334
2010-05-28,0.6394
2010-06-01,0.6329
2010-06-02,0.6328
2010-06-03,0.6335
2010-06-04,0.6321
2010-06-07,0.624
2010-06-08,0.6206
2010-06-09,0.6252
2010-06-10,0.6232
2010-06-11,0.6274
2010-06-14,0.6296
2010-06-15,0.6291
2010-06-16,0.6302
2010-06-17,0.6351
2010-06-18,0.6354
2010-06-21,0.6355
2010-06-22,0.6327
2010-06-23,0.6368
2010-06-24,0.6378
2010-06-25,0.64
2010-06-28,0.6452
2010-06-29,0.6366
2010-06-30,0.6385
2010-07-01,0.6428
2010-07-02,0.653
2010-07-05,0.653
2010-07-06,0.6562
2010-07-07,0.6583
2010-07-08,0.6563
2010-07-09,0.6582
2010-07-12,0.6518
2010-07-13,0.6511
2010-07-14,0.6578
2010-07-15,0.6638
2010-07-16,0.6718
2010-07-19,0.671
2010-07-21,0.6634
2010-07-22,0.6676
2010-07-23,0.6685
2010-07-26,0.6685
2010-07-27,0.6654
2010-07-28,0.664
2010-07-29,0.6655
2010-07-30,0.6607
2010-08-02,0.6611
2010-08-03,0.6674
2010-08-04,0.6692
2010-08-05,0.6663
2010-08-06,0.6683
2010-08-09,0.6688
2010-08-10,0.666
2010-08-11,0.6622
2010-08-12,0.6541
2010-08-13,0.6534
2010-08-16,0.6541
2010-08-17,0.6527
2010-08-18,0.6533
2010-08-19,0.6521
2010-08-20,0.6504
2010-08-23,0.6483
2010-08-24,0.6469
2010-08-25,0.6477
2010-08-26,0.6513
2010-08-27,0.6541
2010-08-30,0.6515
2010-08-31,0.6511
2010-09-01,0.653
2010-09-02,0.6528
2010-09-03,0.6516
2010-09-06,0.6523
2010-09-07,0.6476
2010-09-13,0.649
2010-09-14,0.6513
2010-09-15,0.6543
2010-09-16,0.6548
2010-09-20,0.6528
2010-09-21,0.6548
2010-09-22,0.6632
2010-09-24,0.6634
2010-09-27,0.6642
2010-09-28,0.6654
2010-09-29,0.6693
2010-10-01,0.6708
2010-10-04,0.6674
2010-10-05,0.6686
2010-10-06,0.6679
2010-10-07,0.6739
2010-10-08,0.6717
2010-10-11,0.6726
2010-10-12,0.6713
2010-10-13,0.6728
2010-10-14,0.6765
2010-10-15,0.6745
2010-10-18,0.6677
2010-10-19,0.667
2010-10-20,0.6717
2010-10-21,0.679
2010-10-22,0.6786
2010-10-25,0.6767
2010-10-26,0.678
2010-10-27,0.6735
2010-10-28,0.6767
2010-10-29,0.674
2010-11-01,0.679
2010-11-02,0.6781
2010-11-03,0.68
2010-11-04,0.6847
2010-11-05,0.6807
2010-11-08,0.6747
2010-11-09,0.6774
2010-11-10,0.6726
2010-11-11,0.6722
2010-11-12,0.6735
2010-11-15,0.6717
2010-11-16,0.67
2010-11-17,0.6668
2010-11-18,0.669
2010-11-19,0.669
2010-11-22,0.6654
2010-11-23,0.6619
2010-11-24,0.654
2010-11-25,0.6522
2010-11-26,0.654
2010-11-29,0.6489
2010-11-30,0.6426
2010-12-01,0.6447
2010-12-02,0.6453
2010-12-03,0.6455
2010-12-06,0.6479
2010-12-07,0.6492
2010-12-08,0.6454
2010-12-09,0.6429
2010-12-10,0.6419
2010-12-13,0.6428
2010-12-14,0.6491
2010-12-15,0.6431
2010-12-16,0.6394
2010-12-17,0.6424
2010-12-20,0.6372
2010-12-21,0.6354
2010-12-22,0.6327
2010-12-23,0.6317
2010-12-24,0.6332
2010-12-27,0.6317
2010-12-28,0.6353
2010-12-29,0.6299
2010-12-30,0.633
2010-12-31,0.6357
2011-01-03,0.6347
2011-01-04,0.6337
2011-01-05,0.6279
2011-01-06,0.6257
2011-01-07,0.6232
2011-01-10,0.6205
2011-01-11,0.6174
2011-01-12,0.6156
2011-01-13,0.6315
2011-01-14,0.6385
2011-01-17,0.6347
2011-01-18,0.6349
2011-01-19,0.6404
2011-01-20,0.652
2011-01-21,0.6595
2011-01-24,0.6596
2011-01-25,0.6611
2011-01-26,0.6616
2011-01-27,0.6733
2011-01-28,0.6772
2011-01-31,0.6816
2011-02-01,0.6817
2011-02-02,0.68
2011-02-03,0.6798
2011-02-04,0.6793
2011-02-07,0.6677
2011-02-08,0.6736
2011-02-09,0.6701
2011-02-10,0.6749
2011-02-11,0.671
2011-02-14,0.6614
2011-02-15,0.6617
2011-02-16,0.6549
2011-02-17,0.6567
2011-02-18,0.6604
2011-02-21,0.6603
2011-02-22,0.6667
2011-02-23,0.6696
2011-02-24,0.6754
2011-02-25,0.6766
2011-02-28,0.6719
2011-03-01,0.6714
2011-03-02,0.6738
2011-03-03,0.6711
2011-03-04,0.676
2011-03-07,0.6768
2011-03-08,0.6693
2011-03-09,0.6661
2011-03-10,0.6613
2011-03-11,0.6626
2011-03-14,0.665
2011-03-15,0.6624
2011-03-16,0.6655
2011-03-17,0.6689
2011-03-18,0.6697
2011-03-22,0.6721
2011-03-23,0.6713
2011-03-24,0.6717
2011-03-25,0.6758
2011-03-28,0.666
2011-03-29,0.6653
2011-03-30,0.6636
2011-03-31,0.6637
2011-04-01,0.6597
2011-04-04,0.6606
2011-04-05,0.6588
2011-04-06,0.6638
2011-04-07,0.6605
2011-04-08,0.6644
2011-04-11,0.6674
2011-04-12,0.6678
2011-04-13,0.6649
2011-04-14,0.6618
2011-04-15,0.6635
2011-04-20,0.6627
2011-04-21,0.6683
2011-04-26,0.6685
2011-04-27,0.6734
2011-04-28,0.6771
2011-04-29,0.6754
2011-05-02,0.6719
2011-05-03,0.6727
2011-05-04,0.6757
2011-05-05,0.6776
2011-05-06,0.6714
2011-05-09,0.6665
2011-05-11,0.6684
2011-05-12,0.6658
2011-05-13,0.6693
2011-05-16,0.6701
2011-05-17,0.6709
2011-05-18,0.6734
2011-05-19,0.6679
2011-05-20,0.6672
2011-05-23,0.6616
2011-05-24,0.6601
2011-05-25,0.6601
2011-05-26,0.6595
2011-05-27,0.6637
2011-05-31,0.6639
2011-06-01,0.6612
2011-06-02,0.6613
2011-06-03,0.6583
2011-06-06,0.6628
2011-06-07,0.6618
2011-06-09,0.6612
2011-06-10,0.6589
2011-06-13,0.661
2011-06-14,0.657
2011-06-15,0.6559
2011-06-16,0.6586
2011-06-17,0.6578
2011-06-20,0.6606
2011-06-21,0.6573
2011-06-22,0.659
2011-06-23,0.6578
2011-06-24,0.6572
2011-06-27,0.6581
2011-06-28,0.6623
2011-06-29,0.6631
2011-06-30,0.6629
2011-07-01,0.6612
2011-07-04,0.6596
2011-07-05,0.6623
2011-07-06,0.6572
2011-07-07,0.6508
2011-07-08,0.6525
2011-07-11,0.6485
2011-07-12,0.6496
2011-07-13,0.6489
2011-07-14,0.6522
2011-07-15,0.652
2011-07-18,0.6505
2011-07-19,0.6539
2011-07-20,0.6522
2011-07-21,0.6509
2011-07-22,0.6557
2011-07-25,0.6569
2011-07-26,0.6603
2011-07-27,0.6595
2011-07-28,0.658
2011-07-29,0.6571
2011-08-01,0.6607
2011-08-02,0.6569
2011-08-03,0.6662
2011-08-04,0.6677
2011-08-05,0.6685
2011-08-08,0.6805
2011-08-10,0.6776
2011-08-11,0.6753
2011-08-12,0.6764
2011-08-15,0.6761
2011-08-16,0.6821
2011-08-17,0.6823
2011-08-18,0.6859
2011-08-19,0.6888
2011-08-22,0.6927
2011-08-23,0.6949
2011-08-24,0.7001
2011-08-25,0.6996
2011-08-26,0.7026
2011-08-29,0.7016
2011-08-30,0.6903
2011-08-31,0.6899
2011-09-01,0.6853
2011-09-02,0.6844
2011-09-05,0.6891
2011-09-06,0.6966
2011-09-07,0.6933
2011-09-08,0.6944
2011-09-09,0.6887
2011-09-12,0.6816
2011-09-13,0.6831
2011-09-14,0.6843
2011-09-15,0.683
2011-09-16,0.6773
2011-09-19,0.6786
2011-09-20,0.6775
2011-09-21,0.6764
2011-09-22,0.6722
2011-09-23,0.6741
2011-09-26,0.6762
2011-09-27,0.6778
2011-10-03,0.6722
2011-10-04,0.6667
2011-10-05,0.6685
2011-10-06,0.6641
2011-10-10,0.671
2011-10-11,0.6744
2011-10-12,0.6785
2011-10-14,0.6783
2011-10-17,0.6767
2011-10-18,0.671
2011-10-19,0.6754
2011-10-21,0.6741
2011-10-24,0.6781
2011-10-25,0.6807
2011-10-26,0.6827
2011-10-27,0.6855
2011-10-28,0.6865
2011-10-31,0.6778
2011-11-01,0.6728
2011-11-02,0.6764
2011-11-03,0.6793
2011-11-04,0.6819
2011-11-07,0.6802
2011-11-08,0.6809
2011-11-09,0.6797
2011-11-10,0.679
2011-11-11,0.6828
2011-11-14,0.6825
2011-11-15,0.6781
2011-11-16,0.6755
2011-11-17,0.6742
2011-11-18,0.6778
2011-11-21,0.6758
2011-11-22,0.6794
2011-11-23,0.6768
2011-11-24,0.6786
2011-11-25,0.6774
2011-11-28,0.6828
2011-11-29,0.6788
2011-11-30,0.6786
2011-12-01,0.6785
2011-12-02,0.6768
2011-12-05,0.6738
2011-12-06,0.6738
2011-12-07,0.6732
2011-12-08,0.6737
2011-12-09,0.6752
2011-12-12,0.6708
2011-12-13,0.6694
2011-12-14,0.6654
2011-12-15,0.6646
2011-12-16,0.6649
2011-12-19,0.6645
2011-12-20,0.6651
2011-12-21,0.6633
2011-12-22,0.6648
2011-12-23,0.6652
2011-12-27,0.6632
2011-12-28,0.6673
2011-12-29,0.661
2011-12-30,0.6643
2012-01-03,0.6682
2012-01-04,0.672
2012-01-05,0.6651
2012-01-06,0.6614
2012-01-09,0.6589
2012-01-10,0.6582
2012-01-11,0.6576
2012-01-12,0.6571
2012-01-13,0.6619
2012-01-16,0.6561
2012-01-17,0.6601
2012-01-18,0.6569
2012-01-19,0.6573
2012-01-20,0.6587
2012-01-23,0.6603
2012-01-24,0.6624
2012-01-25,0.6596
2012-01-26,0.6654
2012-01-27,0.6646
2012-01-30,0.6647
2012-01-31,0.6621
2012-02-01,0.6601
2012-02-02,0.6585
2012-02-03,0.6575
2012-02-06,0.6527
2012-02-07,0.6587
2012-02-08,0.6609
2012-02-09,0.6632
2012-02-10,0.663
2012-02-13,0.6624
2012-02-14,0.6632
2012-02-15,0.6607
2012-02-16,0.6589
2012-02-17,0.6626
2012-02-20,0.665
2012-02-21,0.6639
2012-02-22,0.6679
2012-02-23,0.6716
2012-02-24,0.6764
2012-02-27,0.6851
2012-02-28,0.6845
2012-02-29,0.6808
2012-03-01,0.6776
2012-03-02,0.6767
2012-03-05,0.6753
2012-03-06,0.6738
2012-03-07,0.6731
2012-03-12,0.6675
2012-03-13,0.6647
2012-03-14,0.6646
2012-03-15,0.6647
2012-03-16,0.6622
2012-03-19,0.6659
2012-03-20,0.6658
2012-03-21,0.6665
2012-03-22,0.6645
2012-03-23,0.6661
2012-03-26,0.6656
2012-03-27,0.6671
2012-03-28,0.6674
2012-03-29,0.6666
2012-03-30,0.6658
2012-04-02,0.6668
2012-04-03,0.6677
2012-04-04,0.6619
2012-04-05,0.6583
2012-04-10,0.6582
2012-04-11,0.6629
2012-04-12,0.6631
2012-04-16,0.6577
2012-04-17,0.6632
2012-04-18,0.6628
2012-04-19,0.6634
2012-04-20,0.6633
2012-04-23,0.6643
2012-04-24,0.6651
2012-04-25,0.6661
2012-04-27,0.6668
2012-04-30,0.6666
2012-05-01,0.6714
2012-05-02,0.6692
2012-05-03,0.667
2012-05-04,0.6676
2012-05-07,0.6667
2012-05-08,0.666
2012-05-09,0.6656
2012-05-10,0.6654
2012-05-11,0.6647
2012-05-14,0.6632
2012-05-15,0.6614
2012-05-16,0.656
2012-05-17,0.6529
2012-05-18,0.655
2012-05-21,0.6576
2012-05-22,0.655
2012-05-23,0.6565
2012-05-24,0.6508
2012-05-25,0.6512
2012-05-28,0.6526
2012-05-29,0.6536
2012-05-30,0.6503
2012-05-31,0.6482
2012-06-01,0.6499
2012-06-04,0.6513
2012-06-05,0.6514
2012-06-06,0.6543
2012-06-07,0.655
2012-06-08,0.6505
2012-06-11,0.6522
2012-06-12,0.6545
2012-06-13,0.6544
2012-06-14,0.6562
2012-06-15,0.6569
2012-06-18,0.6555
2012-06-19,0.6548
2012-06-20,0.661
2012-06-21,0.6617
2012-06-22,0.6584
2012-06-25,0.6578
2012-06-26,0.6616
2012-06-27,0.6631
2012-06-28,0.6592
2012-06-29,0.6636
2012-07-02,0.6646
2012-07-03,0.6645
2012-07-04,0.6622
2012-07-05,0.6586
2012-07-06,0.6545
2012-07-09,0.6554
2012-07-10,0.6546
2012-07-11,0.6534
2012-07-12,0.6526
2012-07-13,0.6512
2012-07-16,0.6527
2012-07-17,0.6574
2012-07-18,0.6595
2012-07-19,0.6673
2012-07-20,0.6591
2012-07-23,0.6577
2012-07-24,0.6612
2012-07-25,0.6631
2012-07-26,0.6699
2012-07-27,0.6745
2012-07-30,0.6656
2012-07-31,0.6594
2012-08-01,0.6571
2012-08-02,0.656
2012-08-03,0.6577
2012-08-06,0.6606
2012-08-07,0.6667
2012-08-08,0.6637
2012-08-09,0.6592
2012-08-10,0.6604
2012-08-13,0.6706
2012-08-14,0.6693
2012-08-15,0.6655
2012-08-16,0.6665
2012-08-17,0.6684
2012-08-20,0.6664
2012-08-21,0.6712
2012-08-22,0.6736
2012-08-23,0.6747
2012-08-24,0.6773
2012-08-27,0.677
2012-08-28,0.676
2012-08-29,0.6784
2012-08-30,0.6805
2012-08-31,0.6765
2012-09-03,0.678
2012-09-04,0.6794
2012-09-05,0.6788
2012-09-06,0.6824
2012-09-07,0.6802
2012-09-10,0.6825
2012-09-11,0.6799
2012-09-12,0.6834
2012-09-13,0.6868
2012-09-14,0.6853
2012-09-19,0.6825
2012-09-20,0.6806
2012-09-21,0.6794
2012-09-24,0.6775
2012-09-27,0.6777
2012-09-28,0.6795
2012-10-02,0.6733
2012-10-03,0.6731
2012-10-04,0.6732
2012-10-05,0.673
2012-10-09,0.6702
2012-10-10,0.667
2012-10-11,0.6677
2012-10-12,0.6679
2012-10-15,0.6639
2012-10-16,0.6651
2012-10-17,0.6674
2012-10-18,0.6691
2012-10-19,0.6691
2012-10-22,0.6684
2012-10-23,0.6681
2012-10-24,0.6696
2012-10-25,0.6716
2012-10-26,0.6716
2012-10-29,0.6724
2012-10-30,0.6765
2012-10-31,0.6758
2012-11-01,0.6728
2012-11-02,0.6705
2012-11-05,0.6686
2012-11-06,0.6682
2012-11-07,0.6665
2012-11-08,0.6669
2012-11-09,0.6655
2012-11-12,0.6696
2012-11-13,0.6682
2012-11-14,0.669
2012-11-15,0.6762
2012-11-16,0.6757
2012-11-19,0.6745
2012-11-20,0.674
2012-11-21,0.6726
2012-11-22,0.6682
2012-11-23,0.6696
2012-11-26,0.6725
2012-11-27,0.6701
2012-11-28,0.6684
2012-11-29,0.6669
2012-11-30,0.6642
2012-12-03,0.6647
2012-12-04,0.6694
2012-12-05,0.6666
2012-12-06,0.6679
2012-12-07,0.6651
2012-12-10,0.6637
2012-12-11,0.6625
2012-12-12,0.6609
2012-12-13,0.6617
2012-12-14,0.6661
2012-12-17,0.6659
2012-12-18,0.6661
2012-12-19,0.6675
2012-12-20,0.6662
2012-12-21,0.6633
2012-12-24,0.664
2012-12-26,0.6639
2012-12-27,0.6626
2012-12-28,0.6593
2012-12-31,0.6596
2013-01-02,0.6605
2013-01-03,0.6564
2013-01-04,0.6586
2013-01-07,0.662
2013-01-08,0.6624
2013-01-09,0.6623
2013-01-10,0.6633
2013-01-11,0.6655
2013-01-14,0.6685
2013-01-15,0.6677
2013-01-16,0.6651
2013-01-17,0.667
2013-01-18,0.666
2013-01-21,0.6667
2013-01-23,0.6652
2013-01-24,0.6643
2013-01-25,0.6687
2013-01-28,0.6719
2013-01-29,0.6716
2013-01-30,0.6765
2013-01-31,0.6772
2013-02-01,0.6738
2013-02-04,0.67
2013-02-05,0.6703
2013-02-06,0.6703
2013-02-07,0.6706
2013-02-08,0.6644
2013-02-11,0.6638
2013-02-12,0.6663
2013-02-13,0.6664
2013-02-14,0.6577
2013-02-15,0.6583
2013-02-18,0.6587
2013-02-19,0.6587
2013-02-20,0.6568
2013-02-21,0.6491
2013-02-22,0.6567
2013-02-26,0.6551
2013-02-27,0.6553
2013-02-28,0.6523
2013-03-01,0.653
2013-03-04,0.6514
2013-03-05,0.6523
2013-03-06,0.6518
2013-03-07,0.6506
2013-03-08,0.649
2013-03-11,0.6432
2013-03-12,0.6423
2013-03-13,0.6426
2013-03-14,0.6415
2013-03-15,0.6442
2013-03-18,0.6406
2013-03-19,0.6393
2013-03-20,0.6373
2013-03-21,0.6376
2013-03-22,0.6364
2013-03-27,0.6259
2013-03-28,0.6253
2013-04-02,0.6235
2013-04-03,0.6224
2013-04-04,0.6238
2013-04-05,0.6286
2013-04-08,0.6319
2013-04-09,0.6348
2013-04-10,0.6381
2013-04-11,0.6378
2013-04-12,0.6361
2013-04-15,0.6355
2013-04-17,0.6382
2013-04-18,0.6349
2013-04-19,0.6361
2013-04-22,0.635
2013-04-23,0.6318
2013-04-24,0.6316
2013-04-25,0.6323
2013-04-26,0.6301
2013-04-29,0.6303
2013-04-30,0.6297
2013-05-01,0.6346
2013-05-02,0.6314
2013-05-03,0.627
2013-05-06,0.6275
2013-05-07,0.627
2013-05-08,0.6277
2013-05-09,0.6269
2013-05-10,0.622
2013-05-13,0.622
2013-05-14,0.6346
2013-05-16,0.6302
2013-05-17,0.6289
2013-05-20,0.6318
2013-05-21,0.6341
2013-05-22,0.6367
2013-05-23,0.6396
2013-05-24,0.6437
2013-05-28,0.6435
2013-05-29,0.6415
2013-05-30,0.6413
2013-05-31,0.6437
2013-06-03,0.6432
2013-06-04,0.6452
2013-06-05,0.6435
2013-06-06,0.642
2013-06-07,0.6444
2013-06-10,0.6435
2013-06-11,0.6489
2013-06-12,0.6455
2013-06-13,0.6455
2013-06-14,0.6437
2013-06-17,0.6443
2013-06-18,0.6444
2013-06-19,0.6454
2013-06-20,0.6423
2013-06-21,0.6427
2013-06-24,0.6385
2013-06-25,0.6343
2013-06-26,0.6317
2013-06-27,0.6366
2013-06-28,0.6328
2013-07-01,0.6361
2013-07-02,0.6338
2013-07-03,0.6345
2013-07-04,0.6334
2013-07-05,0.6296
2013-07-08,0.6306
2013-07-09,0.6297
2013-07-10,0.6266
2013-07-11,0.6333
2013-07-12,0.6308
2013-07-15,0.6282
2013-07-17,0.6305
2013-07-18,0.6329
2013-07-19,0.6299
2013-07-22,0.6305
2013-07-23,0.6309
2013-07-24,0.6351
2013-07-25,0.6365
2013-07-26,0.6375
2013-07-29,0.6401
2013-07-30,0.6355
2013-07-31,0.6341
2013-08-01,0.6322
2013-08-02,0.6343
2013-08-05,0.6339
2013-08-06,0.6324
2013-08-07,0.6338
2013-08-08,0.634
2013-08-09,0.6334
2013-08-12,0.6319
2013-08-13,0.6327
2013-08-14,0.6347
2013-08-15,0.6363
2013-08-16,0.6371
2013-08-19,0.6395
2013-08-20,0.6401
2013-08-21,0.6405
2013-08-22,0.6399
2013-08-23,0.6421
2013-08-26,0.646
2013-08-27,0.6543
2013-08-28,0.6571
2013-08-29,0.6453
2013-08-30,0.6413
2013-09-02,0.641
2013-09-03,0.641
2013-09-09,0.6411
2013-09-10,0.6401
2013-09-11,0.6336
2013-09-12,0.6353
2013-09-16,0.6325
2013-09-17,0.6335
2013-09-18,0.6332
2013-09-20,0.636
2013-09-23,0.6369
2013-09-24,0.6389
2013-09-25,0.6442
2013-09-27,0.6463
2013-09-30,0.64
2013-10-01,0.6415
2013-10-02,0.6404
2013-10-03,0.6451
2013-10-04,0.6475
2013-10-07,0.6445
2013-10-08,0.6478
2013-10-09,0.6469
2013-10-10,0.645
2013-10-11,0.645
2013-10-14,0.6431
2013-10-15,0.6415
2013-10-16,0.6451
2013-10-17,0.6466
2013-10-18,0.6479
2013-10-21,0.6484
2013-10-22,0.6467
2013-10-23,0.6488
2013-10-24,0.6534
2013-10-25,0.653
2013-10-28,0.6532
2013-10-29,0.6504
2013-10-30,0.6493
2013-10-31,0.6439
2013-11-01,0.6391
2013-11-04,0.6399
2013-11-05,0.6391
2013-11-06,0.6396
2013-11-07,0.6407
2013-11-08,0.6358
2013-11-11,0.6349
2013-11-12,0.6346
2013-11-13,0.6355
2013-11-14,0.6362
2013-11-15,0.6347
2013-11-18,0.6383
2013-11-19,0.6374
2013-11-20,0.6429
2013-11-21,0.6444
2013-11-22,0.6439
2013-11-25,0.6457
2013-11-26,0.6434
2013-11-27,0.6457
2013-11-28,0.644
2013-11-29,0.6431
2013-12-02,0.6405
2013-12-03,0.641
2013-12-04,0.6415
2013-12-05,0.6421
2013-12-06,0.6439
2013-12-09,0.6442
2013-12-10,0.6441
2013-12-11,0.6464
2013-12-12,0.6473
2013-12-13,0.6464
2013-12-16,0.6479
2013-12-17,0.6477
2013-12-18,0.646
2013-12-19,0.6444
2013-12-20,0.643
2013-12-23,0.6429
2013-12-24,0.6394
2013-12-26,0.6409
2013-12-27,0.6457
2013-12-30,0.6418
2013-12-31,0.641
2014-01-02,0.6399
2014-01-03,0.6406
2014-01-06,0.6392
2014-01-07,0.6403
2014-01-08,0.6389
2014-01-09,0.6385
2014-01-10,0.6377
2014-01-13,0.6389
2014-01-14,0.6391
2014-01-15,0.6353
2014-01-16,0.6367
2014-01-17,0.6358
2014-01-20,0.6341
2014-01-21,0.6342
2014-01-22,0.6342
2014-01-23,0.6373
2014-01-24,0.6386
2014-01-27,0.6393
2014-01-28,0.6387
2014-01-29,0.6377
2014-01-30,0.6365
2014-01-31,0.635
2014-02-03,0.6366
2014-02-04,0.64
2014-02-05,0.641
2014-02-06,0.6427
2014-02-07,0.6424
2014-02-10,0.6439
2014-02-11,0.644
2014-02-12,0.643
2014-02-13,0.6436
2014-02-14,0.6434
2014-02-17,0.6444
2014-02-18,0.6463
2014-02-19,0.6467
2014-02-20,0.6459
2014-02-21,0.6447
2014-02-24,0.6456
2014-02-25,0.6479
2014-02-26,0.6477
2014-02-27,0.6437
2014-02-28,0.643
2014-03-03,0.6442
2014-03-04,0.6431
2014-03-05,0.6418
2014-03-06,0.6404
2014-03-07,0.6433
2014-03-10,0.6461
2014-03-11,0.6449
2014-03-12,0.6451
2014-03-13,0.6478
2014-03-14,0.6455
2014-03-18,0.6449
2014-03-19,0.6454
2014-03-20,0.6428
2014-03-21,0.6425
2014-03-24,0.6432
2014-03-25,0.6455
2014-03-26,0.6449
2014-03-27,0.6459
2014-03-28,0.6441
2014-03-31,0.6446
2014-04-01,0.6423
2014-04-02,0.6419
2014-04-03,0.6397
2014-04-04,0.6381
2014-04-07,0.6423
2014-04-08,0.6421
2014-04-09,0.6438
2014-04-10,0.6438
2014-04-11,0.6442
2014-04-16,0.6426
2014-04-17,0.6443
2014-04-22,0.6446
2014-04-23,0.6467
2014-04-24,0.6439
2014-04-25,0.6433
2014-04-28,0.6472
2014-04-29,0.6438
2014-04-30,0.6434
2014-05-01,0.6422
2014-05-02,0.6418
2014-05-05,0.6428
2014-05-07,0.6437
2014-05-08,0.6436
2014-05-09,0.6393
2014-05-12,0.6369
2014-05-13,0.635
2014-05-14,0.6352
2014-05-15,0.6321
2014-05-16,0.636
2014-05-19,0.6348
2014-05-20,0.6366
2014-05-21,0.6389
2014-05-22,0.6385
2014-05-23,0.6368
2014-05-27,0.6359
2014-05-28,0.636
2014-05-29,0.634
2014-05-30,0.6335
2014-06-02,0.6341
2014-06-03,0.6332
2014-06-05,0.6332
2014-06-06,0.6336
2014-06-09,0.6314
2014-06-10,0.6284
2014-06-11,0.6286
2014-06-12,0.6276
2014-06-13,0.6283
2014-06-16,0.628
2014-06-17,0.6283
2014-06-18,0.629
2014-06-19,0.6295
2014-06-20,0.6284
2014-06-23,0.6296
2014-06-24,0.6273
2014-06-25,0.628
2014-06-26,0.6268
2014-06-27,0.6274
2014-06-30,0.6296
2014-07-01,0.6293
2014-07-02,0.6278
2014-07-03,0.6269
2014-07-04,0.623
2014-07-07,0.624
2014-07-08,0.6254
2014-07-09,0.6273
2014-07-10,0.6263
2014-07-11,0.6256
2014-07-14,0.6257
2014-07-15,0.6209
2014-07-16,0.6186
2014-07-17,0.6186
2014-07-18,0.6209
2014-07-21,0.62
2014-07-22,0.6182
2014-07-23,0.6161
2014-07-24,0.6146
2014-07-25,0.6186
2014-07-28,0.6175
2014-07-29,0.6173
2014-07-30,0.6163
2014-07-31,0.6156
2014-08-01,0.613
2014-08-04,0.6153
2014-08-06,0.6133
2014-08-07,0.6192
2014-08-08,0.6237
2014-08-11,0.6236
2014-08-12,0.6231
2014-08-13,0.626
2014-08-14,0.6227
2014-08-15,0.6219
2014-08-18,0.6291
2014-08-19,0.6306
2014-08-20,0.6294
2014-08-21,0.6291
2014-08-22,0.6272
2014-08-25,0.6273
2014-08-26,0.6325
2014-08-27,0.6317
2014-08-28,0.6299
2014-08-29,0.6315
2014-09-01,0.6311
2014-09-02,0.63
2014-09-03,0.6318
2014-09-04,0.6272
2014-09-05,0.6265
2014-09-08,0.6261
2014-09-09,0.6249
2014-09-10,0.6287
2014-09-11,0.6299
2014-09-12,0.6315
2014-09-15,0.6295
2014-09-16,0.6331
2014-09-17,0.635
2014-09-18,0.6315
2014-09-19,0.6309
2014-09-22,0.631
2014-09-23,0.6331
2014-09-29,0.629
2014-09-30,0.6246
2014-10-01,0.6212
2014-10-02,0.6188
2014-10-06,0.6188
2014-10-07,0.6274
2014-10-08,0.635
2014-10-10,0.634
2014-10-13,0.6359
2014-10-14,0.638
2014-10-15,0.6335
2014-10-17,0.6371
2014-10-20,0.6424
2014-10-21,0.6389
2014-10-22,0.6381
2014-10-23,0.6409
2014-10-24,0.6437
2014-10-27,0.6456
2014-10-28,0.6422
2014-10-29,0.6423
2014-10-30,0.6385
2014-10-31,0.6389
2014-11-03,0.636
2014-11-04,0.6381
2014-11-05,0.6369
2014-11-06,0.6369
2014-11-07,0.6346
2014-11-10,0.635
2014-11-11,0.6367
2014-11-12,0.6396
2014-11-13,0.6381
2014-11-14,0.6387
2014-11-17,0.6421
2014-11-18,0.6453
2014-11-19,0.6465
2014-11-20,0.648
2014-11-21,0.646
2014-11-24,0.6443
2014-11-25,0.6457
2014-11-26,0.6477
2014-11-27,0.6517
2014-11-28,0.65
2014-12-01,0.6553
2014-12-02,0.662
2014-12-03,0.662
2014-12-04,0.6595
2014-12-05,0.6582
2014-12-08,0.6576
2014-12-09,0.655
2014-12-10,0.657
2014-12-11,0.656
2014-12-12,0.653
2014-12-15,0.6548
2014-12-16,0.6616
2014-12-17,0.6563
2014-12-18,0.652
2014-12-19,0.6488
2014-12-22,0.6468
2014-12-23,0.6432
2014-12-24,0.6418
2014-12-29,0.6442
2014-12-30,0.6383
2014-12-31,0.6346
2015-01-02,0.634
2015-01-05,0.6335
2015-01-06,0.6349
2015-01-07,0.6295
2015-01-08,0.6285
2015-01-09,0.6281
2015-01-12,0.6269
2015-01-13,0.6247
2015-01-14,0.6225
2015-01-15,0.6144
2015-01-16,0.6119
2015-01-19,0.6131
2015-01-20,0.6116
2015-01-21,0.6125
2015-01-22,0.6147
2015-01-23,0.5997
2015-01-26,0.603
2015-01-27,0.6046
2015-01-28,0.6022
2015-01-29,0.5965
2015-01-30,0.5982
2015-02-02,0.5993
2015-02-03,0.5992
2015-02-04,0.5983
2015-02-05,0.5943
2015-02-06,0.5955
2015-02-09,0.5891
2015-02-10,0.5883
2015-02-11,0.5873
2015-02-12,0.5931
2015-02-13,0.5961
2015-02-16,0.5965
2015-02-17,0.5931
2015-02-18,0.5883
2015-02-19,0.587
2015-02-20,0.5875
2015-02-23,0.5842
2015-02-24,0.6005
2015-02-25,0.5984
2015-02-26,0.598
2015-02-27,0.5957
2015-03-02,0.5999
2015-03-03,0.5972
2015-03-04,0.5941
2015-03-09,0.5863
2015-03-10,0.5825
2015-03-11,0.5752
2015-03-12,0.5729
2015-03-13,0.5716
2015-03-16,0.5677
2015-03-18,0.5721
2015-03-19,0.5725
2015-03-20,0.5809
2015-03-23,0.5868
2015-03-24,0.5781
2015-03-25,0.5805
2015-03-26,0.5812
2015-03-27,0.5784
2015-03-30,0.576
2015-03-31,0.5722
2015-04-01,0.5727
2015-04-02,0.5726
2015-04-07,0.5725
2015-04-08,0.5722
2015-04-09,0.5668
2015-04-13,0.5656
2015-04-14,0.5639
2015-04-15,0.565
2015-04-16,0.5652
2015-04-17,0.5685
2015-04-20,0.5651
2015-04-21,0.5651
2015-04-22,0.5694
2015-04-24,0.5721
2015-04-27,0.5709
2015-04-28,0.5702
2015-04-29,0.5712
2015-04-30,0.5785
2015-05-01,0.582
2015-05-04,0.5801
2015-05-05,0.5782
2015-05-06,0.5818
2015-05-07,0.5852
2015-05-08,0.5819
2015-05-11,0.5781
2015-05-12,0.5826
2015-05-13,0.5799
2015-05-14,0.5843
2015-05-15,0.5821
2015-05-18,0.5842
2015-05-19,0.5787
2015-05-20,0.577
2015-05-21,0.5769
2015-05-22,0.5798
2015-05-26,0.5677
2015-05-27,0.5654
2015-05-28,0.5687
2015-05-29,0.5697
2015-06-01,0.5671
2015-06-02,0.5708
2015-06-03,0.5763
2015-06-04,0.5839
2015-06-05,0.5802
2015-06-08,0.5777
2015-06-09,0.5785
2015-06-10,0.5792
2015-06-11,0.5782
2015-06-12,0.578
2015-06-15,0.5774
2015-06-16,0.5787
2015-06-17,0.5806
2015-06-18,0.5829
2015-06-19,0.581
2015-06-22,0.5831
2015-06-23,0.5677
2015-06-24,0.5652
2015-06-25,0.5662
2015-06-26,0.5698
2015-06-29,0.5666
2015-06-30,0.5655
2015-07-01,0.5623
2015-07-02,0.5611
2015-07-03,0.5612
2015-07-06,0.558
2015-07-07,0.5555
2015-07-08,0.5603
2015-07-09,0.5608
2015-07-10,0.5625
2015-07-13,0.5606
2015-07-14,0.558
2015-07-15,0.5551
2015-07-16,0.553
2015-07-17,0.5532
2015-07-20,0.5554
2015-07-21,0.5547
2015-07-22,0.5581
2015-07-23,0.5628
2015-07-24,0.5604
2015-07-27,0.5649
2015-07-28,0.5581
2015-07-29,0.5608
2015-07-30,0.5553
2015-07-31,0.5545
2015-08-03,0.5541
2015-08-04,0.5565
2015-08-05,0.5541
2015-08-06,0.5573
2015-08-07,0.5579
2015-08-10,0.5586
2015-08-11,0.5648
2015-08-12,0.5696
2015-08-13,0.5666
2015-08-14,0.5649
2015-08-17,0.5658
2015-08-18,0.5676
2015-08-19,0.5735
2015-08-20,0.5818
2015-08-21,0.5836
2015-08-24,0.5974
2015-08-25,0.5962
2015-08-26,0.5996
2015-08-27,0.5939
2015-08-28,0.5934
2015-08-31,0.5901
2015-09-01,0.5922
2015-09-02,0.5931
2015-09-03,0.5918
2015-09-04,0.5866
2015-09-07,0.5877
2015-09-08,0.5866
2015-09-09,0.5798
2015-09-10,0.5858
2015-09-11,0.5856
2015-09-16,0.5847
2015-09-17,0.5875
2015-09-18,0.593
2015-09-21,0.5917
2015-09-24,0.594
2015-09-25,0.5899
2015-09-29,0.5936
2015-09-30,0.5903
2015-10-01,0.5856
2015-10-02,0.5873
2015-10-06,0.5825
2015-10-07,0.5807
2015-10-08,0.5825
2015-10-09,0.5828
2015-10-12,0.5846
2015-10-13,0.5893
2015-10-14,0.5884
2015-10-15,0.5855
2015-10-16,0.5811
2015-10-19,0.583
2015-10-20,0.5888
2015-10-21,0.5877
2015-10-22,0.5848
2015-10-23,0.5773
2015-10-26,0.5756
2015-10-27,0.5732
2015-10-28,0.5754
2015-10-29,0.5711
2015-10-30,0.5702
2015-11-02,0.5713
2015-11-03,0.5706
2015-11-04,0.5683
2015-11-05,0.566
2015-11-06,0.5668
2015-11-09,0.5658
2015-11-10,0.564
2015-11-11,0.5619
2015-11-12,0.5596
2015-11-13,0.5606
2015-11-16,0.5599
2015-11-17,0.5581
2015-11-18,0.558
2015-11-19,0.558
2015-11-20,0.5556
2015-11-23,0.5547
2015-11-24,0.5525
2015-11-25,0.5503
2015-11-26,0.5521
2015-11-27,0.5534
2015-11-30,0.5495
2015-12-01,0.551
2015-12-02,0.551
2015-12-03,0.5498
2015-12-04,0.5624
2015-12-07,0.5584
2015-12-08,0.5646
2015-12-09,0.57
2015-12-10,0.5677
2015-12-11,0.5667
2015-12-14,0.5673
2015-12-15,0.5684
2015-12-16,0.5677
2015-12-17,0.5662
2015-12-18,0.5648
2015-12-21,0.5679
2015-12-22,0.5723
2015-12-23,0.5706
2015-12-24,0.5713
2015-12-28,0.5721
2015-12-29,0.5709
2015-12-30,0.5705
2015-12-31,0.5691
2016-01-04,0.5722
2016-01-05,0.5668
2016-01-06,0.568
2016-01-07,0.5728
2016-01-08,0.5722
2016-01-11,0.5738
2016-01-12,0.5727
2016-01-13,0.5712
2016-01-14,0.5778
2016-01-15,0.5765
2016-01-18,0.5775
2016-01-19,0.5756
2016-01-20,0.5824
2016-01-21,0.5803
2016-01-22,0.5768
2016-01-25,0.5774
2016-01-26,0.5772
2016-01-27,0.5791
2016-01-28,0.5789
2016-01-29,0.5775
2016-02-01,0.5758
2016-02-02,0.5785
2016-02-03,0.5805
2016-02-04,0.5856
2016-02-05,0.5822
2016-02-08,0.5798
2016-02-09,0.5847
2016-02-10,0.584
2016-02-11,0.5895
2016-02-12,0.5862
2016-02-15,0.5826
2016-02-16,0.5852
2016-02-17,0.583
2016-02-18,0.5811
2016-02-19,0.5828
2016-02-22,0.5789
2016-02-23,0.5762
2016-02-24,0.5771
2016-02-25,0.5777
2016-02-26,0.5762
2016-02-29,0.5704
2016-03-01,0.5681
2016-03-02,0.5654
2016-03-03,0.5672
2016-03-04,0.5707
2016-03-07,0.5739
2016-03-08,0.5778
2016-03-09,0.5746
2016-03-10,0.5694
2016-03-11,0.578
2016-03-14,0.5777
2016-03-15,0.58
2016-03-16,0.5801
2016-03-17,0.5837
2016-03-18,0.5833
2016-03-21,0.5828
2016-03-22,0.5799
2016-03-23,0.5759
2016-03-28,0.5746
2016-03-29,0.5746
2016-03-30,0.5756
2016-03-31,0.575
2016-04-01,0.579
2016-04-04,0.578
2016-04-05,0.5805
2016-04-06,0.5818
2016-04-07,0.5793
2016-04-08,0.5795
2016-04-11,0.5788
2016-04-12,0.577
2016-04-13,0.5728
2016-04-14,0.5732
2016-04-15,0.5732
2016-04-18,0.573
2016-04-19,0.5735
2016-04-20,0.5744
2016-04-21,0.5727
2016-04-25,0.571
2016-04-26,0.5711
2016-04-27,0.5734
2016-04-28,0.5739
2016-05-02,0.5781
2016-05-03,0.5826
2016-05-04,0.5827
2016-05-05,0.5809
2016-05-06,0.5812
2016-05-09,0.5785
2016-05-10,0.5784
2016-05-11,0.5774
2016-05-13,0.5752
2016-05-16,0.5801
2016-05-17,0.581
2016-05-18,0.5812
2016-05-19,0.5813
2016-05-20,0.584
2016-05-23,0.5843
2016-05-24,0.5811
2016-05-25,0.5775
2016-05-26,0.5767
2016-05-27,0.5781
2016-05-31,0.5775
2016-06-01,0.578
2016-06-02,0.5797
2016-06-03,0.5801
2016-06-06,0.5844
2016-06-07,0.5822
2016-06-08,0.5854
2016-06-09,0.5864
2016-06-10,0.5848
2016-06-13,0.5873
2016-06-14,0.5831
2016-06-15,0.5851
2016-06-16,0.5825
2016-06-17,0.5834
2016-06-20,0.5867
2016-06-21,0.5877
2016-06-22,0.5845
2016-06-23,0.5853
2016-06-24,0.5808
2016-06-27,0.577
2016-06-28,0.5782
2016-06-29,0.5756
2016-06-30,0.5758
2016-07-01,0.5742
2016-07-04,0.5766
2016-07-05,0.5795
2016-07-06,0.5787
2016-07-07,0.5775
2016-07-08,0.5777
2016-07-11,0.5767
2016-07-12,0.5787
2016-07-13,0.5764
2016-07-14,0.5754
2016-07-15,0.576
2016-07-18,0.5735
2016-07-19,0.5733
2016-07-20,0.5713
2016-07-21,0.5712
2016-07-22,0.5693
2016-07-25,0.5681
2016-07-26,0.5685
2016-07-27,0.5675
2016-07-28,0.5705
2016-07-29,0.5707
2016-08-01,0.5712
2016-08-02,0.5742
2016-08-03,0.5756
2016-08-04,0.5724
2016-08-05,0.5722
2016-08-08,0.571
2016-08-09,0.5696
2016-08-10,0.5731
2016-08-11,0.5714
2016-08-12,0.5714
2016-08-15,0.5719
2016-08-16,0.5717
2016-08-17,0.5741
2016-08-18,0.575
2016-08-19,0.5741
2016-08-22,0.574
2016-08-23,0.5737
2016-08-24,0.5711
2016-08-25,0.5716
2016-08-26,0.5693
2016-08-29,0.5691
2016-08-30,0.5673
2016-08-31,0.567
2016-09-01,0.5656
2016-09-02,0.5668
2016-09-05,0.565
2016-09-06,0.5653
2016-09-07,0.5688
2016-09-08,0.5692
2016-09-09,0.5687
2016-09-12,0.5686
2016-09-13,0.5693
2016-09-14,0.5709
2016-09-15,0.5704
2016-09-16,0.5674
2016-09-19,0.5657
2016-09-20,0.5668
2016-09-21,0.5648
2016-09-22,0.5665
2016-09-23,0.5654
2016-09-26,0.568
2016-09-27,0.5648
2016-09-28,0.5652
2016-09-29,0.5655
2016-09-30,0.564
2016-10-05,0.5698
2016-10-06,0.5679
2016-10-07,0.5666
2016-10-10,0.5687
2016-10-13,0.5649
2016-10-14,0.5649
2016-10-18,0.5649
2016-10-19,0.5643
2016-10-20,0.5654
2016-10-21,0.5629
2016-10-25,0.563
2016-10-26,0.5639
2016-10-27,0.5642
2016-10-28,0.5662
2016-10-31,0.5663
2016-11-01,0.5665
2016-11-02,0.5679
2016-11-03,0.5679
2016-11-04,0.5677
2016-11-07,0.5667
2016-11-08,0.5661
2016-11-09,0.5669
2016-11-10,0.5622
2016-11-11,0.5616
2016-11-14,0.5573
2016-11-15,0.5563
2016-11-16,0.5546
2016-11-17,0.5552
2016-11-18,0.5517
2016-11-21,0.5526
2016-11-22,0.5519
2016-11-23,0.5522
2016-11-24,0.5504
2016-11-25,0.5513
2016-11-28,0.5497
2016-11-29,0.5479
2016-11-30,0.5485
2016-12-01,0.5478
2016-12-02,0.5487
2016-12-05,0.5503
2016-12-06,0.5496
2016-12-07,0.5487
2016-12-08,0.5495
2016-12-09,0.5448
2016-12-12,0.5453
2016-12-13,0.5434
2016-12-14,0.5444
2016-12-15,0.5391
2016-12-16,0.5405
2016-12-19,0.5422
2016-12-20,0.5384
2016-12-21,0.5373
2016-12-22,0.5366
2016-12-23,0.5363
2016-12-27,0.5406
2016-12-28,0.539
2016-12-29,0.5408
2016-12-30,0.544
2017-01-03,0.5392
2017-01-04,0.5413
2017-01-05,0.5445
2017-01-06,0.548
2017-01-09,0.5451
2017-01-10,0.5472
2017-01-11,0.5445
2017-01-12,0.5479
2017-01-13,0.5467
2017-01-16,0.5451
2017-01-17,0.5498
2017-01-18,0.5475
2017-01-19,0.5463
2017-01-20,0.5455
2017-01-23,0.5482
2017-01-24,0.5472
2017-01-25,0.5473
2017-01-26,0.5457
2017-01-27,0.5452
2017-01-30,0.5411
2017-01-31,0.5451
2017-02-01,0.5469
2017-02-02,0.5466
2017-02-03,0.5432
2017-02-06,0.5409
2017-02-07,0.539
2017-02-08,0.5374
2017-02-09,0.5388
2017-02-10,0.5365
2017-02-13,0.5361
2017-02-14,0.5355
2017-02-15,0.5318
2017-02-16,0.5314
2017-02-17,0.5323
2017-02-20,0.53
2017-02-21,0.5255
2017-02-22,0.524
2017-02-23,0.5264
2017-02-24,0.5271
2017-02-27,0.5239
2017-02-28,0.5218
2017-03-01,0.5145
2017-03-02,0.5221
2017-03-03,0.5224
2017-03-06,0.5243
2017-03-07,0.5228
2017-03-08,0.5231
2017-03-09,0.5237
2017-03-10,0.5248
2017-03-14,0.5237
2017-03-15,0.5229
2017-03-16,0.5234
2017-03-17,0.5259
2017-03-20,0.5233
2017-03-21,0.5254
2017-03-22,0.5303
2017-03-23,0.5287
2017-03-24,0.5293
2017-03-27,0.5286
2017-03-28,0.5274
2017-03-29,0.5256
2017-03-30,0.5218
2017-03-31,0.5219
2017-04-03,0.5199
2017-04-04,0.522
2017-04-05,0.5246
2017-04-06,0.5234
2017-04-07,0.5222
2017-04-12,0.5219
2017-04-13,0.5222
2017-04-18,0.5263
2017-04-19,0.5287
2017-04-20,0.5292
2017-04-21,0.5307
2017-04-24,0.5326
2017-04-25,0.5334
2017-04-26,0.5322
2017-04-27,0.5337
2017-04-28,0.5296
2017-05-03,0.53
2017-05-04,0.5316
2017-05-05,0.5329
2017-05-08,0.5307
2017-05-09,0.5276
2017-05-10,0.5264
2017-05-11,0.5276
2017-05-12,0.5271
2017-05-15,0.5302
2017-05-16,0.5357
2017-05-17,0.5379
2017-05-18,0.5391
2017-05-19,0.5378
2017-05-22,0.5409
2017-05-23,0.5422
2017-05-24,0.5402
2017-05-25,0.5388
2017-05-26,0.5385
2017-05-30,0.5334
2017-06-01,0.5352
2017-06-02,0.5369
2017-06-05,0.536
2017-06-06,0.5359
2017-06-07,0.5346
2017-06-08,0.5344
2017-06-09,0.5317
2017-06-12,0.5332
2017-06-13,0.5324
2017-06-14,0.5317
2017-06-15,0.5285
2017-06-16,0.5298
2017-06-19,0.5306
2017-06-20,0.5298
2017-06-21,0.5309
2017-06-22,0.5318
2017-06-23,0.532
2017-06-26,0.5314
2017-06-27,0.5325
2017-06-28,0.5382
2017-06-29,0.5355
2017-06-30,0.536
2017-07-03,0.5344
2017-07-04,0.5364
2017-07-05,0.5368
2017-07-06,0.5401
2017-07-07,0.5417
2017-07-10,0.5435
2017-07-11,0.548
2017-07-12,0.5473
2017-07-13,0.5416
2017-07-14,0.5428
2017-07-17,0.5465
2017-07-18,0.5537
2017-07-19,0.5565
2017-07-20,0.552
2017-07-21,0.5567
2017-07-24,0.5622
2017-07-25,0.5591
2017-07-26,0.559
2017-07-27,0.5604
2017-07-28,0.5599
2017-07-31,0.5613
2017-08-02,0.5693
2017-08-03,0.5713
2017-08-04,0.5763
2017-08-07,0.5745
2017-08-08,0.5726
2017-08-09,0.568
2017-08-10,0.5668
2017-08-11,0.567
2017-08-14,0.5684
2017-08-15,0.5667
2017-08-16,0.571
2017-08-17,0.5703
2017-08-18,0.5718
2017-08-21,0.5729
2017-08-22,0.5724
2017-08-23,0.5738
2017-08-24,0.5707
2017-08-25,0.5702
2017-08-28,0.5741
2017-08-29,0.5787
2017-08-30,0.5742
2017-08-31,0.5728
2017-09-01,0.5725
2017-09-04,0.5734
2017-09-05,0.5703
2017-09-06,0.5709
2017-09-07,0.5682
2017-09-08,0.5682
2017-09-11,0.5686
2017-09-12,0.5685
2017-09-13,0.5694
2017-09-14,0.565
2017-09-15,0.5641
2017-09-18,0.5652
2017-09-19,0.5662
2017-09-25,0.5605
2017-09-26,0.5587
2017-09-27,0.5593
2017-09-28,0.5587
2017-10-02,0.5584
2017-10-03,0.5571
2017-10-04,0.5565
2017-10-06,0.553
2017-10-09,0.5534
2017-10-10,0.5545
2017-10-11,0.5571
2017-10-13,0.5563
2017-10-16,0.5542
2017-10-17,0.5546
2017-10-18,0.5545
2017-10-19,0.5561
2017-10-20,0.5536
2017-10-23,0.5509
2017-10-24,0.5529
2017-10-25,0.5555
2017-10-26,0.557
2017-10-27,0.5526
2017-10-30,0.5515
2017-10-31,0.5504
2017-11-01,0.5484
2017-11-02,0.5491
2017-11-03,0.5497
2017-11-06,0.547
2017-11-07,0.5464
2017-11-08,0.5468
2017-11-09,0.549
2017-11-10,0.5519
2017-11-13,0.5549
2017-11-14,0.5593
2017-11-15,0.5619
2017-11-16,0.5571
2017-11-17,0.5577
2017-11-20,0.5565
2017-11-21,0.5559
2017-11-22,0.5565
2017-11-23,0.5591
2017-11-24,0.5595
2017-11-27,0.5616
2017-11-28,0.5594
2017-11-29,0.5569
2017-11-30,0.5567
2017-12-01,0.5579
2017-12-04,0.5558
2017-12-05,0.5566
2017-12-06,0.558
2017-12-07,0.5569
2017-12-08,0.5554
2017-12-11,0.5575
2017-12-12,0.5599
2017-12-13,0.5599
2017-12-14,0.561
2017-12-15,0.5581
2017-12-18,0.5564
2017-12-19,0.5551
2017-12-20,0.5568
2017-12-21,0.5558
2017-12-22,0.5549
2017-12-26,0.5553
2017-12-27,0.5558
2017-12-28,0.5566
2017-12-29,0.5577
2018-01-02,0.5602
2018-01-03,0.5585
2018-01-04,0.5587
2018-01-05,0.5577
2018-01-08,0.5538
2018-01-09,0.5517
2018-01-10,0.5524
2018-01-11,0.5522
2018-01-12,0.5532
2018-01-15,0.5602
2018-01-16,0.5599
2018-01-17,0.5658
2018-01-18,0.5638
2018-01-19,0.5613
2018-01-22,0.5629
2018-01-23,0.5627
2018-01-24,0.5646
2018-01-25,0.5671
2018-01-26,0.5665
2018-01-29,0.5679
2018-01-30,0.5672
2018-01-31,0.5699
2018-02-01,0.5728
2018-02-02,0.5756
2018-02-05,0.5753
2018-02-06,0.5783
2018-02-07,0.5779
2018-02-08,0.5754
2018-02-09,0.5798
2018-02-12,0.5806
2018-02-13,0.5843
2018-02-14,0.5858
2018-02-15,0.5908
2018-02-16,0.5945
2018-02-19,0.5868
2018-02-20,0.5801
2018-02-21,0.5792
2018-02-22,0.5772
2018-02-23,0.5765
2018-02-26,0.579
2018-02-27,0.5748
2018-02-28,0.5719
2018-03-05,0.5709
2018-03-06,0.5762
2018-03-07,0.5773
2018-03-08,0.5743
2018-03-09,0.5709
2018-03-12,0.5677
2018-03-13,0.5707
2018-03-14,0.5699
2018-03-15,0.5695
2018-03-16,0.5712
2018-03-19,0.573
2018-03-20,0.5747
2018-03-21,0.5762
2018-03-22,0.5757
2018-03-23,0.5776
2018-03-26,0.5817
2018-03-27,0.581
2018-03-28,0.582
2018-03-29,0.5808
2018-04-03,0.582
2018-04-04,0.5821
2018-04-05,0.5823
2018-04-09,0.5822
2018-04-10,0.5821
2018-04-11,0.5847
2018-04-12,0.5824
2018-04-13,0.5809
2018-04-16,0.5814
2018-04-17,0.5858
2018-04-18,0.5839
2018-04-20,0.5841
2018-04-23,0.5819
2018-04-24,0.5839
2018-04-25,0.5875
2018-04-26,0.5849
2018-04-27,0.5829
2018-04-30,0.5823
2018-05-01,0.5837
2018-05-02,0.5815
2018-05-03,0.5837
2018-05-04,0.5821
2018-05-07,0.5793
2018-05-08,0.5743
2018-05-09,0.574
2018-05-10,0.5714
2018-05-11,0.5712
2018-05-14,0.5751
2018-05-15,0.5759
2018-05-16,0.5686
2018-05-17,0.5675
2018-05-18,0.5695
2018-05-21,0.5653
2018-05-22,0.5655
2018-05-23,0.5622
2018-05-24,0.5612
2018-05-25,0.5606
2018-05-29,0.5578
2018-05-30,0.5592
2018-05-31,0.5595
2018-06-01,0.5596
2018-06-04,0.5616
2018-06-05,0.5611
2018-06-06,0.5637
2018-06-07,0.5668
2018-06-08,0.5645
2018-06-11,0.5651
2018-06-12,0.5661
2018-06-13,0.5663
2018-06-14,0.5705
2018-06-15,0.5608
2018-06-18,0.5654
2018-06-19,0.5649
2018-06-20,0.5644
2018-06-21,0.5602
2018-06-22,0.5657
2018-06-25,0.5669
2018-06-26,0.5688
2018-06-27,0.5685
2018-06-28,0.5672
2018-06-29,0.5709
2018-07-02,0.5721
2018-07-03,0.5719
2018-07-04,0.571
2018-07-05,0.5698
2018-07-06,0.5715
2018-07-09,0.5723
2018-07-10,0.5716
2018-07-11,0.5712
2018-07-12,0.5709
2018-07-13,0.5684
2018-07-16,0.5722
2018-07-17,0.5704
2018-07-18,0.5677
2018-07-19,0.5683
2018-07-20,0.5696
2018-07-23,0.5708
2018-07-24,0.5732
2018-07-25,0.5713
2018-07-26,0.5717
2018-07-27,0.5723
2018-07-30,0.5752
2018-07-31,0.5772
2018-08-01,0.5765
2018-08-02,0.5749
2018-08-03,0.5742
2018-08-06,0.5741
2018-08-07,0.5748
2018-08-08,0.5732
2018-08-09,0.5728
2018-08-10,0.5683
2018-08-13,0.5667
2018-08-14,0.5652
2018-08-15,0.5606
2018-08-16,0.5621
2018-08-17,0.5604
2018-08-20,0.5605
2018-08-21,0.564
2018-08-22,0.5661
2018-08-23,0.5646
2018-08-24,0.5644
2018-08-27,0.5669
2018-08-28,0.5686
2018-08-29,0.5703
2018-08-30,0.5662
2018-08-31,0.5649
2018-09-03,0.5633
2018-09-04,0.5621
2018-09-05,0.5627
2018-09-06,0.5604
2018-09-07,0.559
2018-09-12,0.5576
2018-09-13,0.5573
2018-09-14,0.5592
2018-09-17,0.56
2018-09-20,0.5627
2018-09-21,0.5646
2018-09-25,0.5644
2018-09-26,0.5648
2018-09-27,0.5651
2018-09-28,0.5653
2018-10-02,0.5635
2018-10-03,0.5643
2018-10-04,0.5616
2018-10-05,0.5607
2018-10-08,0.5569
2018-10-09,0.559
2018-10-10,0.5587
2018-10-11,0.5639
2018-10-12,0.5635
2018-10-15,0.5632
2018-10-16,0.5659
2018-10-17,0.5648
2018-10-18,0.5634
2018-10-19,0.562
2018-10-22,0.5633
2018-10-23,0.5647
2018-10-24,0.5618
2018-10-25,0.5647
2018-10-26,0.5644
2018-10-29,0.565
2018-10-31,0.5644
2018-11-01,0.5653
2018-11-02,0.5661
2018-11-05,0.5639
2018-11-06,0.564
2018-11-07,0.5653
2018-11-08,0.5623
2018-11-09,0.5599
2018-11-12,0.5553
2018-11-13,0.5562
2018-11-14,0.5588
2018-11-15,0.5599
2018-11-16,0.5651
2018-11-19,0.5676
2018-11-20,0.5693
2018-11-21,0.5714
2018-11-22,0.5703
2018-11-23,0.5695
2018-11-26,0.568
2018-11-27,0.5654
2018-11-28,0.5646
2018-11-29,0.5661
2018-11-30,0.5643
2018-12-03,0.5644
2018-12-04,0.5697
2018-12-05,0.5666
2018-12-06,0.5669
2018-12-07,0.5695
2018-12-10,0.5701
2018-12-11,0.5717
2018-12-12,0.569
2018-12-13,0.572
2018-12-14,0.5705
2018-12-17,0.5738
2018-12-18,0.5738
2018-12-19,0.5736
2018-12-20,0.5766
2018-12-21,0.5789
2018-12-24,0.5761
2018-12-26,0.575
2018-12-27,0.5769
2018-12-28,0.5777
2018-12-31,0.5746
2019-01-02,0.5739
2019-01-03,0.5691
2019-01-04,0.568
2019-01-07,0.566
2019-01-08,0.5671
2019-01-09,0.5646
2019-01-10,0.5662
2019-01-11,0.5669
2019-01-14,0.5617
2019-01-15,0.5621
2019-01-16,0.5613
2019-01-17,0.5633
2019-01-18,0.5637
2019-01-21,0.563
2019-01-22,0.5615
2019-01-23,0.5607
2019-01-24,0.5599
2019-01-25,0.5591
2019-01-28,0.5628
2019-01-29,0.5634
2019-01-30,0.5622
2019-01-31,0.5607
2019-02-01,0.557
2019-02-04,0.5563
2019-02-05,0.5525
2019-02-06,0.5521
2019-02-07,0.5508
2019-02-08,0.5514
2019-02-11,0.5521
2019-02-12,0.5513
2019-02-13,0.5515
2019-02-14,0.553
2019-02-15,0.5504
2019-02-18,0.5495
2019-02-19,0.5488
2019-02-20,0.5498
2019-02-21,0.5502
2019-02-22,0.5492
2019-02-25,0.5491
2019-02-26,0.5518
2019-02-27,0.553
2019-02-28,0.5514
2019-03-01,0.5515
2019-03-04,0.5507
2019-03-05,0.5493
2019-03-06,0.5478
2019-03-07,0.5467
2019-03-08,0.5453
2019-03-11,0.5457
2019-03-12,0.5469
2019-03-13,0.5475
2019-03-14,0.5455
2019-03-15,0.5469
2019-03-18,0.5479
2019-03-19,0.5484
2019-03-20,0.5493
2019-03-25,0.5494
2019-03-26,0.5485
2019-03-27,0.5487
2019-03-28,0.5475
2019-03-29,0.5462
2019-04-01,0.5458
2019-04-02,0.5439
2019-04-03,0.5424
2019-04-04,0.5421
2019-04-05,0.5396
2019-04-08,0.5393
2019-04-10,0.5406
2019-04-11,0.5413
2019-04-12,0.5412
2019-04-15,0.5396
2019-04-16,0.5388
2019-04-17,0.5417
2019-04-18,0.541
2019-04-23,0.5412
2019-04-24,0.5429
2019-04-25,0.542
2019-04-29,0.5405
2019-04-30,0.5417
2019-05-01,0.5398
2019-05-02,0.5401
2019-05-03,0.5383
2019-05-06,0.5385
2019-05-07,0.5377
2019-05-08,0.5377
2019-05-10,0.5366
2019-05-13,0.5369
2019-05-14,0.538
2019-05-15,0.5348
2019-05-16,0.5352
2019-05-17,0.535
2019-05-20,0.5339
2019-05-21,0.5371
2019-05-22,0.5399
2019-05-23,0.5391
2019-05-24,0.5402
2019-05-28,0.5416
2019-05-29,0.5403
2019-05-30,0.5398
2019-05-31,0.5422
2019-06-03,0.5439
2019-06-04,0.5443
2019-06-05,0.5442
2019-06-06,0.5418
2019-06-07,0.5432
2019-06-10,0.5426
2019-06-11,0.5424
2019-06-12,0.5429
2019-06-13,0.5431
2019-06-14,0.5435
2019-06-17,0.543
2019-06-18,0.5412
2019-06-19,0.5416
2019-06-20,0.5419
2019-06-21,0.5446
2019-06-24,0.5498
2019-06-25,0.5491
2019-06-26,0.5464
2019-06-27,0.546
2019-06-28,0.5442
2019-07-01,0.5428
2019-07-02,0.5412
2019-07-03,0.5403
2019-07-04,0.5395
2019-07-05,0.5377
2019-07-08,0.5371
2019-07-09,0.5356
2019-07-10,0.5371
2019-07-11,0.5353
2019-07-12,0.5357
2019-07-15,0.5344
2019-07-16,0.5324
2019-07-17,0.5321
2019-07-18,0.5323
2019-07-19,0.5331
2019-07-22,0.5312
2019-07-23,0.5296
2019-07-24,0.5256
2019-07-25,0.5259
2019-07-26,0.5258
2019-07-29,0.5253
2019-07-30,0.5225
2019-07-31,0.5222
2019-08-01,0.5208
2019-08-02,0.5212
2019-08-05,0.5223
2019-08-06,0.5235
2019-08-07,0.5224
2019-08-08,0.523
2019-08-09,0.5216
2019-08-12,0.5227
2019-08-13,0.5252
2019-08-14,0.5229
2019-08-15,0.5259
2019-08-16,0.5261
2019-08-19,0.5276
2019-08-20,0.5237
2019-08-21,0.5253
2019-08-22,0.5233
2019-08-23,0.5211
2019-08-26,0.5246
2019-08-27,0.5243
2019-08-28,0.5243
2019-08-29,0.523
2019-08-30,0.5235
2019-09-02,0.5205
2019-09-03,0.5205
2019-09-04,0.5211
2019-09-05,0.5208
2019-09-06,0.5206
2019-09-09,0.5218
2019-09-10,0.5234
2019-09-11,0.5226
2019-09-12,0.523
2019-09-13,0.5238
2019-09-16,0.5228
2019-09-18,0.5238
2019-09-19,0.5218
2019-09-20,0.5202
2019-09-23,0.5175
2019-09-24,0.5165
2019-09-25,0.5156
2019-09-26,0.515
2019-09-27,0.5096
2019-10-02,0.5096
2019-10-03,0.5132
2019-10-04,0.5116
2019-10-07,0.5133
2019-10-10,0.5174
2019-10-11,0.5174
2019-10-15,0.5184
2019-10-16,0.522
2019-10-17,0.5256
2019-10-18,0.5264
2019-10-22,0.5277
2019-10-23,0.5261
2019-10-24,0.5246
2019-10-25,0.5266
2019-10-28,0.5243
2019-10-29,0.5238
2019-10-30,0.5248
2019-10-31,0.5269
2019-11-01,0.5256
2019-11-04,0.5264
2019-11-05,0.5207
2019-11-06,0.518
2019-11-07,0.5169
2019-11-08,0.5168
2019-11-11,0.5165
2019-11-12,0.5176
2019-11-13,0.515
2019-11-14,0.5131
2019-11-15,0.5129
2019-11-18,0.5124
2019-11-19,0.5124
2019-11-20,0.5136
2019-11-21,0.5124
2019-11-22,0.5128
2019-11-25,0.5102
2019-11-26,0.5105
2019-11-27,0.5112
2019-11-28,0.5113
2019-11-29,0.5118
2019-12-02,0.5122
2019-12-03,0.516
2019-12-04,0.5148
2019-12-05,0.5148
2019-12-06,0.5144
2019-12-09,0.5143
2019-12-10,0.5136
2019-12-11,0.5156
2019-12-12,0.5184
2019-12-13,0.5199
2019-12-16,0.5213
2019-12-17,0.5217
2019-12-18,0.5212
2019-12-19,0.5196
2019-12-20,0.5176
2019-12-23,0.5147
2019-12-24,0.5138
2019-12-26,0.5155
2019-12-27,0.5171
2019-12-30,0.5189
2019-12-31,0.5191
2020-01-02,0.5174
2020-01-03,0.5166
2020-01-06,0.5207
2020-01-07,0.5187
2020-01-08,0.5159
2020-01-09,0.5158
2020-01-10,0.5155
2020-01-13,0.5164
2020-01-14,0.5166
2020-01-15,0.5159
2020-01-16,0.5164
2020-01-17,0.5147
2020-01-20,0.5127
2020-01-21,0.5134
2020-01-22,0.5119
2020-01-23,0.5133
2020-01-24,0.511
2020-01-27,0.51
2020-01-28,0.5088
2020-01-29,0.509
2020-01-30,0.509
2020-01-31,0.5088
2020-02-03,0.51
2020-02-04,0.5097
2020-02-05,0.5088
2020-02-06,0.5061
2020-02-07,0.5028
2020-02-10,0.5014
2020-02-11,0.4995
2020-02-12,0.4998
2020-02-13,0.499
2020-02-14,0.4985
2020-02-17,0.4973
2020-02-18,0.4953
2020-02-19,0.4947
2020-02-20,0.4959
2020-02-21,0.4958
2020-02-24,0.4981
2020-02-25,0.4973
2020-02-26,0.5007
2020-02-27,0.503
2020-02-28,0.5111
2020-03-03,0.5144
2020-03-04,0.5151
2020-03-05,0.5191
2020-03-06,0.5265
2020-03-09,0.5361
2020-03-12,0.5469
2020-03-13,0.5456
2020-03-16,0.5572
2020-03-17,0.5683
2020-03-18,0.5613
2020-03-19,0.5321
2020-03-20,0.5179
2020-03-23,0.5287
2020-03-24,0.5314
2020-03-25,0.5272
2020-03-26,0.5315
2020-03-27,0.5311
2020-03-30,0.531
2020-03-31,0.5223
2020-04-01,0.5212
2020-04-02,0.5315
2020-04-03,0.5258
2020-04-06,0.525
2020-04-07,0.5249
2020-04-14,0.5235
2020-04-16,0.5238
2020-04-17,0.5213
2020-04-20,0.5215
2020-04-21,0.5156
2020-04-22,0.5156
2020-04-23,0.5139
2020-04-24,0.5072
2020-04-27,0.511
2020-04-28,0.508
2020-04-30,0.5104
2020-05-01,0.5135
2020-05-04,0.5167
2020-05-05,0.5118
2020-05-06,0.5085
2020-05-07,0.5087
2020-05-11,0.5102
2020-05-12,0.5101
2020-05-13,0.5122
2020-05-14,0.5126
2020-05-15,0.5123
2020-05-18,0.5137
2020-05-19,0.5182
2020-05-20,0.5149
2020-05-21,0.5181
2020-05-22,0.5158
2020-05-26,0.5164
2020-05-27,0.5171
2020-05-28,0.5168
2020-06-01,0.5232
2020-06-02,0.522
2020-06-03,0.5208
2020-06-04,0.5228
2020-06-05,0.526
2020-06-08,0.5232
2020-06-09,0.5222
2020-06-10,0.5255
2020-06-11,0.5257
2020-06-12,0.5263
2020-06-15,0.5273
2020-06-16,0.5262
2020-06-17,0.5212
2020-06-18,0.5209
2020-06-19,0.5181
2020-06-22,0.5185
2020-06-23,0.5201
2020-06-24,0.5196
2020-06-25,0.5182
2020-06-26,0.5176
2020-06-29,0.5199
2020-06-30,0.5209
2020-07-01,0.5193
2020-07-02,0.5222
2020-07-03,0.5178
2020-07-06,0.5229
2020-07-07,0.5226
2020-07-08,0.5232
2020-07-09,0.5235
2020-07-10,0.524
2020-07-13,0.5237
2020-07-14,0.5251
2020-07-15,0.5271
2020-07-16,0.5247
2020-07-17,0.5275
2020-07-20,0.5275
2020-07-21,0.5263
2020-07-22,0.5318
2020-07-23,0.5322
2020-07-24,0.5339
2020-07-27,0.5374
2020-07-28,0.5383
2020-07-29,0.5374
2020-07-31,0.5425
2020-08-03,0.5379
2020-08-04,0.5412
2020-08-05,0.5419
2020-08-06,0.5419
2020-08-07,0.5413
2020-08-10,0.5386
2020-08-11,0.5389
2020-08-12,0.5383
2020-08-13,0.542
2020-08-14,0.54
2020-08-17,0.5424
2020-08-18,0.5436
2020-08-19,0.5453
2020-08-20,0.5413
2020-08-21,0.5416
2020-08-24,0.5413
2020-08-25,0.5397
2020-08-26,0.5395
2020-08-27,0.534
2020-08-28,0.538
2020-08-31,0.5391
2020-09-01,0.5399
2020-09-02,0.5361
2020-09-03,0.5351
2020-09-04,0.5367
2020-09-07,0.5367
2020-09-08,0.5375
2020-09-09,0.5383
2020-09-10,0.543
2020-09-11,0.5469
2020-09-14,0.5483
2020-09-15,0.5471
2020-09-16,0.5446
2020-09-17,0.5425
2020-09-21,0.5453
2020-09-22,0.5436
2020-09-23,0.5421
2020-09-24,0.5438
2020-09-25,0.5439
2020-09-29,0.5442
2020-09-30,0.5407
2020-10-01,0.5408
2020-10-02,0.5403
2020-10-05,0.5405
2020-10-06,0.5397
2020-10-07,0.5382
2020-10-08,0.5365
2020-10-09,0.5355
2020-10-12,0.5359
2020-10-13,0.5365
2020-10-14,0.5336
2020-10-15,0.5344
2020-10-16,0.5322
2020-10-19,0.535
2020-10-20,0.5361
2020-10-21,0.5389
2020-10-22,0.5376
2020-10-23,0.5374
2020-10-26,0.5372
2020-10-27,0.5372
2020-10-28,0.5353
2020-10-29,0.536
2020-10-30,0.5363
2020-11-02,0.532
2020-11-03,0.5374
2020-11-04,0.5367
2020-11-05,0.5363
2020-11-06,0.5375
2020-11-09,0.5365
2020-11-10,0.5352
2020-11-11,0.5358
2020-11-12,0.5355
2020-11-13,0.5335
2020-11-16,0.5337
2020-11-17,0.535
2020-11-18,0.5323
2020-11-19,0.5321
2020-11-20,0.5328
2020-11-23,0.5335
2020-11-24,0.5328
2020-11-25,0.5316
2020-11-26,0.5314
2020-11-27,0.5317
2020-11-30,0.5329
2020-12-01,0.5314
2020-12-02,0.5325
2020-12-03,0.5334
2020-12-04,0.534
2020-12-07,0.5323
2020-12-08,0.5288
2020-12-09,0.5302
2020-12-10,0.5279
2020-12-11,0.5298
2020-12-14,0.5321
2020-12-15,0.5317
2020-12-16,0.5328
2020-12-17,0.5337
2020-12-18,0.5338
2020-12-21,0.5319
2020-12-22,0.5315
2020-12-23,0.5282
2020-12-24,0.5272
2020-12-28,0.5279
2020-12-29,0.5294
2020-12-30,0.5296
2020-12-31,0.53
2021-01-04,0.53
2021-01-05,0.5285
2021-01-06,0.5286
2021-01-07,0.5245
2021-01-08,0.5245
2021-01-11,0.5207
2021-01-12,0.5163
2021-01-13,0.5125
2021-01-14,0.5092
2021-01-15,0.5272
2021-01-18,0.5238
2021-01-19,0.5271
2021-01-20,0.5294
2021-01-21,0.5356
2021-01-22,0.5358
2021-01-25,0.5335
2021-01-26,0.5333
2021-01-27,0.5315
2021-01-28,0.536
2021-01-29,0.5361
2021-02-01,0.5339
2021-02-02,0.5338
2021-02-03,0.5335
2021-02-04,0.532
2021-02-05,0.5294
2021-02-08,0.5311
2021-02-09,0.5302
2021-02-10,0.5301
2021-02-11,0.5313
2021-02-12,0.5291
2021-02-15,0.5292
2021-02-16,0.5293
2021-02-17,0.5283
2021-02-18,0.53
2021-02-19,0.5331
2021-02-22,0.5333
2021-02-23,0.5334
2021-02-24,0.5339
2021-02-25,0.5395
2021-03-01,0.5355
2021-03-02,0.5335
2021-03-03,0.5333
2021-03-04,0.5357
2021-03-05,0.5321
2021-03-08,0.5322
2021-03-09,0.5329
2021-03-10,0.5312
2021-03-11,0.5314
2021-03-12,0.532
2021-03-15,0.5311
2021-03-16,0.5302
2021-03-17,0.5262
2021-03-18,0.5297
2021-03-19,0.5276
2021-03-22,0.5297
2021-03-24,0.5243
2021-03-25,0.5255
2021-03-26,0.5269
2021-03-29,0.5288
2021-03-30,0.5254
2021-03-31,0.5261
2021-04-01,0.5259
2021-04-05,0.5248
2021-04-06,0.5253
2021-04-07,0.5278
2021-04-08,0.5242
2021-04-09,0.5251
2021-04-12,0.5269
2021-04-13,0.5283
2021-04-14,0.5289
2021-04-16,0.528
2021-04-19,0.5284
2021-04-20,0.5271
2021-04-21,0.5258
2021-04-22,0.5288
2021-04-23,0.5276
2021-04-26,0.5265
2021-04-27,0.5265
2021-04-28,0.5275
2021-04-29,0.5291
2021-04-30,0.5281
2021-05-03,0.5262
2021-05-04,0.5252
2021-05-05,0.5277
2021-05-06,0.5286
2021-05-07,0.5297
2021-05-10,0.5319
2021-05-11,0.5374
2021-05-12,0.5345
2021-05-13,0.5347
2021-05-14,0.5345
2021-05-18,0.5378
2021-05-19,0.5359
2021-05-20,0.5352
2021-05-21,0.535
2021-05-24,0.5351
2021-05-25,0.5343
2021-05-26,0.5344
2021-05-27,0.5329
2021-05-28,0.5337
2021-06-01,0.5323
2021-06-02,0.5327
2021-06-03,0.5328
2021-06-04,0.5306
2021-06-07,0.5315
2021-06-08,0.5312
2021-06-09,0.532
2021-06-10,0.5307
2021-06-11,0.5311
2021-06-14,0.5293
2021-06-15,0.528
2021-06-16,0.5276
2021-06-17,0.5232
2021-06-18,0.5231
2021-06-21,0.5225
2021-06-22,0.5216
2021-06-23,0.5229
2021-06-24,0.5225
2021-06-25,0.5213
2021-06-28,0.5219
2021-06-29,0.5218
2021-06-30,0.521
2021-07-01,0.5206
2021-07-02,0.5205
2021-07-05,0.5212
2021-07-06,0.5198
2021-07-07,0.5196
2021-07-08,0.5216
2021-07-09,0.5216
2021-07-12,0.5233
2021-07-13,0.5221
2021-07-14,0.5203
2021-07-15,0.5186
2021-07-16,0.5208
2021-07-19,0.5217
2021-07-20,0.5222
2021-07-21,0.5211
2021-07-22,0.5185
2021-07-23,0.5179
2021-07-26,0.5175
2021-07-27,0.5167
2021-07-28,0.5162
2021-07-29,0.5178
2021-07-30,0.5175
2021-08-02,0.5157
2021-08-03,0.514
2021-08-04,0.5121
2021-08-05,0.5118
2021-08-06,0.5114
2021-08-09,0.5094
2021-08-10,0.5088
2021-08-11,0.5069
2021-08-12,0.5083
2021-08-13,0.5087
2021-08-16,0.5093
2021-08-17,0.5102
2021-08-18,0.5104
2021-08-19,0.51
2021-08-20,0.5096
2021-08-23,0.509
2021-08-24,0.5079
2021-08-25,0.5098
2021-08-26,0.51
2021-08-27,0.5111
2021-08-30,0.5109
2021-08-31,0.5107
2021-09-01,0.5089
2021-09-02,0.5113
2021-09-03,0.512
2021-09-09,0.5097
2021-09-10,0.5096
2021-09-13,0.5077
2021-09-14,0.5097
2021-09-17,0.508
2021-09-20,0.5059
2021-09-22,0.5061
2021-09-23,0.5043
2021-09-24,0.505
2021-09-27,0.5037
2021-09-29,0.5037
2021-09-30,0.5024
2021-10-01,0.5026
2021-10-04,0.5027
2021-10-05,0.5033
2021-10-06,0.5032
2021-10-07,0.5016
2021-10-08,0.5015
2021-10-11,0.5019
2021-10-12,0.501
2021-10-13,0.5027
2021-10-14,0.5028
2021-10-15,0.5019
2021-10-18,0.5027
2021-10-19,0.5035
2021-10-20,0.5024
2021-10-21,0.5024
2021-10-22,0.5022
2021-10-25,0.5008
2021-10-26,0.5001
2021-10-27,0.4977
2021-10-28,0.4967
2021-10-29,0.4955
2021-11-01,0.4875
2021-11-02,0.488
2021-11-03,0.4885
2021-11-04,0.4853
2021-11-05,0.4844
2021-11-08,0.4825
2021-11-09,0.4832
2021-11-10,0.4829
2021-11-11,0.481
2021-11-12,0.4789
2021-11-15,0.4776
2021-11-16,0.4725
2021-11-17,0.4675
2021-11-18,0.4698
2021-11-19,0.47
2021-11-22,0.4684
2021-11-23,0.4704
2021-11-24,0.4776
2021-11-25,0.4763
2021-11-26,0.4816
2021-11-29,0.4792
2021-11-30,0.4827
2021-12-01,0.4795
2021-12-02,0.4833
2021-12-03,0.4793
2021-12-06,0.4801
2021-12-07,0.4777
2021-12-08,0.4724
2021-12-09,0.4722
2021-12-10,0.4711
2021-12-13,0.4702
2021-12-14,0.4738
2021-12-15,0.475
2021-12-16,0.4719
2021-12-17,0.4746
2021-12-20,0.4777
2021-12-21,0.4803
2021-12-22,0.4811
2021-12-23,0.4799
2021-12-24,0.4803
2021-12-27,0.477
2021-12-28,0.474
2021-12-29,0.4729
2021-12-30,0.4736
2021-12-31,0.4732
2022-01-03,0.4719
2022-01-04,0.4694
2022-01-05,0.4702
2022-01-06,0.4729
2022-01-07,0.4728
2022-01-10,0.474
2022-01-11,0.4766
2022-01-12,0.4752
2022-01-13,0.48
2022-01-14,0.4792
2022-01-17,0.4762
2022-01-18,0.478
2022-01-19,0.4761
2022-01-20,0.4776
2022-01-21,0.4785
2022-01-24,0.4814
2022-01-25,0.482
2022-01-26,0.4815
2022-01-27,0.4792
2022-01-28,0.4776
2022-01-31,0.479
2022-02-01,0.48
2022-02-02,0.4806
2022-02-03,0.4837
2022-02-04,0.4929
2022-02-07,0.4914
2022-02-08,0.4944
2022-02-09,0.4941
2022-02-10,0.4949
2022-02-11,0.4951
2022-02-14,0.4955
2022-02-15,0.4915
2022-02-16,0.487
2022-02-17,0.4876
2022-02-18,0.4881
2022-02-21,0.4896
2022-02-22,0.491
2022-02-23,0.4915
2022-02-24,0.4905
2022-02-25,0.4895
2022-02-28,0.4875
2022-03-01,0.485
2022-03-02,0.4824
2022-03-03,0.4825
2022-03-04,0.4808
2022-03-07,0.4779
2022-03-08,0.4834
2022-03-09,0.484
2022-03-10,0.4855
2022-03-11,0.4817
2022-03-14,0.4813
2022-03-15,0.4853
2022-03-16,0.4821
2022-03-21,0.4802
2022-03-22,0.477
2022-03-23,0.4771
2022-03-24,0.4758
2022-03-25,0.4772
2022-03-28,0.4759
2022-03-29,0.4776
2022-03-30,0.477
2022-03-31,0.4737
2022-04-01,0.4759
2022-04-04,0.4746
2022-04-05,0.4725
2022-04-06,0.4733
2022-04-07,0.473
2022-04-08,0.4714
2022-04-11,0.4707
2022-04-12,0.4698
2022-04-13,0.4674
2022-04-14,0.4694
2022-04-19,0.4701
2022-04-20,0.4705
2022-04-21,0.4722
2022-04-25,0.4744
2022-04-26,0.4724
2022-04-27,0.4731
2022-04-28,0.4688
2022-04-29,0.472
2022-05-02,0.4743
2022-05-03,0.476
2022-05-04,0.4748
2022-05-06,0.4822
2022-05-09,0.4872
2022-05-10,0.4914
2022-05-11,0.4861
2022-05-12,0.4864
2022-05-13,0.4773
2022-05-16,0.479
2022-05-17,0.4753
2022-05-18,0.4736
2022-05-19,0.4793
2022-05-20,0.4769
2022-05-23,0.4814
2022-05-24,0.4819
2022-05-25,0.4817
2022-05-26,0.4844
2022-05-27,0.4842
2022-05-30,0.4803
2022-05-31,0.4806
2022-06-01,0.479
2022-06-02,0.48
2022-06-06,0.4804
2022-06-07,0.4787
2022-06-08,0.482
2022-06-09,0.4818
2022-06-10,0.4816
2022-06-13,0.4837
2022-06-14,0.4829
2022-06-15,0.4868
2022-06-16,0.4839
2022-06-17,0.4897
2022-06-20,0.4888
2022-06-21,0.4904
2022-06-22,0.4898
2022-06-23,0.4866
2022-06-24,0.4869
2022-06-27,0.4832
2022-06-28,0.4885
2022-06-29,0.4883
2022-06-30,0.4888
2022-07-01,0.4954
2022-07-04,0.4915
2022-07-05,0.4872
2022-07-06,0.4813
2022-07-07,0.4782
2022-07-08,0.4727
2022-07-11,0.4718
2022-07-12,0.47
2022-07-13,0.469
2022-07-14,0.4675
2022-07-15,0.469
2022-07-18,0.4703
2022-07-19,0.4733
2022-07-20,0.4724
2022-07-21,0.4725
2022-07-22,0.4707
2022-07-25,0.4735
2022-07-26,0.4687
2022-07-27,0.4672
2022-07-28,0.4672
2022-07-29,0.4663
2022-08-01,0.4653
2022-08-02,0.4632
2022-08-03,0.4609
2022-08-04,0.4577
2022-08-05,0.4582
2022-08-08,0.4556
2022-08-09,0.4547
2022-08-10,0.4523
2022-08-11,0.4528
2022-08-12,0.449
2022-08-15,0.4477
2022-08-16,0.4459
2022-08-17,0.4455
2022-08-18,0.4435
2022-08-19,0.4416
2022-08-22,0.4415
2022-08-23,0.4379
2022-08-24,0.4375
2022-08-25,0.4411
2022-08-26,0.4373
2022-08-29,0.446
2022-08-30,0.4455
2022-08-31,0.4484
2022-09-01,0.453
2022-09-02,0.4534
2022-09-05,0.4555
2022-09-06,0.4564
2022-09-07,0.4572
2022-09-08,0.4615
2022-09-09,0.4638
2022-09-12,0.4624
2022-09-13,0.4587
2022-09-14,0.4617
2022-09-15,0.462
2022-09-16,0.4613
2022-09-19,0.4626
2022-09-20,0.4627
2022-09-21,0.4619
2022-09-22,0.4608
2022-09-23,0.4587
2022-09-28,0.4553
2022-09-29,0.461
2022-09-30,0.4687
2022-10-03,0.4706
2022-10-06,0.4702
2022-10-07,0.4646
2022-10-11,0.4675
2022-10-12,0.4651
2022-10-13,0.4666
2022-10-14,0.4648
2022-10-18,0.4675
2022-10-19,0.4652
2022-10-20,0.4668
2022-10-21,0.4678
2022-10-24,0.4701
2022-10-25,0.4717
2022-10-26,0.4719
2022-10-27,0.4756
2022-10-28,0.4738
2022-10-31,0.4699
2022-11-02,0.4704
2022-11-03,0.4678
2022-11-04,0.4682
2022-11-07,0.4748
2022-11-08,0.475
2022-11-09,0.4793
2022-11-10,0.4766
2022-11-11,0.4759
2022-11-14,0.475
2022-11-15,0.4813
2022-11-16,0.4788
2022-11-17,0.4808
2022-11-18,0.4835
2022-11-21,0.4771
2022-11-22,0.4796
2022-11-23,0.4794
2022-11-24,0.4783
2022-11-25,0.4781
2022-11-28,0.4842
2022-11-29,0.4787
2022-11-30,0.4792
2022-12-01,0.4797
2022-12-02,0.4788
2022-12-05,0.4812
2022-12-06,0.4813
2022-12-07,0.4872
2022-12-08,0.4865
2022-12-09,0.4856
2022-12-12,0.4868
2022-12-13,0.4865
2022-12-14,0.4879
2022-12-15,0.4889
2022-12-16,0.4937
2022-12-19,0.4909
2022-12-20,0.4941
2022-12-21,0.4968
2022-12-22,0.4966
2022-12-23,0.4984
2022-12-27,0.503
2022-12-28,0.5046
2022-12-29,0.5052
2022-12-30,0.5047
2023-01-03,0.5
2023-01-04,0.503
2023-01-05,0.5034
2023-01-06,0.5023
2023-01-09,0.5021
2023-01-10,0.5014
2023-01-11,0.4992
2023-01-12,0.4958
2023-01-13,0.497
2023-01-16,0.4971
2023-01-17,0.4974
2023-01-18,0.4925
2023-01-19,0.4956
2023-01-20,0.4966
2023-01-23,0.4943
2023-01-24,0.4923
2023-01-25,0.4927
2023-01-26,0.4981
2023-01-27,0.5025
2023-01-30,0.508
2023-01-31,0.5061
2023-02-01,0.506
2023-02-02,0.5057
2023-02-03,0.4987
2023-02-06,0.5023
2023-02-07,0.4996
2023-02-08,0.5023
2023-02-09,0.5048
2023-02-10,0.5047
2023-02-13,0.5077
2023-02-14,0.5055
2023-02-15,0.5073
2023-02-16,0.5084
2023-02-17,0.5094
2023-02-20,0.5112
2023-02-21,0.5222
2023-02-22,0.5231
2023-02-23,0.5154
2023-02-24,0.5206
2023-02-27,0.5212
2023-02-28,0.5228
2023-03-01,0.5212
2023-03-02,0.5202
2023-03-03,0.5223
2023-03-06,0.5129
2023-03-09,0.5114
2023-03-10,0.5111
2023-03-13,0.5205
2023-03-14,0.5235
2023-03-15,0.5182
2023-03-16,0.5214
2023-03-17,0.5241
2023-03-20,0.5285
2023-03-21,0.5284
2023-03-22,0.528
2023-03-23,0.5274
2023-03-24,0.5254
2023-03-27,0.5145
2023-03-28,0.5134
2023-03-29,0.5191
2023-03-30,0.523
2023-03-31,0.5279
2023-04-03,0.5239
2023-04-04,0.5219
2023-04-11,0.53
2023-04-13,0.5406
2023-04-14,0.5434
2023-04-17,0.5371
2023-04-18,0.5371
2023-04-19,0.5366
2023-04-20,0.5379
2023-04-21,0.537
2023-04-24,0.5404
2023-04-25,0.5385
2023-04-27,0.5386
2023-04-28,0.5369
2023-05-01,0.5345
2023-05-02,0.5327
2023-05-03,0.539
2023-05-04,0.5405
2023-05-05,0.5399
2023-05-08,0.5388
2023-05-09,0.5393
2023-05-10,0.5402
2023-05-11,0.5346
2023-05-12,0.5346
2023-05-15,0.5325
2023-05-16,0.5355
2023-05-17,0.531
2023-05-18,0.5284
2023-05-19,0.5276
2023-05-22,0.5306
2023-05-23,0.5313
2023-05-24,0.5387
2023-05-25,0.5368
2023-05-30,0.5347
2023-05-31,0.5326
2023-06-01,0.5367
2023-06-02,0.5417
2023-06-05,0.536
2023-06-06,0.5327
2023-06-07,0.5259
2023-06-08,0.5274
2023-06-09,0.525
2023-06-12,0.5185
2023-06-13,0.5154
2023-06-14,0.524
2023-06-15,0.5213
2023-06-16,0.5223
2023-06-19,0.5282
2023-06-20,0.5294
2023-06-21,0.5283
2023-06-22,0.535
2023-06-23,0.5294
2023-06-26,0.5309
2023-06-27,0.5347
2023-06-28,0.5413
2023-06-29,0.5415
2023-06-30,0.5396
2023-07-03,0.5434
2023-07-04,0.5424
2023-07-05,0.54
2023-07-06,0.5409
2023-07-07,0.5424
2023-07-10,0.5454
2023-07-11,0.5479
2023-07-12,0.542
2023-07-13,0.5418
2023-07-14,0.5439
2023-07-17,0.5481
2023-07-18,0.549
2023-07-19,0.5404
2023-07-20,0.5403
2023-07-21,0.5402
2023-07-24,0.5393
2023-07-25,0.551
2023-07-26,0.5514
2023-07-28,0.5462
2023-07-31,0.5466
2023-08-01,0.538
2023-08-02,0.5383
2023-08-03,0.5408
2023-08-04,0.5413
2023-08-07,0.5415
2023-08-08,0.5436
2023-08-09,0.5475
2023-08-10,0.55
2023-08-11,0.5494
2023-08-14,0.5472
2023-08-15,0.5521
2023-08-16,0.5499
2023-08-17,0.5518
2023-08-18,0.553
2023-08-21,0.5552
2023-08-22,0.5519
2023-08-23,0.5493
2023-08-24,0.5492
2023-08-25,0.5497
2023-08-28,0.5508
2023-08-29,0.5521
2023-08-30,0.5546
2023-08-31,0.5546
2023-09-01,0.5524
2023-09-04,0.5519
2023-09-05,0.5462
2023-09-06,0.5486
2023-09-07,0.5522
2023-09-08,0.552
2023-09-11,0.5529
2023-09-12,0.5455
2023-09-13,0.5494
2023-09-14,0.5504
2023-09-18,0.5474
2023-09-19,0.5461
2023-09-20,0.5471
2023-09-21,0.5438
2023-09-22,0.5448
2023-09-26,0.5429
2023-09-27,0.5437
2023-09-28,0.5442
2023-09-29,0.5436
2023-10-02,0.5422
2023-10-03,0.5408
2023-10-04,0.5427
2023-10-05,0.5437
2023-10-06,0.5461
2023-10-09,0.5524
2023-10-10,0.5603
2023-10-11,0.5629
2023-10-12,0.5636
2023-10-13,0.5615
2023-10-16,0.5631
2023-10-17,0.5679
2023-10-18,0.5692
2023-10-19,0.5694
2023-10-20,0.5734
2023-10-23,0.5772
2023-10-24,0.5783
2023-10-25,0.5757
2023-10-26,0.5758
2023-10-27,0.5772
2023-10-30,0.5752
2023-10-31,0.5738
2023-11-01,0.5691
2023-11-02,0.5659
2023-11-03,0.5684
2023-11-06,0.5588
2023-11-07,0.5536
2023-11-08,0.5509
2023-11-09,0.552
2023-11-10,0.5541
2023-11-13,0.554
2023-11-14,0.551
2023-11-15,0.5483
2023-11-16,0.55
2023-11-17,0.5427
2023-11-20,0.546
2023-11-21,0.5446
2023-11-22,0.5452
2023-11-23,0.5461
2023-11-24,0.547
2023-11-27,0.5472
2023-11-28,0.5446
2023-11-29,0.5412
2023-11-30,0.5438
2023-12-01,0.5465
2023-12-04,0.5409
2023-12-05,0.5411
2023-12-06,0.5365
2023-12-07,0.5346
2023-12-08,0.535
2023-12-11,0.5366
2023-12-12,0.537
2023-12-13,0.5365
2023-12-14,0.5399
2023-12-15,0.5378
2023-12-18,0.5348
2023-12-19,0.5345
2023-12-20,0.5351
2023-12-21,0.5325
2023-12-22,0.5313
2023-12-26,0.5362
2023-12-27,0.5374
2023-12-28,0.5396
2023-12-29,0.5382
2024-01-02,0.5335
2024-01-03,0.5341
2024-01-04,0.5357
2024-01-05,0.5352
2024-01-08,0.5454
2024-01-09,0.5449
2024-01-10,0.5514
2024-01-11,0.55
2024-01-12,0.5482
2024-01-15,0.5509
2024-01-16,0.5499
2024-01-17,0.5519
2024-01-18,0.5499
2024-01-19,0.5469
2024-01-22,0.5503
2024-01-23,0.5492
2024-01-24,0.5434
2024-01-25,0.5408
2024-01-26,0.5394
2024-01-29,0.5355
2024-01-30,0.5311
2024-01-31,0.5284
2024-02-01,0.5299
2024-02-02,0.5323
2024-02-05,0.5297
2024-02-06,0.5244
2024-02-07,0.5263
2024-02-08,0.5296
2024-02-09,0.5323
2024-02-12,0.5321
2024-02-13,0.5269
2024-02-14,0.5257
2024-02-15,0.5229
2024-02-16,0.5212
2024-02-19,0.5236
2024-02-20,0.5296
2024-02-21,0.5329
2024-02-22,0.5304
2024-02-23,0.5279
2024-02-26,0.5312
2024-02-28,0.5235
2024-02-29,0.5213
2024-03-01,0.5171
2024-03-04,0.5202
2024-03-05,0.5229
2024-03-06,0.5261
2024-03-07,0.5247
2024-03-08,0.5249
2024-03-11,0.5296
2024-03-12,0.5349
2024-03-13,0.5369
2024-03-14,0.5316
2024-03-15,0.533
2024-03-18,0.5339
2024-03-19,0.5338
2024-03-20,0.5351
2024-03-21,0.527
2024-03-22,0.5252
2024-03-26,0.5325
2024-03-27,0.5315
2024-03-28,0.5335
2024-04-01,0.5296
2024-04-02,0.5325
2024-04-03,0.5393
2024-04-04,0.5409
2024-04-05,0.5446
2024-04-08,0.539
2024-04-09,0.5373
2024-04-10,0.5405
2024-04-11,0.5408
2024-04-12,0.5377
2024-04-15,0.531
2024-04-16,0.5373
2024-04-17,0.5382
2024-04-18,0.541
2024-04-19,0.5398
2024-04-24,0.5388
2024-04-25,0.5452
2024-04-26,0.5503
2024-04-30,0.538
2024-05-01,0.5352
2024-05-02,0.5364
2024-05-03,0.5355
2024-05-06,0.5403
2024-05-07,0.5373
2024-05-08,0.5347
2024-05-09,0.5381
2024-05-10,0.5377
2024-05-13,0.5379
2024-05-15,0.536
2024-05-16,0.5361
2024-05-17,0.5404
2024-05-20,0.5393
2024-05-21,0.5346
2024-05-22,0.5332
2024-05-23,0.5337
2024-05-24,0.5329
2024-05-28,0.5358
2024-05-29,0.5369
2024-05-30,0.5396
2024-05-31,0.5396
2024-06-03,0.5322
2024-06-04,0.5372
2024-06-05,0.5404
2024-06-06,0.5429
2024-06-07,0.5448
2024-06-10,0.5399
2024-06-11,0.5365
2024-06-13,0.537
2024-06-14,0.534
2024-06-17,0.5358
2024-06-18,0.5347
2024-06-19,0.5354
2024-06-20,0.5349
2024-06-21,0.5361
2024-06-24,0.5356
2024-06-25,0.5354
2024-06-26,0.5372
2024-06-27,0.5387
2024-06-28,0.539
2024-07-01,0.5409
2024-07-02,0.5409
2024-07-03,0.5429
2024-07-04,0.5416
2024-07-05,0.5401
2024-07-08,0.5355
2024-07-09,0.5329
2024-07-10,0.5313
2024-07-11,0.5294
2024-07-12,0.531
2024-07-15,0.528
2024-07-16,0.5314
2024-07-17,0.5317
2024-07-18,0.5327
2024-07-19,0.534
2024-07-22,0.5298
2024-07-23,0.5278
2024-07-24,0.5271
2024-07-25,0.5313
2024-07-26,0.5351
2024-07-29,0.5418
2024-07-30,0.542
2024-07-31,0.5469
2024-08-01,0.5481
2024-08-02,0.551
2024-08-05,0.5612
2024-08-06,0.5616
2024-08-07,0.5537
2024-08-08,0.5552
2024-08-09,0.5479
2024-08-12,0.552
2024-08-14,0.5511
2024-08-15,0.5482
2024-08-16,0.5424
2024-08-19,0.5474
2024-08-20,0.5485
2024-08-21,0.5545
2024-08-22,0.5557
2024-08-23,0.552
2024-08-26,0.5485
2024-08-27,0.5512
2024-08-28,0.5472
2024-08-29,0.545
2024-08-30,0.5437
2024-09-02,0.5421
2024-09-03,0.5432
2024-09-04,0.5513
2024-09-05,0.5493
2024-09-06,0.552
2024-09-09,0.5552
2024-09-10,0.5567
2024-09-11,0.5576
2024-09-12,0.554
2024-09-13,0.5507
2024-09-16,0.558
2024-09-17,0.5588
2024-09-18,0.5627
2024-09-19,0.5623
2024-09-20,0.5636
2024-09-23,0.5631
2024-09-24,0.5635
2024-09-25,0.5638
2024-09-26,0.5526
2024-09-27,0.5529
2024-09-30,0.5569
2024-10-01,0.5531
2024-10-07,0.5574
2024-10-08,0.5555
2024-10-09,0.5523
2024-10-10,0.5534
2024-10-14,0.5499
2024-10-15,0.5479
2024-10-16,0.5489
2024-10-18,0.5395
2024-10-21,0.5436
2024-10-22,0.5483
2024-10-23,0.548
2024-10-25,0.5491
2024-10-28,0.5406
2024-10-29,0.5409
2024-10-30,0.5383
2024-10-31,0.5418
2024-11-01,0.5475
2024-11-04,0.5481
2024-11-05,0.5475
2024-11-06,0.5374
2024-11-07,0.5382
2024-11-08,0.538
2024-11-11,0.5339
2024-11-12,0.5336
2024-11-13,0.5331
2024-11-14,0.5279
2024-11-15,0.5298
2024-11-18,0.5275
2024-11-19,0.5295
2024-11-20,0.5289
2024-11-21,0.5267
2024-11-22,0.5168
2024-11-25,0.5164
2024-11-26,0.5134
2024-11-27,0.5158
2024-11-28,0.5155
2024-11-29,0.5165
2024-12-02,0.5123
2024-12-03,0.5121
2024-12-04,0.5072
2024-12-05,0.5086
2024-12-06,0.51
2024-12-09,0.5049
2024-12-10,0.5054
2024-12-11,0.5048
2024-12-12,0.5027
2024-12-13,0.5044
2024-12-16,0.5075
2024-12-17,0.5067
2024-12-18,0.5043
2024-12-19,0.5047
2024-12-20,0.5087
2024-12-23,0.5086
2024-12-24,0.5108
2024-12-26,0.5115
2024-12-27,0.5136
2024-12-30,0.5108
2024-12-31,0.509
2025-01-02,0.5048
2025-01-03,0.5041
2025-01-06,0.5072
2025-01-07,0.5061
2025-01-08,0.5045
2025-01-09,0.5053
2025-01-10,0.5062
2025-01-13,0.5017
2025-01-14,0.4994
2025-01-15,0.4999
2025-01-16,0.499
2025-01-17,0.4969
2025-01-20,0.4954
2025-01-21,0.4974
2025-01-22,0.4953
2025-01-23,0.4964
2025-01-24,0.5027
2025-01-27,0.5095
2025-01-28,0.5052
2025-01-29,0.5013
2025-01-30,0.4991
2025-01-31,0.4971
2025-02-03,0.496
2025-02-04,0.4952
2025-02-05,0.4961
2025-02-06,0.4945
2025-02-07,0.4943
2025-02-10,0.4933
2025-02-11,0.4964
2025-02-12,0.4996
2025-02-13,0.4985
2025-02-14,0.5008
2025-02-17,0.4996
2025-02-18,0.4986
2025-02-19,0.4951
2025-02-20,0.4956
2025-02-21,0.5005
2025-02-24,0.5004
2025-02-25,0.5036
2025-02-26,0.5028
2025-02-27,0.4991
2025-02-28,0.5006
2025-03-03,0.5044
2025-03-04,0.5089
2025-03-05,0.5194
2025-03-06,0.523
2025-03-07,0.5259
2025-03-10,0.5279
2025-03-11,0.5337
2025-03-12,0.5314
2025-03-13,0.5319
2025-03-17,0.5352
2025-03-18,0.5371
2025-03-19,0.537
2025-03-20,0.5336
2025-03-21,0.5367
2025-03-24,0.5382
2025-03-25,0.5319
2025-03-26,0.5305
2025-03-27,0.5312
2025-03-28,0.5327
2025-03-31,0.539
2025-04-01,0.5355
2025-04-02,0.5351
2025-04-03,0.5484
2025-04-04,0.5479
2025-04-07,0.553
2025-04-08,0.5518
2025-04-09,0.5634
2025-04-10,0.5569
2025-04-11,0.5656
2025-04-14,0.5622
2025-04-15,0.5605
2025-04-16,0.5622
2025-04-17,0.5622
2025-04-21,0.5705
2025-04-22,0.5729
2025-04-23,0.5601
2025-04-24,0.5561
2025-04-25,0.5498
2025-04-28,0.552
2025-04-29,0.5524
2025-04-30,0.5545
2025-05-02,0.5483
2025-05-05,0.5495
2025-05-06,0.549
2025-05-07,0.5463
2025-05-08,0.5419
2025-05-09,0.5378
2025-05-12,0.5273
2025-05-13,0.5325
2025-05-14,0.536
2025-05-15,0.5309
2025-05-16,0.5331
2025-05-19,0.5363
2025-05-20,0.5313
2025-05-21,0.5399
2025-05-22,0.5407
2025-05-23,0.5478
2025-05-27,0.5382
2025-05-28,0.5378
2025-05-29,0.531
2025-05-30,0.5348
2025-06-03,0.5384
2025-06-04,0.5362
2025-06-05,0.5346
2025-06-06,0.5365
2025-06-09,0.5331
2025-06-10,0.5351
2025-06-11,0.537
2025-06-12,0.5555
2025-06-13,0.5567
2025-06-16,0.5489
2025-06-17,0.5431
2025-06-18,0.5395
2025-06-19,0.536
2025-06-20,0.5379
2025-06-23,0.5344
2025-06-24,0.5293
2025-06-25,0.5303
2025-06-26,0.5336
2025-06-27,0.5327
2025-06-30,0.5301
2025-07-01,0.5331
2025-07-02,0.5313
2025-07-03,0.5315
2025-07-04,0.5271
2025-07-07,0.5248
2025-07-08,0.5275
2025-07-09,0.522
2025-07-10,0.5191
2025-07-11,0.5221
2025-07-14,0.527
2025-07-15,0.523
2025-07-16,0.5222
2025-07-17,0.5208
2025-07-18,0.5234
2025-07-21,0.5238
2025-07-22,0.5259
2025-07-23,0.5235
2025-07-24,0.526
2025-07-25,0.5283
2025-07-28,0.5237
2025-07-29,0.521
2025-07-30,0.5203
2025-07-31,0.5195
2025-08-01,0.5223
2025-08-04,0.5274
2025-08-05,0.533
2025-08-06,0.5364
2025-08-07,0.5344
2025-08-08,0.5365
2025-08-11,0.5322
2025-08-12,0.5335
2025-08-13,0.532
2025-08-14,0.5303
2025-08-15,0.5288
2025-08-18,0.5306
2025-08-19,0.5291
2025-08-20,0.5308
2025-08-21,0.5337
2025-08-22,0.529
2025-08-25,0.5293
2025-08-26,0.5255
2025-08-27,0.5194
2025-08-28,0.5199
2025-08-29,0.5212
2025-09-01,0.5268
2025-09-02,0.5277
2025-09-03,0.526
2025-09-04,0.5252
2025-09-05,0.5229
2025-09-08,0.522
2025-09-09,0.5252
2025-09-10,0.5229
2025-09-11,0.5226
2025-09-12,0.5233
2025-09-15,0.5261
2025-09-16,0.5288
2025-09-17,0.5296
2025-09-18,0.53
2025-09-19,0.5259
2025-09-25,0.5258
2025-09-26,0.5264
2025-09-29,0.5217
2025-09-30,0.5199
2025-10-03,0.5212
2025-10-06,0.5131
2025-10-08,0.5108
2025-10-09,0.504
2025-10-10,0.5046
2025-10-13,0.5103
2025-10-15,0.5124
2025-10-16,0.5147
2025-10-17,0.5209
2025-10-20,0.5165
2025-10-21,0.5116
2025-10-22,0.5115
2025-10-23,0.5134
2025-10-24,0.5118
2025-10-27,0.5078
2025-10-28,0.5086
2025-10-29,0.5065
2025-10-30,0.5041
2025-10-31,0.5024
2025-11-03,0.502
2025-11-04,0.5029
2025-11-05,0.5034
2025-11-06,0.5018
2025-11-07,0.5044
2025-11-10,0.5004
2025-11-11,0.4985
2025-11-12,0.4957
2025-11-13,0.4991
2025-11-14,0.5037
2025-11-17,0.5033
2025-11-18,0.5073
2025-11-19,0.5065
2025-11-20,0.5023
2025-11-21,0.5065
2025-11-24,0.507
2025-11-25,0.5055
2025-11-26,0.508
2025-11-27,0.5082
2025-11-28,0.5053
2025-12-01,0.5082
2025-12-02,0.5062
2025-12-03,0.5043
2025-12-04,0.5061
2025-12-05,0.5036
2025-12-08,0.5008
2025-12-09,0.5006
2025-12-10,0.5028
2025-12-11,0.5035
2025-12-12,0.5029
2025-12-15,0.5045
2025-12-16,0.5074
2025-12-17,0.5054
2025-12-18,0.505
2025-12-19,0.5029
2025-12-22,0.5039
2025-12-23,0.5042
2025-12-24,0.503
2025-12-29,0.5047
2025-12-30,0.5014
2025-12-31,0.5015
2026-01-02,0.4994
2026-01-05,0.4937
2026-01-06,0.4958
2026-01-07,0.4965
2026-01-08,0.4958
2026-01-09,0.494
2026-01-12,0.4927
2026-01-13,0.4914
2026-01-14,0.4911
2026-01-15,0.491
2026-01-16,0.4876
2026-01-19,0.492
2026-01-20,0.4973
2026-01-21,0.4977
2026-01-22,0.4921
2026-01-23,0.4925
2026-01-26,0.4978
2026-01-27,0.4951
2026-01-28,0.496
2026-01-29,0.4938
2026-01-30,0.4946
2026-02-02,0.4925
2026-02-03,0.4875
2026-02-04,0.4883
2026-02-05,0.4925
2026-02-06,0.4937
2026-02-09,0.4933
2026-02-10,0.4913
2026-02-11,0.4908
2026-02-12,0.4878
2026-02-13,0.4893
2026-02-16,0.4899
2026-02-17,0.4915
2026-02-18,0.4909
2026-02-19,0.4941
2026-02-20,0.4917
2026-02-23,0.4923
2026-02-24,0.4911
2026-02-25,0.4885
2026-02-26,0.4916
2026-02-27,0.4936
2026-03-02,0.4825
2026-03-05,0.4778
2026-03-06,0.4781
2026-03-09,0.482
2026-03-10,0.481
2026-03-11,0.4822
2026-03-12,0.4812
2026-03-13,0.4817
2026-03-16,0.4791
2026-03-17,0.479
2026-03-18,0.4778
2026-03-19,0.4791
2026-03-20,0.4807
2026-03-23,0.4818
2026-03-24,0.4847
2026-03-25,0.4836
2026-03-26,0.4826
2026-03-27,0.4856
2026-03-30,0.4874
2026-03-31,0.4867
2026-04-07,0.4862
2026-04-09,0.4824
2026-04-10,0.478
2026-04-13,0.4787
2026-04-14,0.4766
2026-04-15,0.475
2026-04-16,0.4719
2026-04-17,0.4722
2026-04-20,0.4727
2026-04-21,0.4699
2026-04-23,0.4697
2026-04-24,0.4694
2026-04-27,0.468
2026-04-28,0.468
2026-04-29,0.4636
2026-04-30,0.4627
2026-05-01,0.4629
2026-05-04,0.4638
2026-05-05,0.4605
2026-05-06,0.4578
2026-05-07,0.458
2026-05-08,0.4575
2026-05-11,0.458
2026-05-12,0.4571
2026-05-13,0.4559
2026-05-14,0.455
2026-05-15,0.4539
2026-05-18,0.4543
2026-05-19,0.4524
2026-05-20,0.4533
2026-05-21,0.4522
2026-05-26,0.4452
2026-05-27,0.4424
2026-05-28,0.4402
2026-05-29,0.4378
2026-06-01,0.4385
2026-06-02,0.4402
2026-06-03,0.4465
2026-06-04,0.4506
2026-06-05,0.4524
2026-06-08,0.4536
2026-06-09,0.4548
2026-06-10,0.4595
2026-06-11,0.4576
2026-06-12,0.4543
2026-06-15,0.4517
2026-06-16,0.4522
2026-06-17,0.4523
2026-06-18,0.4514
2026-06-19,0.4533
2026-06-22,0.4547
2026-06-23,0.4564
2026-06-24,0.4539
2026-06-25,0.4517
2026-06-26,0.4567
2026-06-29,0.4547
2026-06-30,0.4541
2026-07-01,0.4541
2026-07-02,0.458
2026-07-03,0.4589
2026-07-06,0.459
2026-07-07,0.4631
2026-07-08,0.4643
2026-07-09,0.4634
2026-07-10,0.4598
2026-07-13,0.4625
2026-07-14,0.4596
2026-07-15,0.4575
2026-07-16,0.4608
2026-07-17,0.4669
2026-07-20,0.4661
2026-07-21,0.4657
2026-07-22,0.467
2026-07-24,0.4664
2026-07-27,0.4629
2026-07-28,0.4649
2026-07-29,0.466
2026-07-30,0.4714
2026-07-31,0.4707
2026-08-03,0.4714
2026-08-04,0.4669
2026-08-05,0.4637
2026-08-06,0.4652
2026-08-07,0.4632
2026-08-10,0.4635
2026-08-11,0.4637
2026-08-12,0.4615
2026-08-13,0.4603
2026-08-14,0.4564
2026-08-17,0.4573
2026-08-18,0.4624
2026-08-19,0.4636
2026-08-20,0.4677
2026-08-21,0.4684
2026-08-24,0.4672
2026-08-25,0.4658
2026-08-26,0.464
2026-08-27,0.464
2026-08-28,0.4625
2026-08-31,0.4636
2026-09-01,0.4672
2026-09-02,0.4709
2026-09-03,0.4696
2026-09-04,0.4673
2026-09-07,0.4684
2026-09-08,0.469
2026-09-09,0.47
2026-09-10,0.4701
2026-09-14,0.471
2026-09-15,0.4705
2026-09-16,0.4681
2026-09-17,0.4663
2026-09-18,0.465
2026-09-22,0.4626
2026-09-23,0.4604
2026-09-24,0.4636
2026-09-25,0.4621
