date,rate
1962-02-10,0.0008442
1967-11-19,0.0008463
1971-08-22,0.00101576
1974-11-10,0.0013977
1975-06-18,0.00137553
1975-08-05,0.00132694
1975-09-09,0.0013321
1975-09-28,0.00142065
1975-11-24,0.00143895
1976-01-04,0.00145625
1976-02-11,0.00148744
1976-03-15,0.00143707
1976-04-19,0.00141358
1976-05-20,0.00140071
1976-06-24,0.0014055
1976-07-19,0.00143359
1976-08-25,0.00145176
1976-09-29,0.00139425
1976-11-01,0.00136862
1976-11-24,0.00143472
1976-12-24,0.0014815
1977-01-17,0.00153383
1977-03-02,0.00156067
1977-03-21,0.00159205
1977-05-25,0.0016143
1977-07-04,0.00164368
1977-07-18,0.00166356
1977-08-01,0.00171428
1977-08-17,0.00175751
1977-09-20,0.00179261
1977-10-17,0.00183451
1977-10-31,0.0027907
1977-11-01,0.0028296
1977-11-02,0.0027958
1977-11-03,0.0027873
1977-11-04,0.0027424
1977-11-07,0.0027546
1977-11-08,0.0027484
1977-11-09,0.0027666
1977-11-10,0.0027514
1977-11-11,0.0027751
1977-11-14,0.0027665
1977-11-15,0.0027646
1977-11-16,0.0027633
1977-11-17,0.0027736
1977-11-18,0.0027728
1977-11-21,0.0027936
1977-11-22,0.0027648
1977-11-23,0.0027718
1977-11-24,0.0027805
1977-11-25,0.0027725
1977-11-28,0.0027804
1977-11-29,0.0027828
1977-11-30,0.0027777
1977-12-01,0.0027803
1977-12-02,0.0027802
1977-12-05,0.0028014
1977-12-06,0.0028155
1977-12-07,0.0027966
1977-12-08,0.0027963
1977-12-09,0.0027972
1977-12-12,0.0028065
1977-12-13,0.0028089
1977-12-14,0.0028304
1977-12-15,0.0028314
1977-12-16,0.0028323
1977-12-19,0.0028504
1977-12-20,0.0028917
1977-12-21,0.0028914
1977-12-22,0.002876
1977-12-23,0.0028524
1977-12-28,0.0029119
1977-12-29,0.0029406
1977-12-30,0.0029376
1978-01-03,0.0030088
1978-01-04,0.0030714
1978-01-05,0.0029403
1978-01-06,0.0029506
1978-01-09,0.0029897
1978-01-10,0.0030017
1978-01-11,0.0030227
1978-01-12,0.0030563
1978-01-13,0.0030316
1978-01-16,0.0030417
1978-01-17,0.003045
1978-01-18,0.003042
1978-01-19,0.0030486
1978-01-20,0.003072
1978-01-23,0.0030802
1978-01-24,0.0031049
1978-01-25,0.0031135
1978-01-26,0.0031163
1978-01-27,0.0031195
1978-01-30,0.003119
1978-01-31,0.003123
1978-02-01,0.0031231
1978-02-02,0.0031202
1978-02-03,0.0031084
1978-02-06,0.0030941
1978-02-07,0.0030948
1978-02-08,0.0030882
1978-02-09,0.0030921
1978-02-10,0.0030938
1978-02-13,0.0031079
1978-02-14,0.0031119
1978-02-15,0.0030876
1978-02-16,0.0030988
1978-02-17,0.0031088
1978-02-20,0.0031313
1978-02-21,0.0031316
1978-02-22,0.003128
1978-02-23,0.0031371
1978-02-24,0.0031526
1978-02-27,0.0031451
1978-02-28,0.0031452
1978-03-01,0.0031747
1978-03-02,0.0031723
1978-03-03,0.0031745
1978-03-06,0.0031771
1978-03-07,0.0031597
1978-03-09,0.0031504
1978-03-10,0.0031421
1978-03-13,0.0030906
1978-03-14,0.0031209
1978-03-15,0.0031427
1978-03-16,0.0031546
1978-03-17,0.0031709
1978-03-20,0.0031529
1978-03-21,0.0031404
1978-03-22,0.0031327
1978-03-23,0.0031196
1978-03-28,0.0030833
1978-03-29,0.0031
1978-03-30,0.0030802
1978-03-31,0.0030498
1978-04-03,0.0030762
1978-04-04,0.0030628
1978-04-05,0.0030669
1978-04-06,0.0030915
1978-04-07,0.0030865
1978-04-10,0.0030877
1978-04-11,0.0030895
1978-04-12,0.0030957
1978-04-13,0.0030832
1978-04-14,0.0030742
1978-04-17,0.0030571
1978-04-18,0.0030492
1978-04-19,0.0030512
1978-04-20,0.0030356
1978-04-21,0.0030401
1978-04-24,0.0030338
1978-04-25,0.0030304
1978-04-26,0.0030347
1978-04-27,0.0030432
1978-05-02,0.0030604
1978-05-03,0.0030639
1978-05-04,0.0030594
1978-05-05,0.003067
1978-05-08,0.0030433
1978-05-09,0.0030342
1978-05-10,0.0030423
1978-05-12,0.0030616
1978-05-15,0.0030705
1978-05-16,0.0030812
1978-05-17,0.0030818
1978-05-18,0.0030875
1978-05-19,0.003088
1978-05-22,0.0030892
1978-05-23,0.0031109
1978-05-24,0.0031179
1978-05-25,0.0031257
1978-05-26,0.0031315
1978-05-30,0.0031689
1978-05-31,0.0031804
1978-06-01,0.0031969
1978-06-02,0.0031781
1978-06-05,0.0031724
1978-06-06,0.0031734
1978-06-07,0.0031737
1978-06-08,0.0031753
1978-06-09,0.0031825
1978-06-12,0.0031897
1978-06-13,0.0032076
1978-06-14,0.0032003
1978-06-15,0.0031873
1978-06-16,0.0031908
1978-06-19,0.003196
1978-06-20,0.0032044
1978-06-21,0.0032292
1978-06-22,0.003235
1978-06-23,0.0032436
1978-06-26,0.0032589
1978-06-27,0.0032652
1978-06-28,0.0032867
1978-06-29,0.0033002
1978-06-30,0.0033268
1978-07-03,0.0033268
1978-07-04,0.0033434
1978-07-05,0.0033357
1978-07-06,0.0033265
1978-07-07,0.0033184
1978-07-10,0.0033585
1978-07-11,0.0033541
1978-07-12,0.0033393
1978-07-13,0.0033744
1978-07-14,0.0033769
1978-07-17,0.0033753
1978-07-18,0.0033887
1978-07-19,0.0034026
1978-07-20,0.0034203
1978-07-21,0.0034428
1978-07-24,0.0034909
1978-07-25,0.0034918
1978-07-26,0.003484
1978-07-27,0.0034601
1978-07-28,0.003473
1978-07-31,0.0035104
1978-08-01,0.0035192
1978-08-02,0.0034967
1978-08-03,0.0034942
1978-08-04,0.003503
1978-08-07,0.0035071
1978-08-08,0.0035134
1978-08-09,0.0035355
1978-08-10,0.0035449
1978-08-11,0.0035712
1978-08-14,0.0035926
1978-08-15,0.0036373
1978-08-16,0.0036071
1978-08-17,0.0035588
1978-08-18,0.0035701
1978-08-21,0.0035307
1978-08-22,0.0035414
1978-08-23,0.0035029
1978-08-24,0.0035161
1978-08-25,0.0035161
1978-08-28,0.0035152
1978-08-29,0.0035093
1978-08-30,0.0035752
1978-08-31,0.0035634
1978-09-01,0.0035668
1978-09-04,0.0035844
1978-09-05,0.003568
1978-09-06,0.0035462
1978-09-07,0.003536
1978-09-08,0.0035324
1978-09-11,0.0035285
1978-09-12,0.0035548
1978-09-13,0.0035616
1978-09-14,0.0036017
1978-09-15,0.0036139
1978-09-18,0.0036111
1978-09-19,0.0036248
1978-09-20,0.0036611
1978-09-21,0.0036733
1978-09-22,0.0036241
1978-09-25,0.0036182
1978-09-26,0.0036299
1978-09-27,0.0036052
1978-09-28,0.0035885
1978-09-29,0.0036126
1978-10-04,0.0036217
1978-10-05,0.0036218
1978-10-06,0.003618
1978-10-09,0.0036191
1978-10-10,0.003618
1978-10-12,0.0036542
1978-10-13,0.003633
1978-10-17,0.0036483
1978-10-18,0.0036511
1978-10-19,0.0036588
1978-10-20,0.0036762
1978-10-24,0.0037058
1978-10-25,0.0037422
1978-10-26,0.0038013
1978-10-27,0.0038337
1978-10-30,0.0038663
1978-10-31,0.0038748
1978-11-01,0.0037943
1978-11-02,0.0036721
1978-11-03,0.0036741
1978-11-06,0.0036417
1978-11-08,0.0036577
1978-11-09,0.003684
1978-11-10,0.0036693
1978-11-13,0.0036792
1978-11-14,0.0036853
1978-11-15,0.0036999
1978-11-16,0.0036944
1978-11-17,0.0036859
1978-11-20,0.0036341
1978-11-21,0.0036799
1978-11-22,0.0036848
1978-11-23,0.0036991
1978-11-24,0.003678
1978-11-27,0.003664
1978-11-28,0.0036778
1978-11-29,0.0036759
1978-11-30,0.0036785
1978-12-01,0.0036357
1978-12-04,0.003635
1978-12-05,0.0036381
1978-12-06,0.0036413
1978-12-07,0.0036446
1978-12-08,0.0036438
1978-12-11,0.0036746
1978-12-12,0.0037138
1978-12-13,0.0036781
1978-12-14,0.0036683
1978-12-15,0.0036969
1978-12-18,0.0037382
1978-12-19,0.0037358
1978-12-20,0.0037826
1978-12-21,0.0037686
1978-12-22,0.0037579
1978-12-27,0.0038533
1978-12-28,0.0038709
1978-12-29,0.0038658
1979-01-02,0.0038964
1979-01-03,0.0038514
1979-01-04,0.0038302
1979-01-05,0.0038335
1979-01-08,0.0038355
1979-01-09,0.0037981
1979-01-10,0.0037669
1979-01-11,0.0037359
1979-01-12,0.0037179
1979-01-15,0.0037396
1979-01-16,0.0037887
1979-01-17,0.003833
1979-01-18,0.0038472
1979-01-19,0.0038398
1979-01-22,0.0038305
1979-01-23,0.0038274
1979-01-24,0.0038226
1979-01-25,0.0038162
1979-01-26,0.0037995
1979-01-29,0.0038083
1979-01-30,0.0038219
1979-01-31,0.0038163
1979-02-01,0.0037828
1979-02-02,0.0037958
1979-02-05,0.0038532
1979-02-06,0.003872
1979-02-07,0.0038768
1979-02-08,0.0038514
1979-02-09,0.0038246
1979-02-12,0.0038952
1979-02-13,0.003922
1979-02-14,0.0039334
1979-02-15,0.0039589
1979-02-16,0.0039435
1979-02-19,0.0039433
1979-02-20,0.0039589
1979-02-21,0.0039615
1979-02-22,0.0039616
1979-02-23,0.0039625
1979-02-26,0.003957
1979-02-27,0.003921
1979-02-28,0.0038926
1979-03-01,0.0039251
1979-03-02,0.003893
1979-03-05,0.0038852
1979-03-06,0.0039012
1979-03-07,0.0039288
1979-03-08,0.0039972
1979-03-09,0.004039
1979-03-12,0.0040754
1979-03-13,0.0041064
1979-03-15,0.0041067
1979-03-16,0.0041412
1979-03-19,0.0041511
1979-03-20,0.0041778
1979-03-21,0.004211
1979-03-22,0.0042249
1979-03-23,0.0042437
1979-03-26,0.0042796
1979-03-27,0.0043448
1979-03-28,0.0043548
1979-03-29,0.004376
1979-03-30,0.0044154
1979-04-02,0.0044266
1979-04-03,0.0044397
1979-04-04,0.0044413
1979-04-05,0.0044527
1979-04-06,0.0045083
1979-04-09,0.0045284
1979-04-10,0.0045803
1979-04-11,0.0046057
1979-04-17,0.0046197
1979-04-19,0.004608
1979-04-20,0.0046155
1979-04-23,0.0046171
1979-04-24,0.0046232
1979-04-25,0.0046111
1979-04-26,0.0046088
1979-04-27,0.0046212
1979-04-30,0.0046604
1979-05-01,0.004682
1979-05-03,0.0047407
1979-05-04,0.004737
1979-05-08,0.0047703
1979-05-09,0.0047686
1979-05-10,0.004757
1979-05-11,0.0047782
1979-05-14,0.0047909
1979-05-15,0.0047942
1979-05-16,0.0048417
1979-05-17,0.0048911
1979-05-18,0.0049058
1979-05-21,0.0048983
1979-05-22,0.0049117
1979-05-23,0.0049348
1979-05-24,0.0049888
1979-05-25,0.0049813
1979-05-29,0.0049925
1979-05-30,0.0050024
1979-05-31,0.0049868
1979-06-04,0.0050129
1979-06-05,0.0050106
1979-06-06,0.0049932
1979-06-07,0.0049715
1979-06-08,0.0049776
1979-06-11,0.0050051
1979-06-12,0.0050579
1979-06-13,0.0051251
1979-06-14,0.0051677
1979-06-15,0.0051732
1979-06-18,0.0052173
1979-06-19,0.0052409
1979-06-20,0.0053133
1979-06-21,0.0053546
1979-06-22,0.0053802
1979-06-25,0.0054424
1979-06-26,0.005483
1979-06-27,0.0054632
1979-06-28,0.0054934
1979-06-29,0.0054686
1979-07-02,0.0055119
1979-07-03,0.0055038
1979-07-04,0.0056107
1979-07-05,0.0056715
1979-07-06,0.0056579
1979-07-09,0.0055963
1979-07-10,0.0056453
1979-07-11,0.0057071
1979-07-12,0.0057077
1979-07-13,0.0057131
1979-07-16,0.0057239
1979-07-17,0.0058095
1979-07-18,0.0059114
1979-07-19,0.0058827
1979-07-20,0.0059156
1979-07-23,0.0059142
1979-07-24,0.0060079
1979-07-25,0.0059961
1979-07-26,0.0060087
1979-07-27,0.0059974
1979-07-30,0.0060089
1979-07-31,0.0059056
1979-08-01,0.0058231
1979-08-03,0.0058825
1979-08-06,0.0058781
1979-08-07,0.0058064
1979-08-08,0.0057682
1979-08-09,0.0057914
1979-08-10,0.0058718
1979-08-13,0.0059507
1979-08-14,0.005888
1979-08-15,0.0059331
1979-08-16,0.0059409
1979-08-17,0.0059222
1979-08-20,0.005953
1979-08-21,0.0059852
1979-08-22,0.0059874
1979-08-23,0.0060235
1979-08-24,0.006015
1979-08-28,0.0060975
1979-08-29,0.0061051
1979-08-30,0.0061133
1979-08-31,0.0061042
1979-09-03,0.006133
1979-09-04,0.0061126
1979-09-05,0.0061366
1979-09-06,0.0061537
1979-09-07,0.0061711
1979-09-10,0.0061951
1979-09-11,0.0062212
1979-09-12,0.0061801
1979-09-13,0.0061767
1979-09-14,0.006104
1979-09-17,0.0060471
1979-09-18,0.0061403
1979-09-19,0.0061513
1979-09-20,0.0061911
1979-09-21,0.0062865
1979-09-24,0.0062603
1979-09-25,0.0062477
1979-09-26,0.0062909
1979-09-27,0.0063792
1979-09-28,0.0063675
1979-10-02,0.0063684
1979-10-03,0.0063166
1979-10-04,0.0063942
1979-10-05,0.0063921
1979-10-08,0.0063347
1979-10-09,0.0062991
1979-10-10,0.0064194
1979-10-11,0.0064285
1979-10-12,0.0064165
1979-10-15,0.0064316
1979-10-16,0.006426
1979-10-17,0.0064188
1979-10-18,0.0064284
1979-10-19,0.0064573
1979-10-22,0.006482
1979-10-23,0.0064763
1979-10-24,0.0063761
1979-10-25,0.0064137
1979-10-26,0.0064322
1979-10-29,0.0064246
1979-10-30,0.0063834
1979-10-31,0.0063584
1979-11-01,0.0063858
1979-11-02,0.006356
1979-11-05,0.0064061
1979-11-06,0.0064982
1979-11-07,0.0065705
1979-11-08,0.0066002
1979-11-09,0.0065486
1979-11-12,0.0066134
1979-11-13,0.00664
1979-11-14,0.0066153
1979-11-15,0.0066628
1979-11-16,0.0067935
1979-11-19,0.006943
1979-11-20,0.0069212
1979-11-21,0.0070008
1979-11-22,0.0070177
1979-11-23,0.0070286
1979-11-26,0.0070002
1979-11-27,0.0070656
1979-11-28,0.0070994
1979-11-29,0.0071362
1979-11-30,0.007212
1979-12-03,0.0073112
1979-12-04,0.0072924
1979-12-05,0.0072571
1979-12-06,0.0072895
1979-12-07,0.0072644
1979-12-10,0.0073122
1979-12-11,0.0073696
1979-12-12,0.0074315
1979-12-13,0.0074528
1979-12-14,0.0074254
1979-12-17,0.0074714
1979-12-18,0.0074943
1979-12-19,0.0075221
1979-12-20,0.0075567
1979-12-21,0.0075659
1979-12-24,0.0076174
1979-12-27,0.0077859
1979-12-28,0.0078488
1979-12-31,0.0078688
1980-01-02,0.0078647
1980-01-03,0.0080084
1980-01-04,0.0079591
1980-01-06,7.9591
1980-01-07,0.0080379
1980-01-08,0.0080832
1980-01-09,0.008122
1980-01-10,0.008148
1980-01-11,0.008182
1980-01-13,8.182
1980-01-14,0.0082107
1980-01-15,0.0083162
1980-01-16,0.0082807
1980-01-17,0.0082069
1980-01-18,0.0083152
1980-01-20,8.3152
1980-01-21,0.0083942
1980-01-22,0.0083493
1980-01-23,0.0083338
1980-01-24,0.0083888
1980-01-25,0.0083941
1980-01-27,8.3941
1980-01-28,0.0083843
1980-01-29,0.0083444
1980-01-30,0.0083652
1980-01-31,0.0083979
1980-02-01,0.0084355
1980-02-03,8.4355
1980-02-04,0.0084699
1980-02-05,0.0085703
1980-02-06,0.0086215
1980-02-07,0.0086751
1980-02-08,0.0086956
1980-02-10,8.6956
1980-02-11,0.0087218
1980-02-12,0.0087119
1980-02-13,0.0087329
1980-02-14,0.0087415
1980-02-15,0.0087716
1980-02-17,8.7716
1980-02-18,0.008792
1980-02-19,0.0088268
1980-02-20,0.0088175
1980-02-21,0.0088806
1980-02-22,0.0088954
1980-02-24,8.8954
1980-02-25,0.0090453
1980-02-26,0.0090742
1980-02-27,0.009034
1980-02-28,0.0090363
1980-02-29,0.0090169
1980-03-04,0.008837
1980-03-05,0.0088186
1980-03-06,0.0087923
1980-03-07,0.0087611
1980-03-09,8.7611
1980-03-10,0.0087759
1980-03-11,0.0087914
1980-03-12,0.0089164
1980-03-13,0.0089327
1980-03-14,0.0089091
1980-03-16,8.9091
1980-03-17,0.0088585
1980-03-18,0.0088886
1980-03-19,0.0089629
1980-03-20,0.0090046
1980-03-21,0.0089376
1980-03-23,8.9376
1980-03-24,0.0089572
1980-03-25,0.0090234
1980-03-26,0.0090592
1980-03-27,0.0089954
1980-03-28,0.0089934
1980-03-30,8.9934
1980-03-31,0.0090049
1980-04-02,0.0089447
1980-04-03,0.0090317
1980-04-04,9.0317
1980-04-06,9.0317
1980-04-08,0.0090463
1980-04-09,0.0092454
1980-04-10,0.0093171
1980-04-11,0.0093904
1980-04-13,9.3904
1980-04-14,0.0094618
1980-04-15,0.0094118
1980-04-16,0.0094104
1980-04-17,0.0095365
1980-04-18,0.0095816
1980-04-20,9.5816
1980-04-22,0.0096745
1980-04-23,0.0097246
1980-04-24,0.0098013
1980-04-25,0.0098617
1980-04-27,9.8617
1980-04-28,0.0099322
1980-04-29,0.009812
1980-04-30,0.0097483
1980-05-01,0.0097494
1980-05-02,0.0097898
1980-05-04,0.979
1980-05-05,0.979
1980-05-06,0.00998
1980-05-07,0.009997
1980-05-08,0.010022
1980-05-09,0.010033
1980-05-11,1.0033
1980-05-12,0.010073
1980-05-13,0.01015
1980-05-14,0.010169
1980-05-15,0.010227
1980-05-16,0.010312
1980-05-18,1.0312
1980-05-19,0.010399
1980-05-20,0.010394
1980-05-22,0.010546
1980-05-23,0.010665
1980-05-25,1.0665
1980-05-26,1.0665
1980-05-27,0.010955
1980-05-28,0.010917
1980-05-29,0.010838
1980-05-30,0.010706
1980-06-01,1.0706
1980-06-02,0.010835
1980-06-03,0.010725
1980-06-04,0.010744
1980-06-05,0.010821
1980-06-06,0.01093
1980-06-08,1.093
1980-06-09,0.011094
1980-06-10,0.010996
1980-06-11,0.011069
1980-06-12,0.011133
1980-06-13,0.01114
1980-06-15,1.114
1980-06-16,0.011163
1980-06-17,0.011152
1980-06-18,0.011195
1980-06-19,0.011204
1980-06-20,0.011284
1980-06-22,1.1284
1980-06-23,0.011386
1980-06-24,0.011401
1980-06-25,0.011466
1980-06-26,0.011535
1980-06-27,0.011617
1980-06-29,1.1617
1980-06-30,0.011742
1980-07-01,0.011726
1980-07-02,0.011769
1980-07-03,0.011816
1980-07-04,0.011805
1980-07-06,1.1805
1980-07-07,0.011883
1980-07-08,0.012041
1980-07-09,0.011996
1980-07-10,0.012011
1980-07-11,0.012041
1980-07-13,1.2041
1980-07-14,0.012067
1980-07-15,0.012103
1980-07-16,0.012105
1980-07-17,0.012211
1980-07-18,0.01226
1980-07-20,1.226
1980-07-21,0.01225
1980-07-23,0.012299
1980-07-24,0.012265
1980-07-25,0.012342
1980-07-27,1.2342
1980-07-28,0.012374
1980-07-29,0.012313
1980-07-30,0.012324
1980-07-31,0.012232
1980-08-01,0.012246
1980-08-03,1.2246
1980-08-04,0.012314
1980-08-05,0.012426
1980-08-06,0.012495
1980-08-07,0.01257
1980-08-08,0.01262
1980-08-10,1.262
1980-08-11,0.012626
1980-08-12,0.012639
1980-08-13,0.012713
1980-08-14,0.01268
1980-08-15,0.012696
1980-08-17,1.2696
1980-08-18,0.01277
1980-08-19,0.012828
1980-08-20,0.012964
1980-08-21,0.013027
1980-08-22,0.013074
1980-08-24,1.3074
1980-08-25,1.3074
1980-08-26,0.013207
1980-08-27,0.013337
1980-08-28,0.013358
1980-08-29,0.013326
1980-08-31,1.3326
1980-09-01,0.013427
1980-09-02,0.013512
1980-09-03,0.013521
1980-09-04,0.013475
1980-09-05,0.013551
1980-09-07,1.3551
1980-09-08,0.013661
1980-09-09,0.013727
1980-09-10,0.013675
1980-09-14,1.3675
1980-09-15,0.013713
1980-09-16,0.013701
1980-09-17,0.013762
1980-09-18,0.013836
1980-09-19,0.013892
1980-09-21,1.3892
1980-09-22,0.013956
1980-09-23,0.014115
1980-09-24,0.01412
1980-09-26,0.014151
1980-09-28,1.4151
1980-09-29,0.014094
1980-10-03,0.0141588
1980-10-05,14.1588
1980-10-06,0.0142493
1980-10-07,0.0142783
1980-10-08,0.0143086
1980-10-09,0.0143586
1980-10-10,0.0144471
1980-10-12,14.4471
1980-10-13,0.0145368
1980-10-14,0.0145742
1980-10-15,0.0145906
1980-10-16,0.0146097
1980-10-17,0.0146953
1980-10-19,14.6953
1980-10-20,0.0147833
1980-10-21,0.0149715
1980-10-22,0.0150281
1980-10-23,0.0150684
1980-10-24,0.0152671
1980-10-26,15.2671
1980-10-27,0.0153431
1980-10-28,0.0152996
1980-10-29,0.0153751
1980-10-30,0.0154827
1980-10-31,0.0155218
1980-11-02,15.5218
1980-11-03,0.0155146
1980-11-04,0.0156866
1980-11-05,0.0157325
1980-11-06,0.0158439
1980-11-07,0.0159103
1980-11-09,15.9103
1980-11-10,0.0158464
1980-11-11,0.0158459
1980-11-12,0.0158767
1980-11-13,0.0160092
1980-11-14,0.0160437
1980-11-16,16.0437
1980-11-17,0.0160781
1980-11-18,0.0161411
1980-11-19,0.0161342
1980-11-20,0.0161576
1980-11-21,0.0161915
1980-11-23,16.1915
1980-11-24,0.0161591
1980-11-25,0.0161532
1980-11-26,0.0164234
1980-11-27,0.0164945
1980-11-28,0.0164527
1980-11-30,16.4527
1980-12-01,0.0163705
1980-12-02,0.0165999
1980-12-03,0.0165719
1980-12-04,0.0165934
1980-12-05,0.0166309
1980-12-07,16.6309
1980-12-08,0.0168599
1980-12-09,0.016984
1980-12-10,0.017182
1980-12-11,0.017183
1980-12-12,0.0171312
1980-12-14,17.1312
1980-12-15,0.0173985
1980-12-16,0.0174742
1980-12-17,0.0176193
1980-12-18,0.0174951
1980-12-19,0.0177292
1980-12-21,17.7292
1980-12-22,0.0179179
1980-12-23,0.0180054
1980-12-24,0.017884
1980-12-26,17.884
1980-12-28,17.884
1980-12-29,0.0181307
1980-12-30,0.0180657
1980-12-31,0.0180473
1981-01-02,0.0181225
1981-01-04,18.1225
1981-01-05,0.018395
1981-01-06,0.0186389
1981-01-07,0.0186056
1981-01-08,0.0184429
1981-01-09,0.0184294
1981-01-11,18.4294
1981-01-12,0.018638
1981-01-13,0.0184754
1981-01-14,0.0188154
1981-01-15,0.018976
1981-01-16,0.0189407
1981-01-18,18.9407
1981-01-19,0.0193578
1981-01-20,0.0192932
1981-01-21,0.0194585
1981-01-22,0.0195661
1981-01-23,0.0194993
1981-01-25,19.4993
1981-01-26,0.0195734
1981-01-27,0.0195328
1981-01-28,0.0194588
1981-01-29,0.0193679
1981-01-30,0.0192526
1981-02-01,19.2526
1981-02-02,0.0192538
1981-02-03,0.0188777
1981-02-04,0.0188508
1981-02-05,0.0189313
1981-02-06,0.0190576
1981-02-08,19.0576
1981-02-09,0.0193236
1981-02-10,0.0192787
1981-02-11,0.0192491
1981-02-12,0.0193046
1981-02-13,0.019294
1981-02-15,19.294
1981-02-16,0.0191828
1981-02-17,0.0194084
1981-02-18,0.019519
1981-02-19,0.0195878
1981-02-20,0.0198509
1981-02-22,19.8509
1981-02-23,0.0194746
1981-02-24,0.0192306
1981-02-25,0.0192092
1981-02-26,0.0191424
1981-02-27,0.0191968
1981-03-01,19.1968
1981-03-02,0.018848
1981-03-03,0.018981
1981-03-04,0.0192198
1981-03-05,0.0193058
1981-03-06,0.0191318
1981-03-08,19.1318
1981-03-09,0.0191279
1981-03-10,0.0194772
1981-03-11,0.01966
1981-03-12,0.0194123
1981-03-13,0.0195211
1981-03-15,19.5211
1981-03-16,0.0195964
1981-03-17,0.0198573
1981-03-18,0.0200869
1981-03-19,0.0201392
1981-03-20,0.0201126
1981-03-23,0.0200164
1981-03-24,0.0201652
1981-03-25,0.0202229
1981-03-26,0.0200967
1981-03-27,0.0199897
1981-03-29,19.9897
1981-03-30,0.0199508
1981-03-31,0.0199089
1981-04-01,0.0199074
1981-04-02,0.0200033
1981-04-03,0.0199281
1981-04-05,19.9281
1981-04-06,0.0197516
1981-04-07,0.0199319
1981-04-08,0.0202936
1981-04-09,0.0202916
1981-04-10,0.0202233
1981-04-12,20.2233
1981-04-13,0.019984
1981-04-14,0.0200206
1981-04-15,0.0200818
1981-04-16,0.0199174
1981-04-17,19.9174
1981-04-20,19.9174
1981-04-21,0.0200726
1981-04-22,0.0203987
1981-04-23,0.0203966
1981-04-24,0.0203316
1981-04-26,20.3316
1981-04-27,0.0204945
1981-04-28,0.0203464
1981-04-29,0.0203126
1981-04-30,0.0202998
1981-05-01,0.0204751
1981-05-03,20.4751
1981-05-04,20.4751
1981-05-05,0.0205842
1981-05-06,0.0208083
1981-05-08,0.0208057
1981-05-10,20.8057
1981-05-11,0.0209014
1981-05-12,0.0208035
1981-05-13,0.0208005
1981-05-14,0.0205928
1981-05-15,0.0207523
1981-05-17,20.7523
1981-05-18,0.0211697
1981-05-19,0.021568
1981-05-20,0.02164
1981-05-21,0.0218068
1981-05-22,0.021743
1981-05-24,21.743
1981-05-25,21.743
1981-05-26,0.02202
1981-05-27,0.0221009
1981-05-28,0.0223552
1981-05-29,0.0223948
1981-05-31,22.3948
1981-06-01,0.0224949
1981-06-02,0.0222114
1981-06-03,0.0223663
1981-06-04,0.0218022
1981-06-05,0.0216451
1981-06-07,21.6451
1981-06-09,0.0219949
1981-06-10,0.0223753
1981-06-11,0.0222268
1981-06-12,0.0223035
1981-06-14,22.3035
1981-06-15,0.022694
1981-06-16,0.0230075
1981-06-17,0.0230328
1981-06-18,0.0227349
1981-06-19,0.0226217
1981-06-21,22.6217
1981-06-22,0.0229619
1981-06-23,0.023225
1981-06-24,0.023054
1981-06-25,0.0228515
1981-06-26,0.0225526
1981-06-28,22.5526
1981-06-29,0.0228108
1981-07-01,0.0224081
1981-07-02,0.0221737
1981-07-03,0.0225575
1981-07-05,22.5575
1981-07-06,0.0225805
1981-07-07,0.0230092
1981-07-08,0.0228591
1981-07-09,0.0228002
1981-07-10,0.0228304
1981-07-12,22.8304
1981-07-13,0.0228417
1981-07-14,0.0223871
1981-07-15,0.0225783
1981-07-16,0.0226609
1981-07-17,0.0226054
1981-07-19,22.6054
1981-07-20,0.0225889
1981-07-21,0.0223509
1981-07-22,0.0224457
1981-07-23,0.0226294
1981-07-24,0.0224715
1981-07-26,22.4715
1981-07-27,0.0228
1981-07-28,0.02262
1981-07-29,22.62
1981-07-30,0.0225262
1981-07-31,0.0225565
1981-08-02,22.5565
1981-08-03,0.0222665
1981-08-04,0.0221944
1981-08-05,0.022246
1981-08-06,0.0222152
1981-08-07,0.0219922
1981-08-10,0.021702
1981-08-11,0.0219223
1981-08-12,0.0222278
1981-08-13,0.0223593
1981-08-14,0.0223058
1981-08-16,22.3058
1981-08-17,0.0225872
1981-08-18,0.0231983
1981-08-19,0.0231147
1981-08-20,0.0232271
1981-08-21,0.0234419
1981-08-23,23.4419
1981-08-24,0.023492
1981-08-25,0.0230072
1981-08-26,0.0231465
1981-08-27,0.023404
1981-08-28,0.0234447
1981-08-30,23.4447
1981-08-31,23.4447
1981-09-01,0.0232509
1981-09-02,0.0233252
1981-09-03,0.0233522
1981-09-04,0.0232772
1981-09-06,23.2772
1981-09-07,0.0235382
1981-09-08,0.0236123
1981-09-09,0.0236454
1981-09-10,0.0237338
1981-09-11,0.0239143
1981-09-13,23.9143
1981-09-14,0.0236185
1981-09-15,0.0239951
1981-09-16,0.02443
1981-09-17,0.0244991
1981-09-18,0.0241371
1981-09-20,24.1371
1981-09-21,0.0241018
1981-09-22,0.0240677
1981-09-23,0.0241115
1981-09-24,0.0237112
1981-09-25,0.0238072
1981-09-27,23.8072
1981-09-28,0.0237487
1981-10-01,0.0247071
1981-10-02,0.0247405
1981-10-04,24.7405
1981-10-05,0.0249677
1981-10-06,0.0252574
1981-10-07,0.0254328
1981-10-09,0.0260045
1981-10-11,26.0045
1981-10-12,0.0253517
1981-10-14,0.0253061
1981-10-15,0.025445
1981-10-16,0.0252095
1981-10-18,25.2095
1981-10-19,0.0253999
1981-10-21,0.0252687
1981-10-22,0.0252181
1981-10-23,0.0252252
1981-10-25,25.2252
1981-10-26,0.0251222
1981-10-28,0.0254146
1981-10-29,0.0255535
1981-10-30,0.0260798
1981-11-01,26.0798
1981-11-02,0.0265795
1981-11-03,0.0263519
1981-11-04,0.026526
1981-11-05,0.0266141
1981-11-06,0.0265433
1981-11-08,26.5433
1981-11-09,0.0270054
1981-11-10,0.0268845
1981-11-11,0.0268159
1981-11-12,0.0270346
1981-11-13,0.0273977
1981-11-15,27.3977
1981-11-16,0.0277342
1981-11-17,0.0277664
1981-11-18,0.0276169
1981-11-19,0.0281569
1981-11-20,0.0279987
1981-11-22,27.9987
1981-11-23,0.0280325
1981-11-24,0.0283855
1981-11-25,0.0286063
1981-11-26,0.0290228
1981-11-27,0.0292565
1981-11-29,29.2565
1981-11-30,0.0293519
1981-12-01,0.0292741
1981-12-02,0.0292337
1981-12-03,0.0291777
1981-12-04,0.0293228
1981-12-06,29.3228
1981-12-07,0.0294083
1981-12-08,0.0293306
1981-12-09,0.0291186
1981-12-10,0.028874
1981-12-11,0.0286509
1981-12-13,28.6509
1981-12-14,0.0284621
1981-12-15,0.0285705
1981-12-16,0.0289752
1981-12-17,0.0290151
1981-12-18,0.0288071
1981-12-20,28.8071
1981-12-21,0.0290288
1981-12-22,0.0292049
1981-12-23,0.0294407
1981-12-24,0.0294532
1981-12-27,29.4532
1981-12-28,29.4532
1981-12-29,0.0295201
1981-12-30,0.0296558
1981-12-31,0.0298819
1982-01-03,29.8819
1982-01-04,0.0301702
1982-01-05,0.0299998
1982-01-06,0.0302127
1982-01-07,0.0302344
1982-01-08,0.0304153
1982-01-10,30.4153
1982-01-11,0.0303721
1982-01-12,0.0300322
1982-01-13,0.0300861
1982-01-14,0.0298785
1982-01-15,0.0300127
1982-01-17,30.0127
1982-01-18,0.0301478
1982-01-19,0.0308263
1982-01-20,0.0307169
1982-01-21,0.0308703
1982-01-22,0.0307163
1982-01-24,30.7163
1982-01-25,0.0306983
1982-01-26,0.0307932
1982-01-27,0.0312584
1982-01-28,0.0311369
1982-01-29,0.0315877
1982-01-31,31.5877
1982-02-01,0.0314891
1982-02-02,0.0313108
1982-02-03,0.0316458
1982-02-04,0.0316291
1982-02-05,0.0317885
1982-02-07,31.7885
1982-02-08,0.0318207
1982-02-09,0.0318924
1982-02-10,0.0318548
1982-02-11,0.0320083
1982-02-12,0.0318768
1982-02-14,31.8768
1982-02-15,0.0319223
1982-02-16,0.0322175
1982-02-17,0.0324074
1982-02-18,0.0327057
1982-02-19,0.0330433
1982-02-21,33.0433
1982-02-22,0.0332761
1982-02-23,0.0330525
1982-02-24,0.0330836
1982-02-25,0.0330973
1982-02-26,0.0329845
1982-02-28,32.9845
1982-03-01,0.0329143
1982-03-02,0.0332089
1982-03-03,0.0332324
1982-03-04,0.0333091
1982-03-05,0.0337312
1982-03-07,33.7312
1982-03-08,0.0337335
1982-03-11,0.0334915
1982-03-12,0.0335184
1982-03-14,33.5184
1982-03-15,0.0336919
1982-03-16,0.0338199
1982-03-17,0.0340223
1982-03-18,0.0341305
1982-03-19,0.0341009
1982-03-21,34.1009
1982-03-22,0.034226
1982-03-23,0.0342524
1982-03-24,0.0345288
1982-03-25,0.0343449
1982-03-26,0.0339242
1982-03-28,33.9242
1982-03-29,0.0341254
1982-03-30,0.0340934
1982-03-31,0.0341097
1982-04-01,0.0343264
1982-04-02,0.0345809
1982-04-04,34.5809
1982-04-05,0.0344867
1982-04-06,0.0342176
1982-04-07,0.034552
1982-04-09,34.552
1982-04-11,34.552
1982-04-12,34.552
1982-04-13,0.0350394
1982-04-15,0.0350702
1982-04-16,0.0351994
1982-04-18,35.1994
1982-04-19,0.0354536
1982-04-20,0.0356522
1982-04-21,0.0356788
1982-04-22,0.0357391
1982-04-23,0.035828
1982-04-25,35.828
1982-04-26,0.0359709
1982-04-27,0.0362096
1982-04-29,0.0364243
1982-04-30,0.0367579
1982-05-02,36.7579
1982-05-03,36.7579
1982-05-04,0.0371671
1982-05-05,0.0371306
1982-05-06,0.0374373
1982-05-07,0.0376622
1982-05-09,37.6622
1982-05-10,0.0379841
1982-05-11,0.0380512
1982-05-12,0.0382649
1982-05-13,0.0382796
1982-05-14,0.0383196
1982-05-16,38.3196
1982-05-17,0.0384581
1982-05-18,0.0384621
1982-05-19,0.038546
1982-05-20,0.0382591
1982-05-21,0.0386954
1982-05-23,38.6954
1982-05-24,0.0389821
1982-05-25,0.0391564
1982-05-26,0.0388856
1982-05-27,0.0389884
1982-05-30,38.9884
1982-05-31,38.9884
1982-06-01,0.0393043
1982-06-02,0.0396104
1982-06-03,0.0396772
1982-06-04,0.0397493
1982-06-06,39.7493
1982-06-07,0.0397614
1982-06-08,0.0399111
1982-06-09,0.03973
1982-06-10,0.0398038
1982-06-11,0.039907
1982-06-13,39.907
1982-06-14,0.040187
1982-06-15,0.0405526
1982-06-16,0.0407122
1982-06-17,0.0409556
1982-06-18,0.0407839
1982-06-20,40.7839
1982-06-21,0.0408435
1982-06-22,0.0412681
1982-06-23,0.0412965
1982-06-24,0.0414994
1982-06-25,0.0414487
1982-06-27,41.4487
1982-06-28,0.0413331
1982-06-29,0.0416297
1982-06-30,0.0418837
1982-07-01,0.0419814
1982-07-02,0.0420651
1982-07-04,42.0651
1982-07-05,0.0425562
1982-07-06,0.0427198
1982-07-07,0.0427072
1982-07-08,0.042838
1982-07-09,0.0430911
1982-07-11,43.0911
1982-07-12,0.0440427
1982-07-13,0.0439414
1982-07-14,0.0437975
1982-07-15,0.043625
1982-07-16,0.0436749
1982-07-18,43.6749
1982-07-19,0.0444469
1982-07-20,0.0441173
1982-07-21,0.0442958
1982-07-22,0.0441338
1982-07-23,0.0443382
1982-07-25,44.3382
1982-07-26,0.0447674
1982-07-27,0.0450078
1982-07-28,0.0449834
1982-07-30,0.0448261
1982-08-01,44.8261
1982-08-02,0.0457459
1982-08-03,0.0462086
1982-08-04,0.0458278
1982-08-05,0.0461616
1982-08-06,0.0458286
1982-08-08,45.8286
1982-08-09,0.0456677
1982-08-10,0.0462258
1982-08-11,0.0459592
1982-08-12,0.0457128
1982-08-13,0.0462306
1982-08-15,46.2306
1982-08-16,0.0462031
1982-08-17,0.0462032
1982-08-18,0.0466579
1982-08-19,0.0462767
1982-08-20,0.047057
1982-08-22,47.057
1982-08-23,0.0470892
1982-08-24,0.0473661
1982-08-25,0.0475397
1982-08-26,0.0474255
1982-08-27,0.0475076
1982-08-29,47.5076
1982-08-30,47.5076
1982-08-31,0.0471047
1982-09-01,0.0474758
1982-09-02,0.048024
1982-09-03,0.0490148
1982-09-05,49.0148
1982-09-06,0.0492954
1982-09-07,0.0498541
1982-09-08,0.0496469
1982-09-09,0.0497383
1982-09-10,0.0493872
1982-09-12,49.3872
1982-09-13,0.0492275
1982-09-14,0.0492376
1982-09-15,0.049198
1982-09-16,0.0489368
1982-09-17,0.049414
1982-09-20,0.0497931
1982-09-21,0.0497515
1982-09-22,0.049748
1982-09-23,0.049628
1982-09-24,0.0495972
1982-09-26,49.5972
1982-09-28,0.0494432
1982-09-29,0.0496052
1982-09-30,0.0491795
1982-10-01,0.0496681
1982-10-03,49.6681
1982-10-04,0.0494223
1982-10-05,0.0494941
1982-10-06,0.0496351
1982-10-07,0.049615
1982-10-08,0.0501781
1982-10-10,50.1781
1982-10-11,0.0505953
1982-10-12,0.0506214
1982-10-13,0.0506725
1982-10-14,0.0511862
1982-10-15,0.0506235
1982-10-17,50.6235
1982-10-18,0.0511093
1982-10-19,0.0507766
1982-10-20,0.0504348
1982-10-21,0.0503098
1982-10-22,0.0507404
1982-10-24,50.7404
1982-10-25,0.0505243
1982-10-26,0.0507788
1982-10-27,0.0512858
1982-10-28,0.0511191
1982-10-29,0.0510967
1982-10-31,51.0967
1982-11-01,0.051385
1982-11-02,0.0516221
1982-11-03,0.0516694
1982-11-04,0.0517244
1982-11-05,0.0517125
1982-11-07,51.7125
1982-11-08,0.0513882
1982-11-09,0.0515402
1982-11-10,0.0517321
1982-11-11,0.0514076
1982-11-12,0.0514941
1982-11-14,51.4941
1982-11-15,0.0510678
1982-11-16,0.0509475
1982-11-17,0.0502455
1982-11-18,0.0500337
1982-11-19,0.0505973
1982-11-21,50.5973
1982-11-22,0.0498831
1982-11-23,0.0501285
1982-11-24,0.0501839
1982-11-25,0.0503243
1982-11-26,0.049891
1982-11-28,49.891
1982-11-29,0.0514638
1982-11-30,0.0515968
1982-12-01,0.0525765
1982-12-02,0.0525521
1982-12-03,0.0531357
1982-12-05,53.1357
1982-12-06,0.0526258
1982-12-07,0.0528009
1982-12-08,0.0530557
1982-12-09,0.0526364
1982-12-10,0.0529077
1982-12-12,52.9077
1982-12-13,0.0528821
1982-12-14,0.0531773
1982-12-15,0.053186
1982-12-16,0.0532863
1982-12-17,0.0536646
1982-12-19,53.6646
1982-12-20,0.0532672
1982-12-21,0.0532523
1982-12-22,0.0531306
1982-12-23,0.0529911
1982-12-24,0.0530857
1982-12-26,53.0857
1982-12-27,53.0857
1982-12-28,53.0857
1982-12-29,0.0544365
1982-12-30,0.0542124
1982-12-31,0.0542859
1983-01-03,54.2859
1983-01-04,0.0548165
1983-01-05,0.0548366
1983-01-06,0.0546916
1983-01-07,0.0544379
1983-01-09,54.4379
1983-01-10,0.054847
1983-01-11,0.0541794
1983-01-12,0.0544327
1983-01-13,0.0543355
1983-01-14,0.0547914
1983-01-16,54.7914
1983-01-17,0.0552365
1983-01-18,0.0555041
1983-01-19,0.0549758
1983-01-20,0.0550733
1983-01-21,0.0553618
1983-01-23,55.3618
1983-01-24,0.05459
1983-01-25,0.0543827
1983-01-26,0.054822
1983-01-27,0.0547576
1983-01-28,0.0548101
1983-01-30,54.8101
1983-01-31,0.0548881
1983-02-01,0.0546994
1983-02-02,0.0547946
1983-02-03,0.0549598
1983-02-04,0.0551815
1983-02-06,55.1815
1983-02-07,0.0554453
1983-02-08,0.0559554
1983-02-09,0.056533
1983-02-10,0.0568772
1983-02-11,0.0567126
1983-02-13,56.7126
1983-02-14,0.0562612
1983-02-15,0.0569877
1983-02-16,0.0568564
1983-02-17,0.0571075
1983-02-18,0.0571406
1983-02-20,57.1406
1983-02-21,0.0571407
1983-02-22,0.0571203
1983-02-23,0.0566687
1983-02-24,0.0572531
1983-02-25,0.0573442
1983-03-01,0.0569549
1983-03-02,0.0568076
1983-03-03,0.0573092
1983-03-04,0.057601
1983-03-06,57.601
1983-03-07,0.0578144
1983-03-08,0.0576379
1983-03-09,0.0573518
1983-03-10,0.0576956
1983-03-11,0.0576292
1983-03-13,57.6292
1983-03-14,0.0578406
1983-03-15,0.0583529
1983-03-16,0.0583884
1983-03-17,0.0584837
1983-03-18,0.0583163
1983-03-20,58.3163
1983-03-21,0.0580416
1983-03-22,0.0577668
1983-03-23,0.0574963
1983-03-24,0.0573915
1983-03-25,0.0575593
1983-03-27,57.5593
1983-03-28,0.0576304
1983-03-30,0.0577731
1983-03-31,0.0584213
1983-04-01,58.4213
1983-04-03,58.4213
1983-04-05,0.0596829
1983-04-06,0.0607873
1983-04-07,0.0610644
1983-04-08,0.060561
1983-04-10,60.561
1983-04-11,0.0614143
1983-04-12,0.0622751
1983-04-13,0.0625351
1983-04-14,0.0624945
1983-04-15,0.0629904
1983-04-17,62.9904
1983-04-19,0.0640968
1983-04-20,0.0640085
1983-04-21,0.0637742
1983-04-22,0.0639377
1983-04-24,63.9377
1983-04-25,0.0645861
1983-04-26,0.0652438
1983-04-27,0.0653179
1983-04-28,0.0653438
1983-04-29,0.0655503
1983-05-01,65.5503
1983-05-02,65.5503
1983-05-03,0.0667338
1983-05-04,0.0671931
1983-05-05,0.0668692
1983-05-06,0.0668798
1983-05-08,66.8798
1983-05-09,0.0676139
1983-05-10,0.0673945
1983-05-11,0.0675271
1983-05-12,0.0674576
1983-05-13,0.0675862
1983-05-15,67.5862
1983-05-16,0.0677366
1983-05-17,0.0675929
1983-05-19,0.0678235
1983-05-20,0.0681368
1983-05-22,68.1368
1983-05-23,0.0679898
1983-05-24,0.068702
1983-05-25,0.069391
1983-05-26,0.0702463
1983-05-27,0.0707924
1983-05-29,70.7924
1983-05-30,70.7924
1983-05-31,0.0718867
1983-06-01,0.0712343
1983-06-02,0.0711488
1983-06-03,0.070693
1983-06-05,70.693
1983-06-06,0.071439
1983-06-07,0.0707942
1983-06-08,0.0709808
1983-06-09,0.0714521
1983-06-10,0.0715831
1983-06-12,71.5831
1983-06-13,0.0713752
1983-06-14,0.0708145
1983-06-15,0.0696305
1983-06-16,0.0702647
1983-06-17,0.0705274
1983-06-19,70.5274
1983-06-20,0.0710486
1983-06-21,0.0711392
1983-06-22,0.0713207
1983-06-23,0.0715442
1983-06-24,0.0721572
1983-06-26,72.1572
1983-06-27,0.0725917
1983-06-28,0.0720121
1983-06-29,0.0726195
1983-06-30,0.0726679
1983-07-01,0.0727646
1983-07-03,72.7646
1983-07-04,0.0728081
1983-07-05,0.073311
1983-07-06,0.0736607
1983-07-07,0.0746696
1983-07-08,0.0745024
1983-07-10,74.5024
1983-07-11,0.0746897
1983-07-12,0.0751077
1983-07-13,0.0752827
1983-07-14,0.0757149
1983-07-15,0.0752885
1983-07-17,75.2885
1983-07-18,0.0759604
1983-07-20,0.0760293
1983-07-21,0.0766309
1983-07-22,0.0767082
1983-07-24,76.7082
1983-07-25,0.0762957
1983-07-26,0.0766565
1983-07-27,0.0774034
1983-07-28,0.0773017
1983-07-29,0.0773283
1983-07-31,77.3283
1983-08-01,0.0776742
1983-08-02,0.0779998
1983-08-03,0.0781786
1983-08-04,0.0775472
1983-08-05,0.0774621
1983-08-07,77.4621
1983-08-08,0.0782844
1983-08-09,0.0792849
1983-08-10,0.0845589
1983-08-11,0.0842677
1983-08-12,0.0848965
1983-08-14,84.8965
1983-08-15,0.0854068
1983-08-16,0.0863788
1983-08-17,0.0864028
1983-08-18,0.0876597
1983-08-19,0.0874686
1983-08-21,87.4686
1983-08-22,0.0883102
1983-08-23,0.0885575
1983-08-24,0.088335
1983-08-25,0.0872624
1983-08-26,0.0870265
1983-08-28,87.0265
1983-08-29,87.0265
1983-08-30,0.0879011
1983-08-31,0.087787
1983-09-01,0.0884396
1983-09-02,0.0882789
1983-09-04,88.2789
1983-09-05,0.0890527
1983-09-06,0.0897146
1983-09-07,0.089762
1983-09-11,89.762
1983-09-12,0.0907078
1983-09-13,0.091048
1983-09-14,0.0910564
1983-09-15,0.0911465
1983-09-16,0.0918419
1983-09-18,91.8419
1983-09-19,0.0923418
1983-09-20,0.0936377
1983-09-21,0.0936454
1983-09-23,0.0933158
1983-09-25,93.3158
1983-09-26,0.0943982
1983-09-27,0.0948244
1983-09-28,0.0953902
1983-09-30,0.0952442
1983-10-02,95.2442
1983-10-03,0.0956827
1983-10-04,0.0952228
1983-10-05,0.0965513
1983-10-06,0.0971447
1983-10-07,0.0984465
1983-10-09,98.4465
1983-10-10,0.1050129
1983-10-11,0.1220228
1983-10-12,0.1209732
1983-10-13,0.1217378
1983-10-14,0.121528
1983-10-16,121.528
1983-10-17,0.1223767
1983-10-18,0.1227287
1983-10-19,0.1228478
1983-10-20,0.1222703
1983-10-21,0.1224002
1983-10-23,122.4002
1983-10-24,0.1228607
1983-10-26,0.1234091
1983-10-27,0.1236595
1983-10-28,0.1239921
1983-10-30,123.9921
1983-10-31,0.1251077
1983-11-01,0.125947
1983-11-02,0.1256378
1983-11-03,0.1271516
1983-11-04,0.1278359
1983-11-06,127.8359
1983-11-07,0.1284552
1983-11-08,0.1287435
1983-11-09,0.1294547
1983-11-10,0.1301284
1983-11-11,0.1303474
1983-11-13,130.3474
1983-11-14,0.1310219
1983-11-15,0.1314382
1983-11-16,0.1330449
1983-11-17,0.1328778
1983-11-18,0.1338931
1983-11-20,133.8931
1983-11-21,0.1337848
1983-11-22,0.1338863
1983-11-23,0.1354223
1983-11-24,0.1355751
1983-11-25,0.136249
1983-11-27,136.249
1983-11-28,0.1375981
1983-11-29,0.1381163
1983-11-30,0.1397775
1983-12-01,0.1407098
1983-12-02,0.1406643
1983-12-04,140.6643
1983-12-05,0.1415085
1983-12-06,0.1411962
1983-12-07,0.1418176
1983-12-08,0.1415651
1983-12-09,0.1412205
1983-12-11,141.2205
1983-12-12,0.1427949
1983-12-13,0.1426501
1983-12-14,0.1422167
1983-12-15,0.1424305
1983-12-16,0.1431283
1983-12-18,143.1283
1983-12-19,0.1445417
1983-12-20,0.1447691
1983-12-21,0.1458743
1983-12-22,0.1480149
1983-12-23,0.1497735
1983-12-25,149.7735
1983-12-27,149.7735
1983-12-28,0.1536243
1983-12-29,0.1548438
1983-12-30,0.1561587
1984-01-02,156.1587
1984-01-03,0.157434
1984-01-04,0.1568247
1984-01-05,0.1566944
1984-01-06,0.1567691
1984-01-08,156.7691
1984-01-09,0.1572189
1984-01-10,0.1580649
1984-01-11,0.15947
1984-01-12,0.15984
1984-01-13,0.16019
1984-01-15,160.19
1984-01-16,0.16274
1984-01-17,0.16569
1984-01-18,0.16458
1984-01-19,0.1661
1984-01-20,0.16692
1984-01-22,166.92
1984-01-23,0.16723
1984-01-24,0.16786
1984-01-25,0.16953
1984-01-26,0.17178
1984-01-27,0.1726
1984-01-29,172.6
1984-01-30,0.17394
1984-01-31,0.17395
1984-02-01,0.17444
1984-02-02,0.17627
1984-02-03,0.17695
1984-02-05,176.95
1984-02-06,0.17877
1984-02-07,0.1787
1984-02-08,0.17915
1984-02-09,0.18046
1984-02-10,0.18061
1984-02-12,180.61
1984-02-13,0.1826
1984-02-14,0.18304
1984-02-15,0.18486
1984-02-16,0.18691
1984-02-17,0.18855
1984-02-19,188.55
1984-02-20,0.18885
1984-02-21,0.19093
1984-02-22,0.19229
1984-02-23,0.19382
1984-02-24,0.19637
1984-02-26,196.37
1984-02-27,0.19817
1984-02-28,0.2032
1984-02-29,0.20385
1984-03-01,0.20476
1984-03-02,0.20665
1984-03-04,206.65
1984-03-05,0.20928
1984-03-06,0.20911
1984-03-07,0.21045
1984-03-08,0.20921
1984-03-09,0.21007
1984-03-11,210.07
1984-03-12,0.20956
1984-03-13,0.21115
1984-03-14,0.21513
1984-03-15,0.21345
1984-03-16,0.21392
1984-03-20,0.2133
1984-03-21,0.21241
1984-03-22,0.21253
1984-03-23,0.21371
1984-03-25,213.71
1984-03-26,0.21702
1984-03-27,0.21931
1984-03-28,0.21892
1984-03-29,0.2219
1984-03-30,0.22108
1984-04-01,221.08
1984-04-02,0.22298
1984-04-03,0.22281
1984-04-04,0.225
1984-04-05,0.22741
1984-04-06,0.22811
1984-04-08,228.11
1984-04-09,0.23215
1984-04-10,0.23406
1984-04-11,0.23691
1984-04-12,0.23768
1984-04-13,0.23907
1984-04-15,239.07
1984-04-16,0.24173
1984-04-18,0.2432
1984-04-19,0.2437
1984-04-20,243.7
1984-04-22,243.7
1984-04-24,0.24947
1984-04-25,0.24963
1984-04-26,0.25125
1984-04-27,0.25212
1984-04-29,252.12
1984-04-30,0.25241
1984-05-01,0.25264
1984-05-02,0.25555
1984-05-03,0.25864
1984-05-04,0.26243
1984-05-06,262.43
1984-05-08,0.25905
1984-05-09,0.26031
1984-05-10,0.26137
1984-05-11,0.26169
1984-05-13,261.69
1984-05-14,0.2632
1984-05-15,0.26542
1984-05-16,0.26782
1984-05-17,0.26834
1984-05-18,0.26808
1984-05-20,268.08
1984-05-21,0.27041
1984-05-22,0.27133
1984-05-23,0.27226
1984-05-24,0.27006
1984-05-25,0.27241
1984-05-27,272.41
1984-05-28,272.41
1984-05-29,0.27661
1984-05-30,0.27871
1984-05-31,0.27894
1984-06-01,0.28227
1984-06-03,282.27
1984-06-04,0.28861
1984-06-05,0.28858
1984-06-07,0.28977
1984-06-08,0.29121
1984-06-10,291.21
1984-06-11,0.29358
1984-06-12,0.29237
1984-06-13,0.2939
1984-06-14,0.29421
1984-06-15,0.29486
1984-06-17,294.86
1984-06-18,0.29787
1984-06-19,0.29837
1984-06-20,0.29958
1984-06-21,0.29947
1984-06-22,0.30232
1984-06-24,302.32
1984-06-25,0.30823
1984-06-26,0.31153
1984-06-27,0.3145
1984-06-28,0.31476
1984-06-29,0.31926
1984-07-01,319.26
1984-07-02,0.3217
1984-07-03,0.32261
1984-07-04,0.32396
1984-07-05,0.32298
1984-07-06,0.32397
1984-07-08,323.97
1984-07-09,0.32581
1984-07-10,0.32743
1984-07-11,0.32662
1984-07-12,0.32941
1984-07-13,0.33398
1984-07-15,333.98
1984-07-16,0.33766
1984-07-17,0.34247
1984-07-18,0.34374
1984-07-19,0.34654
1984-07-20,0.35138
1984-07-22,351.38
1984-07-25,0.35725
1984-07-26,0.36446
1984-07-27,0.36449
1984-07-29,364.49
1984-07-30,0.36604
1984-07-31,0.36902
1984-08-01,0.37184
1984-08-02,0.37605
1984-08-03,0.38481
1984-08-05,384.81
1984-08-06,0.38637
1984-08-08,0.38265
1984-08-09,0.38654
1984-08-10,0.39362
1984-08-12,393.62
1984-08-13,0.39319
1984-08-14,0.3985
1984-08-15,0.40353
1984-08-16,0.40481
1984-08-17,0.40711
1984-08-19,407.11
1984-08-20,0.40864
1984-08-21,0.40912
1984-08-22,0.41228
1984-08-23,0.41555
1984-08-24,0.41633
1984-08-26,416.33
1984-08-27,416.33
1984-08-28,0.42036
1984-08-29,0.42267
1984-08-30,0.42544
1984-08-31,0.42933
1984-09-02,429.33
1984-09-03,0.43221
1984-09-04,0.43423
1984-09-05,0.43462
1984-09-06,0.43792
1984-09-07,0.44321
1984-09-09,443.21
1984-09-10,0.44695
1984-09-11,0.45114
1984-09-12,0.45325
1984-09-13,0.45439
1984-09-14,0.46263
1984-09-16,462.63
1984-09-17,0.49598
1984-09-18,0.48255
1984-09-19,0.4837
1984-09-20,0.48743
1984-09-21,0.48336
1984-09-23,483.36
1984-09-24,0.49633
1984-09-25,0.49766
1984-09-26,0.49238
1984-09-30,492.38
1984-10-01,0.50371
1984-10-02,0.51174
1984-10-03,0.52331
1984-10-04,0.5282
1984-10-05,0.53355
1984-10-07,533.55
1984-10-08,0.53762
1984-10-09,0.53579
1984-10-10,0.53355
1984-10-12,0.53723
1984-10-14,537.23
1984-10-15,0.54231
1984-10-16,0.54203
1984-10-17,0.55023
1984-10-19,0.5549
1984-10-21,554.9
1984-10-22,0.56325
1984-10-23,0.57846
1984-10-24,0.59258
1984-10-25,0.60123
1984-10-26,0.61158
1984-10-28,611.58
1984-10-29,0.60994
1984-10-30,0.61411
1984-10-31,0.62527
1984-11-01,0.63193
1984-11-02,0.6595
1984-11-04,659.5
1984-11-05,0.66454
1984-11-06,0.67293
1984-11-07,0.67614
1984-11-08,0.67784
1984-11-09,0.678
1984-11-11,678.0
1984-11-12,0.67937
1984-11-13,0.68969
1984-11-14,0.68707
1984-11-15,0.68948
1984-11-16,0.6938
1984-11-18,693.8
1984-11-19,0.69282
1984-11-20,0.6923
1984-11-21,0.69198
1984-11-22,0.69367
1984-11-23,0.69389
1984-11-25,693.89
1984-11-26,0.6885
1984-11-27,0.68984
1984-11-28,0.69249
1984-11-29,0.69764
1984-11-30,0.70335
1984-12-02,703.35
1984-12-03,0.70131
1984-12-04,0.70895
1984-12-05,0.71577
1984-12-06,0.71484
1984-12-07,0.71826
1984-12-09,718.26
1984-12-10,0.72018
1984-12-11,0.72252
1984-12-12,0.72111
1984-12-13,0.72405
1984-12-14,0.72149
1984-12-16,721.49
1984-12-17,0.72587
1984-12-18,0.72017
1984-12-19,0.72024
1984-12-20,0.71442
1984-12-21,0.71962
1984-12-23,719.62
1984-12-24,0.72482
1984-12-26,728.43
1984-12-27,0.73409
1984-12-28,0.73503
1984-12-30,735.03
1984-12-31,0.74218
1985-01-02,0.73126
1985-01-03,0.73867
1985-01-04,0.74651
1985-01-06,746.51
1985-01-07,0.74697
1985-01-08,0.75699
1985-01-09,0.75191
1985-01-10,0.75514
1985-01-11,0.74962
1985-01-13,749.62
1985-01-14,0.74729
1985-01-15,0.74135
1985-01-16,0.74222
1985-01-17,0.74284
1985-01-18,0.74808
1985-01-20,748.08
1985-01-21,0.75168
1985-01-22,0.75344
1985-01-23,0.74964
1985-01-24,0.74943
1985-01-25,0.7537
1985-01-27,753.7
1985-01-28,0.75273
1985-01-29,0.756
1985-01-30,0.75876
1985-01-31,0.76618
1985-02-01,0.77439
1985-02-03,774.39
1985-02-04,0.77756
1985-02-05,0.77323
1985-02-06,0.77068
1985-02-07,0.77348
1985-02-08,0.78173
1985-02-10,781.73
1985-02-11,0.77673
1985-02-12,0.77217
1985-02-13,0.77478
1985-02-14,0.77892
1985-02-15,0.78615
1985-02-17,786.15
1985-02-18,0.79064
1985-02-19,0.79221
1985-02-20,0.79655
1985-02-21,0.79833
1985-02-22,0.80409
1985-02-24,804.09
1985-02-25,0.80592
1985-02-26,0.7991
1985-02-27,0.82467
1985-02-28,0.83656
1985-03-01,0.82436
1985-03-03,824.36
1985-03-04,0.83369
1985-03-05,0.83119
1985-03-06,0.83143
1985-03-08,0.8438
1985-03-10,843.8
1985-03-11,0.86175
1985-03-12,0.87758
1985-03-13,0.87587
1985-03-14,0.87429
1985-03-15,0.87943
1985-03-17,879.43
1985-03-18,0.89267
1985-03-19,0.92808
1985-03-20,0.95206
1985-03-21,0.9465
1985-03-22,0.98266
1985-03-24,982.66
1985-03-25,0.98145
1985-03-26,0.99247
1985-03-27,1.0188
1985-03-28,1.056
1985-03-29,1.0671
1985-03-31,1067.1
1985-04-01,1.0654
1985-04-02,1.0534
1985-04-03,1.0708
1985-04-04,1.0634
1985-04-05,1063.4
1985-04-07,1063.4
1985-04-08,1072.12
1985-04-09,1.0884
1985-04-10,1.0907
1985-04-11,1.1217
1985-04-14,1121.7
1985-04-15,1.1566
1985-04-16,1.1736
1985-04-17,1.1825
1985-04-18,1.1734
1985-04-19,1.2016
1985-04-21,1201.6
1985-04-22,1.197
1985-04-23,1.1915
1985-04-24,1.174
1985-04-26,1.1319
1985-04-28,1131.9
1985-04-29,1.1672
1985-04-30,1.1808
1985-05-01,1.1659
1985-05-02,1.1581
1985-05-03,1.1588
1985-05-05,1158.8
1985-05-06,1158.8
1985-05-07,1.1525
1985-05-08,1.1598
1985-05-09,1.1757
1985-05-10,1.1877
1985-05-12,1187.7
1985-05-13,1.2097
1985-05-14,1.2388
1985-05-15,1.2403
1985-05-16,1.2517
1985-05-17,1.2662
1985-05-19,1266.2
1985-05-20,1.3014
1985-05-21,1.2941
1985-05-22,1.2816
1985-05-23,1.2697
1985-05-24,1.2891
1985-05-27,1289.1
1985-05-28,1.3034
1985-05-29,1.3122
1985-05-30,1.3404
1985-05-31,1.3425
1985-06-02,1342.5
1985-06-03,1.3739
1985-06-04,1.3737
1985-06-05,1.3648
1985-06-06,1.3647
1985-06-07,1.389
1985-06-09,1389.0
1985-06-10,1.3839
1985-06-11,1.3933
1985-06-12,1.4084
1985-06-13,1.4176
1985-06-14,1.4294
1985-06-16,1429.4
1985-06-17,1.447
1985-06-18,1.4684
1985-06-19,1.509
1985-06-20,1.4993
1985-06-21,1.4936
1985-06-23,1493.6
1985-06-24,1.5151
1985-06-25,1.5284
1985-06-26,1.5545
1985-06-27,1.5959
1985-06-28,1.6361
1985-06-30,1636.1
1985-07-01,1.9739
1985-07-03,1.9598
1985-07-04,1.9714
1985-07-05,1.9704
1985-07-07,1970.4
1985-07-08,1.9898
1985-07-09,2.018
1985-07-10,2.0612
1985-07-11,2.0564
1985-07-12,2.061
1985-07-14,2061.0
1985-07-15,2.0646
1985-07-16,2.062
1985-07-17,2.0962
1985-07-18,2.0843
1985-07-19,2.0722
1985-07-21,2072.2
1985-07-22,2.0595
1985-07-23,2.08
1985-07-24,2.0684
1985-07-25,2.0783
1985-07-26,2.0757
1985-07-29,2.1182
1985-07-30,2.1096
1985-07-31,2.1055
1985-08-01,2.0711
1985-08-02,2.033
1985-08-04,2033.0
1985-08-05,2.0173
1985-08-06,2.0101
1985-08-07,1.9658
1985-08-08,2.0151
1985-08-09,2.0024
1985-08-11,2002.4
1985-08-12,2.0451
1985-08-13,2.0763
1985-08-14,2.0505
1985-08-15,2.0715
1985-08-16,2.0778
1985-08-18,2077.8
1985-08-19,2.0727
1985-08-20,2.0672
1985-08-21,2.0718
1985-08-22,2.0794
1985-08-23,2.0806
1985-08-25,2080.6
1985-08-26,2080.6
1985-08-27,2.079
1985-08-28,2.0951
1985-08-29,2.0897
1985-08-30,2.099
1985-09-01,2099.0
1985-09-02,2.0825
1985-09-03,2.0682
1985-09-04,2.0717
1985-09-05,2.063
1985-09-06,2.0123
1985-09-08,2.0123
1985-09-09,1.9508
1985-09-10,1.9425
1985-09-11,1.9591
1985-09-12,1.9383
1985-09-13,1.9815
1985-09-15,1.9815
1985-09-18,1.9865
1985-09-19,1.9914
1985-09-20,1.9987
1985-09-22,1.9987
1985-09-23,2.1154
1985-09-24,2.1246
1985-09-26,2.1347
1985-09-27,2.1027
1985-09-29,2.1027
1985-10-01,2.0959
1985-10-02,2.1024
1985-10-03,2.0908
1985-10-04,2.1118
1985-10-06,2.1118
1985-10-08,2.1033
1985-10-09,2.0913
1985-10-10,2.0859
1985-10-11,2.0804
1985-10-13,2.0804
1985-10-14,2.08
1985-10-15,2.0769
1985-10-16,2.0775
1985-10-17,2.0995
1985-10-18,2.105
1985-10-20,2.105
1985-10-21,2.1138
1985-10-22,2.1164
1985-10-23,2.1112
1985-10-24,2.1095
1985-10-25,2.1165
1985-10-27,2.1165
1985-10-28,2.1204
1985-10-29,2.1312
1985-10-30,2.1361
1985-10-31,2.1474
1985-11-01,2.1348
1985-11-03,2.1348
1985-11-04,2.1375
1985-11-05,2.1262
1985-11-06,2.1337
1985-11-07,2.1224
1985-11-08,2.0914
1985-11-10,2.0914
1985-11-11,2.0941
1985-11-12,2.0847
1985-11-13,2.0979
1985-11-14,2.1038
1985-11-15,2.1038
1985-11-17,2.1038
1985-11-18,2.1035
1985-11-19,2.1036
1985-11-20,2.1122
1985-11-21,2.1248
1985-11-22,2.1383
1985-11-24,2.1383
1985-11-25,2.1675
1985-11-26,2.1584
1985-11-27,2.1716
1985-11-28,2.1725
1985-11-29,2.1977
1985-12-01,2.1977
1985-12-02,2.2211
1985-12-03,2.2013
1985-12-04,2.2118
1985-12-05,2.1929
1985-12-06,2.1886
1985-12-08,2.1886
1985-12-09,2.1768
1985-12-10,2.1411
1985-12-11,2.1213
1985-12-12,2.1418
1985-12-13,2.144
1985-12-15,2.144
1985-12-16,2.133
1985-12-17,2.1467
1985-12-18,2.1294
1985-12-19,2.107
1985-12-20,2.1056
1985-12-22,2.1056
1985-12-23,2.1238
1985-12-24,2.113
1985-12-26,2.113
1985-12-27,2.1368
1985-12-29,2.1368
1985-12-30,2.1477
1985-12-31,2.1615
1986-01-03,2.1588
1986-01-05,2.1588
1986-01-06,2.1497
1986-01-07,2.1534
1986-01-08,2.1496
1986-01-09,2.1508
1986-01-10,2.1813
1986-01-12,2.1813
1986-01-13,2.1567
1986-01-14,2.1424
1986-01-15,2.1376
1986-01-16,2.1413
1986-01-17,2.1341
1986-01-19,2.1341
1986-01-20,2.1189
1986-01-21,2.108
1986-01-22,2.09
1986-01-23,2.0724
1986-01-24,2.0767
1986-01-26,2.0767
1986-01-27,2.0601
1986-01-28,2.0936
1986-01-29,2.0882
1986-01-30,2.0812
1986-01-31,2.0969
1986-02-02,2.0969
1986-02-03,2.0738
1986-02-04,2.0395
1986-02-05,2.0608
1986-02-06,2.0642
1986-02-07,2.0768
1986-02-09,2.0768
1986-02-10,2.0968
1986-02-11,2.091
1986-02-12,2.1
1986-02-13,2.1039
1986-02-14,2.0976
1986-02-16,2.0976
1986-02-17,2.0982
1986-02-18,2.1154
1986-02-19,2.1399
1986-02-20,2.1531
1986-02-21,2.1244
1986-02-23,2.1244
1986-02-24,2.1721
1986-02-25,2.2069
1986-02-26,2.1881
1986-02-27,2.1981
1986-02-28,2.1645
1986-03-02,2.1645
1986-03-03,2.1181
1986-03-04,2.1482
1986-03-05,2.1698
1986-03-06,2.1501
1986-03-07,2.1458
1986-03-09,2.1458
1986-03-10,2.1475
1986-03-11,2.1417
1986-03-12,2.1845
1986-03-13,2.1589
1986-03-14,2.1823
1986-03-16,2.1823
1986-03-17,2.178
1986-03-18,2.1865
1986-03-19,2.2039
1986-03-20,2.2208
1986-03-21,2.232
1986-03-23,2.232
1986-03-24,2.2249
1986-03-26,2.1849
1986-03-27,2.2162
1986-03-28,2.2208
1986-03-30,2.2208
1986-03-31,2.2208
1986-04-01,2.1829
1986-04-02,2.1891
1986-04-03,2.18
1986-04-04,2.1724
1986-04-06,2.1724
1986-04-07,2.1779
1986-04-08,2.1897
1986-04-09,2.1636
1986-04-10,2.164
1986-04-11,2.1891
1986-04-13,2.1891
1986-04-14,2.1889
1986-04-15,2.1842
1986-04-16,2.2198
1986-04-17,2.2321
1986-04-18,2.2447
1986-04-20,2.2447
1986-04-21,2.2309
1986-04-22,2.2445
1986-04-23,2.2401
1986-04-25,2.2758
1986-04-27,2.2758
1986-04-28,2.2927
1986-04-29,2.2871
1986-05-01,2.2698
1986-05-02,2.2439
1986-05-04,2.2439
1986-05-05,2.2419
1986-05-06,2.2619
1986-05-07,2.2647
1986-05-08,2.2848
1986-05-09,2.2673
1986-05-11,2.2673
1986-05-12,2.2814
1986-05-13,2.2764
1986-05-15,2.2812
1986-05-16,2.2492
1986-05-18,2.2492
1986-05-19,2.2484
1986-05-20,2.2716
1986-05-21,2.2384
1986-05-22,2.2232
1986-05-23,2.2089
1986-05-25,2.2089
1986-05-26,2.2089
1986-05-27,2.2193
1986-05-28,2.225
1986-05-29,2.233
1986-05-30,2.2048
1986-06-01,2.2048
1986-06-02,2.2025
1986-06-03,2.2211
1986-06-04,2.2198
1986-06-05,2.2246
1986-06-06,2.2522
1986-06-08,2.2522
1986-06-09,2.2337
1986-06-10,2.2537
1986-06-11,2.2934
1986-06-12,2.288
1986-06-15,2.288
1986-06-16,2.2806
1986-06-17,2.2561
1986-06-18,2.253
1986-06-19,2.2512
1986-06-20,2.2407
1986-06-22,2.2407
1986-06-23,2.231
1986-06-24,2.2554
1986-06-25,2.2669
1986-06-26,2.2566
1986-06-27,2.2729
1986-06-29,2.2729
1986-06-30,2.2921
1986-07-01,2.3016
1986-07-02,2.298
1986-07-03,2.3126
1986-07-04,2.3171
1986-07-06,2.3171
1986-07-07,2.3058
1986-07-08,2.292
1986-07-09,2.2976
1986-07-10,2.274
1986-07-11,2.2691
1986-07-13,2.2691
1986-07-14,2.2305
1986-07-15,2.2298
1986-07-16,2.2495
1986-07-17,2.255
1986-07-18,2.2486
1986-07-20,2.2486
1986-07-21,2.2349
1986-07-22,2.2326
1986-07-23,2.2311
1986-07-24,2.2282
1986-07-25,2.2227
1986-07-27,2.2227
1986-07-28,2.2053
1986-07-29,2.2155
1986-07-30,2.229
1986-07-31,2.2308
1986-08-01,2.2273
1986-08-03,2.2273
1986-08-04,2.213
1986-08-05,2.2238
1986-08-06,2.2116
1986-08-07,2.2
1986-08-08,2.1992
1986-08-10,2.1992
1986-08-11,2.1948
1986-08-12,2.2121
1986-08-13,2.2091
1986-08-15,2.2344
1986-08-17,2.2344
1986-08-18,2.222
1986-08-19,2.227
1986-08-20,2.2408
1986-08-21,2.2314
1986-08-22,2.2317
1986-08-24,2.2317
1986-08-25,2.2131
1986-08-26,2.1991
1986-08-27,2.206
1986-08-28,2.2045
1986-08-29,2.1976
1986-08-31,2.1976
1986-09-01,2.2122
1986-09-02,2.2255
1986-09-03,2.2214
1986-09-04,2.2324
1986-09-05,2.2336
1986-09-07,2.2336
1986-09-08,2.2213
1986-09-09,2.2132
1986-09-10,2.2004
1986-09-11,2.2025
1986-09-12,2.1828
1986-09-14,2.1828
1986-09-15,2.2088
1986-09-16,2.1963
1986-09-17,2.1938
1986-09-18,2.1867
1986-09-19,2.1928
1986-09-21,2.1928
1986-09-22,2.1704
1986-09-23,2.1489
1986-09-24,2.1557
1986-09-25,2.1499
1986-09-26,2.1303
1986-09-28,2.1303
1986-09-29,2.1417
1986-09-30,2.1567
1986-10-01,2.146
1986-10-02,2.1313
1986-10-03,2.1409
1986-10-06,2.1396
1986-10-07,2.1418
1986-10-08,2.1165
1986-10-09,2.1209
1986-10-10,2.118
1986-10-14,2.1193
1986-10-15,2.1267
1986-10-16,2.1306
1986-10-17,2.1188
1986-10-19,2.1188
1986-10-20,2.1152
1986-10-21,2.1215
1986-10-22,2.124
1986-10-23,2.1251
1986-10-24,2.1098
1986-10-26,2.1098
1986-10-27,2.0962
1986-10-28,2.112
1986-10-29,2.1076
1986-10-30,2.0989
1986-10-31,2.0973
1986-11-02,2.0973
1986-11-03,2.1144
1986-11-04,2.1141
1986-11-05,2.1322
1986-11-06,2.1339
1986-11-07,2.1375
1986-11-09,2.1375
1986-11-10,2.1535
1986-11-11,2.1465
1986-11-12,2.1348
1986-11-13,2.117
1986-11-14,2.1279
1986-11-16,2.1279
1986-11-17,2.1341
1986-11-18,2.1208
1986-11-19,2.1136
1986-11-20,2.115
1986-11-21,2.1116
1986-11-23,2.1116
1986-11-24,2.1185
1986-11-25,2.1139
1986-11-26,2.1289
1986-11-27,2.1264
1986-11-28,2.1437
1986-11-30,2.1437
1986-12-01,2.1285
1986-12-02,2.1204
1986-12-03,2.1236
1986-12-04,2.1236
1986-12-05,2.1258
1986-12-07,2.1258
1986-12-08,2.113
1986-12-09,2.1249
1986-12-10,2.1269
1986-12-11,2.1257
1986-12-12,2.1338
1986-12-14,2.1338
1986-12-15,2.1345
1986-12-16,2.1362
1986-12-17,2.1379
1986-12-18,2.1265
1986-12-19,2.1387
1986-12-21,2.1387
1986-12-22,2.1453
1986-12-23,2.1454
1986-12-24,2.1601
1986-12-26,2.163
1986-12-28,2.163
1986-12-29,2.1644
1986-12-30,2.1773
1986-12-31,2.195
1987-01-02,2.2039
1987-01-04,2.2039
1987-01-05,2.1873
1987-01-06,2.1827
1987-01-07,2.1753
1987-01-08,2.182
1987-01-09,2.1881
1987-01-11,2.1881
1987-01-12,2.215
1987-01-13,2.443
1987-01-14,2.4374
1987-01-15,2.4408
1987-01-16,2.4461
1987-01-18,2.4461
1987-01-19,2.4747
1987-01-20,2.4635
1987-01-21,2.4646
1987-01-22,2.4783
1987-01-23,2.4562
1987-01-25,2.4562
1987-01-26,2.4766
1987-01-27,2.4682
1987-01-28,2.4772
1987-01-29,2.4735
1987-01-30,2.473
1987-02-01,2.473
1987-02-02,2.4497
1987-02-03,2.4546
1987-02-04,2.451
1987-02-05,2.4503
1987-02-06,2.4476
1987-02-08,2.4476
1987-02-09,2.4415
1987-02-10,2.4521
1987-02-11,2.4547
1987-02-12,2.4448
1987-02-13,2.4454
1987-02-15,2.4454
1987-02-16,2.4575
1987-02-17,2.4595
1987-02-18,2.4685
1987-02-19,2.4621
1987-02-20,2.4681
1987-02-22,2.4681
1987-02-23,2.4784
1987-02-24,2.491
1987-02-25,2.4899
1987-02-26,2.4861
1987-02-27,2.4969
1987-03-01,2.4969
1987-03-02,2.5165
1987-03-03,2.5225
1987-03-04,2.532
1987-03-05,2.5362
1987-03-06,2.5542
1987-03-08,2.5542
1987-03-09,2.5746
1987-03-10,2.5685
1987-03-11,2.5873
1987-03-12,2.5832
1987-03-13,2.5621
1987-03-16,2.5651
1987-03-17,2.58
1987-03-18,2.5939
1987-03-19,2.5909
1987-03-20,2.5883
1987-03-22,2.5883
1987-03-23,2.601
1987-03-24,2.6113
1987-03-25,2.5979
1987-03-26,2.5754
1987-03-27,2.589
1987-03-29,2.589
1987-03-30,2.5991
1987-03-31,2.5792
1987-04-01,2.5747
1987-04-02,2.5615
1987-04-03,2.5827
1987-04-05,2.5827
1987-04-06,2.6015
1987-04-07,2.5968
1987-04-08,2.5968
1987-04-09,2.5995
1987-04-10,2.6001
1987-04-12,2.6001
1987-04-13,2.6055
1987-04-15,2.6034
1987-04-16,2.6076
1987-04-17,2.6122
1987-04-19,2.6122
1987-04-21,2.6174
1987-04-22,2.6017
1987-04-23,2.6088
1987-04-24,2.6267
1987-04-26,2.6267
1987-04-27,2.6407
1987-04-28,2.6425
1987-04-29,2.6293
1987-04-30,2.6476
1987-05-01,2.648
1987-05-03,2.648
1987-05-05,2.6719
1987-05-06,2.6757
1987-05-07,2.6629
1987-05-08,2.6647
1987-05-10,2.6647
1987-05-11,2.6547
1987-05-12,2.6418
1987-05-13,2.6505
1987-05-14,2.6519
1987-05-15,2.6601
1987-05-17,2.6601
1987-05-18,2.6684
1987-05-19,2.6571
1987-05-20,2.667
1987-05-21,2.6587
1987-05-22,2.6615
1987-05-24,2.6615
1987-05-25,2.6463
1987-05-26,2.629
1987-05-27,2.5776
1987-05-28,2.6009
1987-05-29,2.6026
1987-05-31,2.6026
1987-06-01,2.5982
1987-06-02,2.6133
1987-06-04,2.6014
1987-06-05,2.6123
1987-06-07,2.6123
1987-06-08,2.6145
1987-06-09,2.6295
1987-06-10,2.6514
1987-06-11,2.6453
1987-06-12,2.6506
1987-06-14,2.6506
1987-06-15,2.63
1987-06-16,2.6186
1987-06-17,2.616
1987-06-18,2.6201
1987-06-19,2.6145
1987-06-21,2.6145
1987-06-22,2.5863
1987-06-23,2.5641
1987-06-24,2.5901
1987-06-25,2.5873
1987-06-26,2.5913
1987-06-28,2.5913
1987-06-29,2.5702
1987-06-30,2.5861
1987-07-01,2.6095
1987-07-02,2.6006
1987-07-03,2.5967
1987-07-05,2.5967
1987-07-06,2.5952
1987-07-07,2.6063
1987-07-08,2.6028
1987-07-09,2.6035
1987-07-10,2.5881
1987-07-12,2.5881
1987-07-13,2.5985
1987-07-14,2.5984
1987-07-15,2.6028
1987-07-16,2.621
1987-07-17,2.6112
1987-07-19,2.6112
1987-07-20,2.5944
1987-07-21,2.5925
1987-07-22,2.5921
1987-07-23,2.5867
1987-07-24,2.5879
1987-07-26,2.5879
1987-07-27,2.5876
1987-07-28,2.5856
1987-07-29,2.5856
1987-07-30,2.5808
1987-07-31,2.574
1987-08-02,2.574
1987-08-03,2.5708
1987-08-05,2.553
1987-08-06,2.5445
1987-08-07,2.5464
1987-08-09,2.5464
1987-08-10,2.5394
1987-08-11,2.5497
1987-08-12,2.5511
1987-08-13,2.5721
1987-08-14,2.5655
1987-08-16,2.5655
1987-08-17,2.5793
1987-08-18,2.5855
1987-08-19,2.5998
1987-08-20,2.6024
1987-08-21,2.6071
1987-08-23,2.6071
1987-08-24,2.616
1987-08-25,2.6063
1987-08-26,2.5886
1987-08-27,2.5964
1987-08-28,2.605
1987-08-30,2.605
1987-08-31,2.6073
1987-09-01,2.6196
1987-09-02,2.625
1987-09-03,2.6311
1987-09-04,2.6414
1987-09-06,2.6414
1987-09-07,2.6387
1987-09-08,2.6426
1987-09-09,2.6369
1987-09-10,2.6226
1987-09-11,2.6266
1987-09-13,2.6266
1987-09-14,2.6229
1987-09-15,2.6238
1987-09-16,2.6276
1987-09-17,2.6286
1987-09-18,2.6381
1987-09-20,2.6381
1987-09-21,2.6384
1987-09-22,2.6294
1987-09-23,2.6254
1987-09-27,2.6254
1987-09-28,2.6319
1987-09-29,2.6113
1987-09-30,2.6283
1987-10-01,2.6083
1987-10-04,2.6083
1987-10-05,2.6135
1987-10-06,2.6266
1987-10-07,2.6342
1987-10-09,2.6389
1987-10-11,2.6389
1987-10-12,2.6398
1987-10-13,2.638
1987-10-14,2.6367
1987-10-16,2.6546
1987-10-18,2.6546
1987-10-19,2.6752
1987-10-20,2.6587
1987-10-21,2.6395
1987-10-22,2.6407
1987-10-23,2.6425
1987-10-25,2.6425
1987-10-26,2.6775
1987-10-27,2.6777
1987-10-28,2.7019
1987-10-29,2.7139
1987-10-30,2.698
1987-11-01,2.698
1987-11-02,2.7128
1987-11-03,2.7267
1987-11-04,2.7377
1987-11-05,2.7591
1987-11-06,2.7803
1987-11-08,2.7803
1987-11-09,2.7815
1987-11-10,2.7974
1987-11-11,2.7908
1987-11-12,2.7752
1987-11-13,2.7766
1987-11-15,2.7766
1987-11-16,2.7496
1987-11-17,2.77
1987-11-18,2.776
1987-11-19,2.8088
1987-11-20,2.8133
1987-11-22,2.8133
1987-11-23,2.8175
1987-11-24,2.8009
1987-11-25,2.813
1987-11-26,2.8117
1987-11-27,2.8224
1987-11-29,2.8224
1987-11-30,2.8467
1987-12-01,2.8278
1987-12-02,2.8235
1987-12-03,2.8371
1987-12-04,2.8304
1987-12-06,2.8304
1987-12-07,2.8165
1987-12-08,2.8159
1987-12-09,2.8258
1987-12-10,2.8256
1987-12-11,2.854
1987-12-13,2.854
1987-12-14,2.8618
1987-12-15,2.8472
1987-12-16,2.8351
1987-12-17,2.8512
1987-12-18,2.8427
1987-12-20,2.8427
1987-12-21,2.8437
1987-12-22,2.841
1987-12-23,2.8354
1987-12-24,2.8346
1987-12-27,2.8346
1987-12-28,2.8531
1987-12-29,2.8673
1987-12-30,2.8554
1987-12-31,2.8783
1988-01-03,2.8783
1988-01-04,2.8811
1988-01-05,2.8751
1988-01-06,2.8522
1988-01-07,2.842
1988-01-08,2.8227
1988-01-10,2.8227
1988-01-11,2.8521
1988-01-12,2.8412
1988-01-13,2.8543
1988-01-14,2.8426
1988-01-15,2.8465
1988-01-17,2.8465
1988-01-18,2.8005
1988-01-19,2.8035
1988-01-20,2.8143
1988-01-21,2.8204
1988-01-22,2.8143
1988-01-24,2.8143
1988-01-25,2.8027
1988-01-26,2.7929
1988-01-27,2.8032
1988-01-28,2.807
1988-01-29,2.8013
1988-01-31,2.8013
1988-02-01,2.7813
1988-02-02,2.7873
1988-02-03,2.7951
1988-02-04,2.7894
1988-02-05,2.7962
1988-02-07,2.7962
1988-02-08,2.78
1988-02-09,2.7726
1988-02-10,2.7884
1988-02-11,2.7853
1988-02-12,2.7831
1988-02-14,2.7831
1988-02-15,2.7688
1988-02-16,2.7694
1988-02-17,2.7741
1988-02-18,2.7804
1988-02-19,2.7818
1988-02-21,2.7818
1988-02-22,2.7871
1988-02-23,2.7985
1988-02-24,2.799
1988-02-25,2.7937
1988-02-26,2.8036
1988-02-28,2.8036
1988-02-29,2.8063
1988-03-01,2.8001
1988-03-02,2.806
1988-03-04,2.8009
1988-03-06,2.8009
1988-03-07,2.8432
1988-03-08,2.8747
1988-03-09,2.8851
1988-03-10,2.8943
1988-03-11,2.8955
1988-03-13,2.8955
1988-03-14,2.9101
1988-03-15,2.9037
1988-03-16,2.8999
1988-03-17,2.8957
1988-03-18,2.8928
1988-03-20,2.8928
1988-03-21,2.8896
1988-03-22,2.8818
1988-03-23,2.8925
1988-03-24,2.8996
1988-03-25,2.8932
1988-03-27,2.8932
1988-03-28,2.9038
1988-03-29,2.9182
1988-03-30,2.9144
1988-03-31,2.9308
1988-04-01,2.9471
1988-04-03,2.9471
1988-04-04,2.9479
1988-04-05,2.9452
1988-04-06,2.9419
1988-04-07,2.9315
1988-04-10,2.9315
1988-04-11,2.9315
1988-04-12,2.9082
1988-04-13,2.9067
1988-04-14,2.9005
1988-04-15,2.9403
1988-04-17,2.9403
1988-04-18,2.9587
1988-04-19,2.9567
1988-04-20,2.9599
1988-04-22,2.9598
1988-04-24,2.9598
1988-04-25,2.9471
1988-04-26,2.9409
1988-04-27,2.9388
1988-04-28,2.9356
1988-04-29,2.9307
1988-05-01,2.9307
1988-05-02,2.9401
1988-05-03,2.9315
1988-05-04,2.9292
1988-05-05,2.9243
1988-05-06,2.9313
1988-05-08,2.9313
1988-05-09,2.9365
1988-05-10,2.9477
1988-05-11,2.9514
1988-05-12,2.9434
1988-05-13,2.9547
1988-05-15,2.9547
1988-05-16,2.9611
1988-05-17,2.9588
1988-05-18,2.9284
1988-05-19,2.9339
1988-05-20,2.9337
1988-05-23,2.9404
1988-05-24,2.9417
1988-05-25,2.9321
1988-05-26,2.9337
1988-05-27,2.9294
1988-05-29,2.9294
1988-05-30,2.9222
1988-05-31,2.923
1988-06-01,2.8956
1988-06-02,2.8783
1988-06-03,2.8658
1988-06-05,2.8658
1988-06-06,2.8615
1988-06-07,2.864
1988-06-08,2.8831
1988-06-09,2.8715
1988-06-10,2.8878
1988-06-12,2.8878
1988-06-13,2.8891
1988-06-14,2.8766
1988-06-15,2.8485
1988-06-16,2.8555
1988-06-17,2.8435
1988-06-19,2.8435
1988-06-20,2.8548
1988-06-21,2.8522
1988-06-22,2.8398
1988-06-23,2.8285
1988-06-24,2.8117
1988-06-26,2.8117
1988-06-27,2.7802
1988-06-28,2.7883
1988-06-29,2.7715
1988-06-30,2.7769
1988-07-01,2.7634
1988-07-03,2.7634
1988-07-04,2.7496
1988-07-05,2.7681
1988-07-06,2.7845
1988-07-07,2.7829
1988-07-08,2.7751
1988-07-10,2.7751
1988-07-11,2.7659
1988-07-12,2.7556
1988-07-13,2.7631
1988-07-14,2.7588
1988-07-15,2.7572
1988-07-17,2.7572
1988-07-18,2.7368
1988-07-19,2.7632
1988-07-20,2.7899
1988-07-21,2.8036
1988-07-22,2.8166
1988-07-25,2.8203
1988-07-26,2.8075
1988-07-27,2.7971
1988-07-28,2.8284
1988-07-29,2.8123
1988-07-31,2.8123
1988-08-01,2.8033
1988-08-02,2.8048
1988-08-03,2.7897
1988-08-04,2.8044
1988-08-05,2.7975
1988-08-07,2.7975
1988-08-08,2.7852
1988-08-09,2.8026
1988-08-10,2.7844
1988-08-11,2.7984
1988-08-12,2.8119
1988-08-14,2.8119
1988-08-15,2.8064
1988-08-16,2.807
1988-08-17,2.7999
1988-08-18,2.791
1988-08-19,2.7955
1988-08-21,2.7955
1988-08-22,2.7751
1988-08-23,2.7717
1988-08-24,2.7638
1988-08-25,2.7735
1988-08-26,2.7758
1988-08-28,2.7758
1988-08-29,2.7644
1988-08-30,2.763
1988-08-31,2.7658
1988-09-01,2.7643
1988-09-02,2.7497
1988-09-04,2.7497
1988-09-05,2.7581
1988-09-06,2.783
1988-09-07,2.7859
1988-09-08,2.7729
1988-09-09,2.7772
1988-09-11,2.7772
1988-09-14,2.7673
1988-09-15,2.7522
1988-09-16,2.7553
1988-09-18,2.7553
1988-09-19,2.7582
1988-09-22,2.7483
1988-09-23,2.7422
1988-09-25,2.7422
1988-09-27,2.7473
1988-09-28,2.7657
1988-09-29,2.7706
1988-09-30,2.7722
1988-10-02,2.7722
1988-10-04,2.7781
1988-10-05,2.7732
1988-10-06,2.7769
1988-10-07,2.7757
1988-10-09,2.7757
1988-10-10,2.7903
1988-10-11,2.8011
1988-10-12,2.8083
1988-10-13,2.8192
1988-10-14,2.8235
1988-10-16,2.8235
1988-10-17,2.8327
1988-10-18,2.8242
1988-10-19,2.8267
1988-10-20,2.841
1988-10-21,2.8329
1988-10-23,2.8329
1988-10-24,2.8217
1988-10-25,2.8199
1988-10-26,2.8234
1988-10-27,2.8232
1988-10-28,2.8343
1988-10-30,2.8343
1988-10-31,2.8418
1988-11-02,2.8417
1988-11-03,2.8512
1988-11-04,2.8516
1988-11-06,2.8516
1988-11-07,2.8429
1988-11-08,2.854
1988-11-09,2.857
1988-11-10,2.8666
1988-11-11,2.8747
1988-11-13,2.8747
1988-11-14,2.8727
1988-11-15,2.8778
1988-11-16,2.8743
1988-11-17,2.8973
1988-11-18,2.8788
1988-11-20,2.8788
1988-11-21,2.8825
1988-11-22,2.8933
1988-11-23,2.8971
1988-11-24,2.9004
1988-11-25,2.8989
1988-11-27,2.8989
1988-11-28,2.9104
1988-11-29,2.9149
1988-11-30,2.9273
1988-12-01,2.9292
1988-12-02,2.9289
1988-12-04,2.9289
1988-12-05,2.9501
1988-12-06,2.9503
1988-12-07,2.9379
1988-12-08,2.9338
1988-12-09,2.9227
1988-12-11,2.9227
1988-12-12,2.9171
1988-12-13,2.905
1988-12-14,2.8927
1988-12-15,2.9057
1988-12-16,2.9054
1988-12-18,2.9054
1988-12-19,2.9073
1988-12-20,2.8957
1988-12-21,2.883
1988-12-22,2.8871
1988-12-23,2.885
1988-12-25,2.885
1988-12-27,3.0281
1988-12-28,3.0179
1988-12-29,3.015
1988-12-30,3.3014
1989-01-03,3.3014
1989-01-04,3.2811
1989-01-05,3.268
1989-01-06,3.257
1989-01-08,3.257
1989-01-09,3.2265
1989-01-10,3.2225
1989-01-11,3.2279
1989-01-12,3.2426
1989-01-13,3.2154
1989-01-15,3.2154
1989-01-16,3.2089
1989-01-17,3.2215
1989-01-18,3.214
1989-01-19,3.2037
1989-01-20,3.2126
1989-01-22,3.2126
1989-01-23,3.212
1989-01-24,3.22
1989-01-25,3.2112
1989-01-26,3.2127
1989-01-27,3.2081
1989-01-29,3.2081
1989-01-30,3.1956
1989-01-31,3.1963
1989-02-01,3.1734
1989-02-02,3.1724
1989-02-03,3.165
1989-02-05,3.165
1989-02-06,3.1448
1989-02-07,3.1445
1989-02-08,3.1564
1989-02-09,3.1692
1989-02-10,3.1901
1989-02-12,3.1901
1989-02-13,3.1715
1989-02-14,3.1772
1989-02-15,3.1862
1989-02-16,3.1735
1989-02-17,3.1841
1989-02-19,3.1841
1989-02-20,3.1718
1989-02-21,3.1599
1989-02-22,3.1333
1989-02-23,3.1406
1989-02-24,3.146
1989-02-26,3.146
1989-02-27,3.1299
1989-03-01,3.1096
1989-03-02,3.0918
1989-03-03,3.0952
1989-03-05,3.0952
1989-03-06,3.1062
1989-03-07,3.1078
1989-03-08,3.1057
1989-03-09,3.0978
1989-03-10,3.1138
1989-03-12,3.1138
1989-03-13,3.1043
1989-03-14,3.0955
1989-03-15,3.1188
1989-03-16,3.1149
1989-03-17,3.1063
1989-03-19,3.1063
1989-03-20,3.107
1989-03-22,3.1251
1989-03-23,3.1313
1989-03-24,3.1174
1989-03-26,3.1174
1989-03-27,3.1119
1989-03-28,3.0928
1989-03-29,3.0718
1989-03-30,3.0706
1989-03-31,3.073
1989-04-02,3.073
1989-04-03,3.0514
1989-04-04,3.0822
1989-04-05,3.0816
1989-04-06,3.086
1989-04-07,3.0836
1989-04-09,3.0836
1989-04-10,3.0824
1989-04-11,3.0942
1989-04-12,3.0758
1989-04-13,3.0776
1989-04-14,3.0761
1989-04-16,3.0761
1989-04-17,3.0957
1989-04-18,3.0924
1989-04-19,3.0962
1989-04-21,3.1108
1989-04-23,3.1108
1989-04-24,3.1008
1989-04-25,3.0967
1989-04-27,3.0871
1989-04-28,3.0799
1989-04-30,3.0799
1989-05-01,3.0789
1989-05-02,3.0911
1989-05-03,3.0978
1989-05-04,3.0903
1989-05-05,3.0845
1989-05-07,3.0845
1989-05-08,3.0836
1989-05-09,3.0763
1989-05-11,3.0781
1989-05-12,3.0835
1989-05-14,3.0835
1989-05-15,3.0639
1989-05-16,3.0646
1989-05-17,3.0616
1989-05-18,3.0407
1989-05-19,3.0494
1989-05-21,3.0494
1989-05-22,3.0012
1989-05-23,3.0069
1989-05-24,2.994
1989-05-25,3.0056
1989-05-26,3.0397
1989-05-28,3.0397
1989-05-29,3.0051
1989-05-30,3.0113
1989-05-31,3.0111
1989-06-01,3.0116
1989-06-02,3.0246
1989-06-04,3.0246
1989-06-05,3.026
1989-06-06,2.9978
1989-06-07,3.0013
1989-06-08,3.0084
1989-06-11,3.0084
1989-06-12,2.9688
1989-06-13,2.9473
1989-06-14,2.9516
1989-06-15,2.9401
1989-06-16,2.9843
1989-06-18,2.9843
1989-06-19,2.9747
1989-06-20,3.0033
1989-06-21,2.9699
1989-06-22,3.0128
1989-06-23,3.1261
1989-06-25,3.1261
1989-06-26,3.1297
1989-06-27,3.1229
1989-06-28,3.1427
1989-06-29,3.1407
1989-06-30,3.1175
1989-07-02,3.1175
1989-07-03,3.1342
1989-07-04,3.152
1989-07-05,3.167
1989-07-06,3.1902
1989-07-07,3.1929
1989-07-09,3.1929
1989-07-10,3.1895
1989-07-11,3.2001
1989-07-12,3.1975
1989-07-13,3.1984
1989-07-14,3.1923
1989-07-16,3.1923
1989-07-17,3.1835
1989-07-18,3.1856
1989-07-19,3.1981
1989-07-20,3.1923
1989-07-21,3.2205
1989-07-23,3.2205
1989-07-24,3.2202
1989-07-25,3.2251
1989-07-26,3.235
1989-07-27,3.2661
1989-07-28,3.2716
1989-07-30,3.2716
1989-07-31,3.2664
1989-08-01,3.2561
1989-08-02,3.2555
1989-08-03,3.2437
1989-08-04,3.2252
1989-08-06,3.2252
1989-08-07,3.1875
1989-08-08,3.2095
1989-08-09,3.2117
1989-08-11,3.1926
1989-08-13,3.1926
1989-08-14,3.1731
1989-08-15,3.1581
1989-08-16,3.1462
1989-08-17,3.1434
1989-08-18,3.134
1989-08-20,3.134
1989-08-21,3.1458
1989-08-22,3.1604
1989-08-23,3.17
1989-08-24,3.1435
1989-08-25,3.1513
1989-08-27,3.1513
1989-08-28,3.1558
1989-08-29,3.1765
1989-08-30,3.1899
1989-08-31,3.1597
1989-09-01,3.1443
1989-09-03,3.1443
1989-09-04,3.1174
1989-09-05,3.1132
1989-09-06,3.1313
1989-09-07,3.1218
1989-09-08,3.1234
1989-09-10,3.1234
1989-09-11,3.1089
1989-09-12,3.1353
1989-09-13,3.1377
1989-09-14,3.1566
1989-09-15,3.1543
1989-09-17,3.1543
1989-09-18,3.1581
1989-09-19,3.176
1989-09-20,3.1857
1989-09-21,3.1981
1989-09-22,3.1933
1989-09-24,3.1933
1989-09-25,3.2172
1989-09-26,3.215
1989-09-27,3.2171
1989-09-28,3.2067
1989-09-29,3.2303
1989-10-02,3.2137
1989-10-03,3.2186
1989-10-04,3.2174
1989-10-05,3.2019
1989-10-06,3.2192
1989-10-10,3.1634
1989-10-11,3.1381
1989-10-12,3.1333
1989-10-13,3.1401
1989-10-15,3.1401
1989-10-16,3.1518
1989-10-17,3.1559
1989-10-18,3.1628
1989-10-19,3.1828
1989-10-20,3.18
1989-10-22,3.18
1989-10-23,3.1709
1989-10-24,3.1915
1989-10-25,3.1957
1989-10-26,3.2087
1989-10-27,3.159
1989-10-29,3.159
1989-10-30,3.1462
1989-10-31,3.1475
1989-11-01,3.1283
1989-11-02,3.1164
1989-11-03,3.1176
1989-11-05,3.1176
1989-11-06,3.1332
1989-11-07,3.1523
1989-11-08,3.1677
1989-11-09,3.1556
1989-11-10,3.1562
1989-11-12,3.1562
1989-11-13,3.1626
1989-11-14,3.1618
1989-11-15,3.1654
1989-11-16,3.1449
1989-11-17,3.1426
1989-11-19,3.1426
1989-11-20,3.1187
1989-11-21,3.108
1989-11-22,3.1135
1989-11-23,3.1084
1989-11-24,3.1062
1989-11-26,3.1062
1989-11-27,3.091
1989-11-28,3.1013
1989-11-29,3.0759
1989-11-30,3.0782
1989-12-01,3.0704
1989-12-03,3.0704
1989-12-04,3.082
1989-12-05,3.0812
1989-12-06,3.1055
1989-12-07,3.0962
1989-12-08,3.1223
1989-12-10,3.1223
1989-12-11,3.1307
1989-12-12,3.1444
1989-12-13,3.1297
1989-12-14,3.1216
1989-12-15,3.1254
1989-12-17,3.1254
1989-12-18,3.1221
1989-12-19,3.1217
1989-12-20,3.1354
1989-12-21,3.1369
1989-12-22,3.141
1989-12-24,3.141
1989-12-27,3.1876
1989-12-28,3.1676
1989-12-29,3.1467
1989-12-31,3.1467
1990-01-02,3.1612
1990-01-03,3.1517
1990-01-04,3.1574
1990-01-05,3.178
1990-01-07,3.178
1990-01-08,3.1838
1990-01-09,3.1914
1990-01-10,3.2031
1990-01-11,3.2098
1990-01-12,3.2238
1990-01-14,3.2238
1990-01-15,3.2379
1990-01-16,3.2136
1990-01-17,3.2232
1990-01-18,3.2081
1990-01-19,3.2164
1990-01-21,3.2164
1990-01-22,3.2188
1990-01-23,3.21
1990-01-24,3.2262
1990-01-25,3.2196
1990-01-26,3.2337
1990-01-28,3.2337
1990-01-29,3.2578
1990-01-30,3.2752
1990-01-31,3.2677
1990-02-01,3.2581
1990-02-02,3.2611
1990-02-04,3.2611
1990-02-05,3.2743
1990-02-06,3.2872
1990-02-07,3.2858
1990-02-08,3.2671
1990-02-09,3.2795
1990-02-11,3.2795
1990-02-12,3.3046
1990-02-13,3.2884
1990-02-14,3.2966
1990-02-15,3.2848
1990-02-16,3.2724
1990-02-18,3.2724
1990-02-19,3.301
1990-02-20,3.3184
1990-02-21,3.3391
1990-02-22,3.3491
1990-02-23,3.3423
1990-02-25,3.3423
1990-02-26,3.3222
1990-02-27,3.2938
1990-02-28,3.3019
1990-03-01,3.2858
1990-03-02,3.3433
1990-03-04,3.3433
1990-03-05,3.3583
1990-03-06,3.3268
1990-03-07,3.3171
1990-03-08,3.3071
1990-03-09,3.2822
1990-03-12,3.259
1990-03-13,3.248
1990-03-14,3.2547
1990-03-15,3.2358
1990-03-16,3.2558
1990-03-18,3.2558
1990-03-19,3.2434
1990-03-20,3.254
1990-03-21,3.2196
1990-03-22,3.222
1990-03-23,3.2353
1990-03-25,3.2353
1990-03-26,3.2601
1990-03-27,3.2596
1990-03-28,3.2656
1990-03-29,3.2626
1990-03-30,3.2808
1990-04-01,3.2808
1990-04-02,3.2514
1990-04-03,3.2655
1990-04-04,3.2811
1990-04-05,3.2843
1990-04-06,3.2795
1990-04-08,3.2795
1990-04-09,3.2914
1990-04-11,3.2836
1990-04-12,3.287
1990-04-13,3.2846
1990-04-15,3.2846
1990-04-17,3.2787
1990-04-18,3.2787
1990-04-19,3.288
1990-04-20,3.2986
1990-04-22,3.2986
1990-04-23,3.3046
1990-04-24,3.3
1990-04-25,3.3078
1990-04-26,3.2835
1990-04-27,3.2787
1990-04-29,3.2787
1990-05-01,3.298
1990-05-02,3.3143
1990-05-03,3.3046
1990-05-04,3.3229
1990-05-06,3.3229
1990-05-07,3.3556
1990-05-08,3.3587
1990-05-09,3.3697
1990-05-10,3.3627
1990-05-11,3.369
1990-05-13,3.369
1990-05-14,3.3738
1990-05-15,3.3943
1990-05-16,3.379
1990-05-17,3.3966
1990-05-18,3.4255
1990-05-20,3.4255
1990-05-21,3.4409
1990-05-22,3.4277
1990-05-23,3.4414
1990-05-24,3.4198
1990-05-25,3.4286
1990-05-27,3.4286
1990-05-28,3.4249
1990-05-29,3.4406
1990-05-31,3.4122
1990-06-01,3.3939
1990-06-03,3.3939
1990-06-04,3.3757
1990-06-05,3.399
1990-06-06,3.4428
1990-06-07,3.4659
1990-06-08,3.4907
1990-06-10,3.4907
1990-06-11,3.4863
1990-06-12,3.515
1990-06-13,3.5306
1990-06-15,3.5258
1990-06-17,3.5258
1990-06-18,3.5183
1990-06-19,3.4951
1990-06-20,3.5282
1990-06-21,3.5471
1990-06-22,3.5524
1990-06-24,3.5524
1990-06-25,3.6227
1990-06-26,3.6286
1990-06-27,3.6436
1990-06-28,3.5754
1990-06-29,3.6183
1990-07-01,3.6183
1990-07-02,3.6057
1990-07-03,3.6609
1990-07-04,3.6891
1990-07-05,3.6993
1990-07-06,3.7083
1990-07-08,3.7083
1990-07-09,3.7276
1990-07-10,3.7424
1990-07-11,3.7243
1990-07-12,3.6876
1990-07-13,3.688
1990-07-15,3.688
1990-07-16,3.7149
1990-07-17,3.7237
1990-07-18,3.744
1990-07-19,3.7466
1990-07-20,3.7587
1990-07-22,3.7587
1990-07-23,3.7614
1990-07-24,3.7681
1990-07-25,3.7371
1990-07-26,3.7452
1990-07-27,3.7474
1990-07-29,3.7474
1990-07-30,3.7779
1990-08-01,3.7734
1990-08-02,3.7631
1990-08-03,3.7672
1990-08-05,3.7672
1990-08-06,3.7838
1990-08-07,3.8159
1990-08-08,3.8251
1990-08-09,3.8034
1990-08-10,3.8201
1990-08-12,3.8201
1990-08-13,3.838
1990-08-14,3.8118
1990-08-15,3.8034
1990-08-16,3.8142
1990-08-17,3.8498
1990-08-19,3.8498
1990-08-20,3.8772
1990-08-21,3.8752
1990-08-22,3.8809
1990-08-23,3.9271
1990-08-24,3.9378
1990-08-26,3.9378
1990-08-27,3.9562
1990-08-28,3.9978
1990-08-29,4.0036
1990-08-30,3.9758
1990-08-31,3.9001
1990-09-02,3.9001
1990-09-03,3.818
1990-09-04,3.8184
1990-09-05,3.8477
1990-09-06,3.8675
1990-09-07,3.8336
1990-09-09,3.8336
1990-09-10,3.8899
1990-09-11,3.8351
1990-09-12,3.85
1990-09-13,3.8519
1990-09-14,3.8754
1990-09-16,3.8754
1990-09-17,3.9036
1990-09-18,3.91
1990-09-19,3.9152
1990-09-23,3.9152
1990-09-24,3.8413
1990-09-25,3.8755
1990-09-26,3.8455
1990-09-27,3.8432
1990-09-30,3.8432
1990-10-01,3.8795
1990-10-02,3.8611
1990-10-03,3.8691
1990-10-05,3.8897
1990-10-07,3.8897
1990-10-08,4.0162
1990-10-09,3.9962
1990-10-10,3.9732
1990-10-12,3.9935
1990-10-14,3.9935
1990-10-15,3.9501
1990-10-16,3.9291
1990-10-17,3.964
1990-10-18,3.9508
1990-10-19,3.9404
1990-10-21,3.9404
1990-10-22,3.9259
1990-10-23,3.9307
1990-10-24,3.9433
1990-10-25,3.9452
1990-10-26,3.9607
1990-10-28,3.9607
1990-10-29,3.9428
1990-10-30,3.9406
1990-10-31,3.9329
1990-11-01,3.9115
1990-11-02,3.9257
1990-11-04,3.9257
1990-11-05,3.9339
1990-11-06,3.9547
1990-11-07,3.9492
1990-11-08,3.946
1990-11-09,3.9416
1990-11-11,3.9416
1990-11-12,3.945
1990-11-13,3.9342
1990-11-14,3.9287
1990-11-15,3.9237
1990-11-16,3.9287
1990-11-18,3.9287
1990-11-19,3.9467
1990-11-20,3.9446
1990-11-21,3.9373
1990-11-22,3.9442
1990-11-23,3.9569
1990-11-25,3.9569
1990-11-26,3.9617
1990-11-27,3.9783
1990-11-28,3.9683
1990-11-29,3.9517
1990-11-30,3.9135
1990-12-02,3.9135
1990-12-03,3.9045
1990-12-04,3.8909
1990-12-05,3.9043
1990-12-06,3.9069
1990-12-07,3.9129
1990-12-09,3.9129
1990-12-10,3.9136
1990-12-11,3.9237
1990-12-12,3.9221
1990-12-13,3.9331
1990-12-14,3.9277
1990-12-16,3.9277
1990-12-17,3.9052
1990-12-18,3.9024
1990-12-19,3.9079
1990-12-20,3.9255
1990-12-21,3.895
1990-12-23,3.895
1990-12-24,3.8959
1990-12-27,3.9166
1990-12-28,3.925
1990-12-30,3.925
1990-12-31,3.9379
1991-01-02,3.942
1991-01-03,3.9296
1991-01-04,3.95
1991-01-06,3.95
1991-01-07,3.9018
1991-01-08,3.8861
1991-01-09,3.876
1991-01-10,3.8915
1991-01-11,3.9
1991-01-13,3.9
1991-01-14,3.8765
1991-01-15,3.8922
1991-01-16,3.8958
1991-01-17,3.9103
1991-01-18,3.909
1991-01-20,3.909
1991-01-21,3.9277
1991-01-22,3.9469
1991-01-23,3.927
1991-01-24,3.9406
1991-01-25,3.9444
1991-01-27,3.9444
1991-01-28,3.9511
1991-01-29,3.9608
1991-01-30,3.9498
1991-01-31,3.9454
1991-02-01,3.9509
1991-02-03,3.9509
1991-02-04,3.9519
1991-02-05,3.9607
1991-02-06,3.986
1991-02-07,3.9834
1991-02-08,3.9731
1991-02-10,3.9731
1991-02-11,3.9723
1991-02-12,3.9721
1991-02-13,3.9611
1991-02-14,3.958
1991-02-15,3.965
1991-02-17,3.965
1991-02-18,3.9509
1991-02-19,3.9399
1991-02-20,3.9363
1991-02-21,3.9367
1991-02-22,3.9611
1991-02-24,3.9611
1991-02-25,3.9358
1991-02-26,3.929
1991-02-27,3.9139
1991-03-01,3.8853
1991-03-03,3.8853
1991-03-04,3.872
1991-03-05,3.8973
1991-03-06,3.8756
1991-03-07,3.8784
1991-03-08,3.8624
1991-03-10,3.8624
1991-03-11,4.0579
1991-03-12,4.066
1991-03-13,4.0644
1991-03-14,4.0673
1991-03-15,4.0475
1991-03-17,4.0475
1991-03-18,4.0223
1991-03-19,3.979
1991-03-20,3.9688
1991-03-21,3.9924
1991-03-22,3.9988
1991-03-24,3.9988
1991-03-25,3.9661
1991-03-26,3.9242
1991-03-27,3.9528
1991-03-28,3.924
1991-03-31,3.924
1991-04-02,3.9788
1991-04-03,3.984
1991-04-04,3.9612
1991-04-07,3.9612
1991-04-08,3.9557
1991-04-09,3.97
1991-04-10,3.9897
1991-04-11,3.9778
1991-04-12,3.9934
1991-04-14,3.9934
1991-04-15,3.9932
1991-04-16,4.0009
1991-04-17,3.9905
1991-04-19,3.9365
1991-04-21,3.9365
1991-04-22,3.9085
1991-04-23,3.8842
1991-04-24,3.9159
1991-04-25,3.8683
1991-04-26,3.8939
1991-04-28,3.8939
1991-04-29,3.8935
1991-04-30,3.9215
1991-05-01,3.9546
1991-05-02,3.9267
1991-05-03,3.9421
1991-05-05,3.9421
1991-05-06,3.9431
1991-05-07,3.983
1991-05-08,4.0827
1991-05-09,4.0067
1991-05-10,4.0529
1991-05-12,4.0529
1991-05-13,4.0644
1991-05-14,4.1043
1991-05-15,4.117
1991-05-16,4.1358
1991-05-17,4.1421
1991-05-20,4.0887
1991-05-21,4.134
1991-05-22,4.1641
1991-05-23,4.1598
1991-05-24,4.1953
1991-05-26,4.1953
1991-05-27,4.1654
1991-05-28,4.1552
1991-05-29,4.1602
1991-05-30,4.0877
1991-05-31,4.0816
1991-06-02,4.0816
1991-06-03,4.08
1991-06-04,4.0824
1991-06-05,4.0612
1991-06-06,4.0541
1991-06-07,4.0239
1991-06-09,4.0239
1991-06-10,4.0109
1991-06-11,4.0047
1991-06-12,3.99
1991-06-13,3.9527
1991-06-14,3.9127
1991-06-16,3.9127
1991-06-17,3.9081
1991-06-18,3.8857
1991-06-19,3.8667
1991-06-20,3.9115
1991-06-21,3.8996
1991-06-23,3.8996
1991-06-24,3.8763
1991-06-25,3.8992
1991-06-26,3.8947
1991-06-27,3.901
1991-06-28,3.8955
1991-06-30,3.8955
1991-07-01,3.8933
1991-07-02,3.8632
1991-07-03,3.8512
1991-07-04,3.8454
1991-07-05,3.8481
1991-07-07,3.8481
1991-07-08,3.8982
1991-07-09,3.8787
1991-07-10,3.8649
1991-07-11,3.8757
1991-07-12,3.8564
1991-07-14,3.8564
1991-07-15,3.911
1991-07-16,3.924
1991-07-17,3.9129
1991-07-18,3.9405
1991-07-19,3.9695
1991-07-22,3.9958
1991-07-23,3.9661
1991-07-24,3.98
1991-07-25,3.966
1991-07-26,3.973
1991-07-28,3.973
1991-07-29,3.9584
1991-07-30,3.9678
1991-07-31,3.9773
1991-08-01,3.9531
1991-08-02,3.9344
1991-08-04,3.9344
1991-08-05,3.9755
1991-08-06,3.9976
1991-08-07,3.9825
1991-08-08,3.9852
1991-08-09,3.9596
1991-08-11,3.9596
1991-08-12,3.9482
1991-08-13,3.948
1991-08-14,3.9196
1991-08-15,3.9081
1991-08-16,3.9003
1991-08-18,3.9003
1991-08-19,3.8567
1991-08-20,3.8821
1991-08-21,3.8938
1991-08-22,3.9383
1991-08-23,3.9455
1991-08-25,3.9455
1991-08-26,3.9282
1991-08-27,3.934
1991-08-28,3.9268
1991-08-29,3.9381
1991-08-30,3.9335
1991-09-01,3.9335
1991-09-02,3.9234
1991-09-03,3.9451
1991-09-04,3.941
1991-09-05,3.9409
1991-09-06,3.9281
1991-09-08,3.9281
1991-09-11,3.9813
1991-09-12,3.9996
1991-09-13,3.9813
1991-09-15,3.9813
1991-09-16,4.0002
1991-09-19,4.0173
1991-09-20,4.0377
1991-09-22,4.0377
1991-09-24,4.0674
1991-09-25,4.0854
1991-09-26,4.0861
1991-09-27,4.1411
1991-09-29,4.1411
1991-10-01,4.167
1991-10-02,4.1732
1991-10-03,4.1745
1991-10-04,4.1733
1991-10-06,4.1733
1991-10-07,4.1508
1991-10-08,4.1411
1991-10-09,4.1061
1991-10-10,4.1314
1991-10-11,4.141
1991-10-13,4.141
1991-10-14,4.1574
1991-10-15,4.151
1991-10-16,4.1553
1991-10-17,4.1654
1991-10-18,4.1835
1991-10-20,4.1835
1991-10-21,4.1952
1991-10-22,4.1895
1991-10-23,4.1871
1991-10-24,4.1947
1991-10-25,4.2024
1991-10-27,4.2024
1991-10-28,4.1711
1991-10-29,4.142
1991-10-30,4.1703
1991-10-31,4.1794
1991-11-01,4.1638
1991-11-03,4.1638
1991-11-04,4.1974
1991-11-05,4.2
1991-11-06,4.2057
1991-11-07,4.2079
1991-11-08,4.1903
1991-11-10,4.1903
1991-11-11,4.1755
1991-11-12,4.1925
1991-11-13,4.175
1991-11-14,4.1766
1991-11-15,4.1664
1991-11-17,4.1664
1991-11-18,4.1901
1991-11-19,4.1767
1991-11-20,4.1759
1991-11-21,4.172
1991-11-22,4.1652
1991-11-24,4.1652
1991-11-25,4.1606
1991-11-26,4.1616
1991-11-27,4.1428
1991-11-28,4.1326
1991-11-29,4.1308
1991-12-01,4.1308
1991-12-02,4.148
1991-12-03,4.1419
1991-12-04,4.1471
1991-12-05,4.1575
1991-12-06,4.1691
1991-12-08,4.1691
1991-12-09,4.1775
1991-12-10,4.184
1991-12-11,4.1777
1991-12-12,4.1881
1991-12-13,4.1876
1991-12-15,4.1876
1991-12-16,4.2141
1991-12-17,4.2102
1991-12-18,4.2254
1991-12-19,4.2252
1991-12-20,4.2348
1991-12-22,4.2348
1991-12-23,4.2629
1991-12-24,4.2853
1991-12-27,4.2967
1991-12-29,4.2967
1991-12-30,4.2792
1991-12-31,4.2726
1992-01-02,4.2689
1992-01-03,4.2606
1992-01-05,4.2606
1992-01-06,4.2647
1992-01-07,4.2728
1992-01-08,4.2609
1992-01-09,4.2308
1992-01-10,4.1733
1992-01-12,4.1733
1992-01-13,4.1411
1992-01-14,4.1443
1992-01-15,4.1102
1992-01-16,4.0894
1992-01-17,4.0711
1992-01-19,4.0711
1992-01-20,4.131
1992-01-21,4.1444
1992-01-22,4.154
1992-01-23,4.1576
1992-01-24,4.1197
1992-01-26,4.1197
1992-01-27,4.1388
1992-01-28,4.1388
1992-01-29,4.1557
1992-01-30,4.1447
1992-01-31,4.13
1992-02-02,4.13
1992-02-03,4.1404
1992-02-04,4.1468
1992-02-05,4.1521
1992-02-06,4.1774
1992-02-07,4.1728
1992-02-09,4.1728
1992-02-10,4.2004
1992-02-11,4.1797
1992-02-12,4.165
1992-02-13,4.1538
1992-02-14,4.1217
1992-02-16,4.1217
1992-02-17,4.1383
1992-02-18,4.1072
1992-02-19,4.11
1992-02-20,4.1072
1992-02-21,4.1206
1992-02-23,4.1206
1992-02-24,4.1084
1992-02-25,4.1342
1992-02-26,4.1261
1992-02-27,4.1439
1992-02-28,4.1666
1992-03-01,4.1666
1992-03-02,4.1471
1992-03-03,4.1416
1992-03-04,4.1385
1992-03-05,4.121
1992-03-06,4.1198
1992-03-08,4.1198
1992-03-09,4.1293
1992-03-10,4.1391
1992-03-11,4.1274
1992-03-12,4.1172
1992-03-13,4.1039
1992-03-15,4.1039
1992-03-16,4.1192
1992-03-17,4.1487
1992-03-18,4.1527
1992-03-22,4.1527
1992-03-23,4.1359
1992-03-24,4.1634
1992-03-25,4.1745
1992-03-26,4.1703
1992-03-27,4.1611
1992-03-29,4.1611
1992-03-30,4.1877
1992-03-31,4.1774
1992-04-01,4.1403
1992-04-02,4.1271
1992-04-03,4.143
1992-04-05,4.143
1992-04-06,4.1637
1992-04-07,4.1806
1992-04-08,4.1749
1992-04-09,4.1688
1992-04-10,4.2202
1992-04-12,4.2202
1992-04-13,4.236
1992-04-14,4.2355
1992-04-15,4.2276
1992-04-16,4.2177
1992-04-19,4.2177
1992-04-21,4.2256
1992-04-22,4.2561
1992-04-23,4.2714
1992-04-26,4.2714
1992-04-27,4.3038
1992-04-28,4.2984
1992-04-29,4.3104
1992-04-30,4.2922
1992-05-01,4.3056
1992-05-03,4.3056
1992-05-04,4.3195
1992-05-05,4.328
1992-05-06,4.3255
1992-05-08,4.3645
1992-05-10,4.3645
1992-05-11,4.367
1992-05-12,4.3802
1992-05-13,4.422
1992-05-14,4.422
1992-05-15,4.4199
1992-05-17,4.4199
1992-05-18,4.4407
1992-05-19,4.4414
1992-05-20,4.4378
1992-05-21,4.4445
1992-05-22,4.4487
1992-05-24,4.4487
1992-05-25,4.4511
1992-05-26,4.4727
1992-05-27,4.4559
1992-05-28,4.4502
1992-05-29,4.4895
1992-05-31,4.4895
1992-06-01,4.5031
1992-06-02,4.4673
1992-06-03,4.4663
1992-06-04,4.4664
1992-06-05,4.4813
1992-06-08,4.4873
1992-06-09,4.5
1992-06-10,4.492
1992-06-11,4.5026
1992-06-12,4.527
1992-06-14,4.527
1992-06-15,4.5436
1992-06-16,4.5389
1992-06-17,4.5593
1992-06-18,4.5505
1992-06-19,4.567
1992-06-21,4.567
1992-06-22,4.5727
1992-06-24,4.5884
1992-06-25,4.622
1992-06-26,4.6391
1992-06-28,4.6391
1992-06-29,4.6501
1992-06-30,4.6467
1992-07-01,4.6597
1992-07-02,4.6591
1992-07-03,4.674
1992-07-05,4.674
1992-07-06,4.65
1992-07-07,4.6755
1992-07-08,4.7019
1992-07-09,4.69
1992-07-10,4.6524
1992-07-12,4.6524
1992-07-13,4.6966
1992-07-14,4.6932
1992-07-15,4.6963
1992-07-16,4.7054
1992-07-17,4.7337
1992-07-19,4.7337
1992-07-20,4.7529
1992-07-21,4.6801
1992-07-22,4.6853
1992-07-23,4.6851
1992-07-24,4.7021
1992-07-26,4.7021
1992-07-27,4.7025
1992-07-28,4.7266
1992-07-29,4.7306
1992-07-30,4.7078
1992-07-31,4.7055
1992-08-02,4.7055
1992-08-03,4.7147
1992-08-04,4.7058
1992-08-05,4.7011
1992-08-06,4.6857
1992-08-07,4.7034
1992-08-10,4.7141
1992-08-11,4.7268
1992-08-12,4.7236
1992-08-13,4.7256
1992-08-14,4.7268
1992-08-16,4.7268
1992-08-17,4.7014
1992-08-18,4.7175
1992-08-19,4.7171
1992-08-20,4.7277
1992-08-21,4.7273
1992-08-23,4.7273
1992-08-24,4.7769
1992-08-25,4.8027
1992-08-26,4.7998
1992-08-27,4.7893
1992-08-28,4.7862
1992-08-30,4.7862
1992-08-31,4.787
1992-09-01,4.7976
1992-09-02,4.8073
1992-09-03,4.8081
1992-09-04,4.7882
1992-09-06,4.7882
1992-09-07,4.8096
1992-09-08,4.8085
1992-09-09,4.7876
1992-09-10,4.7563
1992-09-11,4.7414
1992-09-13,4.7414
1992-09-14,4.6737
1992-09-15,4.6619
1992-09-16,4.6132
1992-09-17,4.4078
1992-09-18,4.3563
1992-09-20,4.3563
1992-09-21,4.259
1992-09-22,4.2672
1992-09-23,4.2276
1992-09-24,4.2584
1992-09-25,4.2432
1992-09-27,4.2432
1992-09-30,4.3309
1992-10-01,4.2888
1992-10-02,4.2686
1992-10-04,4.2686
1992-10-05,4.1735
1992-10-08,4.2108
1992-10-09,4.2101
1992-10-11,4.2101
1992-10-13,4.2591
1992-10-14,4.2373
1992-10-15,4.1992
1992-10-16,4.1671
1992-10-18,4.1671
1992-10-20,4.0903
1992-10-21,4.0689
1992-10-22,4.0824
1992-10-23,4.0993
1992-10-25,4.0993
1992-10-26,4.0253
1992-10-27,3.9888
1992-10-28,4.0144
1992-10-29,4.0198
1992-10-30,3.9935
1992-11-01,3.9935
1992-11-02,3.9834
1992-11-03,4.0084
1992-11-04,4.0477
1992-11-05,4.0528
1992-11-06,4.0383
1992-11-08,4.0383
1992-11-09,4.0355
1992-11-10,3.9936
1992-11-11,4.0248
1992-11-12,4.0322
1992-11-13,4.0258
1992-11-15,4.0258
1992-11-16,4.0213
1992-11-17,4.0245
1992-11-18,4.0371
1992-11-19,4.0698
1992-11-20,4.064
1992-11-22,4.064
1992-11-23,4.0549
1992-11-24,4.0778
1992-11-25,4.102
1992-11-26,4.1142
1992-11-27,4.0908
1992-11-29,4.0908
1992-11-30,4.0735
1992-12-01,4.0878
1992-12-02,4.1402
1992-12-03,4.1547
1992-12-04,4.2223
1992-12-06,4.2223
1992-12-07,4.2129
1992-12-08,4.2589
1992-12-09,4.2344
1992-12-10,4.1579
1992-12-11,4.1511
1992-12-13,4.1511
1992-12-14,4.1998
1992-12-15,4.1992
1992-12-16,4.2179
1992-12-17,4.225
1992-12-18,4.2177
1992-12-20,4.2177
1992-12-21,4.2086
1992-12-22,4.1923
1992-12-23,4.1659
1992-12-24,4.1621
1992-12-27,4.1621
1992-12-28,4.1589
1992-12-29,4.1561
1992-12-30,4.1682
1992-12-31,4.1926
1993-01-03,4.1926
1993-01-04,4.2007
1993-01-05,4.2169
1993-01-06,4.322
1993-01-07,4.3022
1993-01-08,4.2775
1993-01-10,4.2775
1993-01-11,4.318
1993-01-12,4.338
1993-01-13,4.3029
1993-01-14,4.2964
1993-01-15,4.2867
1993-01-17,4.2867
1993-01-18,4.298
1993-01-19,4.3033
1993-01-20,4.302
1993-01-21,4.2669
1993-01-22,4.2173
1993-01-24,4.2173
1993-01-25,4.2508
1993-01-26,4.2965
1993-01-27,4.1995
1993-01-28,4.2015
1993-01-29,4.1876
1993-01-31,4.1876
1993-02-01,4.0767
1993-02-02,4.0974
1993-02-03,4.0442
1993-02-04,4.0416
1993-02-05,4.0739
1993-02-07,4.0739
1993-02-08,4.0829
1993-02-09,4.0016
1993-02-10,4.0241
1993-02-11,4.0022
1993-02-12,3.9773
1993-02-14,3.9773
1993-02-15,3.9849
1993-02-16,4.0175
1993-02-17,4.0643
1993-02-18,4.0303
1993-02-19,4.0629
1993-02-21,4.0629
1993-02-22,4.0716
1993-02-23,4.061
1993-02-24,4.0322
1993-02-25,3.984
1993-02-26,3.9872
1993-02-28,3.9872
1993-03-01,4.0109
1993-03-02,4.0209
1993-03-03,4.0476
1993-03-04,4.0404
1993-03-05,4.0613
1993-03-08,4.0335
1993-03-09,4.0426
1993-03-10,4.0223
1993-03-11,4.021
1993-03-12,4.0048
1993-03-14,4.0048
1993-03-15,4.0152
1993-03-16,4.0332
1993-03-17,4.0536
1993-03-18,4.0563
1993-03-19,4.1159
1993-03-21,4.1159
1993-03-22,4.1373
1993-03-23,4.1169
1993-03-24,4.1207
1993-03-25,4.107
1993-03-26,4.1257
1993-03-28,4.1257
1993-03-29,4.1474
1993-03-30,4.1467
1993-03-31,4.1368
1993-04-01,4.1746
1993-04-02,4.2136
1993-04-04,4.2136
1993-04-05,4.1855
1993-04-07,4.1938
1993-04-08,4.1926
1993-04-11,4.1926
1993-04-13,4.2571
1993-04-14,4.255
1993-04-15,4.2381
1993-04-16,4.2236
1993-04-18,4.2236
1993-04-19,4.2028
1993-04-20,4.2398
1993-04-21,4.2354
1993-04-22,4.2187
1993-04-23,4.2616
1993-04-25,4.2616
1993-04-27,4.3075
1993-04-28,4.2979
1993-04-29,4.2908
1993-04-30,4.2842
1993-05-02,4.2842
1993-05-03,4.29
1993-05-04,4.2804
1993-05-05,4.2716
1993-05-06,4.2729
1993-05-07,4.2886
1993-05-09,4.2886
1993-05-10,4.2526
1993-05-11,4.2223
1993-05-12,4.211
1993-05-13,4.1951
1993-05-14,4.1875
1993-05-16,4.1875
1993-05-17,4.2155
1993-05-18,4.1955
1993-05-19,4.2175
1993-05-20,4.2304
1993-05-21,4.2574
1993-05-23,4.2574
1993-05-24,4.2193
1993-05-25,4.2221
1993-05-27,4.2517
1993-05-28,4.245
1993-05-30,4.245
1993-06-01,4.2488
1993-06-02,4.2276
1993-06-03,4.2065
1993-06-04,4.2088
1993-06-06,4.2088
1993-06-07,4.1699
1993-06-08,4.1681
1993-06-09,4.1829
1993-06-10,4.1584
1993-06-11,4.1875
1993-06-13,4.1875
1993-06-14,4.1909
1993-06-15,4.2007
1993-06-16,4.1837
1993-06-17,4.1576
1993-06-18,4.1885
1993-06-20,4.1885
1993-06-21,4.1532
1993-06-22,4.1664
1993-06-23,4.1344
1993-06-24,4.1366
1993-06-25,4.1506
1993-06-27,4.1506
1993-06-28,4.1674
1993-06-29,4.201
1993-06-30,4.2271
1993-07-01,4.197
1993-07-02,4.2401
1993-07-04,4.2401
1993-07-05,4.236
1993-07-06,4.2327
1993-07-07,4.22
1993-07-08,4.1962
1993-07-09,4.1988
1993-07-11,4.1988
1993-07-12,4.1798
1993-07-13,4.1751
1993-07-14,4.2057
1993-07-15,4.2143
1993-07-16,4.1811
1993-07-18,4.1811
1993-07-19,4.182
1993-07-20,4.2117
1993-07-21,4.2265
1993-07-22,4.2336
1993-07-23,4.2086
1993-07-25,4.2086
1993-07-26,4.2925
1993-07-28,4.2699
1993-07-29,4.278
1993-07-30,4.2511
1993-08-01,4.2511
1993-08-02,4.2505
1993-08-03,4.2821
1993-08-04,4.2891
1993-08-05,4.287
1993-08-06,4.2713
1993-08-08,4.2713
1993-08-09,4.2629
1993-08-10,4.2523
1993-08-11,4.2136
1993-08-12,4.2219
1993-08-13,4.1913
1993-08-15,4.1913
1993-08-16,4.1723
1993-08-17,4.2275
1993-08-18,4.2448
1993-08-19,4.2915
1993-08-20,4.2923
1993-08-22,4.2923
1993-08-23,4.3078
1993-08-24,4.2952
1993-08-25,4.286
1993-08-26,4.2678
1993-08-27,4.3336
1993-08-29,4.3336
1993-08-30,4.303
1993-08-31,4.3081
1993-09-01,4.2896
1993-09-02,4.306
1993-09-03,4.3003
1993-09-05,4.3003
1993-09-06,4.3547
1993-09-07,4.349
1993-09-08,4.3862
1993-09-09,4.3935
1993-09-10,4.4052
1993-09-12,4.4052
1993-09-13,4.4092
1993-09-14,4.3867
1993-09-15,4.382
1993-09-19,4.382
1993-09-20,4.3632
1993-09-21,4.3721
1993-09-22,4.3418
1993-09-23,4.3446
1993-09-26,4.3446
1993-09-27,4.3471
1993-09-28,4.3326
1993-09-29,4.3404
1993-10-01,4.2966
1993-10-03,4.2966
1993-10-04,4.3212
1993-10-05,4.3476
1993-10-06,4.3578
1993-10-08,4.3615
1993-10-10,4.3615
1993-10-11,4.38
1993-10-12,4.3666
1993-10-13,4.3583
1993-10-14,4.3782
1993-10-15,4.3402
1993-10-17,4.3402
1993-10-18,4.3111
1993-10-19,4.3
1993-10-20,4.3096
1993-10-21,4.3176
1993-10-22,4.3021
1993-10-24,4.3021
1993-10-25,4.3241
1993-10-26,4.3217
1993-10-27,4.3225
1993-10-28,4.3399
1993-10-29,4.349
1993-10-31,4.349
1993-11-01,4.3493
1993-11-02,4.3523
1993-11-03,4.354
1993-11-04,4.3526
1993-11-05,4.3499
1993-11-07,4.3499
1993-11-08,4.3497
1993-11-09,4.3394
1993-11-10,4.3371
1993-11-11,4.3475
1993-11-12,4.3477
1993-11-14,4.3477
1993-11-15,4.3748
1993-11-16,4.3782
1993-11-17,4.3597
1993-11-18,4.349
1993-11-19,4.3555
1993-11-21,4.3555
1993-11-22,4.354
1993-11-23,4.3691
1993-11-24,4.3896
1993-11-25,4.3873
1993-11-26,4.3978
1993-11-28,4.3978
1993-11-29,4.3969
1993-11-30,4.4208
1993-12-01,4.4066
1993-12-02,4.391
1993-12-03,4.4072
1993-12-05,4.4072
1993-12-06,4.4312
1993-12-07,4.44
1993-12-08,4.415
1993-12-09,4.4272
1993-12-10,4.4245
1993-12-12,4.4245
1993-12-13,4.4227
1993-12-14,4.4244
1993-12-15,4.4145
1993-12-16,4.4029
1993-12-17,4.4164
1993-12-19,4.4164
1993-12-20,4.4208
1993-12-21,4.4293
1993-12-22,4.4341
1993-12-23,4.4534
1993-12-24,4.4667
1993-12-26,4.4667
1993-12-27,4.4803
1993-12-28,4.4924
1993-12-29,4.4921
1993-12-30,4.4384
1993-12-31,4.4133
1994-01-02,4.4133
1994-01-03,4.4288
1994-01-04,4.4302
1994-01-05,4.437
1994-01-06,4.4344
1994-01-07,4.4296
1994-01-09,4.4296
1994-01-10,4.4445
1994-01-11,4.4577
1994-01-12,4.4606
1994-01-13,4.4687
1994-01-14,4.4451
1994-01-16,4.4451
1994-01-17,4.4418
1994-01-18,4.4521
1994-01-19,4.4573
1994-01-20,4.4432
1994-01-21,4.4573
1994-01-23,4.4573
1994-01-24,4.4609
1994-01-25,4.4606
1994-01-26,4.4663
1994-01-27,4.4774
1994-01-28,4.4998
1994-01-30,4.4998
1994-01-31,4.4772
1994-02-01,4.4775
1994-02-02,4.4626
1994-02-03,4.4513
1994-02-04,4.4342
1994-02-06,4.4342
1994-02-07,4.4289
1994-02-08,4.437
1994-02-09,4.3848
1994-02-10,4.3699
1994-02-11,4.3665
1994-02-13,4.3665
1994-02-14,4.3671
1994-02-15,4.3823
1994-02-16,4.3712
1994-02-17,4.3655
1994-02-18,4.3761
1994-02-20,4.3761
1994-02-21,4.3778
1994-02-22,4.3822
1994-02-23,4.4015
1994-02-24,4.4253
1994-02-27,4.4253
1994-02-28,4.4168
1994-03-01,4.4162
1994-03-02,4.415
1994-03-03,4.4322
1994-03-04,4.4312
1994-03-06,4.4312
1994-03-07,4.4432
1994-03-08,4.4351
1994-03-09,4.4359
1994-03-10,4.455
1994-03-11,4.4603
1994-03-13,4.4603
1994-03-14,4.4537
1994-03-15,4.4393
1994-03-16,4.429
1994-03-17,4.4332
1994-03-18,4.432
1994-03-20,4.432
1994-03-21,4.4222
1994-03-22,4.4164
1994-03-23,4.4249
1994-03-24,4.4407
1994-03-25,4.4297
1994-03-28,4.4335
1994-03-29,4.4498
1994-03-30,4.4014
1994-03-31,4.4075
1994-04-03,4.4075
1994-04-05,4.3748
1994-04-06,4.4072
1994-04-07,4.3999
1994-04-08,4.4133
1994-04-10,4.4133
1994-04-11,4.4073
1994-04-12,4.3918
1994-04-13,4.4126
1994-04-15,4.4006
1994-04-17,4.4006
1994-04-18,4.3975
1994-04-19,4.4112
1994-04-20,4.4147
1994-04-21,4.4363
1994-04-22,4.45
1994-04-24,4.45
1994-04-25,4.4753
1994-04-26,4.4783
1994-04-27,4.5406
1994-04-28,4.5278
1994-04-29,4.536
1994-05-01,4.536
1994-05-02,4.542
1994-05-03,4.5372
1994-05-04,4.5356
1994-05-05,4.5218
1994-05-06,4.509
1994-05-08,4.509
1994-05-09,4.4909
1994-05-10,4.5052
1994-05-11,4.5045
1994-05-12,4.4983
1994-05-13,4.5091
1994-05-15,4.5091
1994-05-17,4.5218
1994-05-18,4.5263
1994-05-19,4.5383
1994-05-20,4.5453
1994-05-22,4.5453
1994-05-23,4.5335
1994-05-24,4.5468
1994-05-25,4.5525
1994-05-26,4.5616
1994-05-27,4.5739
1994-05-29,4.5739
1994-05-30,4.588
1994-05-31,4.5824
1994-06-01,4.5927
1994-06-02,4.6137
1994-06-03,4.589
1994-06-05,4.589
1994-06-06,4.6076
1994-06-07,4.6036
1994-06-08,4.6096
1994-06-09,4.6062
1994-06-10,4.6031
1994-06-12,4.6031
1994-06-13,4.6196
1994-06-14,4.6337
1994-06-15,4.6244
1994-06-16,4.6257
1994-06-17,4.6459
1994-06-19,4.6459
1994-06-20,4.6764
1994-06-21,4.6889
1994-06-22,4.6906
1994-06-23,4.6757
1994-06-24,4.7115
1994-06-26,4.7115
1994-06-27,4.7226
1994-06-28,4.7089
1994-06-29,4.714
1994-06-30,4.6631
1994-07-01,4.6604
1994-07-03,4.6604
1994-07-04,4.6643
1994-07-05,4.6721
1994-07-06,4.6528
1994-07-07,4.655
1994-07-08,4.6402
1994-07-10,4.6402
1994-07-11,4.6695
1994-07-12,4.6943
1994-07-13,4.6901
1994-07-14,4.6947
1994-07-15,4.6929
1994-07-18,4.7084
1994-07-19,4.7178
1994-07-20,4.701
1994-07-21,4.6982
1994-07-22,4.6566
1994-07-24,4.6566
1994-07-25,4.6835
1994-07-26,4.6633
1994-07-27,4.6572
1994-07-28,4.6779
1994-07-29,4.6711
1994-07-31,4.6711
1994-08-01,4.6998
1994-08-02,4.6849
1994-08-03,4.6864
1994-08-04,4.6903
1994-08-05,4.6879
1994-08-07,4.6879
1994-08-08,4.7029
1994-08-09,4.6856
1994-08-10,4.6815
1994-08-11,4.6773
1994-08-12,4.6936
1994-08-14,4.6936
1994-08-15,4.6802
1994-08-16,4.6693
1994-08-17,4.6717
1994-08-18,4.6721
1994-08-19,4.6796
1994-08-21,4.6796
1994-08-22,4.6725
1994-08-23,4.6894
1994-08-24,4.6912
1994-08-25,4.6857
1994-08-26,4.6995
1994-08-28,4.6995
1994-08-29,4.6619
1994-08-30,4.6617
1994-08-31,4.6555
1994-09-01,4.6573
1994-09-02,4.6803
1994-09-04,4.6803
1994-09-05,4.6774
1994-09-08,4.6747
1994-09-09,4.6715
1994-09-11,4.6715
1994-09-12,4.7079
1994-09-13,4.7337
1994-09-16,4.7313
1994-09-18,4.7313
1994-09-19,4.7527
1994-09-21,4.7609
1994-09-22,4.7587
1994-09-23,4.7641
1994-09-25,4.7641
1994-09-26,4.7777
1994-09-28,4.7805
1994-09-29,4.7625
1994-09-30,4.7619
1994-10-02,4.7619
1994-10-03,4.7573
1994-10-04,4.766
1994-10-05,4.7773
1994-10-06,4.7848
1994-10-07,4.7891
1994-10-09,4.7891
1994-10-10,4.7835
1994-10-11,4.7875
1994-10-12,4.7913
1994-10-13,4.8002
1994-10-14,4.8125
1994-10-16,4.8125
1994-10-17,4.8338
1994-10-18,4.87
1994-10-19,4.8827
1994-10-20,4.8933
1994-10-21,4.925
1994-10-23,4.925
1994-10-24,4.9218
1994-10-25,4.9289
1994-10-26,4.9254
1994-10-27,4.9227
1994-10-28,4.9202
1994-10-30,4.9202
1994-10-31,4.8829
1994-11-01,4.9119
1994-11-02,4.9191
1994-11-03,4.8833
1994-11-04,4.8559
1994-11-06,4.8559
1994-11-07,4.8549
1994-11-08,4.8348
1994-11-09,4.8487
1994-11-10,4.8262
1994-11-11,4.8043
1994-11-13,4.8043
1994-11-14,4.7637
1994-11-15,4.755
1994-11-16,4.7182
1994-11-17,4.709
1994-11-18,4.7416
1994-11-20,4.7416
1994-11-21,4.7602
1994-11-22,4.762
1994-11-23,4.7617
1994-11-24,4.7468
1994-11-25,4.7628
1994-11-27,4.7628
1994-11-28,4.7651
1994-11-29,4.7514
1994-11-30,4.7394
1994-12-01,4.7339
1994-12-02,4.7397
1994-12-04,4.7397
1994-12-05,4.7148
1994-12-06,4.704
1994-12-07,4.7191
1994-12-08,4.7224
1994-12-09,4.7091
1994-12-11,4.7091
1994-12-12,4.7113
1994-12-13,4.7178
1994-12-14,4.712
1994-12-15,4.7072
1994-12-16,4.7088
1994-12-18,4.7088
1994-12-19,4.7086
1994-12-20,4.7348
1994-12-21,4.7664
1994-12-22,4.7314
1994-12-23,4.7191
1994-12-25,4.7191
1994-12-27,4.6934
1994-12-28,4.7006
1994-12-29,4.7035
1994-12-30,4.7141
1995-01-01,4.7141
1995-01-03,4.7197
1995-01-04,4.7237
1995-01-05,4.7248
1995-01-06,4.7226
1995-01-08,4.7226
1995-01-09,4.7063
1995-01-10,4.7057
1995-01-11,4.7087
1995-01-12,4.7039
1995-01-13,4.7361
1995-01-15,4.7361
1995-01-16,4.7298
1995-01-17,4.7157
1995-01-18,4.7394
1995-01-19,4.735
1995-01-20,4.7612
1995-01-22,4.7612
1995-01-23,4.7655
1995-01-24,4.792
1995-01-25,4.7914
1995-01-26,4.784
1995-01-27,4.7922
1995-01-29,4.7922
1995-01-30,4.7719
1995-01-31,4.7806
1995-02-01,4.7633
1995-02-02,4.7617
1995-02-03,4.7489
1995-02-05,4.7489
1995-02-06,4.7134
1995-02-07,4.7128
1995-02-08,4.7031
1995-02-09,4.7053
1995-02-10,4.7079
1995-02-12,4.7079
1995-02-13,4.7186
1995-02-14,4.6957
1995-02-15,4.7003
1995-02-16,4.7129
1995-02-17,4.7488
1995-02-19,4.7488
1995-02-20,4.7506
1995-02-21,4.7546
1995-02-22,4.7576
1995-02-23,4.7761
1995-02-24,4.7596
1995-02-26,4.7596
1995-02-27,4.7198
1995-02-28,4.7249
1995-03-01,4.7164
1995-03-02,4.7457
1995-03-03,4.7914
1995-03-05,4.7914
1995-03-06,4.9054
1995-03-07,4.8292
1995-03-08,4.8531
1995-03-09,4.7941
1995-03-10,4.7892
1995-03-12,4.7892
1995-03-13,4.73
1995-03-14,4.7406
1995-03-15,4.7061
1995-03-19,4.7061
1995-03-20,4.7106
1995-03-21,4.6776
1995-03-22,4.6962
1995-03-23,4.7288
1995-03-24,4.7775
1995-03-26,4.7775
1995-03-27,4.7667
1995-03-28,4.7683
1995-03-29,4.7913
1995-03-30,4.7818
1995-03-31,4.7748
1995-04-02,4.7748
1995-04-03,4.7815
1995-04-04,4.7781
1995-04-05,4.7691
1995-04-06,4.7472
1995-04-07,4.7476
1995-04-09,4.7476
1995-04-10,4.7388
1995-04-11,4.7426
1995-04-12,4.7322
1995-04-13,4.7388
1995-04-16,4.7388
1995-04-18,4.7718
1995-04-19,4.7659
1995-04-20,4.7625
1995-04-23,4.7625
1995-04-24,4.7785
1995-04-25,4.7651
1995-04-26,4.7704
1995-04-27,4.7772
1995-04-28,4.7931
1995-04-30,4.7931
1995-05-01,4.8076
1995-05-02,4.7959
1995-05-03,4.7764
1995-05-05,4.7855
1995-05-07,4.7855
1995-05-08,4.748
1995-05-09,4.7246
1995-05-10,4.7371
1995-05-11,4.7218
1995-05-12,4.7402
1995-05-14,4.7402
1995-05-15,4.7477
1995-05-16,4.7473
1995-05-17,4.7378
1995-05-18,4.7735
1995-05-19,4.7669
1995-05-21,4.7669
1995-05-22,4.7644
1995-05-23,4.7744
1995-05-24,4.7692
1995-05-25,4.7797
1995-05-26,4.8358
1995-05-28,4.8358
1995-05-30,4.7875
1995-05-31,4.8257
1995-06-01,4.7913
1995-06-02,4.8021
1995-06-05,4.7813
1995-06-06,4.782
1995-06-07,4.7668
1995-06-08,4.7627
1995-06-09,4.7668
1995-06-11,4.7668
1995-06-12,4.7679
1995-06-13,4.7609
1995-06-14,4.7626
1995-06-15,4.7591
1995-06-16,4.7568
1995-06-18,4.7568
1995-06-19,4.7386
1995-06-20,4.7679
1995-06-21,4.7734
1995-06-22,4.7741
1995-06-23,4.7527
1995-06-25,4.7527
1995-06-26,4.7323
1995-06-27,4.7053
1995-06-28,4.6975
1995-06-29,4.6951
1995-06-30,4.7017
1995-07-02,4.7017
1995-07-03,4.7175
1995-07-04,4.704
1995-07-05,4.697
1995-07-06,4.7022
1995-07-07,4.7218
1995-07-09,4.7218
1995-07-10,4.7068
1995-07-11,4.6951
1995-07-12,4.7049
1995-07-13,4.6979
1995-07-14,4.6934
1995-07-16,4.6934
1995-07-17,4.697
1995-07-18,4.6956
1995-07-19,4.6871
1995-07-20,4.698
1995-07-21,4.6982
1995-07-23,4.6982
1995-07-24,4.6998
1995-07-25,4.7092
1995-07-26,4.7538
1995-07-27,4.7423
1995-07-28,4.7763
1995-07-30,4.7763
1995-07-31,4.7911
1995-08-01,4.7878
1995-08-02,4.7979
1995-08-03,4.8256
1995-08-04,4.8267
1995-08-07,4.8393
1995-08-08,4.8294
1995-08-09,4.8311
1995-08-10,4.8211
1995-08-11,4.7932
1995-08-13,4.7932
1995-08-14,4.7667
1995-08-15,4.7558
1995-08-16,4.715
1995-08-17,4.6841
1995-08-18,4.6911
1995-08-20,4.6911
1995-08-21,4.6921
1995-08-22,4.6713
1995-08-23,4.6815
1995-08-24,4.7024
1995-08-25,4.704
1995-08-27,4.704
1995-08-28,4.7326
1995-08-29,4.7223
1995-08-30,4.7084
1995-08-31,4.7242
1995-09-01,4.7234
1995-09-03,4.7234
1995-09-04,4.7401
1995-09-05,4.7309
1995-09-06,4.7082
1995-09-07,4.7162
1995-09-08,4.713
1995-09-10,4.713
1995-09-11,4.7123
1995-09-12,4.7251
1995-09-13,4.7237
1995-09-14,4.7183
1995-09-15,4.7178
1995-09-17,4.7178
1995-09-18,4.7046
1995-09-19,4.7005
1995-09-20,4.7057
1995-09-21,4.7464
1995-09-22,4.7746
1995-09-24,4.7746
1995-09-27,4.7173
1995-09-28,4.7345
1995-09-29,4.7402
1995-10-01,4.7402
1995-10-02,4.7617
1995-10-05,4.7663
1995-10-06,4.7551
1995-10-08,4.7551
1995-10-10,4.7357
1995-10-11,4.7317
1995-10-12,4.7099
1995-10-13,4.7209
1995-10-15,4.7209
1995-10-17,4.7106
1995-10-18,4.6911
1995-10-19,4.7045
1995-10-20,4.7182
1995-10-22,4.7182
1995-10-23,4.7442
1995-10-24,4.7775
1995-10-25,4.7907
1995-10-26,4.7871
1995-10-27,4.7977
1995-10-29,4.7977
1995-10-30,4.7798
1995-10-31,4.7776
1995-11-01,4.769
1995-11-02,4.7583
1995-11-03,4.7769
1995-11-05,4.7769
1995-11-06,4.777
1995-11-07,4.7671
1995-11-08,4.773
1995-11-09,4.7608
1995-11-10,4.7571
1995-11-12,4.7571
1995-11-13,4.7199
1995-11-14,4.7059
1995-11-15,4.6987
1995-11-16,4.7309
1995-11-17,4.7555
1995-11-19,4.7555
1995-11-20,4.7838
1995-11-21,4.7786
1995-11-22,4.756
1995-11-23,4.7911
1995-11-24,4.8116
1995-11-26,4.8116
1995-11-27,4.7841
1995-11-28,4.7675
1995-11-29,4.698
1995-11-30,4.7008
1995-12-01,4.7284
1995-12-03,4.7284
1995-12-04,4.7269
1995-12-05,4.7548
1995-12-06,4.7572
1995-12-07,4.7589
1995-12-08,4.7379
1995-12-10,4.7379
1995-12-11,4.7769
1995-12-12,4.7835
1995-12-13,4.7782
1995-12-14,4.7815
1995-12-15,4.8017
1995-12-17,4.8017
1995-12-18,4.7998
1995-12-19,4.8138
1995-12-20,4.8373
1995-12-21,4.8846
1995-12-22,4.8943
1995-12-24,4.8943
1995-12-27,4.8895
1995-12-28,4.8873
1995-12-29,4.853
1995-12-31,4.853
1996-01-02,4.8467
1996-01-03,4.8562
1996-01-04,4.8569
1996-01-05,4.8563
1996-01-07,4.8563
1996-01-08,4.8653
1996-01-09,4.8462
1996-01-10,4.8274
1996-01-11,4.817
1996-01-12,4.816
1996-01-14,4.816
1996-01-15,4.8225
1996-01-16,4.8123
1996-01-17,4.7881
1996-01-18,4.7561
1996-01-19,4.7268
1996-01-21,4.7268
1996-01-22,4.7209
1996-01-23,4.7375
1996-01-24,4.7269
1996-01-25,4.7563
1996-01-26,4.757
1996-01-28,4.757
1996-01-29,4.7263
1996-01-30,4.7279
1996-01-31,4.7303
1996-02-01,4.7441
1996-02-02,4.7751
1996-02-04,4.7751
1996-02-05,4.7916
1996-02-06,4.8102
1996-02-07,4.8047
1996-02-08,4.8041
1996-02-09,4.7876
1996-02-11,4.7876
1996-02-12,4.7743
1996-02-13,4.7647
1996-02-14,4.7904
1996-02-15,4.7789
1996-02-16,4.7833
1996-02-18,4.7833
1996-02-19,4.7957
1996-02-20,4.7623
1996-02-21,4.774
1996-02-22,4.795
1996-02-23,4.7944
1996-02-25,4.7944
1996-02-26,4.7862
1996-02-27,4.7774
1996-02-28,4.7712
1996-02-29,4.7507
1996-03-01,4.7378
1996-03-03,4.7378
1996-03-04,4.7415
1996-03-07,4.7306
1996-03-08,4.733
1996-03-10,4.733
1996-03-11,4.7193
1996-03-12,4.702
1996-03-13,4.7061
1996-03-14,4.7118
1996-03-15,4.7206
1996-03-17,4.7206
1996-03-18,4.7255
1996-03-19,4.7268
1996-03-20,4.735
1996-03-21,4.7703
1996-03-22,4.7465
1996-03-24,4.7465
1996-03-25,4.7043
1996-03-26,4.745
1996-03-27,4.7613
1996-03-28,4.7622
1996-03-29,4.7468
1996-03-31,4.7468
1996-04-01,4.7413
1996-04-02,4.7666
1996-04-07,4.7666
1996-04-09,4.7857
1996-04-11,4.7679
1996-04-12,4.7665
1996-04-14,4.7665
1996-04-15,4.7564
1996-04-16,4.793
1996-04-17,4.7886
1996-04-18,4.8222
1996-04-19,4.8456
1996-04-21,4.8456
1996-04-22,4.8098
1996-04-23,4.7891
1996-04-25,4.8032
1996-04-26,4.7824
1996-04-28,4.7824
1996-04-29,4.8266
1996-04-30,4.8146
1996-05-01,4.7826
1996-05-02,4.806
1996-05-03,4.829
1996-05-05,4.829
1996-05-06,4.9168
1996-05-07,4.9556
1996-05-08,4.9272
1996-05-09,4.9272
1996-05-10,4.9341
1996-05-12,4.9341
1996-05-13,4.8948
1996-05-14,4.8893
1996-05-15,4.9081
1996-05-16,4.9241
1996-05-17,4.913
1996-05-19,4.913
1996-05-20,4.9447
1996-05-21,4.9492
1996-05-22,4.9251
1996-05-23,4.9322
1996-05-26,4.9322
1996-05-28,4.9722
1996-05-30,5.068
1996-05-31,5.0669
1996-06-02,5.0669
1996-06-03,5.0827
1996-06-04,5.0879
1996-06-05,5.0608
1996-06-06,5.049
1996-06-07,5.0519
1996-06-09,5.0519
1996-06-10,4.9919
1996-06-11,5.0279
1996-06-12,5.0278
1996-06-13,5.0099
1996-06-14,5.0251
1996-06-16,5.0251
1996-06-17,5.04
1996-06-18,5.0449
1996-06-19,5.032
1996-06-20,5.0294
1996-06-21,5.0254
1996-06-23,5.0254
1996-06-24,4.9717
1996-06-25,4.9767
1996-06-26,4.9628
1996-06-27,4.9345
1996-06-28,4.9574
1996-06-30,4.9574
1996-07-01,4.9789
1996-07-02,4.9785
1996-07-03,4.9752
1996-07-04,4.9851
1996-07-05,4.9674
1996-07-07,4.9674
1996-07-08,4.9451
1996-07-09,4.9183
1996-07-10,4.9191
1996-07-11,4.9589
1996-07-12,4.9531
1996-07-14,4.9531
1996-07-15,4.9251
1996-07-16,4.9598
1996-07-18,4.9168
1996-07-19,4.9191
1996-07-21,4.9191
1996-07-22,4.9129
1996-07-23,4.9133
1996-07-24,4.9174
1996-07-26,4.9307
1996-07-28,4.9307
1996-07-29,4.9266
1996-07-30,4.925
1996-07-31,4.914
1996-08-01,4.8913
1996-08-02,4.8555
1996-08-04,4.8555
1996-08-05,4.8654
1996-08-06,4.8532
1996-08-07,4.8582
1996-08-08,4.8532
1996-08-09,4.8763
1996-08-11,4.8763
1996-08-12,4.8661
1996-08-13,4.8606
1996-08-14,4.87
1996-08-15,4.8927
1996-08-16,4.8818
1996-08-18,4.8818
1996-08-19,4.871
1996-08-20,4.8643
1996-08-21,4.875
1996-08-22,4.8891
1996-08-23,4.8939
1996-08-25,4.8939
1996-08-26,4.8866
1996-08-27,4.8914
1996-08-28,4.8916
1996-08-29,4.8931
1996-08-30,4.893
1996-09-01,4.893
1996-09-02,4.9133
1996-09-03,4.9148
1996-09-04,4.9273
1996-09-05,4.9337
1996-09-06,4.9323
1996-09-08,4.9323
1996-09-09,4.9196
1996-09-10,4.9168
1996-09-11,4.9253
1996-09-12,4.9262
1996-09-16,4.9206
1996-09-17,4.9293
1996-09-18,4.9438
1996-09-19,4.9405
1996-09-20,4.9286
1996-09-24,4.9442
1996-09-25,4.9572
1996-09-26,4.97
1996-09-27,4.981
1996-09-29,4.981
1996-09-30,5.0325
1996-10-01,4.9972
1996-10-02,4.9885
1996-10-03,4.9932
1996-10-04,4.9917
1996-10-06,4.9917
1996-10-07,4.9883
1996-10-08,4.9792
1996-10-09,4.9938
1996-10-10,4.9964
1996-10-11,5.0226
1996-10-13,5.0226
1996-10-14,5.0354
1996-10-15,5.0623
1996-10-16,5.0782
1996-10-17,5.138
1996-10-18,5.1822
1996-10-20,5.1822
1996-10-21,5.2027
1996-10-22,5.1868
1996-10-23,5.2024
1996-10-24,5.2206
1996-10-25,5.2342
1996-10-27,5.2342
1996-10-28,5.2471
1996-10-29,5.2371
1996-10-30,5.3188
1996-10-31,5.3294
1996-11-01,5.3579
1996-11-03,5.3579
1996-11-04,5.3183
1996-11-05,5.3615
1996-11-06,5.3322
1996-11-07,5.3329
1996-11-08,5.3599
1996-11-10,5.3599
1996-11-11,5.3428
1996-11-12,5.3453
1996-11-13,5.3432
1996-11-14,5.3856
1996-11-15,5.3924
1996-11-17,5.3924
1996-11-18,5.3802
1996-11-19,5.4064
1996-11-20,5.423
1996-11-21,5.4807
1996-11-22,5.4709
1996-11-24,5.4709
1996-11-25,5.4611
1996-11-26,5.4077
1996-11-27,5.4543
1996-11-28,5.4662
1996-11-29,5.4738
1996-12-01,5.4738
1996-12-02,5.5088
1996-12-03,5.5013
1996-12-04,5.4125
1996-12-05,5.3196
1996-12-06,5.3687
1996-12-08,5.3687
1996-12-09,5.3917
1996-12-10,5.4156
1996-12-11,5.44
1996-12-12,5.4235
1996-12-13,5.4357
1996-12-15,5.4357
1996-12-16,5.4415
1996-12-17,5.4563
1996-12-18,5.4801
1996-12-19,5.469
1996-12-20,5.4517
1996-12-22,5.4517
1996-12-23,5.4792
1996-12-24,5.4666
1996-12-25,5.4666
1996-12-26,5.4666
1996-12-27,5.4824
1996-12-29,5.4824
1996-12-31,5.5259
1997-01-02,5.5227
1997-01-03,5.4978
1997-01-05,5.4978
1997-01-06,5.4874
1997-01-07,5.4921
1997-01-08,5.48
1997-01-09,5.4953
1997-01-10,5.4983
1997-01-13,5.4549
1997-01-14,5.4481
1997-01-15,5.4674
1997-01-16,5.4758
1997-01-17,5.474
1997-01-20,5.4635
1997-01-21,5.4669
1997-01-22,5.4671
1997-01-23,5.3946
1997-01-24,5.3866
1997-01-27,5.3567
1997-01-28,5.332
1997-01-29,5.3686
1997-01-30,5.3671
1997-01-31,5.2949
1997-02-03,5.3232
1997-02-04,5.3829
1997-02-05,5.4006
1997-02-06,5.4438
1997-02-07,5.4324
1997-02-10,5.4301
1997-02-11,5.4612
1997-02-12,5.4538
1997-02-13,5.4515
1997-02-17,5.4298
1997-02-18,5.3821
1997-02-19,5.4182
1997-02-20,5.3928
1997-02-24,5.4354
1997-02-25,5.4691
1997-02-26,5.4666
1997-02-27,5.4505
1997-03-03,5.4386
1997-03-04,5.4427
1997-03-05,5.4256
1997-03-06,5.4254
1997-03-07,5.4148
1997-03-10,5.3842
1997-03-11,5.4065
1997-03-12,5.3675
1997-03-13,5.3931
1997-03-14,5.3796
1997-03-17,5.3583
1997-03-18,5.3426
1997-03-19,5.3672
1997-03-20,5.3579
1997-03-21,5.375
1997-03-25,5.4388
1997-03-26,5.4586
1997-03-27,5.4863
1997-04-01,5.5192
1997-04-02,5.5152
1997-04-03,5.5095
1997-04-04,5.5094
1997-04-07,5.5005
1997-04-08,5.4936
1997-04-09,5.5071
1997-04-10,5.4984
1997-04-11,5.5076
1997-04-14,5.522
1997-04-15,5.5442
1997-04-16,5.5092
1997-04-17,5.5434
1997-04-18,5.5539
1997-04-23,5.5553
1997-04-24,5.5055
1997-04-25,5.5236
1997-04-29,5.5327
1997-04-30,5.5493
1997-05-01,5.5355
1997-05-02,5.4836
1997-05-05,5.5289
1997-05-06,5.5697
1997-05-07,5.5788
1997-05-08,5.5209
1997-05-09,5.5244
1997-05-13,5.5236
1997-05-14,5.5618
1997-05-15,5.5707
1997-05-16,5.5706
1997-05-19,5.5519
1997-05-20,5.5829
1997-05-21,5.6078
1997-05-22,5.5705
1997-05-23,5.5306
1997-05-27,5.5353
1997-05-28,5.5505
1997-05-29,5.5627
1997-05-30,5.5638
1997-06-02,5.5732
1997-06-03,5.5776
1997-06-04,5.5564
1997-06-05,5.562
1997-06-06,5.5579
1997-06-09,5.5623
1997-06-10,5.5647
1997-06-12,5.5681
1997-06-13,5.575
1997-06-16,5.5893
1997-06-17,5.6008
1997-06-18,5.603
1997-06-19,5.613
1997-06-20,5.6638
1997-06-23,5.7817
1997-06-24,5.8533
1997-06-25,5.8692
1997-06-26,5.9682
1997-06-27,5.9947
1997-06-30,5.9698
1997-07-01,5.9054
1997-07-02,5.806
1997-07-03,5.8899
1997-07-04,5.9937
1997-07-07,6.0048
1997-07-08,6.0482
1997-07-09,6.0139
1997-07-10,5.9976
1997-07-11,6.0263
1997-07-14,6.0043
1997-07-15,6.0115
1997-07-16,5.959
1997-07-17,5.9151
1997-07-18,5.9112
1997-07-21,5.9064
1997-07-22,5.917
1997-07-23,5.9111
1997-07-24,5.8967
1997-07-25,5.9122
1997-07-28,5.8531
1997-07-29,5.771
1997-07-30,5.7651
1997-07-31,5.7934
1997-08-01,5.7989
1997-08-04,5.7683
1997-08-05,5.7657
1997-08-06,5.6553
1997-08-07,5.6325
1997-08-08,5.6192
1997-08-11,5.6259
1997-08-13,5.5673
1997-08-14,5.591
1997-08-15,5.6112
1997-08-18,5.6641
1997-08-19,5.6742
1997-08-20,5.6343
1997-08-21,5.6383
1997-08-22,5.6169
1997-08-25,5.6602
1997-08-26,5.6925
1997-08-27,5.6657
1997-08-28,5.6717
1997-08-29,5.6885
1997-09-01,5.657
1997-09-02,5.6175
1997-09-03,5.5899
1997-09-04,5.5655
1997-09-05,5.5882
1997-09-08,5.5662
1997-09-09,5.5746
1997-09-10,5.5707
1997-09-11,5.5793
1997-09-12,5.6112
1997-09-15,5.6221
1997-09-16,5.5803
1997-09-17,5.5982
1997-09-18,5.6264
1997-09-19,5.6356
1997-09-22,5.6256
1997-09-23,5.6545
1997-09-24,5.6501
1997-09-25,5.6792
1997-09-26,5.632
1997-09-29,5.6708
1997-09-30,5.641
1997-10-06,5.6514
1997-10-07,5.6636
1997-10-08,5.6515
1997-10-09,5.6596
1997-10-13,5.672
1997-10-14,5.6573
1997-10-15,5.6961
1997-10-17,5.7024
1997-10-20,5.7392
1997-10-21,5.769
1997-10-22,5.7794
1997-10-24,5.824
1997-10-27,5.8359
1997-10-28,5.9416
1997-10-29,5.8999
1997-10-30,5.9051
1997-10-31,5.9148
1997-11-03,5.9115
1997-11-04,5.9536
1997-11-05,5.9371
1997-11-06,5.9468
1997-11-07,5.9725
1997-11-10,5.9485
1997-11-11,6.0311
1997-11-12,6.037
1997-11-13,6.0053
1997-11-14,5.9843
1997-11-17,5.9538
1997-11-18,5.9721
1997-11-19,5.9508
1997-11-20,5.9913
1997-11-21,5.977
1997-11-24,5.9735
1997-11-25,5.9646
1997-11-26,5.9184
1997-11-27,5.9183
1997-11-28,5.9323
1997-12-01,5.9369
1997-12-02,5.9419
1997-12-08,5.8555
1997-12-09,5.8138
1997-12-10,5.8206
1997-12-11,5.8367
1997-12-12,5.8672
1997-12-15,5.7944
1997-12-16,5.7788
1997-12-17,5.8406
1997-12-18,5.8619
1997-12-19,5.8817
1997-12-22,5.8869
1997-12-23,5.8906
1997-12-24,5.8965
1997-12-29,5.9123
1997-12-30,5.8502
1997-12-31,5.8432
1998-01-02,5.8091
1998-01-05,5.8404
1998-01-06,5.7981
1998-01-07,5.7799
1998-01-08,5.7716
1998-01-09,5.7664
1998-01-12,5.7492
1998-01-13,5.8171
1998-01-14,5.8411
1998-01-15,5.851
1998-01-16,5.8921
1998-01-19,5.8853
1998-01-20,5.8866
1998-01-21,5.8211
1998-01-22,5.8772
1998-01-23,5.9388
1998-01-26,5.948
1998-01-27,5.9041
1998-01-28,5.8588
1998-01-29,5.8919
1998-01-30,5.8933
1998-02-02,5.8598
1998-02-03,5.8773
1998-02-04,5.9156
1998-02-05,5.9174
1998-02-06,5.8998
1998-02-09,5.874
1998-02-10,5.8469
1998-02-11,5.8637
1998-02-12,5.8944
1998-02-13,5.8937
1998-02-16,5.9018
1998-02-17,5.9011
1998-02-18,5.8976
1998-02-19,5.9051
1998-02-20,5.9112
1998-02-23,5.8981
1998-02-24,5.9141
1998-02-25,5.9128
1998-02-26,5.8886
1998-02-27,5.9046
1998-03-02,5.9073
1998-03-03,5.889
1998-03-04,5.895
1998-03-05,5.8958
1998-03-06,5.8744
1998-03-09,5.8665
1998-03-10,5.8663
1998-03-11,5.8921
1998-03-16,5.9711
1998-03-17,5.9778
1998-03-18,5.9868
1998-03-19,5.9887
1998-03-20,5.9772
1998-03-23,6.0303
1998-03-24,6.0225
1998-03-25,6.0086
1998-03-26,6.0072
1998-03-27,6.052
1998-03-30,6.05
1998-03-31,6.0419
1998-04-01,6.0314
1998-04-02,6.04
1998-04-03,6.0497
1998-04-06,6.1418
1998-04-07,6.1411
1998-04-08,6.132
1998-04-09,6.1703
1998-04-14,6.283
1998-04-15,6.2671
1998-04-16,6.2888
1998-04-20,6.2613
1998-04-21,6.2991
1998-04-22,6.2981
1998-04-23,6.23
1998-04-24,6.2444
1998-04-27,6.1811
1998-04-28,6.204
1998-04-29,6.1807
1998-05-04,6.1686
1998-05-05,6.1418
1998-05-06,6.1361
1998-05-07,6.1075
1998-05-08,6.0446
1998-05-11,6.0113
1998-05-12,5.9937
1998-05-13,5.999
1998-05-14,5.95
1998-05-15,5.9774
1998-05-18,5.9233
1998-05-19,5.941
1998-05-20,5.9452
1998-05-21,5.9324
1998-05-22,5.9416
1998-05-26,5.9461
1998-05-27,5.9736
1998-05-28,5.9157
1998-05-29,5.9364
1998-06-01,5.9555
1998-06-02,5.9674
1998-06-03,5.9694
1998-06-04,6.0085
1998-06-05,5.9827
1998-06-08,5.9731
1998-06-09,5.9944
1998-06-10,5.9848
1998-06-11,5.9865
1998-06-12,6.0037
1998-06-15,6.0242
1998-06-16,6.0738
1998-06-17,6.0786
1998-06-18,6.1467
1998-06-19,6.1386
1998-06-22,6.1072
1998-06-23,6.0989
1998-06-24,6.098
1998-06-25,6.1177
1998-06-26,6.1274
1998-06-29,6.0997
1998-06-30,6.1067
1998-07-01,6.0901
1998-07-02,6.0906
1998-07-03,6.086
1998-07-06,6.0364
1998-07-07,5.9993
1998-07-08,6.0049
1998-07-09,5.9724
1998-07-10,5.9898
1998-07-13,5.9972
1998-07-14,5.9865
1998-07-15,6.0002
1998-07-16,5.9658
1998-07-17,5.9884
1998-07-20,6.0079
1998-07-21,6.0222
1998-07-22,5.9924
1998-07-23,6.0157
1998-07-24,6.0544
1998-07-27,6.0663
1998-07-28,6.0392
1998-07-29,6.0158
1998-07-30,5.9977
1998-07-31,5.9718
1998-08-03,5.9242
1998-08-04,5.9575
1998-08-05,5.9756
1998-08-06,5.9614
1998-08-07,6.0649
1998-08-10,6.0075
1998-08-11,6.0151
1998-08-12,6.0029
1998-08-13,5.9883
1998-08-14,5.9727
1998-08-17,5.9497
1998-08-18,5.9582
1998-08-19,5.9833
1998-08-20,6.0334
1998-08-21,6.0864
1998-08-24,6.1041
1998-08-25,6.1055
1998-08-26,6.1147
1998-08-27,6.2211
1998-08-28,6.4238
1998-08-31,6.3351
1998-09-01,6.4308
1998-09-02,6.3482
1998-09-03,6.4649
1998-09-04,6.4312
1998-09-07,6.4571
1998-09-08,6.3845
1998-09-09,6.38
1998-09-10,6.4571
1998-09-11,6.5002
1998-09-14,6.4235
1998-09-15,6.4471
1998-09-16,6.422
1998-09-17,6.5089
1998-09-18,6.4611
1998-09-23,6.4483
1998-09-24,6.4853
1998-09-25,6.5421
1998-09-28,6.5438
1998-10-01,6.5977
1998-10-02,6.7171
1998-10-06,6.7509
1998-10-07,6.9001
1998-10-08,7.4365
1998-10-09,7.2588
1998-10-13,7.1209
1998-10-14,7.1158
1998-10-15,7.1364
1998-10-16,7.133
1998-10-19,7.2152
1998-10-20,7.3765
1998-10-21,7.4161
1998-10-22,7.3833
1998-10-23,7.1933
1998-10-26,7.048
1998-10-27,6.9751
1998-10-28,7.0115
1998-10-29,7.1981
1998-10-30,7.1462
1998-11-02,7.1636
1998-11-03,7.1211
1998-11-04,7.1293
1998-11-05,7.1208
1998-11-06,7.1861
1998-11-09,7.1792
1998-11-10,7.1364
1998-11-11,7.0834
1998-11-12,7.0585
1998-11-13,7.004
1998-11-16,6.9609
1998-11-17,6.9704
1998-11-18,6.9258
1998-11-19,6.9514
1998-11-20,6.9627
1998-11-23,6.9311
1998-11-24,6.9026
1998-11-25,6.916
1998-11-26,6.8935
1998-11-27,6.9733
1998-11-30,6.8955
1998-12-01,6.9149
1998-12-02,6.9308
1998-12-03,6.9868
1998-12-04,6.9776
1998-12-07,6.9435
1998-12-08,6.9047
1998-12-09,6.9018
1998-12-10,6.9175
1998-12-11,6.9328
1998-12-14,7.0042
1998-12-15,7.028
1998-12-16,7.0079
1998-12-17,7.0197
1998-12-18,7.0596
1998-12-21,7.0547
1998-12-22,7.0354
1998-12-23,7.0107
1998-12-24,7.0074
1998-12-28,6.989
1998-12-29,6.9876
1998-12-30,6.9676
1998-12-31,6.9218
1999-01-04,6.8705
1999-01-05,6.7936
1999-01-06,6.7607
1999-01-07,6.7087
1999-01-08,6.6973
1999-01-11,6.6763
1999-01-12,6.6149
1999-01-13,6.7427
1999-01-14,6.7193
1999-01-15,6.7762
1999-01-18,6.7025
1999-01-19,6.7422
1999-01-20,6.696
1999-01-21,6.7105
1999-01-22,6.7588
1999-01-25,6.7611
1999-01-26,6.7773
1999-01-27,6.7495
1999-01-28,6.7564
1999-01-29,6.7574
1999-02-01,6.6981
1999-02-02,6.704
1999-02-03,6.688
1999-02-04,6.6551
1999-02-05,6.7098
1999-02-08,6.6641
1999-02-09,6.6941
1999-02-10,6.6484
1999-02-11,6.6149
1999-02-12,6.6007
1999-02-15,6.6043
1999-02-16,6.6023
1999-02-17,6.6389
1999-02-18,6.65
1999-02-19,6.6416
1999-02-22,6.5818
1999-02-23,6.5557
1999-02-24,6.4972
1999-02-25,6.4975
1999-02-26,6.479
1999-03-01,6.5015
1999-03-04,6.5007
1999-03-05,6.4772
1999-03-08,6.4871
1999-03-09,6.4825
1999-03-10,6.5111
1999-03-11,6.5265
1999-03-12,6.5756
1999-03-15,6.5345
1999-03-16,6.5533
1999-03-17,6.5394
1999-03-18,6.5414
1999-03-19,6.5454
1999-03-22,6.5469
1999-03-23,6.5556
1999-03-24,6.6182
1999-03-25,6.6434
1999-03-26,6.576
1999-03-29,6.5218
1999-03-30,6.5074
1999-04-06,6.4515
1999-04-08,6.4863
1999-04-09,6.4871
1999-04-12,6.5113
1999-04-13,6.5081
1999-04-14,6.5171
1999-04-15,6.5089
1999-04-16,6.4651
1999-04-19,6.504
1999-04-20,6.5183
1999-04-22,6.4957
1999-04-23,6.5379
1999-04-26,6.5736
1999-04-27,6.609
1999-04-28,6.6984
1999-04-29,6.6972
1999-04-30,6.6939
1999-05-03,6.6666
1999-05-04,6.6538
1999-05-05,6.6642
1999-05-06,6.7088
1999-05-07,6.737
1999-05-10,6.7246
1999-05-11,6.7355
1999-05-12,6.7009
1999-05-13,6.699
1999-05-14,6.632
1999-05-18,6.6107
1999-05-19,6.6176
1999-05-20,6.6015
1999-05-24,6.5758
1999-05-25,6.6101
1999-05-26,6.6117
1999-05-27,6.5581
1999-05-28,6.5816
1999-06-01,6.5645
1999-06-02,6.5936
1999-06-03,6.5937
1999-06-04,6.5859
1999-06-07,6.5751
1999-06-08,6.5439
1999-06-09,6.5564
1999-06-10,6.5402
1999-06-11,6.5818
1999-06-14,6.5711
1999-06-15,6.5134
1999-06-16,6.4787
1999-06-17,6.4784
1999-06-18,6.4934
1999-06-21,6.4966
1999-06-22,6.4983
1999-06-23,6.5007
1999-06-24,6.5144
1999-06-25,6.5541
1999-06-28,6.4673
1999-06-29,6.4465
1999-06-30,6.4185
1999-07-01,6.4198
1999-07-02,6.4102
1999-07-05,6.4622
1999-07-06,6.4077
1999-07-07,6.3693
1999-07-08,6.358
1999-07-09,6.3588
1999-07-12,6.3438
1999-07-13,6.3785
1999-07-14,6.3714
1999-07-15,6.3902
1999-07-16,6.4024
1999-07-19,6.3511
1999-07-20,6.4159
1999-07-21,6.432
1999-07-23,6.5082
1999-07-26,6.5158
1999-07-27,6.5525
1999-07-28,6.5429
1999-07-29,6.6204
1999-07-30,6.7409
1999-08-02,6.7612
1999-08-03,6.72
1999-08-04,6.7598
1999-08-05,6.7664
1999-08-06,6.7486
1999-08-09,6.6974
1999-08-10,6.7735
1999-08-11,6.7504
1999-08-12,6.724
1999-08-13,6.7678
1999-08-16,6.7168
1999-08-17,6.7161
1999-08-18,6.7365
1999-08-19,6.745
1999-08-20,6.862
1999-08-23,6.8009
1999-08-24,6.7233
1999-08-25,6.7403
1999-08-26,6.7611
1999-08-27,6.7164
1999-08-30,6.7236
1999-08-31,6.81
1999-09-01,6.8066
1999-09-02,6.7988
1999-09-03,6.8151
1999-09-06,6.7624
1999-09-07,6.7659
1999-09-08,6.8674
1999-09-09,6.9078
1999-09-13,6.8445
1999-09-14,6.7953
1999-09-15,6.7891
1999-09-16,6.8524
1999-09-17,6.8652
1999-09-21,6.9147
1999-09-22,6.9595
1999-09-23,6.991
1999-09-24,7.0456
1999-09-27,7.0523
1999-09-28,7.0506
1999-09-29,7.0414
1999-09-30,7.0428
1999-10-01,7.0394
1999-10-04,7.0594
1999-10-05,7.0407
1999-10-06,7.0549
1999-10-07,7.045
1999-10-08,7.0376
1999-10-11,7.0508
1999-10-12,7.0387
1999-10-13,7.0587
1999-10-14,7.0608
1999-10-15,7.1028
1999-10-18,7.1384
1999-10-19,7.1366
1999-10-20,7.1188
1999-10-21,7.1629
1999-10-22,7.1637
1999-10-25,7.0923
1999-10-26,7.0492
1999-10-27,7.0349
1999-10-28,6.9988
1999-10-29,6.9636
1999-11-01,6.9921
1999-11-02,6.973
1999-11-03,6.9905
1999-11-04,6.9234
1999-11-05,6.8451
1999-11-08,6.842
1999-11-09,6.8471
1999-11-10,6.8281
1999-11-11,6.8258
1999-11-12,6.8064
1999-11-15,6.8541
1999-11-16,6.8648
1999-11-17,6.8508
1999-11-18,6.8632
1999-11-19,6.8367
1999-11-22,6.8769
1999-11-23,6.8741
1999-11-24,6.8215
1999-11-25,6.8335
1999-11-26,6.8314
1999-11-29,6.7787
1999-11-30,6.7507
1999-12-01,6.7699
1999-12-02,6.7518
1999-12-03,6.7682
1999-12-06,6.813
1999-12-07,6.8732
1999-12-08,6.8908
1999-12-09,6.8593
1999-12-10,6.852
1999-12-13,6.8185
1999-12-14,6.7575
1999-12-15,6.7279
1999-12-16,6.7691
1999-12-17,6.7747
1999-12-20,6.7041
1999-12-21,6.7171
1999-12-22,6.7249
1999-12-23,6.7088
1999-12-24,6.7331
1999-12-27,6.7302
1999-12-28,6.7005
1999-12-29,6.7132
1999-12-30,6.7108
2000-01-03,6.6642
2000-01-04,6.7876
2000-01-05,6.799
2000-01-06,6.8446
2000-01-07,6.8217
2000-01-10,6.7317
2000-01-11,6.7474
2000-01-12,6.7819
2000-01-13,6.7539
2000-01-14,6.7474
2000-01-17,6.6671
2000-01-18,6.631
2000-01-19,6.6931
2000-01-20,6.7375
2000-01-21,6.7858
2000-01-24,6.7774
2000-01-25,6.7574
2000-01-26,6.7098
2000-01-27,6.6941
2000-01-28,6.6282
2000-01-31,6.6247
2000-02-01,6.5681
2000-02-02,6.5296
2000-02-03,6.4834
2000-02-04,6.4398
2000-02-07,6.4807
2000-02-08,6.5107
2000-02-09,6.5461
2000-02-10,6.544
2000-02-11,6.5134
2000-02-14,6.4447
2000-02-15,6.4348
2000-02-16,6.4658
2000-02-17,6.5173
2000-02-18,6.5066
2000-02-21,6.4822
2000-02-22,6.512
2000-02-23,6.5064
2000-02-24,6.4599
2000-02-25,6.4543
2000-02-28,6.419
2000-02-29,6.4179
2000-03-01,6.3807
2000-03-02,6.3676
2000-03-03,6.3537
2000-03-06,6.3132
2000-03-07,6.2908
2000-03-08,6.3389
2000-03-09,6.3002
2000-03-10,6.2883
2000-03-13,6.2756
2000-03-14,6.2377
2000-03-15,6.2443
2000-03-16,6.2546
2000-03-17,6.2492
2000-03-20,6.2459
2000-03-23,6.4044
2000-03-24,6.4305
2000-03-27,6.4137
2000-03-28,6.3343
2000-03-29,6.3597
2000-03-30,6.4054
2000-03-31,6.4215
2000-04-03,6.4569
2000-04-04,6.4407
2000-04-05,6.4542
2000-04-06,6.3968
2000-04-07,6.3863
2000-04-10,6.3685
2000-04-11,6.4056
2000-04-12,6.3947
2000-04-13,6.4115
2000-04-14,6.3921
2000-04-17,6.4686
2000-04-18,6.4079
2000-04-25,6.3522
2000-04-27,6.3515
2000-04-28,6.3426
2000-05-02,6.3838
2000-05-03,6.3737
2000-05-04,6.3163
2000-05-05,6.3091
2000-05-08,6.2998
2000-05-09,6.3318
2000-05-11,6.2288
2000-05-12,6.2681
2000-05-15,6.2648
2000-05-16,6.2121
2000-05-17,6.1691
2000-05-18,6.1497
2000-05-19,6.1754
2000-05-22,6.2331
2000-05-23,6.2097
2000-05-24,6.186
2000-05-25,6.1428
2000-05-26,6.1459
2000-05-30,6.2658
2000-05-31,6.2293
2000-06-01,6.2141
2000-06-02,6.2014
2000-06-05,6.2486
2000-06-06,6.2486
2000-06-07,6.3139
2000-06-08,6.2814
2000-06-12,6.1956
2000-06-13,6.216
2000-06-14,6.1739
2000-06-15,6.1746
2000-06-16,6.2
2000-06-19,6.1805
2000-06-20,6.181
2000-06-21,6.1657
2000-06-22,6.1626
2000-06-23,6.1596
2000-06-26,6.1326
2000-06-27,6.113
2000-06-28,6.1661
2000-06-29,6.1995
2000-06-30,6.1756
2000-07-03,6.1493
2000-07-04,6.1617
2000-07-05,6.1559
2000-07-06,6.1689
2000-07-07,6.1628
2000-07-10,6.2204
2000-07-11,6.1929
2000-07-12,6.1914
2000-07-13,6.1374
2000-07-14,6.1544
2000-07-17,6.1229
2000-07-18,6.1333
2000-07-19,6.1412
2000-07-20,6.1357
2000-07-21,6.2043
2000-07-24,6.2062
2000-07-25,6.1931
2000-07-26,6.2143
2000-07-27,6.1938
2000-07-28,6.1886
2000-07-31,6.1167
2000-08-01,6.1222
2000-08-02,6.071
2000-08-03,6.074
2000-08-04,6.1023
2000-08-07,6.1414
2000-08-08,6.1428
2000-08-09,6.0988
2000-08-11,6.0957
2000-08-14,6.099
2000-08-15,6.0797
2000-08-16,6.0648
2000-08-17,6.0468
2000-08-18,6.0434
2000-08-21,6.0141
2000-08-22,5.9799
2000-08-23,5.9833
2000-08-24,5.9693
2000-08-25,5.9827
2000-08-28,5.9396
2000-08-29,5.8982
2000-08-30,5.8086
2000-08-31,5.8292
2000-09-01,5.8148
2000-09-04,5.8788
2000-09-05,5.828
2000-09-06,5.8362
2000-09-07,5.7823
2000-09-08,5.7723
2000-09-11,5.6988
2000-09-12,5.6771
2000-09-13,5.6948
2000-09-14,5.7155
2000-09-15,5.6924
2000-09-18,5.6673
2000-09-19,5.7037
2000-09-20,5.7281
2000-09-21,5.7589
2000-09-22,5.8936
2000-09-25,5.8995
2000-09-26,5.8746
2000-09-27,5.9076
2000-09-28,5.8962
2000-10-02,5.9351
2000-10-03,5.905
2000-10-04,5.8796
2000-10-05,5.8872
2000-10-06,5.8774
2000-10-10,5.9631
2000-10-11,5.9541
2000-10-12,6.0566
2000-10-13,6.0826
2000-10-16,5.9439
2000-10-17,5.9574
2000-10-18,5.9284
2000-10-19,5.9459
2000-10-20,5.9619
2000-10-23,6.0204
2000-10-24,6.0443
2000-10-25,5.9692
2000-10-26,5.8785
2000-10-27,5.9361
2000-10-30,6.0425
2000-10-31,5.9929
2000-11-01,5.9596
2000-11-02,5.9603
2000-11-03,5.9316
2000-11-06,5.9377
2000-11-07,5.865
2000-11-08,5.868
2000-11-09,5.8289
2000-11-10,5.8918
2000-11-13,5.8962
2000-11-14,5.889
2000-11-15,5.8712
2000-11-16,5.854
2000-11-17,5.8437
2000-11-20,5.8354
2000-11-21,5.8326
2000-11-22,5.8335
2000-11-23,5.7874
2000-11-24,5.7484
2000-11-27,5.7759
2000-11-28,5.8245
2000-11-29,5.8377
2000-11-30,5.7967
2000-12-01,5.8798
2000-12-04,5.9571
2000-12-05,5.9125
2000-12-06,5.8683
2000-12-07,5.9127
2000-12-08,5.9115
2000-12-11,5.9619
2000-12-12,5.9236
2000-12-13,5.9242
2000-12-14,5.9969
2000-12-15,6.0368
2000-12-18,6.0009
2000-12-19,5.9817
2000-12-20,5.9766
2000-12-21,6.0182
2000-12-22,5.991
2000-12-27,6.0207
2000-12-28,6.0276
2000-12-29,6.0322
2001-01-02,6.0819
2001-01-03,6.1725
2001-01-04,6.0822
2001-01-05,6.1513
2001-01-08,6.1833
2001-01-09,6.1379
2001-01-10,6.1324
2001-01-11,6.1701
2001-01-12,6.1504
2001-01-15,6.0599
2001-01-16,6.0523
2001-01-17,6.0581
2001-01-18,6.0728
2001-01-19,6.0867
2001-01-22,6.044
2001-01-23,6.0877
2001-01-24,6.0835
2001-01-25,5.9988
2001-01-26,6.0638
2001-01-29,6.0492
2001-01-30,6.0605
2001-01-31,6.0423
2001-02-01,6.1215
2001-02-02,6.142
2001-02-05,6.106
2001-02-07,6.0462
2001-02-08,6.0032
2001-02-09,5.9324
2001-02-12,5.9655
2001-02-13,5.9655
2001-02-14,5.971
2001-02-15,5.9407
2001-02-16,5.9689
2001-02-19,5.976
2001-02-20,5.911
2001-02-21,5.952
2001-02-22,5.9722
2001-02-23,5.965
2001-02-26,5.9877
2001-02-27,5.9392
2001-02-28,5.9558
2001-03-01,5.9715
2001-03-02,6.0145
2001-03-05,6.0621
2001-03-06,6.0467
2001-03-07,6.0275
2001-03-08,6.0578
2001-03-12,6.0403
2001-03-13,5.9982
2001-03-14,6.032
2001-03-15,6.021
2001-03-16,5.9934
2001-03-19,5.9728
2001-03-20,5.9795
2001-03-21,6.0168
2001-03-22,5.9812
2001-03-23,6.015
2001-03-26,5.9945
2001-03-27,6.0059
2001-03-28,6.0236
2001-03-29,6.0653
2001-03-30,5.9763
2001-04-02,5.9836
2001-04-03,6.0178
2001-04-04,6.0453
2001-04-05,6.0031
2001-04-06,5.9914
2001-04-09,6.0546
2001-04-10,6.0155
2001-04-11,5.9817
2001-04-12,5.9925
2001-04-16,5.9924
2001-04-17,6.0219
2001-04-18,5.9478
2001-04-19,5.9485
2001-04-20,5.9967
2001-04-23,5.9832
2001-04-24,5.9724
2001-04-25,5.9674
2001-04-27,5.9874
2001-04-30,5.9314
2001-05-01,5.9196
2001-05-02,5.9263
2001-05-03,5.9319
2001-05-04,5.9569
2001-05-07,5.9667
2001-05-08,5.9439
2001-05-09,5.8952
2001-05-10,5.9187
2001-05-11,5.8763
2001-05-14,5.8828
2001-05-15,5.8936
2001-05-16,5.9265
2001-05-17,5.9155
2001-05-18,5.9047
2001-05-21,5.9552
2001-05-22,5.92
2001-05-23,5.88
2001-05-24,5.842
2001-05-25,5.8318
2001-05-29,5.8452
2001-05-30,5.8553
2001-05-31,5.8604
2001-06-01,5.874
2001-06-04,5.899
2001-06-05,5.8492
2001-06-06,5.8083
2001-06-07,5.7316
2001-06-08,5.7347
2001-06-11,5.7419
2001-06-12,5.711
2001-06-13,5.72
2001-06-14,5.7927
2001-06-15,5.861
2001-06-18,5.8473
2001-06-19,5.8159
2001-06-20,5.8019
2001-06-21,5.8926
2001-06-22,5.9266
2001-06-25,5.9117
2001-06-26,5.9025
2001-06-27,5.9166
2001-06-28,5.878
2001-06-29,5.8531
2001-07-02,5.906
2001-07-03,5.8994
2001-07-04,5.8655
2001-07-05,5.8847
2001-07-06,5.8659
2001-07-09,5.9117
2001-07-10,5.9165
2001-07-11,5.9487
2001-07-12,5.9048
2001-07-13,5.8913
2001-07-16,5.886
2001-07-17,5.8958
2001-07-18,5.9324
2001-07-19,5.9623
2001-07-20,6.0094
2001-07-23,5.9668
2001-07-24,5.9424
2001-07-25,5.991
2001-07-26,5.988
2001-07-27,5.997
2001-07-30,5.9945
2001-07-31,5.9968
2001-08-01,6.0274
2001-08-02,6.0385
2001-08-03,6.0304
2001-08-06,6.0027
2001-08-07,5.9985
2001-08-08,5.9929
2001-08-09,6.011
2001-08-10,6.0509
2001-08-13,6.0278
2001-08-14,6.0156
2001-08-15,6.0973
2001-08-16,6.1261
2001-08-17,6.0961
2001-08-20,6.1185
2001-08-21,6.1384
2001-08-22,6.1667
2001-08-23,6.1164
2001-08-24,6.114
2001-08-27,6.1024
2001-08-28,6.0972
2001-08-29,6.193
2001-08-30,6.1704
2001-08-31,6.2215
2001-09-03,6.1944
2001-09-04,6.1778
2001-09-05,6.209
2001-09-06,6.2301
2001-09-07,6.252
2001-09-10,6.3276
2001-09-11,6.3239
2001-09-12,6.3573
2001-09-13,6.3608
2001-09-14,6.3582
2001-09-20,6.3617
2001-09-21,6.354
2001-09-24,6.3826
2001-09-25,6.3861
2001-09-28,6.4016
2001-10-01,6.4326
2001-10-03,6.4237
2001-10-04,6.4184
2001-10-05,6.4126
2001-10-08,6.3764
2001-10-10,6.2916
2001-10-11,6.2278
2001-10-12,6.248
2001-10-15,6.2455
2001-10-16,6.1942
2001-10-17,6.2268
2001-10-18,6.2098
2001-10-19,6.2224
2001-10-22,6.1336
2001-10-23,6.097
2001-10-24,6.1432
2001-10-25,6.1432
2001-10-26,6.1532
2001-10-29,6.2179
2001-10-30,6.2481
2001-10-31,6.2299
2001-11-01,6.2614
2001-11-02,6.256
2001-11-05,6.1882
2001-11-06,6.214
2001-11-07,6.2469
2001-11-08,6.2186
2001-11-09,6.1306
2001-11-12,6.1351
2001-11-13,6.0913
2001-11-14,6.0814
2001-11-15,6.0765
2001-11-16,6.0703
2001-11-19,6.008
2001-11-20,5.9907
2001-11-21,5.9977
2001-11-22,5.9737
2001-11-23,5.9537
2001-11-26,6.0196
2001-11-27,5.9743
2001-11-28,5.9857
2001-11-29,6.0257
2001-11-30,6.0289
2001-12-03,6.0313
2001-12-04,6.0504
2001-12-05,6.0283
2001-12-06,6.0031
2001-12-07,6.0168
2001-12-10,6.0255
2001-12-11,6.0562
2001-12-12,6.0845
2001-12-13,6.1122
2001-12-14,6.1576
2001-12-17,6.1673
2001-12-18,6.1644
2001-12-19,6.1672
2001-12-20,6.1807
2001-12-21,6.2718
2001-12-24,6.2292
2001-12-26,6.3091
2001-12-27,6.324
2001-12-28,6.3512
2001-12-31,6.4001
2002-01-02,6.4212
2002-01-03,6.4653
2002-01-04,6.4628
2002-01-07,6.4861
2002-01-08,6.4619
2002-01-09,6.4331
2002-01-10,6.4497
2002-01-11,6.4859
2002-01-14,6.5059
2002-01-15,6.5178
2002-01-16,6.5136
2002-01-17,6.5043
2002-01-18,6.4752
2002-01-21,6.5365
2002-01-22,6.5434
2002-01-23,6.5738
2002-01-24,6.5467
2002-01-25,6.5311
2002-01-28,6.4921
2002-01-29,6.5498
2002-01-30,6.5343
2002-01-31,6.5038
2002-02-01,6.4711
2002-02-04,6.5215
2002-02-05,6.5707
2002-02-06,6.5483
2002-02-07,6.5742
2002-02-08,6.5933
2002-02-11,6.7531
2002-02-12,6.7347
2002-02-13,6.6569
2002-02-14,6.6128
2002-02-15,6.6175
2002-02-18,6.6849
2002-02-19,6.7232
2002-02-20,6.7276
2002-02-21,6.6894
2002-02-22,6.7057
2002-02-25,6.6202
2002-02-28,6.5422
2002-03-01,6.6392
2002-03-04,6.6294
2002-03-05,6.6716
2002-03-06,6.7052
2002-03-07,6.6589
2002-03-08,6.6417
2002-03-11,6.6215
2002-03-12,6.613
2002-03-13,6.5936
2002-03-14,6.615
2002-03-15,6.6165
2002-03-18,6.6176
2002-03-19,6.6111
2002-03-20,6.5651
2002-03-21,6.6264
2002-03-22,6.6181
2002-03-25,6.6577
2002-03-26,6.6507
2002-04-02,6.8765
2002-04-04,6.8636
2002-04-05,6.7972
2002-04-08,6.8266
2002-04-09,6.8376
2002-04-10,6.8528
2002-04-11,6.8354
2002-04-12,6.8947
2002-04-15,6.8892
2002-04-16,6.8873
2002-04-18,6.9216
2002-04-19,6.9289
2002-04-22,6.9196
2002-04-23,6.9311
2002-04-24,7.0399
2002-04-25,7.0911
2002-04-26,7.088
2002-04-29,7.1635
2002-04-30,7.1291
2002-05-01,7.1087
2002-05-02,7.1017
2002-05-03,7.0631
2002-05-06,7.1074
2002-05-07,7.1282
2002-05-08,7.166
2002-05-09,7.1658
2002-05-10,7.2182
2002-05-13,7.1901
2002-05-14,7.1116
2002-05-15,7.0893
2002-05-16,7.0983
2002-05-20,7.0895
2002-05-21,7.1039
2002-05-22,7.108
2002-05-23,7.1561
2002-05-24,7.1403
2002-05-27,7.1048
2002-05-28,7.2145
2002-05-29,7.2622
2002-05-30,7.2354
2002-05-31,7.2056
2002-06-03,7.1727
2002-06-04,7.2398
2002-06-05,7.2597
2002-06-06,7.2406
2002-06-07,7.2806
2002-06-10,7.2748
2002-06-11,7.3155
2002-06-12,7.2983
2002-06-13,7.2952
2002-06-14,7.2985
2002-06-17,7.307
2002-06-18,7.3087
2002-06-19,7.3906
2002-06-20,7.4456
2002-06-21,7.4703
2002-06-24,7.4389
2002-06-25,7.394
2002-06-26,7.4524
2002-06-27,7.3403
2002-06-28,7.3056
2002-07-01,7.2966
2002-07-02,7.2865
2002-07-03,7.2682
2002-07-04,7.2824
2002-07-05,7.2929
2002-07-08,7.3283
2002-07-09,7.3489
2002-07-10,7.326
2002-07-11,7.2722
2002-07-12,7.3277
2002-07-15,7.3018
2002-07-16,7.3706
2002-07-17,7.2893
2002-07-19,7.3815
2002-07-22,7.2966
2002-07-23,7.3024
2002-07-24,7.3536
2002-07-25,7.4235
2002-07-26,7.4837
2002-07-29,7.399
2002-07-30,7.3622
2002-07-31,7.3345
2002-08-01,7.303
2002-08-02,7.3767
2002-08-05,7.381
2002-08-06,7.2619
2002-08-07,7.2416
2002-08-08,7.183
2002-08-09,7.173
2002-08-12,7.15
2002-08-13,7.1862
2002-08-14,7.2222
2002-08-15,7.1603
2002-08-16,7.1628
2002-08-19,7.1306
2002-08-20,7.0517
2002-08-21,7.0703
2002-08-22,7.123
2002-08-23,7.086
2002-08-26,7.1044
2002-08-27,7.1314
2002-08-28,7.1639
2002-08-29,7.1929
2002-08-30,7.2381
2002-09-02,7.2431
2002-09-03,7.2918
2002-09-04,7.3784
2002-09-05,7.4459
2002-09-09,7.3785
2002-09-10,7.3673
2002-09-11,7.4217
2002-09-12,7.3728
2002-09-13,7.3785
2002-09-17,7.2215
2002-09-18,7.3067
2002-09-19,7.4379
2002-09-20,7.4782
2002-09-23,7.5212
2002-09-24,7.4924
2002-09-25,7.6477
2002-09-26,7.5635
2002-09-27,7.5461
2002-09-30,7.6187
2002-10-01,7.6397
2002-10-02,7.5578
2002-10-03,7.6038
2002-10-04,7.592
2002-10-07,7.6055
2002-10-08,7.5754
2002-10-09,7.5193
2002-10-10,7.546
2002-10-11,7.5323
2002-10-14,7.5362
2002-10-15,7.4973
2002-10-16,7.4909
2002-10-17,7.407
2002-10-18,7.3747
2002-10-21,7.3398
2002-10-22,7.3738
2002-10-23,7.3388
2002-10-24,7.3233
2002-10-25,7.371
2002-10-28,7.3754
2002-10-29,7.4457
2002-10-30,7.3874
2002-10-31,7.4296
2002-11-01,7.4355
2002-11-04,7.3866
2002-11-05,7.4044
2002-11-06,7.3249
2002-11-07,7.3632
2002-11-08,7.4616
2002-11-11,7.4656
2002-11-12,7.4692
2002-11-13,7.4518
2002-11-14,7.4154
2002-11-15,7.3638
2002-11-18,7.3724
2002-11-19,7.4407
2002-11-20,7.3701
2002-11-21,7.3876
2002-11-22,7.4085
2002-11-25,7.3246
2002-11-26,7.2678
2002-11-27,7.1713
2002-11-28,7.2155
2002-11-29,7.1913
2002-12-02,7.1604
2002-12-03,7.2574
2002-12-04,7.3124
2002-12-05,7.3115
2002-12-06,7.3822
2002-12-09,7.4081
2002-12-10,7.3675
2002-12-11,7.3312
2002-12-12,7.3683
2002-12-13,7.3741
2002-12-16,7.362
2002-12-17,7.4273
2002-12-18,7.4561
2002-12-19,7.5856
2002-12-20,7.5906
2002-12-23,7.5563
2002-12-24,7.5581
2002-12-26,7.6073
2002-12-27,7.6805
2002-12-30,7.6426
2002-12-31,7.6334
2003-01-02,7.667
2003-01-03,7.6394
2003-01-06,7.7255
2003-01-07,7.65
2003-01-08,7.7072
2003-01-09,7.7605
2003-01-10,7.7345
2003-01-13,7.7439
2003-01-14,7.7526
2003-01-15,7.7308
2003-01-16,7.7445
2003-01-17,7.8272
2003-01-20,7.7928
2003-01-21,7.8351
2003-01-22,7.8992
2003-01-23,7.9233
2003-01-24,7.9746
2003-01-27,8.0027
2003-01-29,8.0405
2003-01-30,7.9355
2003-01-31,7.9597
2003-02-03,7.9191
2003-02-04,8.0259
2003-02-05,8.0755
2003-02-06,7.9814
2003-02-07,7.9239
2003-02-10,7.9552
2003-02-11,7.8777
2003-02-12,7.8572
2003-02-13,7.9258
2003-02-14,7.9683
2003-02-17,7.7641
2003-02-18,7.7289
2003-02-19,7.7406
2003-02-20,7.7911
2003-02-21,7.7843
2003-02-24,7.6864
2003-02-25,7.6769
2003-02-26,7.6584
2003-02-27,7.6568
2003-02-28,7.5914
2003-03-03,7.6181
2003-03-04,7.6656
2003-03-05,7.7529
2003-03-06,7.7624
2003-03-07,7.7851
2003-03-10,7.746
2003-03-11,7.7658
2003-03-12,7.8027
2003-03-13,7.6882
2003-03-14,7.6564
2003-03-17,7.6137
2003-03-20,7.4263
2003-03-21,7.4188
2003-03-24,7.4176
2003-03-25,7.4108
2003-03-26,7.3743
2003-03-27,7.3996
2003-03-28,7.3615
2003-03-31,7.4057
2003-04-01,7.3401
2003-04-02,7.3531
2003-04-03,7.2873
2003-04-04,7.3024
2003-04-07,7.1975
2003-04-08,7.2103
2003-04-09,7.2031
2003-04-10,7.2594
2003-04-11,7.3149
2003-04-14,7.2219
2003-04-15,7.1911
2003-04-22,7.2547
2003-04-24,7.2673
2003-04-25,7.2854
2003-04-28,7.2921
2003-04-29,7.192
2003-05-02,7.2148
2003-05-05,7.1864
2003-05-06,7.1815
2003-05-08,7.1912
2003-05-09,7.1712
2003-05-12,7.2003
2003-05-13,7.2356
2003-05-14,7.2403
2003-05-19,7.3847
2003-05-20,7.4203
2003-05-21,7.5244
2003-05-22,7.4452
2003-05-23,7.3188
2003-05-27,7.2904
2003-05-28,7.2503
2003-05-29,7.2379
2003-05-30,7.2089
2003-06-02,7.1763
2003-06-03,7.1534
2003-06-04,7.1395
2003-06-05,7.2618
2003-06-09,7.268
2003-06-10,7.2957
2003-06-11,7.3502
2003-06-12,7.3586
2003-06-13,7.3558
2003-06-16,7.3441
2003-06-17,7.3109
2003-06-18,7.3621
2003-06-19,7.3174
2003-06-20,7.3591
2003-06-23,7.292
2003-06-24,7.2854
2003-06-25,7.2829
2003-06-26,7.2129
2003-06-27,7.184
2003-06-30,7.1094
2003-07-01,7.1539
2003-07-02,7.1573
2003-07-03,7.1338
2003-07-04,7.1842
2003-07-07,7.0618
2003-07-08,7.0993
2003-07-09,7.0928
2003-07-10,7.0243
2003-07-11,7.1259
2003-07-14,7.1162
2003-07-15,7.0609
2003-07-16,7.0395
2003-07-17,7.0829
2003-07-18,7.0758
2003-07-21,7.0446
2003-07-22,7.0375
2003-07-23,7.0154
2003-07-24,7.071
2003-07-25,7.1173
2003-07-28,7.1086
2003-07-29,7.1179
2003-07-30,7.1693
2003-07-31,7.1271
2003-08-01,7.1062
2003-08-04,7.1987
2003-08-05,7.1711
2003-08-06,7.1626
2003-08-08,7.1441
2003-08-11,7.1005
2003-08-12,7.1168
2003-08-13,7.13
2003-08-14,7.1467
2003-08-15,7.113
2003-08-18,7.0606
2003-08-19,7.034
2003-08-20,7.0766
2003-08-21,7.075
2003-08-22,7.0749
2003-08-25,7.0632
2003-08-26,6.9902
2003-08-27,7.034
2003-08-28,6.9964
2003-08-29,7.0273
2003-09-01,6.9829
2003-09-02,6.9895
2003-09-03,6.9656
2003-09-04,6.9772
2003-09-05,7.0372
2003-09-08,7.0805
2003-09-09,7.0575
2003-09-10,7.099
2003-09-11,7.153
2003-09-12,7.2147
2003-09-15,7.2275
2003-09-16,7.1471
2003-09-17,7.1686
2003-09-18,7.2122
2003-09-19,7.2775
2003-09-22,7.3291
2003-09-23,7.3434
2003-09-24,7.3692
2003-09-25,7.3876
2003-09-29,7.3369
2003-09-30,7.4236
2003-10-01,7.3463
2003-10-02,7.3703
2003-10-03,7.3621
2003-10-07,7.407
2003-10-08,7.3782
2003-10-09,7.3251
2003-10-10,7.345
2003-10-13,7.3155
2003-10-14,7.3139
2003-10-15,7.3654
2003-10-16,7.4047
2003-10-17,7.4164
2003-10-20,7.4349
2003-10-21,7.4641
2003-10-22,7.5258
2003-10-23,7.5767
2003-10-24,7.6126
2003-10-27,7.5878
2003-10-28,7.5806
2003-10-29,7.6833
2003-10-30,7.6811
2003-10-31,7.6065
2003-11-03,7.6223
2003-11-04,7.505
2003-11-05,7.5065
2003-11-06,7.527
2003-11-07,7.4739
2003-11-10,7.5265
2003-11-11,7.562
2003-11-12,7.5585
2003-11-13,7.5887
2003-11-14,7.6375
2003-11-17,7.6476
2003-11-18,7.6262
2003-11-19,7.6284
2003-11-20,7.6251
2003-11-21,7.6444
2003-11-24,7.6215
2003-11-25,7.59
2003-11-26,7.5829
2003-11-27,7.6277
2003-11-28,7.6454
2003-12-01,7.6504
2003-12-02,7.6273
2003-12-03,7.6471
2003-12-04,7.6476
2003-12-05,7.6438
2003-12-08,7.6927
2003-12-09,7.6573
2003-12-10,7.6642
2003-12-11,7.6489
2003-12-12,7.6853
2003-12-15,7.5838
2003-12-16,7.6324
2003-12-17,7.656
2003-12-18,7.7366
2003-12-19,7.7582
2003-12-22,7.7275
2003-12-23,7.7029
2003-12-24,7.7169
2003-12-29,7.7536
2003-12-30,7.7374
2003-12-31,7.8496
2004-01-02,7.8964
2004-01-05,7.9361
2004-01-06,7.9712
2004-01-07,7.9798
2004-01-08,7.9846
2004-01-09,8.0369
2004-01-12,8.1253
2004-01-13,8.1193
2004-01-14,8.0946
2004-01-15,8.0642
2004-01-16,7.9766
2004-01-19,7.8952
2004-01-20,8.0191
2004-01-21,8.0863
2004-01-22,8.2133
2004-01-23,8.2127
2004-01-26,8.1342
2004-01-27,8.0942
2004-01-28,8.2073
2004-01-29,8.1662
2004-01-30,8.1037
2004-02-02,8.2029
2004-02-03,8.1879
2004-02-04,8.2172
2004-02-05,8.2229
2004-02-06,8.205
2004-02-09,8.3121
2004-02-10,8.3802
2004-02-11,8.3847
2004-02-12,8.4518
2004-02-13,8.3926
2004-02-16,8.3721
2004-02-17,8.4747
2004-02-18,8.4613
2004-02-19,8.4366
2004-02-20,8.3937
2004-02-23,8.3021
2004-02-24,8.3656
2004-02-25,8.4286
2004-02-26,8.3391
2004-02-27,8.289
2004-03-01,8.3712
2004-03-02,8.337
2004-03-03,8.2596
2004-03-04,8.2146
2004-03-05,8.1867
2004-03-09,8.2748
2004-03-10,8.182
2004-03-11,8.1299
2004-03-12,8.0911
2004-03-15,8.111
2004-03-16,8.1553
2004-03-17,8.1442
2004-03-18,8.1756
2004-03-19,8.2097
2004-03-22,8.2954
2004-03-23,8.294
2004-03-24,8.293
2004-03-25,8.1516
2004-03-26,8.1968
2004-03-29,8.2381
2004-03-30,8.2365
2004-03-31,8.3057
2004-04-01,8.3596
2004-04-02,8.3439
2004-04-07,8.3176
2004-04-08,8.3179
2004-04-13,8.2556
2004-04-14,8.1477
2004-04-15,8.0818
2004-04-16,8.1547
2004-04-19,8.2045
2004-04-20,8.173
2004-04-21,8.1012
2004-04-22,8.0887
2004-04-23,8.1241
2004-04-26,8.1472
2004-04-28,8.2138
2004-04-29,8.0816
2004-04-30,8.113
2004-05-03,8.1276
2004-05-04,8.2027
2004-05-05,8.1861
2004-05-06,8.2042
2004-05-07,8.2211
2004-05-10,8.2172
2004-05-11,8.1315
2004-05-12,8.1979
2004-05-13,8.163
2004-05-14,8.0907
2004-05-17,8.1341
2004-05-18,8.1362
2004-05-19,8.1764
2004-05-20,8.1369
2004-05-21,8.19
2004-05-24,8.2024
2004-05-25,8.234
2004-05-28,8.3735
2004-06-01,8.3588
2004-06-02,8.3977
2004-06-03,8.3384
2004-06-04,8.3618
2004-06-07,8.3257
2004-06-08,8.3047
2004-06-09,8.2853
2004-06-10,8.2303
2004-06-11,8.2625
2004-06-14,8.1968
2004-06-15,8.2179
2004-06-16,8.239
2004-06-17,8.2712
2004-06-18,8.2248
2004-06-21,8.232
2004-06-22,8.1745
2004-06-23,8.1716
2004-06-24,8.1832
2004-06-25,8.1988
2004-06-28,8.2169
2004-06-29,8.1734
2004-06-30,8.1472
2004-07-01,8.1348
2004-07-02,8.1375
2004-07-05,8.1967
2004-07-06,8.2372
2004-07-07,8.3028
2004-07-08,8.309
2004-07-09,8.2956
2004-07-12,8.328
2004-07-13,8.3508
2004-07-14,8.3428
2004-07-15,8.3299
2004-07-16,8.3378
2004-07-19,8.3906
2004-07-20,8.3233
2004-07-21,8.273
2004-07-22,8.2758
2004-07-23,8.2562
2004-07-26,8.2797
2004-07-28,8.2253
2004-07-29,8.2072
2004-07-30,8.2035
2004-08-02,8.2562
2004-08-03,8.2271
2004-08-04,8.2364
2004-08-05,8.2799
2004-08-06,8.3158
2004-08-09,8.34
2004-08-10,8.3038
2004-08-11,8.287
2004-08-12,8.3024
2004-08-13,8.2587
2004-08-16,8.3519
2004-08-17,8.3397
2004-08-18,8.2741
2004-08-19,8.2927
2004-08-20,8.2974
2004-08-23,8.219
2004-08-24,8.1685
2004-08-25,8.1469
2004-08-26,8.1588
2004-08-27,8.1758
2004-08-30,8.1191
2004-08-31,8.1095
2004-09-01,8.1078
2004-09-02,8.0853
2004-09-03,8.074
2004-09-06,8.0369
2004-09-07,8.0071
2004-09-08,7.9885
2004-09-09,8.049
2004-09-10,8.063
2004-09-13,8.0923
2004-09-14,8.0436
2004-09-20,7.9881
2004-09-23,8.0793
2004-09-27,8.0999
2004-09-28,8.1267
2004-09-29,8.1113
2004-10-01,8.0593
2004-10-04,8.0183
2004-10-05,7.9606
2004-10-06,7.9388
2004-10-08,7.9832
2004-10-11,7.9909
2004-10-12,7.9711
2004-10-13,7.9778
2004-10-14,8.0406
2004-10-15,8.0265
2004-10-18,8.0758
2004-10-19,8.0518
2004-10-20,8.0575
2004-10-21,8.1142
2004-10-22,8.1003
2004-10-25,8.1492
2004-10-26,8.1485
2004-10-27,8.1978
2004-10-28,8.2045
2004-10-29,8.1834
2004-11-01,8.1441
2004-11-02,8.1799
2004-11-03,8.2022
2004-11-04,8.1974
2004-11-05,8.1639
2004-11-08,8.2171
2004-11-09,8.21
2004-11-10,8.1864
2004-11-11,8.1578
2004-11-12,8.1817
2004-11-15,8.1784
2004-11-16,8.1249
2004-11-17,8.1474
2004-11-18,8.1325
2004-11-19,8.1477
2004-11-22,8.1285
2004-11-23,8.1938
2004-11-24,8.2209
2004-11-25,8.237
2004-11-26,8.2465
2004-11-29,8.268
2004-11-30,8.3189
2004-12-01,8.4058
2004-12-02,8.433
2004-12-03,8.3991
2004-12-06,8.4503
2004-12-07,8.4197
2004-12-08,8.3825
2004-12-09,8.3377
2004-12-10,8.3252
2004-12-13,8.3572
2004-12-14,8.3302
2004-12-15,8.379
2004-12-16,8.4391
2004-12-17,8.4135
2004-12-20,8.429
2004-12-21,8.3848
2004-12-22,8.3104
2004-12-23,8.3201
2004-12-24,8.348
2004-12-27,8.3398
2004-12-28,8.4246
2004-12-29,8.4042
2004-12-30,8.3313
2004-12-31,8.3075
2005-01-03,8.313
2005-01-04,8.2868
2005-01-05,8.2656
2005-01-06,8.2353
2005-01-07,8.2519
2005-01-10,8.2044
2005-01-11,8.1798
2005-01-12,8.1942
2005-01-13,8.2024
2005-01-14,8.1554
2005-01-17,8.1227
2005-01-18,8.1577
2005-01-19,8.1993
2005-01-20,8.1664
2005-01-21,8.1432
2005-01-24,8.2229
2005-01-25,8.2479
2005-01-26,8.2928
2005-01-27,8.3063
2005-01-28,8.3039
2005-01-31,8.2635
2005-02-01,8.2484
2005-02-02,8.2917
2005-02-03,8.2595
2005-02-04,8.213
2005-02-07,8.1775
2005-02-08,8.1447
2005-02-09,8.1596
2005-02-10,8.1306
2005-02-11,8.1874
2005-02-14,8.2451
2005-02-15,8.2389
2005-02-16,8.2289
2005-02-17,8.2285
2005-02-18,8.2583
2005-02-21,8.2766
2005-02-22,8.3167
2005-02-23,8.3283
2005-02-24,8.3232
2005-02-25,8.3297
2005-02-28,8.3768
2005-03-01,8.334
2005-03-02,8.281
2005-03-03,8.2872
2005-03-04,8.2839
2005-03-07,8.2906
2005-03-08,8.274
2005-03-09,8.2691
2005-03-10,8.3075
2005-03-11,8.256
2005-03-14,8.264
2005-03-15,8.2868
2005-03-16,8.2924
2005-03-17,8.3001
2005-03-18,8.2612
2005-03-21,8.2068
2005-03-22,8.1895
2005-03-23,8.1338
2005-03-24,8.1348
2005-03-28,8.1257
2005-03-29,8.1968
2005-03-30,8.2439
2005-03-31,8.2059
2005-04-01,8.2262
2005-04-04,8.1975
2005-04-05,8.1878
2005-04-06,8.1999
2005-04-07,8.1989
2005-04-08,8.1674
2005-04-11,8.2471
2005-04-12,8.2758
2005-04-13,8.2971
2005-04-14,8.2624
2005-04-15,8.2773
2005-04-18,8.3189
2005-04-19,8.3552
2005-04-20,8.3667
2005-04-21,8.3333
2005-04-25,8.3343
2005-04-26,8.313
2005-04-27,8.306
2005-04-28,8.3163
2005-04-29,8.352
2005-05-02,8.3212
2005-05-03,8.2682
2005-05-04,8.2923
2005-05-05,8.303
2005-05-06,8.2692
2005-05-09,8.2107
2005-05-10,8.1862
2005-05-11,8.239
2005-05-13,8.1505
2005-05-16,8.0464
2005-05-17,8.0448
2005-05-18,8.013
2005-05-19,8.0227
2005-05-20,8.0218
2005-05-23,8.0094
2005-05-24,8.0292
2005-05-25,8.0155
2005-05-26,7.9984
2005-05-27,8.0263
2005-05-31,8.0312
2005-06-01,8.0049
2005-06-02,8.0144
2005-06-03,8.0223
2005-06-06,8.0285
2005-06-07,8.0676
2005-06-08,8.0885
2005-06-09,8.0784
2005-06-10,8.0744
2005-06-14,8.0706
2005-06-15,8.1082
2005-06-16,8.1946
2005-06-17,8.2118
2005-06-20,8.2914
2005-06-21,8.2601
2005-06-22,8.2304
2005-06-23,8.2491
2005-06-24,8.2428
2005-06-27,8.3105
2005-06-28,8.3103
2005-06-29,8.2596
2005-06-30,8.1966
2005-07-01,8.1548
2005-07-04,8.0818
2005-07-05,8.0522
2005-07-06,8.0777
2005-07-07,8.0454
2005-07-08,8.0106
2005-07-11,7.9816
2005-07-12,8.0071
2005-07-13,8.0022
2005-07-14,7.9766
2005-07-15,8.0037
2005-07-18,7.9703
2005-07-19,7.9703
2005-07-20,7.9504
2005-07-21,7.9384
2005-07-22,7.9452
2005-07-25,7.8997
2005-07-26,7.907
2005-07-27,7.9069
2005-07-28,7.9285
2005-07-29,7.9311
2005-08-01,7.9854
2005-08-02,7.9827
2005-08-03,7.9844
2005-08-04,7.9692
2005-08-05,7.9595
2005-08-08,8.0825
2005-08-09,8.0549
2005-08-10,8.0965
2005-08-11,8.1392
2005-08-12,8.2235
2005-08-15,8.1968
2005-08-16,8.1744
2005-08-17,8.1082
2005-08-18,8.0711
2005-08-19,8.0385
2005-08-22,8.1061
2005-08-23,8.0822
2005-08-24,8.0604
2005-08-25,8.1191
2005-08-26,8.1694
2005-08-29,8.1813
2005-08-30,8.1362
2005-08-31,8.109
2005-09-01,8.1475
2005-09-02,8.2579
2005-09-05,8.2762
2005-09-06,8.2843
2005-09-07,8.2719
2005-09-08,8.2775
2005-09-09,8.2823
2005-09-12,8.24
2005-09-13,8.2475
2005-09-14,8.272
2005-09-15,8.1807
2005-09-16,8.2059
2005-09-19,8.2082
2005-09-20,8.2164
2005-09-21,8.2881
2005-09-22,8.2579
2005-09-23,8.1993
2005-09-26,8.1481
2005-09-27,8.0615
2005-09-28,8.0849
2005-09-29,8.0934
2005-09-30,8.0858
2005-10-06,8.1349
2005-10-07,8.1326
2005-10-10,8.0738
2005-10-11,8.0871
2005-10-14,8.1502
2005-10-17,8.1605
2005-10-19,8.1647
2005-10-20,8.1844
2005-10-21,8.2184
2005-10-24,8.1967
2005-10-26,8.2144
2005-10-27,8.2529
2005-10-28,8.2758
2005-10-31,8.2398
2005-11-01,8.2105
2005-11-02,8.213
2005-11-03,8.2881
2005-11-04,8.2434
2005-11-07,8.1888
2005-11-08,8.1401
2005-11-09,8.1494
2005-11-10,8.2209
2005-11-11,8.214
2005-11-14,8.2458
2005-11-15,8.2109
2005-11-16,8.1733
2005-11-17,8.1275
2005-11-18,8.0978
2005-11-21,8.1352
2005-11-22,8.1197
2005-11-23,8.1314
2005-11-24,8.1113
2005-11-25,8.0777
2005-11-28,8.0256
2005-11-29,8.036
2005-11-30,8.0535
2005-12-01,8.0627
2005-12-02,8.0419
2005-12-05,8.079
2005-12-06,8.0343
2005-12-07,8.0342
2005-12-08,8.0811
2005-12-09,8.0964
2005-12-12,8.1264
2005-12-13,8.1367
2005-12-14,8.1249
2005-12-15,8.1204
2005-12-16,8.1165
2005-12-19,8.0969
2005-12-20,8.1164
2005-12-21,8.04
2005-12-22,8.0267
2005-12-23,7.967
2005-12-27,8.0001
2005-12-28,7.9748
2005-12-29,7.9024
2005-12-30,7.9406
2006-01-03,7.9436
2006-01-04,8.0429
2006-01-05,8.1238
2006-01-06,8.1097
2006-01-09,8.151
2006-01-10,8.181
2006-01-11,8.1512
2006-01-12,8.1784
2006-01-13,8.1719
2006-01-16,8.1414
2006-01-17,8.1276
2006-01-18,8.1698
2006-01-19,8.1089
2006-01-20,8.1271
2006-01-23,8.2267
2006-01-24,8.2361
2006-01-25,8.2326
2006-01-26,8.2395
2006-01-27,8.2463
2006-01-30,8.1938
2006-01-31,8.2528
2006-02-01,8.2919
2006-02-02,8.333
2006-02-03,8.3337
2006-02-06,8.2376
2006-02-07,8.2408
2006-02-08,8.1995
2006-02-09,8.1732
2006-02-10,8.1828
2006-02-13,8.1807
2006-02-14,8.1843
2006-02-15,8.2135
2006-02-16,8.1608
2006-02-17,8.1513
2006-02-20,8.1706
2006-02-21,8.2201
2006-02-22,8.2239
2006-02-23,8.2521
2006-02-24,8.2482
2006-02-27,8.1956
2006-02-28,8.2299
2006-03-01,8.2573
2006-03-02,8.2142
2006-03-03,8.2242
2006-03-06,8.2365
2006-03-07,8.1732
2006-03-08,8.197
2006-03-09,8.1896
2006-03-10,8.1852
2006-03-13,8.1458
2006-03-16,8.2011
2006-03-17,8.1872
2006-03-20,8.1718
2006-03-21,8.1465
2006-03-22,8.1557
2006-03-23,8.1371
2006-03-24,8.1129
2006-03-27,8.1882
2006-03-29,8.1566
2006-03-30,8.1345
2006-03-31,8.1271
2006-04-03,8.0757
2006-04-04,8.0998
2006-04-05,8.0814
2006-04-06,8.0767
2006-04-07,8.0572
2006-04-10,8.0438
2006-04-11,8.021
2006-04-18,8.1238
2006-04-20,8.1276
2006-04-21,8.1284
2006-04-24,8.1335
2006-04-25,8.0841
2006-04-26,8.105
2006-04-27,8.0855
2006-04-28,8.1225
2006-05-01,8.1858
2006-05-02,8.1981
2006-05-04,8.2868
2006-05-05,8.2736
2006-05-08,8.2671
2006-05-09,8.2537
2006-05-10,8.2438
2006-05-11,8.2839
2006-05-12,8.3745
2006-05-15,8.3954
2006-05-16,8.3755
2006-05-17,8.4067
2006-05-18,8.4111
2006-05-19,8.3649
2006-05-22,8.4166
2006-05-23,8.4587
2006-05-24,8.5057
2006-05-25,8.4561
2006-05-26,8.4495
2006-05-30,8.4843
2006-05-31,8.4776
2006-06-01,8.4411
2006-06-05,8.4421
2006-06-06,8.3539
2006-06-07,8.3245
2006-06-08,8.2647
2006-06-09,8.2613
2006-06-12,8.2456
2006-06-13,8.287
2006-06-14,8.2748
2006-06-15,8.2381
2006-06-16,8.2179
2006-06-19,8.2052
2006-06-20,8.2052
2006-06-21,8.2207
2006-06-22,8.1797
2006-06-23,8.1498
2006-06-26,8.1492
2006-06-27,8.1774
2006-06-28,8.1564
2006-06-29,8.115
2006-06-30,8.1376
2006-07-03,8.1464
2006-07-04,8.0994
2006-07-05,8.0855
2006-07-06,8.0756
2006-07-07,8.0512
2006-07-10,8.1007
2006-07-11,8.0635
2006-07-12,8.1639
2006-07-13,8.2711
2006-07-14,8.32
2006-07-17,8.1851
2006-07-18,8.1538
2006-07-19,8.1519
2006-07-20,8.2238
2006-07-21,8.2716
2006-07-24,8.2674
2006-07-25,8.1956
2006-07-26,8.1652
2006-07-27,8.2345
2006-07-28,8.2323
2006-07-31,8.1943
2006-08-01,8.2183
2006-08-02,8.2707
2006-08-04,8.3239
2006-08-07,8.3915
2006-08-08,8.3178
2006-08-09,8.3368
2006-08-10,8.3452
2006-08-11,8.3153
2006-08-14,8.2574
2006-08-15,8.2457
2006-08-16,8.2592
2006-08-17,8.2638
2006-08-18,8.2231
2006-08-21,8.2589
2006-08-22,8.2434
2006-08-23,8.2624
2006-08-24,8.2891
2006-08-25,8.2897
2006-08-28,8.3409
2006-08-29,8.3502
2006-08-30,8.3279
2006-08-31,8.3252
2006-09-01,8.3271
2006-09-04,8.326
2006-09-05,8.2833
2006-09-06,8.2287
2006-09-07,8.2307
2006-09-08,8.2152
2006-09-11,8.1974
2006-09-12,8.2196
2006-09-13,8.2016
2006-09-14,8.2598
2006-09-15,8.2293
2006-09-18,8.1661
2006-09-19,8.1725
2006-09-20,8.1693
2006-09-21,8.2126
2006-09-25,8.2273
2006-09-26,8.187
2006-09-27,8.1275
2006-09-28,8.0721
2006-09-29,8.043
2006-10-03,8.1129
2006-10-04,8.0518
2006-10-05,8.0073
2006-10-06,7.9433
2006-10-09,7.9501
2006-10-10,7.9347
2006-10-11,7.9243
2006-10-12,7.9226
2006-10-13,7.9117
2006-10-16,7.9387
2006-10-17,7.9685
2006-10-18,7.9976
2006-10-19,7.9852
2006-10-20,8.0508
2006-10-23,8.0106
2006-10-24,8.0163
2006-10-25,8.0484
2006-10-26,8.0719
2006-10-27,8.1062
2006-10-30,8.1549
2006-10-31,8.1414
2006-11-01,8.1306
2006-11-02,8.176
2006-11-03,8.1834
2006-11-06,8.1711
2006-11-07,8.2469
2006-11-08,8.261
2006-11-09,8.2305
2006-11-10,8.1864
2006-11-13,8.174
2006-11-14,8.1335
2006-11-15,8.0966
2006-11-16,8.1562
2006-11-17,8.1201
2006-11-20,8.1753
2006-11-21,8.2099
2006-11-22,8.246
2006-11-23,8.2562
2006-11-24,8.2967
2006-11-27,8.3276
2006-11-28,8.3402
2006-11-30,8.3073
2006-12-01,8.3298
2006-12-04,8.3672
2006-12-05,8.3484
2006-12-06,8.258
2006-12-07,8.2507
2006-12-08,8.2287
2006-12-11,8.1897
2006-12-12,8.2521
2006-12-13,8.2454
2006-12-14,8.2033
2006-12-15,8.1956
2006-12-18,8.1837
2006-12-19,8.2323
2006-12-20,8.234
2006-12-21,8.2079
2006-12-22,8.224
2006-12-26,8.2736
2006-12-27,8.285
2006-12-28,8.2573
2006-12-29,8.2884
2007-01-02,8.2899
2007-01-03,8.2076
2007-01-04,8.1745
2007-01-05,8.2182
2007-01-08,8.194
2007-01-09,8.2222
2007-01-10,8.2331
2007-01-11,8.2145
2007-01-12,8.2244
2007-01-15,8.2981
2007-01-16,8.2975
2007-01-17,8.3116
2007-01-18,8.3154
2007-01-19,8.323
2007-01-22,8.3315
2007-01-23,8.3909
2007-01-24,8.3322
2007-01-25,8.3241
2007-01-26,8.329
2007-01-29,8.3181
2007-01-30,8.3564
2007-01-31,8.3162
2007-02-01,8.3472
2007-02-02,8.3545
2007-02-05,8.3264
2007-02-06,8.3601
2007-02-07,8.3526
2007-02-08,8.303
2007-02-09,8.2396
2007-02-12,8.2527
2007-02-13,8.2405
2007-02-14,8.2679
2007-02-15,8.2611
2007-02-16,8.1908
2007-02-19,8.1309
2007-02-20,8.1699
2007-02-21,8.1681
2007-02-22,8.1535
2007-02-23,8.1948
2007-02-26,8.2433
2007-02-27,8.2569
2007-02-28,8.2466
2007-03-01,8.2804
2007-03-02,8.2269
2007-03-06,8.1392
2007-03-07,8.1491
2007-03-08,8.1241
2007-03-09,8.0951
2007-03-12,8.1167
2007-03-13,8.1281
2007-03-14,8.106
2007-03-15,8.1576
2007-03-16,8.1745
2007-03-19,8.1804
2007-03-20,8.2502
2007-03-21,8.2169
2007-03-22,8.2442
2007-03-23,8.2332
2007-03-26,8.2534
2007-03-27,8.2142
2007-03-28,8.2069
2007-03-29,8.1924
2007-03-30,8.1253
2007-04-04,8.1714
2007-04-05,8.1492
2007-04-10,8.1331
2007-04-11,8.121
2007-04-12,8.0381
2007-04-13,8.0804
2007-04-16,8.0598
2007-04-17,8.1325
2007-04-18,8.1553
2007-04-19,8.153
2007-04-20,8.1585
2007-04-23,8.1354
2007-04-25,8.0761
2007-04-26,8.0202
2007-04-27,7.9934
2007-04-30,8.0245
2007-05-01,8.0857
2007-05-02,8.0948
2007-05-03,8.0567
2007-05-04,8.0294
2007-05-07,7.9796
2007-05-08,7.9523
2007-05-09,7.9176
2007-05-10,7.8521
2007-05-11,7.8697
2007-05-14,7.8426
2007-05-15,7.8497
2007-05-16,7.7989
2007-05-17,7.8147
2007-05-18,7.8979
2007-05-21,7.8749
2007-05-22,7.8709
2007-05-24,7.9414
2007-05-25,8.009
2007-05-29,7.9903
2007-05-30,8.0025
2007-05-31,7.9714
2007-06-01,8.0585
2007-06-04,8.0746
2007-06-05,8.1053
2007-06-06,8.1647
2007-06-07,8.2388
2007-06-08,8.2708
2007-06-11,8.2356
2007-06-12,8.2582
2007-06-13,8.3003
2007-06-14,8.2355
2007-06-15,8.222
2007-06-18,8.2092
2007-06-19,8.2768
2007-06-20,8.3441
2007-06-21,8.4298
2007-06-22,8.4206
2007-06-25,8.4971
2007-06-26,8.5208
2007-06-27,8.5642
2007-06-28,8.5214
2007-06-29,8.5067
2007-07-02,8.5242
2007-07-03,8.4423
2007-07-04,8.4386
2007-07-05,8.497
2007-07-06,8.5161
2007-07-09,8.5152
2007-07-10,8.528
2007-07-11,8.639
2007-07-12,8.6687
2007-07-13,8.6775
2007-07-16,8.7324
2007-07-17,8.7692
2007-07-18,8.7857
2007-07-19,8.6956
2007-07-20,8.6658
2007-07-23,8.7237
2007-07-25,8.6704
2007-07-26,8.7588
2007-07-27,8.8055
2007-07-30,8.7863
2007-07-31,8.7553
2007-08-01,8.7826
2007-08-02,8.8035
2007-08-03,8.7762
2007-08-06,8.7275
2007-08-07,8.7048
2007-08-08,8.6897
2007-08-09,8.6536
2007-08-10,8.6703
2007-08-13,8.53
2007-08-14,8.4453
2007-08-15,8.4284
2007-08-16,8.427
2007-08-17,8.3637
2007-08-20,8.3433
2007-08-21,8.3256
2007-08-22,8.2898
2007-08-23,8.3489
2007-08-24,8.3591
2007-08-27,8.3756
2007-08-28,8.3038
2007-08-29,8.2956
2007-08-30,8.261
2007-08-31,8.3051
2007-09-03,8.3324
2007-09-04,8.3255
2007-09-05,8.2746
2007-09-06,8.3453
2007-09-07,8.3404
2007-09-10,8.3948
2007-09-11,8.333
2007-09-17,8.1809
2007-09-18,8.1828
2007-09-19,8.1105
2007-09-20,8.1594
2007-09-24,8.1745
2007-09-25,8.1299
2007-09-26,8.1076
2007-09-28,8.138
2007-10-01,8.129
2007-10-02,8.1577
2007-10-03,8.1762
2007-10-05,8.1711
2007-10-08,8.1562
2007-10-09,8.2065
2007-10-10,8.2131
2007-10-11,8.2341
2007-10-12,8.1702
2007-10-15,8.2355
2007-10-16,8.2225
2007-10-17,8.202
2007-10-18,8.216
2007-10-19,8.2178
2007-10-22,8.1953
2007-10-23,8.2267
2007-10-24,8.2565
2007-10-25,8.2253
2007-10-26,8.2097
2007-10-29,8.2209
2007-10-30,8.218
2007-10-31,8.2221
2007-11-01,8.2459
2007-11-02,8.2748
2007-11-05,8.2394
2007-11-06,8.2215
2007-11-07,8.2554
2007-11-08,8.2687
2007-11-09,8.2842
2007-11-12,8.2114
2007-11-13,8.1951
2007-11-14,8.1283
2007-11-15,8.0523
2007-11-16,8.0363
2007-11-19,8.061
2007-11-20,8.0303
2007-11-21,8.0281
2007-11-22,8.0306
2007-11-23,7.9604
2007-11-26,8.0057
2007-11-27,7.9886
2007-11-28,7.9908
2007-11-29,7.9407
2007-11-30,7.9197
2007-12-03,7.9272
2007-12-04,7.9184
2007-12-05,7.8386
2007-12-06,7.8445
2007-12-07,7.8653
2007-12-10,7.9637
2007-12-11,8.0363
2007-12-12,8.0497
2007-12-13,8.0272
2007-12-14,8.0869
2007-12-17,8.0849
2007-12-18,8.0026
2007-12-19,7.9055
2007-12-20,7.8373
2007-12-21,7.7677
2007-12-24,7.677
2007-12-26,7.7649
2007-12-27,7.6936
2007-12-28,7.7015
2007-12-31,7.7105
2008-01-02,7.6535
2008-01-03,7.5969
2008-01-04,7.5242
2008-01-07,7.5502
2008-01-08,7.5019
2008-01-09,7.4461
2008-01-10,7.4551
2008-01-11,7.3743
2008-01-14,7.3135
2008-01-15,7.2951
2008-01-16,7.3122
2008-01-17,7.3624
2008-01-18,7.447
2008-01-21,7.4015
2008-01-22,7.4156
2008-01-23,7.244
2008-01-24,7.2292
2008-01-25,7.3447
2008-01-28,7.3536
2008-01-29,7.2491
2008-01-30,7.265
2008-01-31,7.217
2008-02-01,7.161
2008-02-04,7.0707
2008-02-05,7.1052
2008-02-06,7.0977
2008-02-07,7.1271
2008-02-08,7.0337
2008-02-11,7.0468
2008-02-12,6.9846
2008-02-13,7.0848
2008-02-14,7.125
2008-02-15,7.0608
2008-02-18,7.0253
2008-02-19,7.0055
2008-02-20,7.0352
2008-02-21,7.0684
2008-02-22,7.0678
2008-02-25,7.0343
2008-02-26,7.1613
2008-02-27,7.164
2008-02-28,7.1681
2008-02-29,7.2118
2008-03-03,7.2595
2008-03-04,7.2056
2008-03-05,7.1041
2008-03-06,7.1933
2008-03-07,7.2513
2008-03-10,7.2214
2008-03-11,7.055
2008-03-12,7.0317
2008-03-13,6.9244
2008-03-14,7.0493
2008-03-17,6.8724
2008-03-18,6.8234
2008-03-19,6.7586
2008-03-20,6.7455
2008-03-24,6.9884
2008-03-25,7.0012
2008-03-26,7.0019
2008-03-27,7.0653
2008-03-28,7.0336
2008-03-31,7.0639
2008-04-01,7.0269
2008-04-02,7.0504
2008-04-03,7.0902
2008-04-04,7.2184
2008-04-07,7.2398
2008-04-08,7.1494
2008-04-09,7.092
2008-04-10,7.1626
2008-04-11,7.1059
2008-04-14,7.0537
2008-04-15,6.8644
2008-04-16,6.8721
2008-04-17,6.8633
2008-04-18,6.842
2008-04-21,6.8665
2008-04-22,6.8646
2008-04-23,6.8613
2008-04-24,6.8147
2008-04-25,6.8611
2008-04-28,6.8841
2008-04-29,6.8451
2008-04-30,6.7436
2008-05-01,6.804
2008-05-02,6.8457
2008-05-05,6.7693
2008-05-06,6.7304
2008-05-07,6.7476
2008-05-09,6.7645
2008-05-12,6.761
2008-05-13,6.6865
2008-05-14,6.6549
2008-05-15,6.6556
2008-05-16,6.5598
2008-05-19,6.5871
2008-05-20,6.6428
2008-05-21,6.6105
2008-05-22,6.6067
2008-05-23,6.5922
2008-05-27,6.494
2008-05-28,6.4982
2008-05-29,6.4385
2008-05-30,6.3714
2008-06-02,6.3973
2008-06-03,6.4334
2008-06-04,6.5005
2008-06-05,6.577
2008-06-06,6.5158
2008-06-10,6.6037
2008-06-11,6.653
2008-06-12,6.673
2008-06-13,6.6508
2008-06-16,6.6914
2008-06-17,6.508
2008-06-18,6.5233
2008-06-19,6.6278
2008-06-20,6.6151
2008-06-23,6.6236
2008-06-24,6.6296
2008-06-25,6.6805
2008-06-26,6.6921
2008-06-27,6.7123
2008-06-30,6.6727
2008-07-01,6.6705
2008-07-02,6.5248
2008-07-03,6.4582
2008-07-04,6.4876
2008-07-07,6.3878
2008-07-08,6.4508
2008-07-09,6.3759
2008-07-10,6.5433
2008-07-11,6.6818
2008-07-14,6.6149
2008-07-15,6.6459
2008-07-16,6.6949
2008-07-17,6.7546
2008-07-18,6.7397
2008-07-21,6.8396
2008-07-22,6.9444
2008-07-23,6.949
2008-07-24,6.9311
2008-07-25,6.9283
2008-07-28,6.9123
2008-07-29,6.8911
2008-07-30,6.8643
2008-07-31,6.8753
2008-08-01,6.9451
2008-08-04,6.9724
2008-08-05,6.9475
2008-08-06,6.936
2008-08-07,6.909
2008-08-08,6.9164
2008-08-11,6.8522
2008-08-12,6.818
2008-08-13,6.7405
2008-08-14,6.7102
2008-08-15,6.6532
2008-08-18,6.6648
2008-08-19,6.6574
2008-08-20,6.6415
2008-08-21,6.5824
2008-08-22,6.4575
2008-08-25,6.5037
2008-08-26,6.4792
2008-08-27,6.59
2008-08-28,6.5754
2008-08-29,6.5699
2008-09-01,6.5223
2008-09-02,6.4768
2008-09-03,6.3871
2008-09-04,6.3717
2008-09-05,6.3166
2008-09-08,6.319
2008-09-09,6.3336
2008-09-10,6.324
2008-09-11,6.3428
2008-09-12,6.4141
2008-09-15,6.4265
2008-09-16,6.3412
2008-09-17,6.3513
2008-09-18,6.4276
2008-09-19,6.3507
2008-09-22,6.4372
2008-09-23,6.3173
2008-09-24,6.353
2008-09-25,6.3162
2008-09-26,6.2876
2008-10-02,6.1702
2008-10-03,6.1251
2008-10-06,6.0986
2008-10-07,6.1432
2008-10-10,6.0876
2008-10-13,6.2051
2008-10-15,6.335
2008-10-16,6.3813
2008-10-17,6.4827
2008-10-20,6.5443
2008-10-22,6.2958
2008-10-23,6.2003
2008-10-24,5.9281
2008-10-27,5.9029
2008-10-28,5.9469
2008-10-29,6.053
2008-10-30,6.12
2008-10-31,6.1226
2008-11-03,6.0582
2008-11-04,5.9862
2008-11-05,6.1096
2008-11-06,6.1135
2008-11-07,6.0226
2008-11-10,5.9614
2008-11-11,5.9052
2008-11-12,5.9421
2008-11-13,5.8541
2008-11-14,5.7781
2008-11-17,5.8484
2008-11-18,5.9579
2008-11-19,5.9708
2008-11-20,5.9298
2008-11-21,5.9741
2008-11-24,5.9799
2008-11-25,5.966
2008-11-26,5.9439
2008-11-27,6.0189
2008-11-28,6.0323
2008-12-01,5.9768
2008-12-02,5.9058
2008-12-03,5.8743
2008-12-04,5.8104
2008-12-05,5.8449
2008-12-08,5.8681
2008-12-09,5.8079
2008-12-10,5.7851
2008-12-11,5.8291
2008-12-12,5.8334
2008-12-15,5.7887
2008-12-16,5.8382
2008-12-17,5.7408
2008-12-18,5.6925
2008-12-19,5.6281
2008-12-22,5.6748
2008-12-23,5.6775
2008-12-24,5.7067
2008-12-29,5.636
2008-12-30,5.4606
2008-12-31,5.5481
2009-01-02,5.5026
2009-01-05,5.5915
2009-01-06,5.6205
2009-01-07,5.7635
2009-01-08,5.8565
2009-01-09,5.8735
2009-01-12,5.8337
2009-01-13,5.7167
2009-01-14,5.6546
2009-01-15,5.6684
2009-01-16,5.7577
2009-01-19,5.6266
2009-01-20,5.4193
2009-01-21,5.3674
2009-01-22,5.4301
2009-01-23,5.4215
2009-01-26,5.5445
2009-01-27,5.6096
2009-01-28,5.7564
2009-01-29,5.7509
2009-01-30,5.7814
2009-02-02,5.7609
2009-02-03,5.7987
2009-02-04,5.8751
2009-02-05,5.9405
2009-02-06,5.9171
2009-02-09,6.0131
2009-02-11,5.8353
2009-02-12,5.7636
2009-02-13,5.8462
2009-02-16,5.8083
2009-02-17,5.8961
2009-02-18,5.8912
2009-02-19,5.9324
2009-02-20,5.906
2009-02-23,6.0677
2009-02-24,6.0526
2009-02-25,6.0241
2009-02-26,5.9874
2009-02-27,5.9109
2009-03-02,5.9705
2009-03-03,5.8956
2009-03-04,5.9356
2009-03-05,5.9506
2009-03-06,6.0195
2009-03-09,5.8751
2009-03-12,5.7933
2009-03-13,5.8265
2009-03-16,5.8665
2009-03-17,5.7921
2009-03-18,5.748
2009-03-19,5.8525
2009-03-20,5.8565
2009-03-23,5.9019
2009-03-24,5.9872
2009-03-25,5.9702
2009-03-26,6.0401
2009-03-27,6.0611
2009-03-30,5.9827
2009-03-31,5.9924
2009-04-01,6.0612
2009-04-02,6.1389
2009-04-03,6.1642
2009-04-06,6.1467
2009-04-07,6.1084
2009-04-14,6.2036
2009-04-16,6.2341
2009-04-17,6.2
2009-04-20,6.1273
2009-04-21,6.128
2009-04-22,6.1509
2009-04-23,6.1437
2009-04-24,6.228
2009-04-27,6.1749
2009-04-28,6.1874
2009-04-30,6.1648
2009-05-01,6.1799
2009-05-04,6.1916
2009-05-05,6.2275
2009-05-06,6.2202
2009-05-07,6.2463
2009-05-08,6.1634
2009-05-11,6.1988
2009-05-12,6.2722
2009-05-13,6.2268
2009-05-14,6.2686
2009-05-15,6.2983
2009-05-18,6.3519
2009-05-19,6.3779
2009-05-20,6.3372
2009-05-21,6.2774
2009-05-22,6.2647
2009-05-26,6.333
2009-05-27,6.3674
2009-05-28,6.2861
2009-06-01,6.3704
2009-06-02,6.4487
2009-06-03,6.5088
2009-06-04,6.4311
2009-06-05,6.3063
2009-06-08,6.3615
2009-06-09,6.3894
2009-06-10,6.4115
2009-06-11,6.4581
2009-06-12,6.4667
2009-06-15,6.4836
2009-06-16,6.4691
2009-06-17,6.4199
2009-06-18,6.4323
2009-06-19,6.4792
2009-06-22,6.5032
2009-06-23,6.4665
2009-06-24,6.5022
2009-06-25,6.4543
2009-06-26,6.5344
2009-06-29,6.5109
2009-06-30,6.5089
2009-07-01,6.3954
2009-07-02,6.3348
2009-07-03,6.3564
2009-07-06,6.3057
2009-07-07,6.3485
2009-07-08,6.3652
2009-07-09,6.4202
2009-07-10,6.4602
2009-07-13,6.4159
2009-07-14,6.4601
2009-07-15,6.424
2009-07-16,6.4186
2009-07-17,6.3672
2009-07-20,6.4434
2009-07-21,6.3833
2009-07-22,6.3748
2009-07-23,6.412
2009-07-24,6.3807
2009-07-27,6.2794
2009-07-28,6.2481
2009-07-29,6.2282
2009-07-31,6.2751
2009-08-03,6.3094
2009-08-04,6.5455
2009-08-05,6.6272
2009-08-06,6.6226
2009-08-07,6.5528
2009-08-10,6.4458
2009-08-11,6.3658
2009-08-12,6.3405
2009-08-13,6.3409
2009-08-14,6.2689
2009-08-17,6.2096
2009-08-18,6.2928
2009-08-19,6.2887
2009-08-20,6.2811
2009-08-21,6.2896
2009-08-24,6.2764
2009-08-25,6.2226
2009-08-26,6.1724
2009-08-27,6.1455
2009-08-28,6.2255
2009-08-31,6.1757
2009-09-01,6.1632
2009-09-02,6.1797
2009-09-03,6.2165
2009-09-04,6.1473
2009-09-07,6.1748
2009-09-08,6.2684
2009-09-09,6.2424
2009-09-10,6.2555
2009-09-11,6.3163
2009-09-14,6.2491
2009-09-15,6.1951
2009-09-16,6.1749
2009-09-17,6.2018
2009-09-21,6.0574
2009-09-22,6.0921
2009-09-23,6.1334
2009-09-24,6.0478
2009-09-25,6.0361
2009-09-29,6.0269
2009-09-30,6.0472
2009-10-01,6.0342
2009-10-02,5.9923
2009-10-05,6.0171
2009-10-06,5.9609
2009-10-07,5.9419
2009-10-08,5.9949
2009-10-09,5.9665
2009-10-12,5.8964
2009-10-13,5.8733
2009-10-14,5.9327
2009-10-15,6.0419
2009-10-16,6.0631
2009-10-19,6.0515
2009-10-20,6.0817
2009-10-21,6.1403
2009-10-22,6.1248
2009-10-23,6.0704
2009-10-26,6.0313
2009-10-27,6.0815
2009-10-28,6.1068
2009-10-29,6.1952
2009-10-30,6.1933
2009-11-02,6.1759
2009-11-03,6.2066
2009-11-04,6.2674
2009-11-05,6.2627
2009-11-06,6.2663
2009-11-09,6.2853
2009-11-10,6.2646
2009-11-11,6.2417
2009-11-12,6.2439
2009-11-13,6.2913
2009-11-16,6.2793
2009-11-17,6.3297
2009-11-18,6.3364
2009-11-19,6.3061
2009-11-20,6.3167
2009-11-23,6.3207
2009-11-24,6.2515
2009-11-25,6.2919
2009-11-26,6.2481
2009-11-27,6.2624
2009-11-30,6.2534
2009-12-01,6.2556
2009-12-02,6.3012
2009-12-03,6.2734
2009-12-04,6.272
2009-12-07,6.2339
2009-12-08,6.1827
2009-12-09,6.2114
2009-12-10,6.1695
2009-12-11,6.1591
2009-12-14,6.1348
2009-12-15,6.1433
2009-12-16,6.1852
2009-12-17,6.1285
2009-12-18,6.1479
2009-12-21,6.1164
2009-12-22,6.0871
2009-12-23,6.072
2009-12-24,6.0805
2009-12-28,6.0629
2009-12-29,6.0589
2009-12-30,6.0109
2009-12-31,6.1112
2010-01-04,6.1048
2010-01-05,5.9821
2010-01-06,5.9769
2010-01-07,5.9328
2010-01-08,5.9603
2010-01-11,5.9538
2010-01-12,5.9643
2010-01-13,5.9728
2010-01-14,5.9887
2010-01-15,6.0116
2010-01-18,6.0264
2010-01-19,6.0437
2010-01-20,6.0262
2010-01-21,6.0094
2010-01-22,6.0648
2010-01-25,6.0069
2010-01-26,6.0172
2010-01-27,6.0441
2010-01-28,6.0593
2010-01-29,6.0215
2010-02-01,5.9299
2010-02-02,5.9114
2010-02-03,5.9181
2010-02-04,5.8997
2010-02-05,5.879
2010-02-08,5.8096
2010-02-09,5.8114
2010-02-10,5.8569
2010-02-11,5.8388
2010-02-12,5.8551
2010-02-15,5.8899
2010-02-16,5.868
2010-02-17,5.8916
2010-02-18,5.8486
2010-02-19,5.7776
2010-02-22,5.8281
2010-02-23,5.8046
2010-02-24,5.8243
2010-02-25,5.7886
2010-02-26,5.7993
2010-03-02,5.661
2010-03-03,5.672
2010-03-04,5.7065
2010-03-05,5.6714
2010-03-08,5.6991
2010-03-09,5.6369
2010-03-10,5.5988
2010-03-11,5.6178
2010-03-12,5.6199
2010-03-15,5.5887
2010-03-16,5.6373
2010-03-17,5.6999
2010-03-18,5.6964
2010-03-19,5.6673
2010-03-22,5.6042
2010-03-23,5.6126
2010-03-24,5.5947
2010-03-25,5.5929
2010-03-26,5.5763
2010-03-31,5.6092
2010-04-01,5.6327
2010-04-06,5.6144
2010-04-07,5.633
2010-04-08,5.6304
2010-04-09,5.6739
2010-04-12,5.681
2010-04-13,5.6837
2010-04-14,5.7137
2010-04-15,5.7056
2010-04-16,5.7088
2010-04-19,5.678
2010-04-21,5.7302
2010-04-22,5.7533
2010-04-23,5.756
2010-04-26,5.7483
2010-04-27,5.7263
2010-04-28,5.6921
2010-04-29,5.6837
2010-04-30,5.7119
2010-05-03,5.6888
2010-05-04,5.675
2010-05-05,5.6809
2010-05-06,5.688
2010-05-07,5.5925
2010-05-10,5.6293
2010-05-11,5.5335
2010-05-12,5.5988
2010-05-13,5.5481
2010-05-14,5.4678
2010-05-17,5.4432
2010-05-18,5.4442
2010-05-20,5.4724
2010-05-21,5.5098
2010-05-24,5.4745
2010-05-25,5.5411
2010-05-26,5.5397
2010-05-27,5.5785
2010-05-28,5.5743
2010-06-01,5.6236
2010-06-02,5.6535
2010-06-03,5.6495
2010-06-04,5.6495
2010-06-07,5.6182
2010-06-08,5.5849
2010-06-09,5.6299
2010-06-10,5.6218
2010-06-11,5.6695
2010-06-14,5.6373
2010-06-15,5.6221
2010-06-16,5.6498
2010-06-17,5.6482
2010-06-18,5.6747
2010-06-21,5.6609
2010-06-22,5.653
2010-06-23,5.7556
2010-06-24,5.7945
2010-06-25,5.7645
2010-06-28,5.8561
2010-06-29,5.8571
2010-06-30,5.8228
2010-07-01,5.8022
2010-07-02,5.9068
2010-07-05,5.8797
2010-07-06,5.9072
2010-07-07,5.8961
2010-07-08,5.8547
2010-07-09,5.8755
2010-07-12,5.8036
2010-07-13,5.8211
2010-07-14,5.8823
2010-07-15,5.9238
2010-07-16,5.9494
2010-07-19,5.8967
2010-07-21,5.8951
2010-07-22,5.9021
2010-07-23,5.9082
2010-07-26,5.9799
2010-07-27,5.9106
2010-07-28,5.9343
2010-07-29,5.9279
2010-07-30,5.9058
2010-08-02,5.9616
2010-08-03,5.9885
2010-08-04,6.0148
2010-08-05,5.9828
2010-08-06,6.0013
2010-08-09,5.9942
2010-08-10,5.9351
2010-08-11,5.9613
2010-08-12,5.9261
2010-08-13,5.9298
2010-08-16,5.9352
2010-08-17,5.9072
2010-08-18,5.9088
2010-08-19,5.9154
2010-08-20,5.8906
2010-08-23,5.91
2010-08-24,5.8835
2010-08-25,5.8906
2010-08-26,5.9291
2010-08-27,5.9365
2010-08-30,5.9402
2010-08-31,5.8845
2010-09-01,5.843
2010-09-02,5.8356
2010-09-03,5.8223
2010-09-06,5.7934
2010-09-07,5.802
2010-09-13,5.8101
2010-09-14,5.8113
2010-09-15,5.8333
2010-09-16,5.8166
2010-09-20,5.8024
2010-09-21,5.7737
2010-09-22,5.7889
2010-09-24,5.7943
2010-09-27,5.8191
2010-09-28,5.8431
2010-09-29,5.8008
2010-10-01,5.7593
2010-10-04,5.746
2010-10-05,5.7434
2010-10-06,5.7231
2010-10-07,5.7469
2010-10-08,5.7106
2010-10-11,5.7332
2010-10-12,5.7346
2010-10-13,5.6927
2010-10-14,5.742
2010-10-15,5.7277
2010-10-18,5.6945
2010-10-19,5.6466
2010-10-20,5.699
2010-10-21,5.6906
2010-10-22,5.7093
2010-10-25,5.6573
2010-10-26,5.7589
2010-10-27,5.7611
2010-10-28,5.7863
2010-10-29,5.7798
2010-11-01,5.8324
2010-11-02,5.788
2010-11-03,5.8223
2010-11-04,5.8248
2010-11-05,5.8019
2010-11-08,5.8355
2010-11-09,5.856
2010-11-10,5.8538
2010-11-11,5.9027
2010-11-12,5.9106
2010-11-15,5.9031
2010-11-16,5.8803
2010-11-17,5.8518
2010-11-18,5.8474
2010-11-19,5.855
2010-11-22,5.7938
2010-11-23,5.8073
2010-11-24,5.7737
2010-11-25,5.7505
2010-11-26,5.7729
2010-11-29,5.7335
2010-11-30,5.7206
2010-12-01,5.7165
2010-12-02,5.696
2010-12-03,5.6919
2010-12-06,5.6949
2010-12-07,5.7182
2010-12-08,5.7493
2010-12-09,5.7166
2010-12-10,5.7156
2010-12-13,5.6778
2010-12-14,5.7019
2010-12-15,5.6159
2010-12-16,5.6154
2010-12-17,5.6116
2010-12-20,5.6099
2010-12-21,5.5632
2010-12-22,5.5549
2010-12-23,5.5428
2010-12-24,5.5541
2010-12-27,5.5287
2010-12-28,5.5298
2010-12-29,5.5048
2010-12-30,5.492
2010-12-31,5.4928
2011-01-03,5.493
2011-01-04,5.5086
2011-01-05,5.5158
2011-01-06,5.5089
2011-01-07,5.5267
2011-01-10,5.5535
2011-01-11,5.5328
2011-01-12,5.5133
2011-01-13,5.6296
2011-01-14,5.6239
2011-01-17,5.6484
2011-01-18,5.6462
2011-01-19,5.6621
2011-01-20,5.7543
2011-01-21,5.7667
2011-01-24,5.7813
2011-01-25,5.7081
2011-01-26,5.7139
2011-01-27,5.8328
2011-01-28,5.8433
2011-01-31,5.9015
2011-02-01,5.9473
2011-02-02,5.9495
2011-02-03,5.9711
2011-02-04,5.9919
2011-02-07,5.9224
2011-02-08,5.9297
2011-02-09,5.884
2011-02-10,5.9183
2011-02-11,5.9282
2011-02-14,5.8657
2011-02-15,5.8842
2011-02-16,5.8011
2011-02-17,5.8252
2011-02-18,5.8769
2011-02-21,5.843
2011-02-22,5.8713
2011-02-23,5.9072
2011-02-24,5.9122
2011-02-25,5.894
2011-02-28,5.8809
2011-03-01,5.8959
2011-03-02,5.9231
2011-03-03,5.8746
2011-03-04,5.8646
2011-03-07,5.8741
2011-03-08,5.7978
2011-03-09,5.7853
2011-03-10,5.7557
2011-03-11,5.7359
2011-03-14,5.7234
2011-03-15,5.6974
2011-03-16,5.7197
2011-03-17,5.7487
2011-03-18,5.7161
2011-03-22,5.7711
2011-03-23,5.7566
2011-03-24,5.7312
2011-03-25,5.7312
2011-03-28,5.6557
2011-03-29,5.6289
2011-03-30,5.6308
2011-03-31,5.5994
2011-04-01,5.5709
2011-04-04,5.5913
2011-04-05,5.6291
2011-04-06,5.6422
2011-04-07,5.6357
2011-04-08,5.6412
2011-04-11,5.63
2011-04-12,5.6015
2011-04-13,5.5649
2011-04-14,5.5994
2011-04-15,5.5858
2011-04-20,5.6059
2011-04-21,5.6222
2011-04-26,5.6258
2011-04-27,5.6642
2011-04-28,5.6778
2011-04-29,5.6564
2011-05-02,5.6381
2011-05-03,5.5996
2011-05-04,5.6004
2011-05-05,5.621
2011-05-06,5.6464
2011-05-09,5.652
2011-05-11,5.7129
2011-05-12,5.7019
2011-05-13,5.6779
2011-05-16,5.7247
2011-05-17,5.7251
2011-05-18,5.6965
2011-05-19,5.6548
2011-05-20,5.6458
2011-05-23,5.6687
2011-05-24,5.6438
2011-05-25,5.6764
2011-05-26,5.6559
2011-05-27,5.7068
2011-05-31,5.6721
2011-06-01,5.6185
2011-06-02,5.5853
2011-06-03,5.5281
2011-06-06,5.5491
2011-06-07,5.5306
2011-06-09,5.5449
2011-06-10,5.5226
2011-06-13,5.5914
2011-06-14,5.5688
2011-06-15,5.5654
2011-06-16,5.611
2011-06-17,5.5827
2011-06-20,5.5927
2011-06-21,5.5351
2011-06-22,5.5167
2011-06-23,5.5171
2011-06-24,5.4989
2011-06-27,5.5233
2011-06-28,5.5264
2011-06-29,5.4934
2011-06-30,5.4645
2011-07-01,5.4622
2011-07-04,5.4553
2011-07-05,5.4955
2011-07-06,5.4761
2011-07-07,5.4389
2011-07-08,5.422
2011-07-11,5.4789
2011-07-12,5.4915
2011-07-13,5.4827
2011-07-14,5.5289
2011-07-15,5.5349
2011-07-18,5.552
2011-07-19,5.5414
2011-07-20,5.5195
2011-07-21,5.5347
2011-07-22,5.5258
2011-07-25,5.5499
2011-07-26,5.5719
2011-07-27,5.5646
2011-07-28,5.6008
2011-07-29,5.5859
2011-08-01,5.5988
2011-08-02,5.612
2011-08-03,5.6784
2011-08-04,5.7017
2011-08-05,5.7281
2011-08-08,5.8288
2011-08-10,5.7157
2011-08-11,5.7256
2011-08-12,5.7458
2011-08-15,5.7431
2011-08-16,5.788
2011-08-17,5.7812
2011-08-18,5.8651
2011-08-19,5.9203
2011-08-22,5.9076
2011-08-23,5.9137
2011-08-24,5.9516
2011-08-25,5.9083
2011-08-26,5.9178
2011-08-29,5.9083
2011-08-30,5.8297
2011-08-31,5.804
2011-09-01,5.7931
2011-09-02,5.803
2011-09-05,5.8638
2011-09-06,5.8969
2011-09-07,5.8762
2011-09-08,5.8927
2011-09-09,5.9048
2011-09-12,5.9084
2011-09-13,5.8767
2011-09-14,5.8638
2011-09-15,5.8316
2011-09-16,5.7613
2011-09-19,5.8197
2011-09-20,5.7859
2011-09-21,5.7718
2011-09-22,5.7372
2011-09-23,5.7267
2011-09-26,5.7827
2011-09-27,5.7978
2011-10-03,5.8178
2011-10-04,5.7882
2011-10-05,5.7668
2011-10-06,5.7017
2011-10-10,5.7514
2011-10-11,5.7712
2011-10-12,5.7698
2011-10-14,5.7735
2011-10-17,5.7386
2011-10-18,5.7423
2011-10-19,5.739
2011-10-21,5.759
2011-10-24,5.8038
2011-10-25,5.8293
2011-10-26,5.8301
2011-10-27,5.8097
2011-10-28,5.8046
2011-10-31,5.7713
2011-11-01,5.8112
2011-11-02,5.8367
2011-11-03,5.8664
2011-11-04,5.8693
2011-11-07,5.9078
2011-11-08,5.9039
2011-11-09,5.929
2011-11-10,5.9244
2011-11-11,5.924
2011-11-14,5.9328
2011-11-15,5.9221
2011-11-16,5.8861
2011-11-17,5.8705
2011-11-18,5.9011
2011-11-21,5.8569
2011-11-22,5.8439
2011-11-23,5.8591
2011-11-24,5.865
2011-11-25,5.8728
2011-11-28,5.9143
2011-11-29,5.9116
2011-11-30,5.9142
2011-12-01,5.8767
2011-12-02,5.851
2011-12-05,5.8322
2011-12-06,5.8418
2011-12-07,5.8438
2011-12-08,5.8721
2011-12-09,5.8888
2011-12-12,5.8759
2011-12-13,5.8856
2011-12-14,5.8945
2011-12-15,5.8932
2011-12-16,5.8869
2011-12-19,5.8838
2011-12-20,5.9155
2011-12-21,5.9226
2011-12-22,5.9331
2011-12-23,5.9387
2011-12-27,5.9056
2011-12-28,5.9462
2011-12-29,5.8751
2011-12-30,5.8918
2012-01-03,5.9512
2012-01-04,6.004
2012-01-05,5.9855
2012-01-06,5.9564
2012-01-09,5.928
2012-01-10,5.9281
2012-01-11,5.9228
2012-01-12,5.8831
2012-01-13,5.8861
2012-01-16,5.8978
2012-01-17,5.9011
2012-01-18,5.8575
2012-01-19,5.8495
2012-01-20,5.8563
2012-01-23,5.876
2012-01-24,5.9
2012-01-25,5.8972
2012-01-26,5.9029
2012-01-27,5.9165
2012-01-30,5.9102
2012-01-31,5.8907
2012-02-01,5.8888
2012-02-02,5.8987
2012-02-03,5.8827
2012-02-06,5.8589
2012-02-07,5.9027
2012-02-08,5.8826
2012-02-09,5.8996
2012-02-10,5.8819
2012-02-13,5.8719
2012-02-14,5.8795
2012-02-15,5.8644
2012-02-16,5.9099
2012-02-17,5.9277
2012-02-20,5.9088
2012-02-21,5.9049
2012-02-22,5.8811
2012-02-23,5.9027
2012-02-24,5.936
2012-02-27,6.0321
2012-02-28,5.9983
2012-02-29,6.0021
2012-03-01,6.0334
2012-03-02,6.0383
2012-03-05,6.0179
2012-03-06,6.0151
2012-03-07,5.9906
2012-03-12,5.9154
2012-03-13,5.9071
2012-03-14,5.9376
2012-03-15,5.9326
2012-03-16,5.9273
2012-03-19,5.9735
2012-03-20,5.9444
2012-03-21,5.9332
2012-03-22,5.9365
2012-03-23,5.9301
2012-03-26,5.9303
2012-03-27,5.9301
2012-03-28,5.9206
2012-03-29,5.9328
2012-03-30,5.9394
2012-04-02,5.9669
2012-04-03,5.9629
2012-04-04,5.9424
2012-04-05,5.9363
2012-04-10,5.9415
2012-04-11,5.9795
2012-04-12,5.9895
2012-04-16,5.9507
2012-04-17,5.9919
2012-04-18,6.0182
2012-04-19,6.0337
2012-04-20,6.036
2012-04-23,6.0519
2012-04-24,6.0682
2012-04-25,6.0317
2012-04-27,6.0824
2012-04-30,6.1013
2012-05-01,6.1074
2012-05-02,6.128
2012-05-03,6.1128
2012-05-04,6.1135
2012-05-07,6.1478
2012-05-08,6.14
2012-05-09,6.1505
2012-05-10,6.159
2012-05-11,6.1596
2012-05-14,6.155
2012-05-15,6.1433
2012-05-16,6.1047
2012-05-17,6.0643
2012-05-18,6.0632
2012-05-21,6.0525
2012-05-22,6.0203
2012-05-23,6.0679
2012-05-24,6.0325
2012-05-25,6.0368
2012-05-28,6.0531
2012-05-29,6.0749
2012-05-30,6.0549
2012-05-31,6.0194
2012-06-01,5.9833
2012-06-04,5.9867
2012-06-05,5.9788
2012-06-06,6.0267
2012-06-07,6.0215
2012-06-08,5.984
2012-06-11,6.0037
2012-06-12,6.0421
2012-06-13,6.0416
2012-06-14,6.0211
2012-06-15,5.9901
2012-06-18,6.0355
2012-06-19,6.0464
2012-06-20,6.0857
2012-06-21,6.0857
2012-06-22,6.0995
2012-06-25,6.0897
2012-06-26,6.1544
2012-06-27,6.1628
2012-06-28,6.1338
2012-06-29,6.1347
2012-07-02,6.1424
2012-07-03,6.1533
2012-07-04,6.1325
2012-07-05,6.1059
2012-07-06,6.1084
2012-07-09,6.1395
2012-07-10,6.1419
2012-07-11,6.168
2012-07-12,6.1488
2012-07-13,6.1297
2012-07-16,6.1916
2012-07-17,6.2268
2012-07-18,6.2555
2012-07-19,6.3292
2012-07-20,6.2744
2012-07-23,6.2726
2012-07-24,6.31
2012-07-25,6.2993
2012-07-26,6.3522
2012-07-27,6.4037
2012-07-30,6.3359
2012-07-31,6.2617
2012-08-01,6.2099
2012-08-02,6.185
2012-08-03,6.2279
2012-08-06,6.1895
2012-08-07,6.2568
2012-08-08,6.2566
2012-08-09,6.2359
2012-08-10,6.2413
2012-08-13,6.3452
2012-08-14,6.3309
2012-08-15,6.3276
2012-08-16,6.3439
2012-08-17,6.3286
2012-08-20,6.3301
2012-08-21,6.3404
2012-08-22,6.3632
2012-08-23,6.3565
2012-08-24,6.3766
2012-08-27,6.364
2012-08-28,6.3388
2012-08-29,6.3804
2012-08-30,6.4017
2012-08-31,6.3578
2012-09-03,6.3861
2012-09-04,6.3799
2012-09-05,6.4041
2012-09-06,6.4018
2012-09-07,6.3877
2012-09-10,6.3619
2012-09-11,6.3455
2012-09-12,6.3541
2012-09-13,6.3876
2012-09-14,6.3471
2012-09-19,6.3424
2012-09-20,6.3455
2012-09-21,6.3329
2012-09-24,6.3434
2012-09-27,6.3624
2012-09-28,6.3454
2012-10-02,6.2828
2012-10-03,6.2586
2012-10-04,6.2504
2012-10-05,6.2434
2012-10-09,6.1916
2012-10-10,6.1867
2012-10-11,6.1801
2012-10-12,6.1681
2012-10-15,6.1314
2012-10-16,6.1322
2012-10-17,6.1335
2012-10-18,6.1436
2012-10-19,6.1338
2012-10-22,6.1212
2012-10-23,6.1251
2012-10-24,6.1755
2012-10-25,6.2251
2012-10-26,6.2406
2012-10-29,6.2434
2012-10-30,6.257
2012-10-31,6.2483
2012-11-01,6.2576
2012-11-02,6.2496
2012-11-05,6.235
2012-11-06,6.2246
2012-11-07,6.2032
2012-11-08,6.2254
2012-11-09,6.2261
2012-11-12,6.2368
2012-11-13,6.246
2012-11-14,6.2152
2012-11-15,6.261
2012-11-16,6.2758
2012-11-19,6.2639
2012-11-20,6.2506
2012-11-21,6.2369
2012-11-22,6.1702
2012-11-23,6.1791
2012-11-26,6.1955
2012-11-27,6.1828
2012-11-28,6.1783
2012-11-29,6.1331
2012-11-30,6.113
2012-12-03,6.1129
2012-12-04,6.1493
2012-12-05,6.1286
2012-12-06,6.1432
2012-12-07,6.1501
2012-12-10,6.1537
2012-12-11,6.1223
2012-12-12,6.1032
2012-12-13,6.0966
2012-12-14,6.1272
2012-12-17,6.1197
2012-12-18,6.1125
2012-12-19,6.1126
2012-12-20,6.0978
2012-12-21,6.0892
2012-12-24,6.0632
2012-12-26,6.0491
2012-12-27,6.0303
2012-12-28,5.9994
2012-12-31,6.0365
2013-01-02,6.0538
2013-01-03,6.0415
2013-01-04,6.056
2013-01-07,6.0894
2013-01-08,6.0608
2013-01-09,6.0719
2013-01-10,6.0605
2013-01-11,6.0449
2013-01-14,6.0071
2013-01-15,5.9922
2013-01-16,5.981
2013-01-17,5.9687
2013-01-18,5.9306
2013-01-21,5.9366
2013-01-23,5.8989
2013-01-24,5.8867
2013-01-25,5.8706
2013-01-28,5.8651
2013-01-29,5.866
2013-01-30,5.8751
2013-01-31,5.8855
2013-02-01,5.8427
2013-02-04,5.7958
2013-02-05,5.8074
2013-02-06,5.7906
2013-02-07,5.7943
2013-02-08,5.8153
2013-02-11,5.8031
2013-02-12,5.7706
2013-02-13,5.7414
2013-02-14,5.7085
2013-02-15,5.7194
2013-02-18,5.6922
2013-02-19,5.6978
2013-02-20,5.6038
2013-02-21,5.6014
2013-02-22,5.6663
2013-02-26,5.6582
2013-02-27,5.6467
2013-02-28,5.6302
2013-03-01,5.6469
2013-03-04,5.6181
2013-03-05,5.6535
2013-03-06,5.624
2013-03-07,5.6081
2013-03-08,5.5546
2013-03-11,5.4924
2013-03-12,5.4765
2013-03-13,5.5225
2013-03-14,5.5301
2013-03-15,5.5756
2013-03-18,5.5756
2013-03-19,5.5692
2013-03-20,5.5646
2013-03-21,5.5812
2013-03-22,5.5745
2013-03-27,5.5157
2013-03-28,5.5344
2013-04-02,5.5001
2013-04-03,5.4703
2013-04-04,5.4776
2013-04-05,5.5197
2013-04-08,5.5427
2013-04-09,5.5508
2013-04-10,5.5603
2013-04-11,5.5763
2013-04-12,5.5778
2013-04-15,5.5567
2013-04-17,5.5262
2013-04-18,5.5332
2013-04-19,5.5766
2013-04-22,5.5285
2013-04-23,5.5304
2013-04-24,5.5254
2013-04-25,5.5764
2013-04-26,5.5648
2013-04-29,5.5735
2013-04-30,5.5732
2013-05-01,5.5852
2013-05-02,5.5695
2013-05-03,5.5464
2013-05-06,5.5553
2013-05-07,5.5313
2013-05-08,5.5284
2013-05-09,5.5351
2013-05-10,5.4908
2013-05-13,5.4891
2013-05-14,5.5664
2013-05-16,5.5591
2013-05-17,5.5508
2013-05-20,5.5653
2013-05-21,5.5672
2013-05-22,5.5344
2013-05-23,5.578
2013-05-24,5.5871
2013-05-28,5.6065
2013-05-29,5.571
2013-05-30,5.58
2013-05-31,5.5999
2013-06-03,5.6261
2013-06-04,5.6218
2013-06-05,5.6364
2013-06-06,5.6392
2013-06-07,5.6516
2013-06-10,5.643
2013-06-11,5.6657
2013-06-12,5.6746
2013-06-13,5.6626
2013-06-14,5.629
2013-06-17,5.6596
2013-06-18,5.6139
2013-06-19,5.6217
2013-06-20,5.6075
2013-06-21,5.6137
2013-06-24,5.581
2013-06-25,5.569
2013-06-26,5.5564
2013-06-27,5.5697
2013-06-28,5.5206
2013-07-01,5.538
2013-07-02,5.5149
2013-07-03,5.567
2013-07-04,5.5394
2013-07-05,5.4698
2013-07-08,5.4585
2013-07-09,5.429
2013-07-10,5.4282
2013-07-11,5.4691
2013-07-12,5.4611
2013-07-15,5.4152
2013-07-17,5.4429
2013-07-18,5.4805
2013-07-19,5.4627
2013-07-22,5.4749
2013-07-23,5.4802
2013-07-24,5.4939
2013-07-25,5.4959
2013-07-26,5.5049
2013-07-29,5.529
2013-07-30,5.4631
2013-07-31,5.4188
2013-08-01,5.4238
2013-08-02,5.4137
2013-08-05,5.4663
2013-08-06,5.4566
2013-08-07,5.4914
2013-08-08,5.4886
2013-08-09,5.4878
2013-08-12,5.4863
2013-08-13,5.4834
2013-08-14,5.5338
2013-08-15,5.5661
2013-08-16,5.5678
2013-08-19,5.5893
2013-08-20,5.5885
2013-08-21,5.5961
2013-08-22,5.5843
2013-08-23,5.6004
2013-08-26,5.6103
2013-08-27,5.6741
2013-08-28,5.6744
2013-08-29,5.6336
2013-08-30,5.6103
2013-09-02,5.6345
2013-09-03,5.6533
2013-09-09,5.6812
2013-09-10,5.6599
2013-09-11,5.6201
2013-09-12,5.6365
2013-09-16,5.6255
2013-09-17,5.6228
2013-09-18,5.6316
2013-09-20,5.6283
2013-09-23,5.6426
2013-09-24,5.6525
2013-09-25,5.6924
2013-09-27,5.7418
2013-09-30,5.7068
2013-10-01,5.7344
2013-10-02,5.7244
2013-10-03,5.7376
2013-10-04,5.7214
2013-10-07,5.6907
2013-10-08,5.735
2013-10-09,5.6994
2013-10-10,5.6708
2013-10-11,5.6712
2013-10-14,5.6523
2013-10-15,5.6515
2013-10-16,5.7012
2013-10-17,5.6835
2013-10-18,5.7164
2013-10-21,5.7157
2013-10-22,5.6897
2013-10-23,5.6801
2013-10-24,5.7095
2013-10-25,5.713
2013-10-28,5.7176
2013-10-29,5.6659
2013-10-30,5.6549
2013-10-31,5.6471
2013-11-01,5.6411
2013-11-04,5.6402
2013-11-05,5.6697
2013-11-06,5.6806
2013-11-07,5.6831
2013-11-08,5.6889
2013-11-11,5.6501
2013-11-12,5.6122
2013-11-13,5.6413
2013-11-14,5.6675
2013-11-15,5.6515
2013-11-18,5.6767
2013-11-19,5.6637
2013-11-20,5.7211
2013-11-21,5.7559
2013-11-22,5.7705
2013-11-25,5.7678
2013-11-26,5.7297
2013-11-27,5.7743
2013-11-28,5.7771
2013-11-29,5.7515
2013-12-02,5.782
2013-12-03,5.7865
2013-12-04,5.761
2013-12-05,5.7615
2013-12-06,5.7471
2013-12-09,5.7381
2013-12-10,5.7516
2013-12-11,5.7363
2013-12-12,5.75
2013-12-13,5.7246
2013-12-16,5.7265
2013-12-17,5.7224
2013-12-18,5.7346
2013-12-19,5.7572
2013-12-20,5.7516
2013-12-23,5.7327
2013-12-24,5.7018
2013-12-26,5.7201
2013-12-27,5.7573
2013-12-30,5.7307
2013-12-31,5.7419
2014-01-02,5.7644
2014-01-03,5.7609
2014-01-06,5.7344
2014-01-07,5.7508
2014-01-08,5.762
2014-01-09,5.7656
2014-01-10,5.7534
2014-01-13,5.7341
2014-01-14,5.7349
2014-01-15,5.72
2014-01-16,5.7051
2014-01-17,5.6947
2014-01-20,5.7432
2014-01-21,5.7466
2014-01-22,5.781
2014-01-23,5.788
2014-01-24,5.8034
2014-01-27,5.7722
2014-01-28,5.7854
2014-01-29,5.7755
2014-01-30,5.7575
2014-01-31,5.7558
2014-02-03,5.7525
2014-02-04,5.7654
2014-02-05,5.7587
2014-02-06,5.7866
2014-02-07,5.7711
2014-02-10,5.7791
2014-02-11,5.7738
2014-02-12,5.8296
2014-02-13,5.8461
2014-02-14,5.857
2014-02-17,5.8715
2014-02-18,5.8672
2014-02-19,5.8502
2014-02-20,5.8579
2014-02-21,5.8499
2014-02-24,5.836
2014-02-25,5.8723
2014-02-26,5.8718
2014-02-27,5.8516
2014-02-28,5.8471
2014-03-03,5.8437
2014-03-04,5.8224
2014-03-05,5.8291
2014-03-06,5.8079
2014-03-07,5.7933
2014-03-10,5.7801
2014-03-11,5.7691
2014-03-12,5.756
2014-03-13,5.7857
2014-03-14,5.765
2014-03-18,5.7478
2014-03-19,5.7563
2014-03-20,5.7519
2014-03-21,5.7377
2014-03-24,5.7517
2014-03-25,5.758
2014-03-26,5.771
2014-03-27,5.8261
2014-03-28,5.8145
2014-03-31,5.8057
2014-04-01,5.7837
2014-04-02,5.7826
2014-04-03,5.7584
2014-04-04,5.7669
2014-04-07,5.7928
2014-04-08,5.8151
2014-04-09,5.8299
2014-04-10,5.8137
2014-04-11,5.8091
2014-04-16,5.8088
2014-04-17,5.8476
2014-04-22,5.8611
2014-04-23,5.8619
2014-04-24,5.84
2014-04-25,5.8347
2014-04-28,5.8683
2014-04-29,5.83
2014-04-30,5.8345
2014-05-01,5.8391
2014-05-02,5.8407
2014-05-05,5.835
2014-05-07,5.8512
2014-05-08,5.8489
2014-05-09,5.8398
2014-05-12,5.8372
2014-05-13,5.8224
2014-05-14,5.8021
2014-05-15,5.788
2014-05-16,5.8148
2014-05-19,5.8122
2014-05-20,5.8354
2014-05-21,5.8916
2014-05-22,5.8824
2014-05-23,5.88
2014-05-27,5.8543
2014-05-28,5.8414
2014-05-29,5.8094
2014-05-30,5.8158
2014-06-02,5.823
2014-06-03,5.8261
2014-06-05,5.8208
2014-06-06,5.8211
2014-06-09,5.816
2014-06-10,5.8089
2014-06-11,5.8091
2014-06-12,5.8236
2014-06-13,5.8617
2014-06-16,5.8682
2014-06-17,5.8625
2014-06-18,5.8582
2014-06-19,5.8646
2014-06-20,5.8734
2014-06-23,5.8746
2014-06-24,5.833
2014-06-25,5.8373
2014-06-26,5.8437
2014-06-27,5.8471
2014-06-30,5.8599
2014-07-01,5.8703
2014-07-02,5.8811
2014-07-03,5.8682
2014-07-04,5.8627
2014-07-07,5.8617
2014-07-08,5.8725
2014-07-09,5.879
2014-07-10,5.8686
2014-07-11,5.8715
2014-07-14,5.8568
2014-07-15,5.8363
2014-07-16,5.836
2014-07-17,5.8313
2014-07-18,5.8542
2014-07-21,5.84
2014-07-22,5.8332
2014-07-23,5.8112
2014-07-24,5.786
2014-07-25,5.8148
2014-07-28,5.8209
2014-07-29,5.8088
2014-07-30,5.8065
2014-07-31,5.7878
2014-08-01,5.7669
2014-08-04,5.755
2014-08-06,5.7688
2014-08-07,5.8107
2014-08-08,5.8388
2014-08-11,5.8264
2014-08-12,5.8438
2014-08-13,5.8354
2014-08-14,5.7886
2014-08-15,5.7844
2014-08-18,5.8593
2014-08-19,5.8646
2014-08-20,5.8816
2014-08-21,5.8659
2014-08-22,5.8387
2014-08-25,5.8776
2014-08-26,5.9211
2014-08-27,5.9223
2014-08-28,5.9059
2014-08-29,5.9215
2014-09-01,5.9472
2014-09-02,5.9159
2014-09-03,5.898
2014-09-04,5.8831
2014-09-05,5.8855
2014-09-08,5.803
2014-09-09,5.818
2014-09-10,5.8295
2014-09-11,5.895
2014-09-12,5.9098
2014-09-15,5.8891
2014-09-16,5.8998
2014-09-17,5.9511
2014-09-18,5.9597
2014-09-19,5.9915
2014-09-22,5.9746
2014-09-23,5.9928
2014-09-29,5.9818
2014-09-30,5.9777
2014-10-01,5.9443
2014-10-02,5.8838
2014-10-06,5.8645
2014-10-07,5.9558
2014-10-08,6.0029
2014-10-10,5.9856
2014-10-13,6.0097
2014-10-14,5.9775
2014-10-15,5.9325
2014-10-17,5.9533
2014-10-20,6.0453
2014-10-21,6.024
2014-10-22,6.0071
2014-10-23,6.0323
2014-10-24,6.076
2014-10-27,6.1047
2014-10-28,6.0659
2014-10-29,6.0506
2014-10-30,6.0374
2014-10-31,6.0475
2014-11-03,6.0632
2014-11-04,6.0718
2014-11-05,6.045
2014-11-06,6.0353
2014-11-07,6.0327
2014-11-10,6.0112
2014-11-11,6.052
2014-11-12,6.0402
2014-11-13,6.0015
2014-11-14,5.9799
2014-11-17,5.9828
2014-11-18,6.0094
2014-11-19,6.0185
2014-11-20,6.0334
2014-11-21,6.0118
2014-11-24,6.0592
2014-11-25,6.0542
2014-11-26,6.0921
2014-11-27,6.123
2014-11-28,6.1088
2014-12-01,6.1447
2014-12-02,6.2109
2014-12-03,6.2608
2014-12-04,6.2457
2014-12-05,6.2107
2014-12-08,6.2323
2014-12-09,6.1709
2014-12-10,6.19
2014-12-11,6.1413
2014-12-12,6.1372
2014-12-15,6.1378
2014-12-16,6.1849
2014-12-17,6.1555
2014-12-18,6.1583
2014-12-19,6.1575
2014-12-22,6.1324
2014-12-23,6.0905
2014-12-24,6.0736
2014-12-29,6.1132
2014-12-30,6.0718
2014-12-31,6.0636
2015-01-02,6.0849
2015-01-05,6.0313
2015-01-06,6.0343
2015-01-07,5.9896
2015-01-08,5.9866
2015-01-09,5.9788
2015-01-12,5.9879
2015-01-13,5.9837
2015-01-14,5.9806
2015-01-15,5.9445
2015-01-16,5.9534
2015-01-19,5.9544
2015-01-20,5.9515
2015-01-21,5.9412
2015-01-22,5.979
2015-01-23,5.9401
2015-01-26,6.0015
2015-01-27,6.0248
2015-01-28,6.0025
2015-01-29,5.9395
2015-01-30,5.9204
2015-02-02,5.9126
2015-02-03,5.9247
2015-02-04,5.9146
2015-02-05,5.9077
2015-02-06,5.9258
2015-02-09,5.9048
2015-02-10,5.9048
2015-02-11,5.9094
2015-02-12,5.9727
2015-02-13,5.9761
2015-02-16,5.984
2015-02-17,5.9395
2015-02-18,5.939
2015-02-19,5.9348
2015-02-20,5.9339
2015-02-23,5.9292
2015-02-24,6.101
2015-02-25,6.0988
2015-02-26,6.1026
2015-02-27,6.1103
2015-03-02,6.1452
2015-03-03,6.1281
2015-03-04,6.1079
2015-03-09,6.0728
2015-03-10,6.0811
2015-03-11,6.0946
2015-03-12,6.0268
2015-03-13,5.9703
2015-03-16,5.946
2015-03-18,5.8942
2015-03-19,5.9465
2015-03-20,5.9715
2015-03-23,5.9955
2015-03-24,5.8625
2015-03-25,5.8869
2015-03-26,5.8913
2015-03-27,5.8963
2015-03-30,5.8745
2015-03-31,5.8813
2015-04-01,5.8705
2015-04-02,5.8472
2015-04-07,5.8518
2015-04-08,5.8667
2015-04-09,5.828
2015-04-13,5.8626
2015-04-14,5.8374
2015-04-15,5.863
2015-04-16,5.8704
2015-04-17,5.8846
2015-04-20,5.8616
2015-04-21,5.8725
2015-04-22,5.9089
2015-04-24,5.933
2015-04-27,5.9463
2015-04-28,5.9495
2015-04-29,5.9484
2015-04-30,5.9494
2015-05-01,5.9061
2015-05-04,5.8755
2015-05-05,5.8693
2015-05-06,5.8877
2015-05-07,5.8786
2015-05-08,5.9809
2015-05-11,5.9905
2015-05-12,6.0559
2015-05-13,6.0465
2015-05-14,6.0335
2015-05-15,6.0244
2015-05-18,5.9905
2015-05-19,5.977
2015-05-20,6.0142
2015-05-21,6.0516
2015-05-22,6.0698
2015-05-26,5.9732
2015-05-27,5.9601
2015-05-28,5.9369
2015-05-29,5.9301
2015-06-01,5.8946
2015-06-02,5.8851
2015-06-03,5.9026
2015-06-04,5.9164
2015-06-05,5.8894
2015-06-08,5.8987
2015-06-09,5.8607
2015-06-10,5.9159
2015-06-11,5.919
2015-06-12,5.9545
2015-06-15,5.9501
2015-06-16,5.9745
2015-06-17,6.0438
2015-06-18,6.0698
2015-06-19,6.0805
2015-06-22,6.0649
2015-06-23,5.9646
2015-06-24,5.9248
2015-06-25,5.928
2015-06-26,5.9765
2015-06-29,5.9677
2015-06-30,5.9262
2015-07-01,5.9094
2015-07-02,5.8969
2015-07-03,5.8888
2015-07-06,5.8709
2015-07-07,5.8417
2015-07-08,5.8327
2015-07-09,5.8283
2015-07-10,5.8296
2015-07-13,5.8809
2015-07-14,5.8858
2015-07-15,5.8841
2015-07-16,5.9159
2015-07-17,5.9354
2015-07-20,5.9486
2015-07-21,5.9247
2015-07-22,5.9542
2015-07-23,5.9594
2015-07-24,5.9237
2015-07-27,5.9047
2015-07-28,5.8851
2015-07-29,5.9144
2015-07-30,5.9107
2015-07-31,5.8902
2015-08-03,5.8836
2015-08-04,5.8972
2015-08-05,5.9335
2015-08-06,5.9107
2015-08-07,5.9071
2015-08-10,5.8986
2015-08-11,5.9506
2015-08-12,5.9466
2015-08-13,5.9491
2015-08-14,5.9074
2015-08-17,5.9566
2015-08-18,6.0111
2015-08-19,6.0733
2015-08-20,6.0823
2015-08-21,6.0841
2015-08-24,6.0962
2015-08-25,6.1068
2015-08-26,6.1106
2015-08-27,6.0657
2015-08-28,6.0515
2015-08-31,6.0539
2015-09-01,6.0236
2015-09-02,6.0014
2015-09-03,6.0134
2015-09-04,5.9848
2015-09-07,6.0051
2015-09-08,6.0328
2015-09-09,5.9625
2015-09-10,6.0165
2015-09-11,5.9659
2015-09-16,5.9982
2015-09-17,6.0142
2015-09-18,6.047
2015-09-21,6.0921
2015-09-24,6.0023
2015-09-25,6.012
2015-09-29,5.9788
2015-09-30,5.9522
2015-10-01,5.9271
2015-10-02,5.9415
2015-10-06,5.8755
2015-10-07,5.8936
2015-10-08,5.9106
2015-10-09,5.8986
2015-10-12,5.8885
2015-10-13,5.8761
2015-10-14,5.9199
2015-10-15,5.9127
2015-10-16,5.901
2015-10-19,5.9503
2015-10-20,5.973
2015-10-21,5.9651
2015-10-22,5.9615
2015-10-23,5.9753
2015-10-26,5.9745
2015-10-27,5.928
2015-10-28,5.9221
2015-10-29,5.924
2015-10-30,5.9299
2015-11-02,5.9844
2015-11-03,5.9794
2015-11-04,5.9773
2015-11-05,5.979
2015-11-06,5.8981
2015-11-09,5.9069
2015-11-10,5.9309
2015-11-11,5.9316
2015-11-12,5.9092
2015-11-13,5.9191
2015-11-16,5.9148
2015-11-17,5.9384
2015-11-18,5.9377
2015-11-19,5.9338
2015-11-20,5.9327
2015-11-23,5.8965
2015-11-24,5.8471
2015-11-25,5.8412
2015-11-26,5.8497
2015-11-27,5.8648
2015-11-30,5.8194
2015-12-01,5.848
2015-12-02,5.8321
2015-12-03,5.8043
2015-12-04,5.827
2015-12-07,5.8059
2015-12-08,5.8116
2015-12-09,5.8611
2015-12-10,5.8558
2015-12-11,5.8519
2015-12-14,5.8426
2015-12-15,5.8493
2015-12-16,5.8267
2015-12-17,5.8135
2015-12-18,5.8139
2015-12-21,5.8138
2015-12-22,5.8135
2015-12-23,5.798
2015-12-24,5.8074
2015-12-28,5.7926
2015-12-29,5.7612
2015-12-30,5.7707
2015-12-31,5.784
2016-01-04,5.7837
2016-01-05,5.7661
2016-01-06,5.7741
2016-01-07,5.7274
2016-01-08,5.7354
2016-01-11,5.7233
2016-01-12,5.6866
2016-01-13,5.6786
2016-01-14,5.6741
2016-01-15,5.6624
2016-01-18,5.6559
2016-01-19,5.6576
2016-01-20,5.6307
2016-01-21,5.6135
2016-01-22,5.66
2016-01-25,5.6752
2016-01-26,5.6502
2016-01-27,5.6875
2016-01-28,5.6654
2016-01-29,5.6717
2016-02-01,5.6426
2016-02-02,5.6989
2016-02-03,5.7469
2016-02-04,5.7045
2016-02-05,5.6444
2016-02-08,5.6017
2016-02-09,5.5978
2016-02-10,5.6293
2016-02-11,5.6049
2016-02-12,5.6333
2016-02-15,5.6287
2016-02-16,5.6424
2016-02-17,5.5833
2016-02-18,5.606
2016-02-19,5.6043
2016-02-22,5.5296
2016-02-23,5.5148
2016-02-24,5.451
2016-02-25,5.4494
2016-02-26,5.4743
2016-02-29,5.417
2016-03-01,5.4576
2016-03-02,5.4391
2016-03-03,5.4642
2016-03-04,5.5008
2016-03-07,5.5337
2016-03-08,5.5574
2016-03-09,5.5552
2016-03-10,5.5309
2016-03-11,5.5246
2016-03-14,5.5666
2016-03-15,5.5166
2016-03-16,5.4934
2016-03-17,5.5397
2016-03-18,5.5698
2016-03-21,5.5521
2016-03-22,5.5007
2016-03-23,5.439
2016-03-28,5.4361
2016-03-29,5.4664
2016-03-30,5.4581
2016-03-31,5.4269
2016-04-01,5.4237
2016-04-04,5.3971
2016-04-05,5.3943
2016-04-06,5.3545
2016-04-07,5.3399
2016-04-08,5.3402
2016-04-11,5.3835
2016-04-12,5.3823
2016-04-13,5.3682
2016-04-14,5.3576
2016-04-15,5.3535
2016-04-18,5.3541
2016-04-19,5.4103
2016-04-20,5.4044
2016-04-21,5.408
2016-04-25,5.4419
2016-04-26,5.4816
2016-04-27,5.4887
2016-04-28,5.4852
2016-05-02,5.4756
2016-05-03,5.4878
2016-05-04,5.4645
2016-05-05,5.4798
2016-05-06,5.4795
2016-05-09,5.4628
2016-05-10,5.4627
2016-05-11,5.4409
2016-05-13,5.4334
2016-05-16,5.4681
2016-05-17,5.5279
2016-05-18,5.5473
2016-05-19,5.6418
2016-05-20,5.6427
2016-05-23,5.6099
2016-05-24,5.6466
2016-05-25,5.6497
2016-05-26,5.6388
2016-05-27,5.6385
2016-05-31,5.6254
2016-06-01,5.5659
2016-06-02,5.5703
2016-06-03,5.5839
2016-06-06,5.5243
2016-06-07,5.5635
2016-06-08,5.571
2016-06-09,5.5625
2016-06-10,5.5554
2016-06-13,5.492
2016-06-14,5.4626
2016-06-15,5.503
2016-06-16,5.459
2016-06-17,5.5083
2016-06-20,5.6365
2016-06-21,5.6847
2016-06-22,5.6593
2016-06-23,5.6972
2016-06-24,5.3432
2016-06-27,5.1531
2016-06-28,5.1708
2016-06-29,5.1731
2016-06-30,5.1713
2016-07-01,5.1162
2016-07-04,5.1222
2016-07-05,5.0744
2016-07-06,5.0514
2016-07-07,5.0578
2016-07-08,5.0236
2016-07-11,5.0324
2016-07-12,5.1042
2016-07-13,5.1345
2016-07-14,5.0992
2016-07-15,5.1554
2016-07-18,5.1086
2016-07-19,5.0822
2016-07-20,5.0847
2016-07-21,5.0821
2016-07-22,5.095
2016-07-25,5.0501
2016-07-26,5.0439
2016-07-27,5.0305
2016-07-28,5.0397
2016-07-29,5.0459
2016-08-01,5.0173
2016-08-02,5.0534
2016-08-03,5.1016
2016-08-04,5.0387
2016-08-05,5.0177
2016-08-08,5.006
2016-08-09,4.9598
2016-08-10,4.9881
2016-08-11,4.9497
2016-08-12,4.9394
2016-08-15,4.9131
2016-08-16,4.8987
2016-08-17,4.9313
2016-08-18,4.9668
2016-08-19,4.9502
2016-08-22,4.9488
2016-08-23,4.9667
2016-08-24,4.9942
2016-08-25,4.9756
2016-08-26,4.9635
2016-08-29,4.9593
2016-08-30,4.9585
2016-08-31,4.973
2016-09-01,4.9985
2016-09-02,5.0027
2016-09-05,5.0219
2016-09-06,5.0209
2016-09-07,5.0342
2016-09-08,5.0062
2016-09-09,4.9917
2016-09-12,5.0092
2016-09-13,4.9981
2016-09-14,4.9987
2016-09-15,4.9947
2016-09-16,4.9671
2016-09-19,4.927
2016-09-20,4.8955
2016-09-21,4.9082
2016-09-22,4.9129
2016-09-23,4.8953
2016-09-26,4.872
2016-09-27,4.8577
2016-09-28,4.8915
2016-09-29,4.8928
2016-09-30,4.8717
2016-10-05,4.8106
2016-10-06,4.805
2016-10-07,4.7166
2016-10-10,4.709
2016-10-13,4.6517
2016-10-14,4.6603
2016-10-18,4.6746
2016-10-19,4.6969
2016-10-20,4.7066
2016-10-21,4.7072
2016-10-25,4.708
2016-10-26,4.6898
2016-10-27,4.7068
2016-10-28,4.6977
2016-10-31,4.68
2016-11-01,4.6781
2016-11-02,4.6866
2016-11-03,4.7394
2016-11-04,4.7526
2016-11-07,4.7318
2016-11-08,4.733
2016-11-09,4.7267
2016-11-10,4.7734
2016-11-11,4.8578
2016-11-14,4.8239
2016-11-15,4.7729
2016-11-16,4.7969
2016-11-17,4.8051
2016-11-18,4.8061
2016-11-21,4.7926
2016-11-22,4.8124
2016-11-23,4.7959
2016-11-24,4.8263
2016-11-25,4.825
2016-11-28,4.7848
2016-11-29,4.7994
2016-11-30,4.778
2016-12-01,4.8448
2016-12-02,4.8288
2016-12-05,4.8544
2016-12-06,4.8539
2016-12-07,4.7936
2016-12-08,4.7995
2016-12-09,4.8127
2016-12-12,4.8174
2016-12-13,4.8404
2016-12-14,4.8098
2016-12-15,4.7947
2016-12-16,4.7891
2016-12-19,4.7921
2016-12-20,4.7684
2016-12-21,4.7409
2016-12-22,4.7124
2016-12-23,4.6883
2016-12-27,4.713
2016-12-28,4.7099
2016-12-29,4.7062
2016-12-30,4.7252
2017-01-03,4.7387
2017-01-04,4.7373
2017-01-05,4.7476
2017-01-06,4.7593
2017-01-09,4.6845
2017-01-10,4.6691
2017-01-11,4.6711
2017-01-12,4.6984
2017-01-13,4.6578
2017-01-16,4.6127
2017-01-17,4.6508
2017-01-18,4.6831
2017-01-19,4.6969
2017-01-20,4.6824
2017-01-23,4.7229
2017-01-24,4.7134
2017-01-25,4.7614
2017-01-26,4.7574
2017-01-27,4.7636
2017-01-30,4.7314
2017-01-31,4.7047
2017-02-01,4.7629
2017-02-02,4.7613
2017-02-03,4.6961
2017-02-06,4.6721
2017-02-07,4.6426
2017-02-08,4.687
2017-02-09,4.7085
2017-02-10,4.6887
2017-02-13,4.6929
2017-02-14,4.6777
2017-02-15,4.6558
2017-02-16,4.6419
2017-02-17,4.6413
2017-02-20,4.6221
2017-02-21,4.604
2017-02-22,4.6153
2017-02-23,4.6236
2017-02-24,4.6374
2017-02-27,4.5659
2017-02-28,4.549
2017-03-01,4.4715
2017-03-02,4.5263
2017-03-03,4.5156
2017-03-06,4.5161
2017-03-07,4.4826
2017-03-08,4.4777
2017-03-09,4.4915
2017-03-10,4.4727
2017-03-14,4.4412
2017-03-15,4.4618
2017-03-16,4.4852
2017-03-17,4.4972
2017-03-20,4.4816
2017-03-21,4.5062
2017-03-22,4.5491
2017-03-23,4.5564
2017-03-24,4.5543
2017-03-27,4.5563
2017-03-28,4.54
2017-03-29,4.5042
2017-03-30,4.4961
2017-03-31,4.5247
2017-04-03,4.5357
2017-04-04,4.5335
2017-04-05,4.5612
2017-04-06,4.5434
2017-04-07,4.5475
2017-04-12,4.565
2017-04-13,4.5789
2017-04-18,4.6432
2017-04-19,4.7078
2017-04-20,4.6902
2017-04-21,4.7201
2017-04-24,4.6779
2017-04-25,4.6778
2017-04-26,4.6596
2017-04-27,4.6995
2017-04-28,4.6811
2017-05-03,4.6703
2017-05-04,4.6608
2017-05-05,4.6697
2017-05-08,4.6714
2017-05-09,4.6582
2017-05-10,4.6657
2017-05-11,4.6647
2017-05-12,4.6432
2017-05-15,4.653
2017-05-16,4.642
2017-05-17,4.6743
2017-05-18,4.6996
2017-05-19,4.6636
2017-05-22,4.6589
2017-05-23,4.6541
2017-05-24,4.6564
2017-05-25,4.6313
2017-05-26,4.6021
2017-05-30,4.5772
2017-06-01,4.5627
2017-06-02,4.5788
2017-06-05,4.5786
2017-06-06,4.5734
2017-06-07,4.5763
2017-06-08,4.5794
2017-06-09,4.4845
2017-06-12,4.4846
2017-06-13,4.4943
2017-06-14,4.4926
2017-06-15,4.4936
2017-06-16,4.5049
2017-06-19,4.5023
2017-06-20,4.4748
2017-06-21,4.4988
2017-06-22,4.4893
2017-06-23,4.508
2017-06-26,4.4994
2017-06-27,4.486
2017-06-28,4.5132
2017-06-29,4.524
2017-06-30,4.5421
2017-07-03,4.5292
2017-07-04,4.5469
2017-07-05,4.5499
2017-07-06,4.5724
2017-07-07,4.5699
2017-07-10,4.5673
2017-07-11,4.6156
2017-07-12,4.5789
2017-07-13,4.5645
2017-07-14,4.5854
2017-07-17,4.6318
2017-07-18,4.645
2017-07-19,4.6768
2017-07-20,4.6242
2017-07-21,4.6227
2017-07-24,4.6787
2017-07-25,4.646
2017-07-26,4.6587
2017-07-27,4.6779
2017-07-28,4.6535
2017-07-31,4.6671
2017-08-02,4.7361
2017-08-03,4.7217
2017-08-04,4.7464
2017-08-07,4.7256
2017-08-08,4.6975
2017-08-09,4.6799
2017-08-10,4.677
2017-08-11,4.6516
2017-08-14,4.6474
2017-08-15,4.6247
2017-08-16,4.668
2017-08-17,4.6677
2017-08-18,4.6714
2017-08-21,4.6641
2017-08-22,4.6466
2017-08-23,4.6347
2017-08-24,4.6141
2017-08-25,4.6078
2017-08-28,4.624
2017-08-29,4.6323
2017-08-30,4.6214
2017-08-31,4.6261
2017-09-01,4.6255
2017-09-04,4.637
2017-09-05,4.6259
2017-09-06,4.6446
2017-09-07,4.6204
2017-09-08,4.6059
2017-09-11,4.6493
2017-09-12,4.6941
2017-09-13,4.6904
2017-09-14,4.709
2017-09-15,4.7309
2017-09-18,4.7702
2017-09-19,4.7479
2017-09-25,4.7361
2017-09-26,4.7329
2017-09-27,4.7567
2017-09-28,4.7357
2017-10-02,4.7103
2017-10-03,4.6791
2017-10-04,4.6682
2017-10-06,4.5983
2017-10-09,4.6044
2017-10-10,4.623
2017-10-11,4.6259
2017-10-13,4.6632
2017-10-16,4.6484
2017-10-17,4.6294
2017-10-18,4.6242
2017-10-19,4.6085
2017-10-20,4.587
2017-10-23,4.5974
2017-10-24,4.6086
2017-10-25,4.6434
2017-10-26,4.644
2017-10-27,4.6245
2017-10-30,4.6506
2017-10-31,4.6534
2017-11-01,4.6695
2017-11-02,4.5934
2017-11-03,4.5895
2017-11-06,4.6024
2017-11-07,4.6177
2017-11-08,4.6034
2017-11-09,4.6093
2017-11-10,4.6375
2017-11-13,4.639
2017-11-14,4.645
2017-11-15,4.6502
2017-11-16,4.6489
2017-11-17,4.6635
2017-11-20,4.6581
2017-11-21,4.6718
2017-11-22,4.666
2017-11-23,4.6775
2017-11-24,4.6805
2017-11-27,4.6709
2017-11-28,4.6555
2017-11-29,4.6923
2017-11-30,4.704
2017-12-01,4.7061
2017-12-04,4.7138
2017-12-05,4.6897
2017-12-06,4.6988
2017-12-07,4.7015
2017-12-08,4.7464
2017-12-11,4.7092
2017-12-12,4.7297
2017-12-13,4.7423
2017-12-14,4.7363
2017-12-15,4.7296
2017-12-18,4.6944
2017-12-19,4.6779
2017-12-20,4.6904
2017-12-21,4.6586
2017-12-22,4.6581
2017-12-26,4.66
2017-12-27,4.6671
2017-12-28,4.6658
2017-12-29,4.6819
2018-01-02,4.6883
2018-01-03,4.6927
2018-01-04,4.6719
2018-01-05,4.6641
2018-01-08,4.6589
2018-01-09,4.6592
2018-01-10,4.6385
2018-01-11,4.618
2018-01-12,4.6268
2018-01-15,4.6909
2018-01-16,4.6911
2018-01-17,4.7584
2018-01-18,4.7565
2018-01-19,4.7451
2018-01-22,4.7544
2018-01-23,4.7691
2018-01-24,4.8053
2018-01-25,4.8519
2018-01-26,4.8267
2018-01-29,4.7956
2018-01-30,4.7919
2018-01-31,4.8205
2018-02-01,4.8709
2018-02-02,4.8803
2018-02-05,4.8348
2018-02-06,4.8419
2018-02-07,4.846
2018-02-08,4.8643
2018-02-09,4.907
2018-02-12,4.8786
2018-02-13,4.904
2018-02-14,4.8953
2018-02-15,4.9598
2018-02-16,4.9842
2018-02-19,4.9373
2018-02-20,4.8914
2018-02-21,4.8715
2018-02-22,4.8549
2018-02-23,4.8717
2018-02-26,4.9111
2018-02-27,4.8416
2018-02-28,4.8402
2018-03-05,4.7729
2018-03-06,4.8135
2018-03-07,4.805
2018-03-08,4.798
2018-03-09,4.7682
2018-03-12,4.7627
2018-03-13,4.7858
2018-03-14,4.7924
2018-03-15,4.7852
2018-03-16,4.822
2018-03-19,4.8754
2018-03-20,4.8757
2018-03-21,4.9119
2018-03-22,4.9254
2018-03-23,4.9244
2018-03-26,4.9663
2018-03-27,4.9202
2018-03-28,4.9505
2018-03-29,4.9442
2018-04-03,4.9525
2018-04-04,4.9658
2018-04-05,4.9672
2018-04-09,4.9821
2018-04-10,4.9698
2018-04-11,4.9841
2018-04-12,4.9988
2018-04-13,5.0105
2018-04-16,5.0085
2018-04-17,5.0476
2018-04-18,5.0277
2018-04-20,4.9499
2018-04-23,4.9468
2018-04-24,4.9704
2018-04-25,5.0079
2018-04-26,4.991
2018-04-27,4.9934
2018-04-30,4.9218
2018-05-01,4.9505
2018-05-02,4.923
2018-05-03,4.9331
2018-05-04,4.912
2018-05-07,4.9026
2018-05-08,4.87
2018-05-09,4.8858
2018-05-10,4.8458
2018-05-11,4.8295
2018-05-14,4.8602
2018-05-15,4.8742
2018-05-16,4.8459
2018-05-17,4.8338
2018-05-18,4.8487
2018-05-21,4.8035
2018-05-22,4.7967
2018-05-23,4.7661
2018-05-24,4.7816
2018-05-25,4.7655
2018-05-29,4.763
2018-05-30,4.7525
2018-05-31,4.7509
2018-06-01,4.7375
2018-06-04,4.7735
2018-06-05,4.7769
2018-06-06,4.784
2018-06-07,4.802
2018-06-08,4.7907
2018-06-11,4.7699
2018-06-12,4.7909
2018-06-13,4.782
2018-06-14,4.8267
2018-06-15,4.7767
2018-06-18,4.8097
2018-06-19,4.7972
2018-06-20,4.7872
2018-06-21,4.7499
2018-06-22,4.8093
2018-06-25,4.7991
2018-06-26,4.8085
2018-06-27,4.8033
2018-06-28,4.775
2018-06-29,4.8075
2018-07-02,4.8189
2018-07-03,4.8209
2018-07-04,4.8331
2018-07-05,4.8091
2018-07-06,4.817
2018-07-09,4.8286
2018-07-10,4.8216
2018-07-11,4.8159
2018-07-12,4.8178
2018-07-13,4.7874
2018-07-16,4.8331
2018-07-17,4.7945
2018-07-18,4.7458
2018-07-19,4.7446
2018-07-20,4.7431
2018-07-23,4.7734
2018-07-24,4.7913
2018-07-25,4.791
2018-07-26,4.7945
2018-07-27,4.8016
2018-07-30,4.8093
2018-07-31,4.8233
2018-08-01,4.827
2018-08-02,4.8248
2018-08-03,4.8042
2018-08-06,4.7989
2018-08-07,4.7882
2018-08-08,4.7405
2018-08-09,4.7475
2018-08-10,4.7141
2018-08-13,4.7293
2018-08-14,4.7204
2018-08-15,4.6913
2018-08-16,4.683
2018-08-17,4.6642
2018-08-20,4.6733
2018-08-21,4.6862
2018-08-22,4.6932
2018-08-23,4.6889
2018-08-24,4.6709
2018-08-27,4.677
2018-08-28,4.6738
2018-08-29,4.6996
2018-08-30,4.699
2018-08-31,4.6941
2018-09-03,4.6535
2018-09-04,4.6476
2018-09-05,4.64
2018-09-06,4.6498
2018-09-07,4.6351
2018-09-12,4.6732
2018-09-13,4.6647
2018-09-14,4.6784
2018-09-17,4.6924
2018-09-20,4.7387
2018-09-21,4.7225
2018-09-25,4.6944
2018-09-26,4.7095
2018-09-27,4.724
2018-09-28,4.7385
2018-10-02,4.7246
2018-10-03,4.7292
2018-10-04,4.7299
2018-10-05,4.741
2018-10-08,4.7277
2018-10-09,4.7529
2018-10-10,4.7702
2018-10-11,4.8045
2018-10-12,4.7965
2018-10-15,4.7761
2018-10-16,4.8187
2018-10-17,4.7887
2018-10-18,4.7866
2018-10-19,4.773
2018-10-22,4.7601
2018-10-23,4.7658
2018-10-24,4.7472
2018-10-25,4.7638
2018-10-26,4.7447
2018-10-29,4.7488
2018-10-31,4.7398
2018-11-01,4.775
2018-11-02,4.8123
2018-11-05,4.8057
2018-11-06,4.8108
2018-11-07,4.8305
2018-11-08,4.8126
2018-11-09,4.791
2018-11-12,4.7311
2018-11-13,4.7662
2018-11-14,4.7851
2018-11-15,4.7222
2018-11-16,4.7507
2018-11-19,4.7725
2018-11-20,4.7776
2018-11-21,4.786
2018-11-22,4.7979
2018-11-23,4.7977
2018-11-26,4.792
2018-11-27,4.7496
2018-11-28,4.775
2018-11-29,4.7389
2018-11-30,4.7294
2018-12-03,4.7284
2018-12-04,4.775
2018-12-05,4.7593
2018-12-06,4.755
2018-12-07,4.7624
2018-12-10,4.7225
2018-12-11,4.7286
2018-12-12,4.6965
2018-12-13,4.7482
2018-12-14,4.7458
2018-12-17,4.7678
2018-12-18,4.7739
2018-12-19,4.7482
2018-12-20,4.7625
2018-12-21,4.7855
2018-12-24,4.7755
2018-12-26,4.7822
2018-12-27,4.7786
2018-12-28,4.7654
2018-12-31,4.7934
2019-01-02,4.7458
2019-01-03,4.7017
2019-01-04,4.7146
2019-01-07,4.7106
2019-01-08,4.7168
2019-01-09,4.6914
2019-01-10,4.6747
2019-01-11,4.6788
2019-01-14,4.703
2019-01-15,4.7175
2019-01-16,4.7326
2019-01-17,4.7606
2019-01-18,4.7765
2019-01-21,4.7628
2019-01-22,4.7596
2019-01-23,4.7971
2019-01-24,4.7989
2019-01-25,4.819
2019-01-28,4.8372
2019-01-29,4.835
2019-01-30,4.8062
2019-01-31,4.788
2019-02-01,4.759
2019-02-04,4.7357
2019-02-05,4.6982
2019-02-06,4.6888
2019-02-07,4.6804
2019-02-08,4.6981
2019-02-11,4.7025
2019-02-12,4.6866
2019-02-13,4.696
2019-02-14,4.6905
2019-02-15,4.6608
2019-02-18,4.6794
2019-02-19,4.6909
2019-02-20,4.7153
2019-02-21,4.7249
2019-02-22,4.706
2019-02-25,4.7181
2019-02-26,4.7856
2019-02-27,4.816
2019-02-28,4.7978
2019-03-01,4.7965
2019-03-04,4.7852
2019-03-05,4.7487
2019-03-06,4.7515
2019-03-07,4.7441
2019-03-08,4.7534
2019-03-11,4.7064
2019-03-12,4.7353
2019-03-13,4.7593
2019-03-14,4.7752
2019-03-15,4.7803
2019-03-18,4.7693
2019-03-19,4.7868
2019-03-20,4.7661
2019-03-25,4.7887
2019-03-26,4.7844
2019-03-27,4.8075
2019-03-28,4.7801
2019-03-29,4.7326
2019-04-01,4.7537
2019-04-02,4.7211
2019-04-03,4.7403
2019-04-04,4.7395
2019-04-05,4.6969
2019-04-08,4.6709
2019-04-10,4.6839
2019-04-11,4.6914
2019-04-12,4.6759
2019-04-15,4.668
2019-04-16,4.6554
2019-04-17,4.6638
2019-04-18,4.669
2019-04-23,4.6671
2019-04-24,4.6727
2019-04-25,4.6797
2019-04-29,4.676
2019-04-30,4.6877
2019-05-01,4.6861
2019-05-02,4.6974
2019-05-03,4.6879
2019-05-06,4.708
2019-05-07,4.6919
2019-05-08,4.673
2019-05-10,4.6397
2019-05-13,4.6454
2019-05-14,4.6315
2019-05-15,4.6039
2019-05-16,4.5712
2019-05-17,4.5695
2019-05-20,4.5527
2019-05-21,4.5683
2019-05-22,4.5714
2019-05-23,4.5717
2019-05-24,4.5708
2019-05-28,4.5793
2019-05-29,4.5721
2019-05-30,4.5695
2019-05-31,4.5845
2019-06-03,4.5951
2019-06-04,4.5807
2019-06-05,4.5867
2019-06-06,4.5717
2019-06-07,4.5767
2019-06-10,4.5426
2019-06-11,4.548
2019-06-12,4.5636
2019-06-13,4.553
2019-06-14,4.5531
2019-06-17,4.5461
2019-06-18,4.5194
2019-06-19,4.5412
2019-06-20,4.547
2019-06-21,4.5647
2019-06-24,4.5923
2019-06-25,4.5889
2019-06-26,4.5528
2019-06-27,4.5527
2019-06-28,4.5216
2019-07-01,4.5174
2019-07-02,4.5155
2019-07-03,4.4895
2019-07-04,4.4869
2019-07-05,4.4747
2019-07-08,4.4708
2019-07-09,4.443
2019-07-10,4.4568
2019-07-11,4.4478
2019-07-12,4.4513
2019-07-15,4.4398
2019-07-16,4.4018
2019-07-17,4.3946
2019-07-18,4.4236
2019-07-19,4.4265
2019-07-22,4.4081
2019-07-23,4.4036
2019-07-24,4.4006
2019-07-25,4.4008
2019-07-26,4.383
2019-07-29,4.3454
2019-07-30,4.2607
2019-07-31,4.2583
2019-08-01,4.2656
2019-08-02,4.2526
2019-08-05,4.245
2019-08-06,4.2541
2019-08-07,4.2342
2019-08-08,4.2344
2019-08-09,4.2175
2019-08-12,4.2158
2019-08-13,4.2206
2019-08-14,4.219
2019-08-15,4.2736
2019-08-16,4.2956
2019-08-19,4.2922
2019-08-20,4.2583
2019-08-21,4.2786
2019-08-22,4.279
2019-08-23,4.2849
2019-08-26,4.3057
2019-08-27,4.3186
2019-08-28,4.3039
2019-08-29,4.2955
2019-08-30,4.3023
2019-09-02,4.2741
2019-09-03,4.2662
2019-09-04,4.3012
2019-09-05,4.3311
2019-09-06,4.3231
2019-09-09,4.3615
2019-09-10,4.3671
2019-09-11,4.373
2019-09-12,4.3645
2019-09-13,4.3764
2019-09-16,4.4085
2019-09-18,4.4062
2019-09-19,4.3829
2019-09-20,4.4122
2019-09-23,4.3726
2019-09-24,4.3748
2019-09-25,4.3436
2019-09-26,4.34
2019-09-27,4.28
2019-10-02,4.2736
2019-10-03,4.3028
2019-10-04,4.2918
2019-10-07,4.3015
2019-10-10,4.2925
2019-10-11,4.3772
2019-10-15,4.4422
2019-10-16,4.4847
2019-10-17,4.5323
2019-10-18,4.5627
2019-10-22,4.5808
2019-10-23,4.549
2019-10-24,4.5392
2019-10-25,4.5446
2019-10-28,4.5323
2019-10-29,4.54
2019-10-30,4.5489
2019-10-31,4.5749
2019-11-01,4.5609
2019-11-04,4.5524
2019-11-05,4.5185
2019-11-06,4.497
2019-11-07,4.4681
2019-11-08,4.4802
2019-11-11,4.4889
2019-11-12,4.5032
2019-11-13,4.4872
2019-11-14,4.4772
2019-11-15,4.4782
2019-11-18,4.4858
2019-11-19,4.4707
2019-11-20,4.4787
2019-11-21,4.4759
2019-11-22,4.4712
2019-11-25,4.455
2019-11-26,4.458
2019-11-27,4.4697
2019-11-28,4.4812
2019-11-29,4.4792
2019-12-02,4.4829
2019-12-03,4.5227
2019-12-04,4.5465
2019-12-05,4.5536
2019-12-06,4.5463
2019-12-09,4.5694
2019-12-10,4.5656
2019-12-11,4.5717
2019-12-12,4.5803
2019-12-13,4.6643
2019-12-16,4.6728
2019-12-17,4.614
2019-12-18,4.5821
2019-12-19,4.567
2019-12-20,4.5342
2019-12-23,4.5047
2019-12-24,4.4873
2019-12-26,4.5036
2019-12-27,4.5296
2019-12-30,4.5469
2019-12-31,4.5597
2020-01-02,4.5573
2020-01-03,4.5349
2020-01-06,4.5691
2020-01-07,4.5482
2020-01-08,4.5456
2020-01-09,4.5189
2020-01-10,4.5366
2020-01-13,4.4996
2020-01-14,4.5094
2020-01-15,4.4986
2020-01-16,4.5155
2020-01-17,4.5301
2020-01-20,4.4892
2020-01-21,4.5116
2020-01-22,4.5216
2020-01-23,4.538
2020-01-24,4.5342
2020-01-27,4.518
2020-01-28,4.4944
2020-01-29,4.4997
2020-01-30,4.5162
2020-01-31,4.5299
2020-02-03,4.501
2020-02-04,4.4853
2020-02-05,4.5052
2020-02-06,4.4587
2020-02-07,4.4293
2020-02-10,4.4229
2020-02-11,4.4187
2020-02-12,4.4438
2020-02-13,4.4542
2020-02-14,4.4735
2020-02-17,4.4611
2020-02-18,4.4538
2020-02-19,4.4457
2020-02-20,4.4145
2020-02-21,4.4247
2020-02-24,4.4359
2020-02-25,4.4411
2020-02-26,4.4478
2020-02-27,4.4193
2020-02-28,4.4648
2020-03-03,4.4216
2020-03-04,4.4305
2020-03-05,4.4752
2020-03-06,4.5303
2020-03-09,4.5841
2020-03-12,4.6105
2020-03-13,4.6026
2020-03-16,4.5874
2020-03-17,4.672
2020-03-18,4.5377
2020-03-19,4.2749
2020-03-20,4.2421
2020-03-23,4.2589
2020-03-24,4.2933
2020-03-25,4.3257
2020-03-26,4.3345
2020-03-27,4.3784
2020-03-30,4.4583
2020-03-31,4.3986
2020-04-01,4.3999
2020-04-02,4.5225
2020-04-03,4.4855
2020-04-06,4.4644
2020-04-07,4.45
2020-04-14,4.4985
2020-04-16,4.4855
2020-04-17,4.4682
2020-04-20,4.4608
2020-04-21,4.3762
2020-04-22,4.3753
2020-04-23,4.3912
2020-04-24,4.3395
2020-04-27,4.3679
2020-04-28,4.3504
2020-04-30,4.381
2020-05-01,4.3824
2020-05-04,4.378
2020-05-05,4.3875
2020-05-06,4.3486
2020-05-07,4.3496
2020-05-11,4.3291
2020-05-12,4.338
2020-05-13,4.3278
2020-05-14,4.3236
2020-05-15,4.3153
2020-05-18,4.297
2020-05-19,4.3168
2020-05-20,4.2957
2020-05-21,4.2995
2020-05-22,4.294
2020-05-26,4.3239
2020-05-27,4.3146
2020-05-28,4.295
2020-06-01,4.3478
2020-06-02,4.376
2020-06-03,4.3593
2020-06-04,4.3617
2020-06-05,4.3765
2020-06-08,4.3755
2020-06-09,4.3683
2020-06-10,4.3984
2020-06-11,4.368
2020-06-12,4.3766
2020-06-15,4.3754
2020-06-16,4.3926
2020-06-17,4.3402
2020-06-18,4.3275
2020-06-19,4.2791
2020-06-22,4.2712
2020-06-23,4.2798
2020-06-24,4.291
2020-06-25,4.2793
2020-06-26,4.2648
2020-06-29,4.2368
2020-06-30,4.2541
2020-07-01,4.2844
2020-07-02,4.3174
2020-07-03,4.2774
2020-07-06,4.3057
2020-07-07,4.3201
2020-07-08,4.333
2020-07-09,4.3529
2020-07-10,4.3525
2020-07-13,4.3378
2020-07-14,4.3065
2020-07-15,4.3313
2020-07-16,4.2957
2020-07-17,4.329
2020-07-20,4.3363
2020-07-21,4.3479
2020-07-22,4.3413
2020-07-23,4.3468
2020-07-24,4.3598
2020-07-27,4.3881
2020-07-28,4.3992
2020-07-29,4.4223
2020-07-31,4.472
2020-08-03,4.4469
2020-08-04,4.4595
2020-08-05,4.4769
2020-08-06,4.4906
2020-08-07,4.4659
2020-08-10,4.4499
2020-08-11,4.4581
2020-08-12,4.4419
2020-08-13,4.4618
2020-08-14,4.4527
2020-08-17,4.4594
2020-08-18,4.4812
2020-08-19,4.4969
2020-08-20,4.4718
2020-08-21,4.5036
2020-08-24,4.467
2020-08-25,4.4645
2020-08-26,4.4723
2020-08-27,4.4362
2020-08-28,4.4731
2020-08-31,4.482
2020-09-01,4.5123
2020-09-02,4.4898
2020-09-03,4.4679
2020-09-04,4.4796
2020-09-07,4.4447
2020-09-08,4.42
2020-09-09,4.4064
2020-09-10,4.4471
2020-09-11,4.409
2020-09-14,4.4234
2020-09-15,4.4143
2020-09-16,4.4197
2020-09-17,4.4184
2020-09-21,4.4287
2020-09-22,4.4167
2020-09-23,4.3838
2020-09-24,4.4267
2020-09-25,4.4326
2020-09-29,4.4531
2020-09-30,4.4108
2020-10-01,4.3964
2020-10-02,4.4437
2020-10-05,4.4359
2020-10-06,4.4235
2020-10-07,4.4012
2020-10-08,4.3987
2020-10-09,4.3768
2020-10-12,4.4031
2020-10-13,4.4207
2020-10-14,4.3848
2020-10-15,4.3972
2020-10-16,4.3778
2020-10-19,4.3959
2020-10-20,4.3726
2020-10-21,4.4173
2020-10-22,4.4326
2020-10-23,4.427
2020-10-26,4.4138
2020-10-27,4.4092
2020-10-28,4.4009
2020-10-29,4.4136
2020-10-30,4.4215
2020-11-02,4.3915
2020-11-03,4.4402
2020-11-04,4.444
2020-11-05,4.4162
2020-11-06,4.4381
2020-11-09,4.4276
2020-11-10,4.4694
2020-11-11,4.489
2020-11-12,4.4406
2020-11-13,4.4246
2020-11-16,4.4278
2020-11-17,4.4507
2020-11-18,4.4368
2020-11-19,4.4378
2020-11-20,4.4361
2020-11-23,4.4697
2020-11-24,4.4602
2020-11-25,4.4398
2020-11-26,4.4354
2020-11-27,4.4339
2020-11-30,4.4158
2020-12-01,4.4044
2020-12-02,4.3823
2020-12-03,4.4012
2020-12-04,4.404
2020-12-07,4.3397
2020-12-08,4.3228
2020-12-09,4.3785
2020-12-10,4.3158
2020-12-11,4.3007
2020-12-14,4.367
2020-12-15,4.3558
2020-12-16,4.4035
2020-12-17,4.4171
2020-12-18,4.3755
2020-12-21,4.3171
2020-12-22,4.3376
2020-12-23,4.3246
2020-12-24,4.3678
2020-12-28,4.3373
2020-12-29,4.3323
2020-12-30,4.3692
2020-12-31,4.3919
2021-01-04,4.3857
2021-01-05,4.3493
2021-01-06,4.3528
2021-01-07,4.3225
2021-01-08,4.3349
2021-01-11,4.2907
2021-01-12,4.2955
2021-01-13,4.2856
2021-01-14,4.2523
2021-01-15,4.4098
2021-01-18,4.3743
2021-01-19,4.4016
2021-01-20,4.4486
2021-01-21,4.5042
2021-01-22,4.4816
2021-01-25,4.4693
2021-01-26,4.4729
2021-01-27,4.4725
2021-01-28,4.5009
2021-01-29,4.4982
2021-02-01,4.5059
2021-02-02,4.5117
2021-02-03,4.5019
2021-02-04,4.5082
2021-02-05,4.5023
2021-02-08,4.4958
2021-02-09,4.4878
2021-02-10,4.5009
2021-02-11,4.5059
2021-02-12,4.4795
2021-02-15,4.5111
2021-02-16,4.5084
2021-02-17,4.5142
2021-02-18,4.5538
2021-02-19,4.5723
2021-02-22,4.5832
2021-02-23,4.5979
2021-02-24,4.613
2021-02-25,4.6397
2021-03-01,4.6068
2021-03-02,4.5874
2021-03-03,4.5893
2021-03-04,4.6176
2021-03-05,4.5952
2021-03-08,4.6099
2021-03-09,4.6183
2021-03-10,4.6107
2021-03-11,4.6081
2021-03-12,4.6208
2021-03-15,4.6072
2021-03-16,4.5722
2021-03-17,4.572
2021-03-18,4.6108
2021-03-19,4.5853
2021-03-22,4.578
2021-03-24,4.5175
2021-03-25,4.5353
2021-03-26,4.5723
2021-03-29,4.6169
2021-03-30,4.5782
2021-03-31,4.5869
2021-04-01,4.5938
2021-04-05,4.603
2021-04-06,4.5771
2021-04-07,4.5604
2021-04-08,4.5169
2021-04-09,4.4968
2021-04-12,4.5296
2021-04-13,4.5332
2021-04-14,4.536
2021-04-16,4.5077
2021-04-19,4.5465
2021-04-20,4.5451
2021-04-21,4.5349
2021-04-22,4.5367
2021-04-23,4.5186
2021-04-26,4.5029
2021-04-27,4.5092
2021-04-28,4.5101
2021-04-29,4.5249
2021-04-30,4.5145
2021-05-03,4.502
2021-05-04,4.5109
2021-05-05,4.5437
2021-05-06,4.5394
2021-05-07,4.5389
2021-05-10,4.5836
2021-05-11,4.6459
2021-05-12,4.6336
2021-05-13,4.6193
2021-05-14,4.6147
2021-05-18,4.6518
2021-05-19,4.6225
2021-05-20,4.6095
2021-05-21,4.6207
2021-05-24,4.6036
2021-05-25,4.5932
2021-05-26,4.6026
2021-05-27,4.5884
2021-05-28,4.6207
2021-06-01,4.593
2021-06-02,4.597
2021-06-03,4.6109
2021-06-04,4.599
2021-06-07,4.6007
2021-06-08,4.5897
2021-06-09,4.5984
2021-06-10,4.5729
2021-06-11,4.5938
2021-06-14,4.5806
2021-06-15,4.5553
2021-06-16,4.5723
2021-06-17,4.5487
2021-06-18,4.5339
2021-06-21,4.5331
2021-06-22,4.5265
2021-06-23,4.5454
2021-06-24,4.5433
2021-06-25,4.5147
2021-06-28,4.5292
2021-06-29,4.5146
2021-06-30,4.5177
2021-07-01,4.5011
2021-07-02,4.5007
2021-07-05,4.5216
2021-07-06,4.5214
2021-07-07,4.5202
2021-07-08,4.5116
2021-07-09,4.5151
2021-07-12,4.5493
2021-07-13,4.543
2021-07-14,4.5465
2021-07-15,4.5298
2021-07-16,4.5433
2021-07-19,4.5191
2021-07-20,4.4914
2021-07-21,4.4844
2021-07-22,4.5001
2021-07-23,4.4932
2021-07-26,4.4983
2021-07-27,4.4941
2021-07-28,4.5131
2021-07-29,4.5275
2021-07-30,4.5184
2021-08-02,4.4874
2021-08-03,4.4831
2021-08-04,4.4756
2021-08-05,4.4757
2021-08-06,4.4765
2021-08-09,4.4713
2021-08-10,4.4722
2021-08-11,4.4497
2021-08-12,4.4594
2021-08-13,4.4484
2021-08-16,4.4555
2021-08-17,4.4466
2021-08-18,4.4564
2021-08-19,4.4379
2021-08-20,4.417
2021-08-23,4.4201
2021-08-24,4.4188
2021-08-25,4.4309
2021-08-26,4.426
2021-08-27,4.4335
2021-08-30,4.4302
2021-08-31,4.4224
2021-09-01,4.407
2021-09-02,4.4252
2021-09-03,4.4337
2021-09-09,4.4249
2021-09-10,4.4394
2021-09-13,4.4314
2021-09-14,4.4524
2021-09-17,4.4254
2021-09-20,4.3928
2021-09-22,4.3813
2021-09-23,4.3714
2021-09-24,4.387
2021-09-27,4.3888
2021-09-29,4.3389
2021-09-30,4.3395
2021-10-01,4.3417
2021-10-04,4.3713
2021-10-05,4.3998
2021-10-06,4.404
2021-10-07,4.3877
2021-10-08,4.3936
2021-10-11,4.4001
2021-10-12,4.3959
2021-10-13,4.4052
2021-10-14,4.4203
2021-10-15,4.4159
2021-10-18,4.4341
2021-10-19,4.4416
2021-10-20,4.4236
2021-10-21,4.4349
2021-10-22,4.4281
2021-10-25,4.4144
2021-10-26,4.4258
2021-10-27,4.3781
2021-10-28,4.3811
2021-10-29,4.3546
2021-11-01,4.2867
2021-11-02,4.2712
2021-11-03,4.284
2021-11-04,4.2599
2021-11-05,4.1988
2021-11-08,4.1864
2021-11-09,4.2125
2021-11-10,4.1993
2021-11-11,4.1832
2021-11-12,4.169
2021-11-15,4.1667
2021-11-16,4.1564
2021-11-17,4.1292
2021-11-18,4.1529
2021-11-19,4.1523
2021-11-22,4.1529
2021-11-23,4.1577
2021-11-24,4.2328
2021-11-25,4.2039
2021-11-26,4.2347
2021-11-29,4.2131
2021-11-30,4.2149
2021-12-01,4.197
2021-12-02,4.2226
2021-12-03,4.1913
2021-12-06,4.1953
2021-12-07,4.1802
2021-12-08,4.1081
2021-12-09,4.0951
2021-12-10,4.0995
2021-12-13,4.1116
2021-12-14,4.1249
2021-12-15,4.1548
2021-12-16,4.1437
2021-12-17,4.1531
2021-12-20,4.1604
2021-12-21,4.1955
2021-12-22,4.2122
2021-12-23,4.227
2021-12-24,4.2228
2021-12-27,4.2062
2021-12-28,4.1851
2021-12-29,4.1795
2021-12-30,4.1944
2021-12-31,4.2031
2022-01-03,4.1756
2022-01-04,4.1759
2022-01-05,4.188
2022-01-06,4.2102
2022-01-07,4.2117
2022-01-10,4.2285
2022-01-11,4.2479
2022-01-12,4.2441
2022-01-13,4.2764
2022-01-14,4.2728
2022-01-17,4.24
2022-01-18,4.2506
2022-01-19,4.2604
2022-01-20,4.2672
2022-01-21,4.2606
2022-01-24,4.2746
2022-01-25,4.2818
2022-01-26,4.2933
2022-01-27,4.28
2022-01-28,4.2746
2022-01-31,4.2871
2022-02-01,4.2757
2022-02-02,4.2842
2022-02-03,4.3357
2022-02-04,4.3404
2022-02-07,4.3177
2022-02-08,4.3616
2022-02-09,4.3652
2022-02-10,4.3693
2022-02-11,4.3858
2022-02-14,4.4073
2022-02-15,4.3684
2022-02-16,4.317
2022-02-17,4.3428
2022-02-18,4.3512
2022-02-21,4.3705
2022-02-22,4.3659
2022-02-23,4.3821
2022-02-24,4.3787
2022-02-25,4.3631
2022-02-28,4.3382
2022-03-01,4.3295
2022-03-02,4.3101
2022-03-03,4.3329
2022-03-04,4.319
2022-03-07,4.3164
2022-03-08,4.3291
2022-03-09,4.3214
2022-03-10,4.3048
2022-03-11,4.2668
2022-03-14,4.263
2022-03-15,4.2916
2022-03-16,4.272
2022-03-21,4.2527
2022-03-22,4.2635
2022-03-23,4.2669
2022-03-24,4.2503
2022-03-25,4.2493
2022-03-28,4.238
2022-03-29,4.2126
2022-03-30,4.1872
2022-03-31,4.1683
2022-04-01,4.2039
2022-04-04,4.2038
2022-04-05,4.2083
2022-04-06,4.2182
2022-04-07,4.2236
2022-04-08,4.2045
2022-04-11,4.1816
2022-04-12,4.1843
2022-04-13,4.1738
2022-04-14,4.2005
2022-04-19,4.2144
2022-04-20,4.2112
2022-04-21,4.2047
2022-04-25,4.1866
2022-04-26,4.176
2022-04-27,4.1821
2022-04-28,4.1455
2022-04-29,4.1708
2022-05-02,4.2107
2022-05-03,4.216
2022-05-04,4.2012
2022-05-06,4.2071
2022-05-09,4.2473
2022-05-10,4.2761
2022-05-11,4.234
2022-05-12,4.2344
2022-05-13,4.1685
2022-05-16,4.1883
2022-05-17,4.1911
2022-05-18,4.161
2022-05-19,4.2084
2022-05-20,4.1885
2022-05-23,4.2215
2022-05-24,4.1863
2022-05-25,4.1982
2022-05-26,4.2426
2022-05-27,4.2343
2022-05-30,4.1924
2022-05-31,4.1995
2022-06-01,4.1845
2022-06-02,4.1933
2022-06-06,4.1816
2022-06-07,4.1699
2022-06-08,4.1893
2022-06-09,4.1874
2022-06-10,4.2124
2022-06-13,4.1936
2022-06-14,4.1721
2022-06-15,4.1779
2022-06-16,4.2052
2022-06-17,4.2604
2022-06-20,4.2273
2022-06-21,4.2467
2022-06-22,4.2443
2022-06-23,4.2142
2022-06-24,4.2181
2022-06-27,4.1728
2022-06-28,4.2072
2022-06-29,4.1961
2022-06-30,4.2352
2022-07-01,4.2686
2022-07-04,4.2498
2022-07-05,4.232
2022-07-06,4.1859
2022-07-07,4.1814
2022-07-08,4.1541
2022-07-11,4.1494
2022-07-12,4.1263
2022-07-13,4.1344
2022-07-14,4.114
2022-07-15,4.1194
2022-07-18,4.1314
2022-07-19,4.1287
2022-07-20,4.1301
2022-07-21,4.1242
2022-07-22,4.1194
2022-07-25,4.1533
2022-07-26,4.1264
2022-07-27,4.134
2022-07-28,4.1614
2022-07-29,4.1448
2022-08-01,4.135
2022-08-02,4.1143
2022-08-03,4.1049
2022-08-04,4.0473
2022-08-05,4.0498
2022-08-08,4.0262
2022-08-09,4.0028
2022-08-10,3.9785
2022-08-11,3.9774
2022-08-12,3.9518
2022-08-15,3.9462
2022-08-16,3.9358
2022-08-17,3.9438
2022-08-18,3.9093
2022-08-19,3.8812
2022-08-22,3.8716
2022-08-23,3.8638
2022-08-24,3.8606
2022-08-25,3.8877
2022-08-26,3.8435
2022-08-29,3.8822
2022-08-30,3.8741
2022-08-31,3.884
2022-09-01,3.8965
2022-09-02,3.9024
2022-09-05,3.9276
2022-09-06,3.9572
2022-09-07,3.9404
2022-09-08,3.9584
2022-09-09,3.9696
2022-09-12,3.9591
2022-09-13,3.9306
2022-09-14,3.9683
2022-09-15,3.9547
2022-09-16,3.9177
2022-09-19,3.9224
2022-09-20,3.9378
2022-09-21,3.928
2022-09-22,3.9281
2022-09-23,3.9022
2022-09-28,3.7782
2022-09-29,3.8354
2022-09-30,3.9619
2022-10-03,4.0205
2022-10-06,3.9832
2022-10-07,3.9466
2022-10-11,3.9614
2022-10-12,3.9341
2022-10-13,3.9649
2022-10-14,3.9958
2022-10-18,3.9878
2022-10-19,3.9791
2022-10-20,3.9759
2022-10-21,3.9678
2022-10-24,4.0368
2022-10-25,4.0312
2022-10-26,4.0557
2022-10-27,4.0776
2022-10-28,4.0822
2022-10-31,4.0607
2022-11-02,4.0666
2022-11-03,4.0052
2022-11-04,4.0
2022-11-07,4.0546
2022-11-08,4.0487
2022-11-09,4.0632
2022-11-10,4.0565
2022-11-11,4.0526
2022-11-14,4.0464
2022-11-15,4.0778
2022-11-16,4.0732
2022-11-17,4.0979
2022-11-18,4.1333
2022-11-21,4.0963
2022-11-22,4.1307
2022-11-23,4.1248
2022-11-24,4.1447
2022-11-25,4.1313
2022-11-28,4.1584
2022-11-29,4.1221
2022-11-30,4.1333
2022-12-01,4.1623
2022-12-02,4.1493
2022-12-05,4.1624
2022-12-06,4.1526
2022-12-07,4.1949
2022-12-08,4.1936
2022-12-09,4.1905
2022-12-12,4.2108
2022-12-13,4.2213
2022-12-14,4.2233
2022-12-15,4.2265
2022-12-16,4.1994
2022-12-19,4.194
2022-12-20,4.1975
2022-12-21,4.2126
2022-12-22,4.1877
2022-12-23,4.2179
2022-12-27,4.2243
2022-12-28,4.2591
2022-12-29,4.2461
2022-12-30,4.2376
2023-01-03,4.2137
2023-01-04,4.2515
2023-01-05,4.2376
2023-01-06,4.2191
2023-01-09,4.2442
2023-01-10,4.2195
2023-01-11,4.1876
2023-01-12,4.1633
2023-01-13,4.1717
2023-01-16,4.1683
2023-01-17,4.1877
2023-01-18,4.1859
2023-01-19,4.2079
2023-01-20,4.2109
2023-01-23,4.1765
2023-01-24,4.1445
2023-01-25,4.1542
2023-01-26,4.2119
2023-01-27,4.2511
2023-01-30,4.2967
2023-01-31,4.28
2023-02-01,4.2602
2023-02-02,4.219
2023-02-03,4.1596
2023-02-06,4.1801
2023-02-07,4.1608
2023-02-08,4.2075
2023-02-09,4.2428
2023-02-10,4.2459
2023-02-13,4.2781
2023-02-14,4.2741
2023-02-15,4.2551
2023-02-16,4.2639
2023-02-17,4.258
2023-02-20,4.2859
2023-02-21,4.4172
2023-02-22,4.4264
2023-02-23,4.3531
2023-02-24,4.4018
2023-02-27,4.4007
2023-02-28,4.4349
2023-03-01,4.3809
2023-03-02,4.364
2023-03-03,4.3914
2023-03-06,4.3064
2023-03-09,4.2789
2023-03-10,4.3087
2023-03-13,4.3813
2023-03-14,4.4247
2023-03-15,4.3964
2023-03-16,4.4236
2023-03-17,4.4489
2023-03-20,4.4956
2023-03-21,4.4727
2023-03-22,4.4704
2023-03-23,4.4384
2023-03-24,4.4461
2023-03-27,4.3654
2023-03-28,4.3509
2023-03-29,4.3952
2023-03-30,4.4262
2023-03-31,4.4672
2023-04-03,4.4466
2023-04-04,4.4529
2023-04-11,4.5029
2023-04-13,4.5735
2023-04-14,4.5804
2023-04-17,4.5275
2023-04-18,4.533
2023-04-19,4.5359
2023-04-20,4.547
2023-04-21,4.5339
2023-04-24,4.5499
2023-04-25,4.5361
2023-04-27,4.5269
2023-04-28,4.5413
2023-05-01,4.5356
2023-05-02,4.516
2023-05-03,4.5492
2023-05-04,4.5751
2023-05-05,4.5983
2023-05-08,4.5975
2023-05-09,4.6148
2023-05-10,4.6333
2023-05-11,4.5916
2023-05-12,4.5656
2023-05-15,4.5577
2023-05-16,4.5869
2023-05-17,4.5439
2023-05-18,4.5286
2023-05-19,4.5242
2023-05-22,4.5493
2023-05-23,4.5475
2023-05-24,4.6162
2023-05-25,4.6085
2023-05-30,4.6089
2023-05-31,4.5932
2023-06-01,4.657
2023-06-02,4.6952
2023-06-05,4.626
2023-06-06,4.6087
2023-06-07,4.5565
2023-06-08,4.5631
2023-06-09,4.5554
2023-06-12,4.5082
2023-06-13,4.4707
2023-06-14,4.5711
2023-06-15,4.5394
2023-06-16,4.5462
2023-06-19,4.6151
2023-06-20,4.6019
2023-06-21,4.5844
2023-06-22,4.6317
2023-06-23,4.6096
2023-06-26,4.6129
2023-06-27,4.6297
2023-06-28,4.6724
2023-06-29,4.6717
2023-06-30,4.6707
2023-07-03,4.707
2023-07-04,4.7083
2023-07-05,4.6951
2023-07-06,4.726
2023-07-07,4.7359
2023-07-10,4.7467
2023-07-11,4.7905
2023-07-12,4.7343
2023-07-13,4.725
2023-07-14,4.7342
2023-07-17,4.7544
2023-07-18,4.7665
2023-07-19,4.6367
2023-07-20,4.6333
2023-07-21,4.6541
2023-07-24,4.6514
2023-07-25,4.7735
2023-07-26,4.7888
2023-07-28,4.758
2023-07-31,4.7529
2023-08-01,4.6683
2023-08-02,4.6711
2023-08-03,4.6669
2023-08-04,4.6826
2023-08-07,4.6827
2023-08-08,4.7055
2023-08-09,4.7338
2023-08-10,4.7473
2023-08-11,4.7303
2023-08-14,4.7322
2023-08-15,4.7819
2023-08-16,4.7826
2023-08-17,4.8165
2023-08-18,4.8237
2023-08-21,4.8399
2023-08-22,4.8229
2023-08-23,4.7884
2023-08-24,4.7848
2023-08-25,4.7821
2023-08-28,4.7775
2023-08-29,4.7926
2023-08-30,4.8022
2023-08-31,4.8179
2023-09-01,4.8102
2023-09-04,4.8128
2023-09-05,4.7607
2023-09-06,4.7804
2023-09-07,4.7945
2023-09-08,4.8014
2023-09-11,4.8084
2023-09-12,4.7355
2023-09-13,4.7638
2023-09-14,4.7681
2023-09-18,4.7442
2023-09-19,4.7148
2023-09-20,4.7116
2023-09-21,4.675
2023-09-22,4.6777
2023-09-26,4.6523
2023-09-27,4.6692
2023-09-28,4.7003
2023-09-29,4.6779
2023-10-02,4.6677
2023-10-03,4.6502
2023-10-04,4.6716
2023-10-05,4.6797
2023-10-06,4.7072
2023-10-09,4.7617
2023-10-10,4.8347
2023-10-11,4.8648
2023-10-12,4.8709
2023-10-13,4.8468
2023-10-16,4.8467
2023-10-17,4.882
2023-10-18,4.9006
2023-10-19,4.8801
2023-10-20,4.9034
2023-10-23,4.9447
2023-10-24,4.9652
2023-10-25,4.9261
2023-10-26,4.9268
2023-10-27,4.9452
2023-10-30,4.9171
2023-10-31,4.8982
2023-11-01,4.8865
2023-11-02,4.8391
2023-11-03,4.8668
2023-11-06,4.8151
2023-11-07,4.753
2023-11-08,4.7201
2023-11-09,4.7254
2023-11-10,4.7287
2023-11-13,4.7354
2023-11-14,4.7127
2023-11-15,4.6951
2023-11-16,4.6876
2023-11-17,4.6269
2023-11-20,4.6468
2023-11-21,4.6521
2023-11-22,4.6728
2023-11-23,4.6835
2023-11-24,4.6918
2023-11-27,4.7084
2023-11-28,4.6809
2023-11-29,4.6612
2023-11-30,4.6954
2023-12-01,4.7312
2023-12-04,4.6999
2023-12-05,4.7082
2023-12-06,4.6669
2023-12-07,4.6522
2023-12-08,4.6472
2023-12-11,4.675
2023-12-12,4.6601
2023-12-13,4.6449
2023-12-14,4.6847
2023-12-15,4.6753
2023-12-18,4.6243
2023-12-19,4.6288
2023-12-20,4.6091
2023-12-21,4.5762
2023-12-22,4.5698
2023-12-26,4.6058
2023-12-27,4.6132
2023-12-28,4.6198
2023-12-29,4.6209
2024-01-02,4.5849
2024-01-03,4.6048
2024-01-04,4.6353
2024-01-05,4.6362
2024-01-08,4.7238
2024-01-09,4.7267
2024-01-10,4.7804
2024-01-11,4.768
2024-01-12,4.7546
2024-01-15,4.7782
2024-01-16,4.7645
2024-01-17,4.8009
2024-01-18,4.7788
2024-01-19,4.7541
2024-01-22,4.7923
2024-01-23,4.7898
2024-01-24,4.7388
2024-01-25,4.7142
2024-01-26,4.7153
2024-01-29,4.6831
2024-01-30,4.6301
2024-01-31,4.6094
2024-02-01,4.6247
2024-02-02,4.6474
2024-02-05,4.6144
2024-02-06,4.5734
2024-02-07,4.6053
2024-02-08,4.6242
2024-02-09,4.6469
2024-02-12,4.647
2024-02-13,4.6186
2024-02-14,4.5964
2024-02-15,4.5543
2024-02-16,4.5422
2024-02-19,4.5683
2024-02-20,4.6037
2024-02-21,4.6396
2024-02-22,4.6171
2024-02-23,4.602
2024-02-26,4.6325
2024-02-28,4.5635
2024-02-29,4.5372
2024-03-01,4.5049
2024-03-04,4.5315
2024-03-05,4.5554
2024-03-06,4.5871
2024-03-07,4.578
2024-03-08,4.5915
2024-03-11,4.6359
2024-03-12,4.6666
2024-03-13,4.684
2024-03-14,4.6395
2024-03-15,4.6526
2024-03-18,4.6508
2024-03-19,4.6601
2024-03-20,4.6717
2024-03-21,4.5935
2024-03-22,4.5616
2024-03-26,4.6271
2024-03-27,4.6248
2024-03-28,4.6535
2024-04-01,4.6205
2024-04-02,4.6442
2024-04-03,4.6945
2024-04-04,4.703
2024-04-05,4.7327
2024-04-08,4.6879
2024-04-09,4.6777
2024-04-10,4.7152
2024-04-11,4.7138
2024-04-12,4.7029
2024-04-15,4.6423
2024-04-16,4.6943
2024-04-17,4.7032
2024-04-18,4.7149
2024-04-19,4.7065
2024-04-24,4.6734
2024-04-25,4.7419
2024-04-26,4.7876
2024-04-30,4.694
2024-05-01,4.6676
2024-05-02,4.6776
2024-05-03,4.6705
2024-05-06,4.7047
2024-05-07,4.6697
2024-05-08,4.6325
2024-05-09,4.6655
2024-05-10,4.6622
2024-05-13,4.6629
2024-05-15,4.6595
2024-05-16,4.6611
2024-05-17,4.7014
2024-05-20,4.7033
2024-05-21,4.6666
2024-05-22,4.671
2024-05-23,4.6764
2024-05-24,4.6664
2024-05-28,4.6952
2024-05-29,4.7111
2024-05-30,4.7291
2024-05-31,4.7254
2024-06-03,4.6603
2024-06-04,4.7046
2024-06-05,4.7363
2024-06-06,4.7593
2024-06-07,4.7742
2024-06-10,4.7614
2024-06-11,4.7374
2024-06-13,4.7422
2024-06-14,4.7384
2024-06-17,4.7279
2024-06-18,4.7226
2024-06-19,4.7313
2024-06-20,4.719
2024-06-21,4.7312
2024-06-24,4.7152
2024-06-25,4.7284
2024-06-26,4.7419
2024-06-27,4.7483
2024-06-28,4.7505
2024-07-01,4.7552
2024-07-02,4.7597
2024-07-03,4.7794
2024-07-04,4.7719
2024-07-05,4.7544
2024-07-08,4.7258
2024-07-09,4.7068
2024-07-10,4.6913
2024-07-11,4.6865
2024-07-12,4.7087
2024-07-15,4.686
2024-07-16,4.7168
2024-07-17,4.727
2024-07-18,4.7194
2024-07-19,4.7308
2024-07-22,4.694
2024-07-23,4.6743
2024-07-24,4.6841
2024-07-25,4.704
2024-07-26,4.7354
2024-07-29,4.7938
2024-07-30,4.8
2024-07-31,4.8363
2024-08-01,4.8452
2024-08-02,4.8401
2024-08-05,4.8757
2024-08-06,4.8795
2024-08-07,4.8131
2024-08-08,4.8115
2024-08-09,4.778
2024-08-12,4.8152
2024-08-14,4.792
2024-08-15,4.7759
2024-08-16,4.7462
2024-08-19,4.7954
2024-08-20,4.8037
2024-08-21,4.8519
2024-08-22,4.8831
2024-08-23,4.8594
2024-08-26,4.8333
2024-08-27,4.8694
2024-08-28,4.8489
2024-08-29,4.8326
2024-08-30,4.8245
2024-09-02,4.7996
2024-09-03,4.8184
2024-09-04,4.8804
2024-09-05,4.8609
2024-09-06,4.8843
2024-09-09,4.908
2024-09-10,4.9288
2024-09-11,4.9282
2024-09-12,4.8943
2024-09-13,4.8727
2024-09-16,4.9398
2024-09-17,4.9475
2024-09-18,4.9844
2024-09-19,4.9965
2024-09-20,5.0083
2024-09-23,5.0267
2024-09-24,5.0474
2024-09-25,5.0262
2024-09-26,4.9415
2024-09-27,4.9522
2024-09-30,4.9748
2024-10-01,4.9579
2024-10-07,4.9554
2024-10-08,4.9396
2024-10-09,4.9193
2024-10-10,4.9365
2024-10-14,4.9022
2024-10-15,4.9041
2024-10-16,4.8904
2024-10-18,4.841
2024-10-21,4.8677
2024-10-22,4.9131
2024-10-23,4.9197
2024-10-25,4.9118
2024-10-28,4.8388
2024-10-29,4.8566
2024-10-30,4.8099
2024-10-31,4.8194
2024-11-01,4.8542
2024-11-04,4.8594
2024-11-05,4.8662
2024-11-06,4.8131
2024-11-07,4.8235
2024-11-08,4.8222
2024-11-11,4.8107
2024-11-12,4.806
2024-11-13,4.7695
2024-11-14,4.7356
2024-11-15,4.74
2024-11-18,4.7105
2024-11-19,4.7292
2024-11-20,4.7318
2024-11-21,4.7189
2024-11-22,4.6614
2024-11-25,4.6194
2024-11-26,4.583
2024-11-27,4.6118
2024-11-28,4.6174
2024-11-29,4.63
2024-12-02,4.6158
2024-12-03,4.5964
2024-12-04,4.5631
2024-12-05,4.5816
2024-12-06,4.5886
2024-12-09,4.5478
2024-12-10,4.5652
2024-12-11,4.5647
2024-12-12,4.5497
2024-12-13,4.5383
2024-12-16,4.5635
2024-12-17,4.5734
2024-12-18,4.5593
2024-12-19,4.5734
2024-12-20,4.566
2024-12-23,4.5711
2024-12-24,4.5932
2024-12-26,4.5974
2024-12-27,4.6008
2024-12-30,4.5943
2024-12-31,4.5743
2025-01-02,4.531
2025-01-03,4.5333
2025-01-06,4.5579
2025-01-07,4.5485
2025-01-08,4.519
2025-01-09,4.4975
2025-01-10,4.5054
2025-01-13,4.4468
2025-01-14,4.4264
2025-01-15,4.4254
2025-01-16,4.4196
2025-01-17,4.3902
2025-01-20,4.3697
2025-01-21,4.3885
2025-01-22,4.3757
2025-01-23,4.3836
2025-01-24,4.4419
2025-01-27,4.5217
2025-01-28,4.496
2025-01-29,4.4689
2025-01-30,4.4547
2025-01-31,4.438
2025-02-03,4.4475
2025-02-04,4.4389
2025-02-05,4.4528
2025-02-06,4.407
2025-02-07,4.4227
2025-02-10,4.4215
2025-02-11,4.4368
2025-02-12,4.471
2025-02-13,4.4601
2025-02-14,4.4867
2025-02-17,4.4799
2025-02-18,4.4777
2025-02-19,4.4592
2025-02-20,4.4652
2025-02-21,4.5103
2025-02-24,4.5072
2025-02-25,4.5302
2025-02-26,4.5235
2025-02-27,4.503
2025-02-28,4.5231
2025-03-03,4.5545
2025-03-04,4.59
2025-03-05,4.6496
2025-03-06,4.6568
2025-03-07,4.673
2025-03-10,4.6932
2025-03-11,4.7187
2025-03-12,4.7094
2025-03-13,4.7263
2025-03-17,4.7519
2025-03-18,4.7605
2025-03-19,4.7643
2025-03-20,4.7561
2025-03-21,4.784
2025-03-24,4.7951
2025-03-25,4.7488
2025-03-26,4.7328
2025-03-27,4.757
2025-03-28,4.7711
2025-03-31,4.8108
2025-04-01,4.7777
2025-04-02,4.7843
2025-04-03,4.8712
2025-04-04,4.8279
2025-04-07,4.8327
2025-04-08,4.8097
2025-04-09,4.886
2025-04-10,4.8493
2025-04-11,4.8637
2025-04-14,4.8545
2025-04-15,4.8741
2025-04-16,4.8967
2025-04-17,4.8885
2025-04-21,4.9447
2025-04-22,4.9783
2025-04-23,4.8801
2025-04-24,4.8571
2025-04-25,4.8038
2025-04-28,4.8412
2025-04-29,4.8509
2025-04-30,4.8681
2025-05-02,4.8029
2025-05-05,4.8113
2025-05-06,4.8373
2025-05-07,4.7878
2025-05-08,4.7703
2025-05-09,4.731
2025-05-12,4.6725
2025-05-13,4.7228
2025-05-14,4.7481
2025-05-15,4.7
2025-05-16,4.7242
2025-05-19,4.7517
2025-05-20,4.7077
2025-05-21,4.7628
2025-05-22,4.7833
2025-05-23,4.8585
2025-05-27,4.7909
2025-05-28,4.7744
2025-05-29,4.7288
2025-05-30,4.7426
2025-06-03,4.7603
2025-06-04,4.7552
2025-06-05,4.7378
2025-06-06,4.7451
2025-06-09,4.7236
2025-06-10,4.718
2025-06-11,4.727
2025-06-12,4.8555
2025-06-13,4.8797
2025-06-16,4.8035
2025-06-17,4.7502
2025-06-18,4.7058
2025-06-19,4.6809
2025-06-20,4.6953
2025-06-23,4.6528
2025-06-24,4.6332
2025-06-25,4.6394
2025-06-26,4.6617
2025-06-27,4.6616
2025-06-30,4.6236
2025-07-01,4.638
2025-07-02,4.6195
2025-07-03,4.593
2025-07-04,4.5612
2025-07-07,4.5402
2025-07-08,4.5555
2025-07-09,4.5212
2025-07-10,4.4886
2025-07-11,4.5116
2025-07-14,4.5355
2025-07-15,4.497
2025-07-16,4.4969
2025-07-17,4.4974
2025-07-18,4.5093
2025-07-21,4.5178
2025-07-22,4.5254
2025-07-23,4.5103
2025-07-24,4.5249
2025-07-25,4.5243
2025-07-28,4.5004
2025-07-29,4.4892
2025-07-30,4.5028
2025-07-31,4.4831
2025-08-01,4.5051
2025-08-04,4.5218
2025-08-05,4.5766
2025-08-06,4.5932
2025-08-07,4.5715
2025-08-08,4.6173
2025-08-11,4.5878
2025-08-12,4.6162
2025-08-13,4.6008
2025-08-14,4.5997
2025-08-15,4.5812
2025-08-18,4.5903
2025-08-19,4.5697
2025-08-20,4.5913
2025-08-21,4.6037
2025-08-22,4.5679
2025-08-25,4.5636
2025-08-26,4.5413
2025-08-27,4.494
2025-08-28,4.4971
2025-08-29,4.4961
2025-09-01,4.5374
2025-09-02,4.5339
2025-09-03,4.5184
2025-09-04,4.5236
2025-09-05,4.5011
2025-09-08,4.4974
2025-09-09,4.5287
2025-09-10,4.5167
2025-09-11,4.5098
2025-09-12,4.5144
2025-09-15,4.5454
2025-09-16,4.5593
2025-09-17,4.5578
2025-09-18,4.5639
2025-09-19,4.5025
2025-09-25,4.4881
2025-09-26,4.4948
2025-09-29,4.4651
2025-09-30,4.4409
2025-10-03,4.4639
2025-10-06,4.4086
2025-10-08,4.3994
2025-10-09,4.3312
2025-10-10,4.3298
2025-10-13,4.3801
2025-10-15,4.3977
2025-10-16,4.433
2025-10-17,4.4615
2025-10-20,4.439
2025-10-21,4.4007
2025-10-22,4.3881
2025-10-23,4.4127
2025-10-24,4.382
2025-10-27,4.3481
2025-10-28,4.3365
2025-10-29,4.2955
2025-10-30,4.2794
2025-10-31,4.2611
2025-11-03,4.2741
2025-11-04,4.2691
2025-11-05,4.2656
2025-11-06,4.2582
2025-11-07,4.2787
2025-11-10,4.257
2025-11-11,4.2297
2025-11-12,4.1977
2025-11-13,4.222
2025-11-14,4.2569
2025-11-17,4.2722
2025-11-18,4.2991
2025-11-19,4.285
2025-11-20,4.257
2025-11-21,4.2918
2025-11-24,4.2957
2025-11-25,4.2944
2025-11-26,4.32
2025-11-27,4.3344
2025-11-28,4.3096
2025-12-01,4.3209
2025-12-02,4.2976
2025-12-03,4.2957
2025-12-04,4.3242
2025-12-05,4.3088
2025-12-08,4.2766
2025-12-09,4.28
2025-12-10,4.2962
2025-12-11,4.2954
2025-12-12,4.2848
2025-12-15,4.295
2025-12-16,4.3269
2025-12-17,4.2982
2025-12-18,4.2968
2025-12-19,4.291
2025-12-22,4.3056
2025-12-23,4.3118
2025-12-24,4.305
2025-12-29,4.3264
2025-12-30,4.2983
2025-12-31,4.29
2026-01-02,4.282
2026-01-05,4.2521
2026-01-06,4.2792
2026-01-07,4.2834
2026-01-08,4.2662
2026-01-09,4.255
2026-01-12,4.2433
2026-01-13,4.2409
2026-01-14,4.2369
2026-01-15,4.2299
2026-01-16,4.2024
2026-01-19,4.2394
2026-01-20,4.2615
2026-01-21,4.2579
2026-01-22,4.2166
2026-01-23,4.2283
2026-01-26,4.2878
2026-01-27,4.2602
2026-01-28,4.2609
2026-01-29,4.2563
2026-01-30,4.2601
2026-02-02,4.2475
2026-02-03,4.2179
2026-02-04,4.2336
2026-02-05,4.2331
2026-02-06,4.2427
2026-02-09,4.2276
2026-02-10,4.2131
2026-02-11,4.2169
2026-02-12,4.1856
2026-02-13,4.198
2026-02-16,4.2121
2026-02-17,4.2055
2026-02-18,4.2058
2026-02-19,4.2237
2026-02-20,4.2057
2026-02-23,4.2103
2026-02-24,4.2001
2026-02-25,4.1824
2026-02-26,4.2143
2026-02-27,4.2128
2026-03-02,4.121
2026-03-05,4.1066
2026-03-06,4.1139
2026-03-09,4.1575
2026-03-10,4.1532
2026-03-11,4.1725
2026-03-12,4.1689
2026-03-13,4.1744
2026-03-16,4.1432
2026-03-17,4.1424
2026-03-18,4.1308
2026-03-19,4.1429
2026-03-20,4.1635
2026-03-23,4.1569
2026-03-24,4.1867
2026-03-25,4.1782
2026-03-26,4.1693
2026-03-27,4.1942
2026-03-30,4.1956
2026-03-31,4.1873
2026-04-07,4.1652
2026-04-09,4.1384
2026-04-10,4.1018
2026-04-13,4.1095
2026-04-14,4.0944
2026-04-15,4.0843
2026-04-16,4.0536
2026-04-17,4.0479
2026-04-20,4.058
2026-04-21,4.0324
2026-04-23,4.0565
2026-04-24,4.0444
2026-04-27,4.0383
2026-04-28,4.034
2026-04-29,3.9992
2026-04-30,3.9921
2026-05-01,4.0101
2026-05-04,4.0115
2026-05-05,3.9873
2026-05-06,3.9592
2026-05-07,3.9609
2026-05-08,3.9557
2026-05-11,3.9572
2026-05-12,3.938
2026-05-13,3.9293
2026-05-14,3.9257
2026-05-15,3.892
2026-05-18,3.898
2026-05-19,3.8999
2026-05-20,3.9115
2026-05-21,3.9082
2026-05-26,3.8512
2026-05-27,3.8174
2026-05-28,3.7944
2026-05-29,3.773
2026-06-01,3.7877
2026-06-02,3.805
2026-06-03,3.8629
2026-06-04,3.8938
2026-06-05,3.9082
2026-06-08,3.9241
2026-06-09,3.9365
2026-06-10,3.9814
2026-06-11,3.9624
2026-06-12,3.9328
2026-06-15,3.9048
2026-06-16,3.9089
2026-06-17,3.9107
2026-06-18,3.8939
2026-06-19,3.9114
2026-06-22,3.928
2026-06-23,3.9537
2026-06-24,3.9353
2026-06-25,3.9192
2026-06-26,3.9608
2026-06-29,3.9421
2026-06-30,3.9389
2026-07-01,3.9475
2026-07-02,4.0008
2026-07-03,4.0011
2026-07-06,4.0089
2026-07-07,4.0521
2026-07-08,4.063
2026-07-09,4.0603
2026-07-10,4.0319
2026-07-13,4.0526
2026-07-14,4.0325
2026-07-15,4.0134
2026-07-16,4.0585
2026-07-17,4.1027
2026-07-20,4.1052
2026-07-21,4.0867
2026-07-22,4.0917
2026-07-24,4.0789
2026-07-27,4.046
2026-07-28,4.0623
2026-07-29,4.0649
2026-07-30,4.1103
2026-07-31,4.1093
2026-08-03,4.1161
2026-08-04,4.0757
2026-08-05,4.045
2026-08-06,4.0576
2026-08-07,4.0416
2026-08-10,4.0481
2026-08-11,4.0572
2026-08-12,4.0427
2026-08-13,4.0232
2026-08-14,3.9916
2026-08-17,3.9984
2026-08-18,4.0388
2026-08-19,4.0484
2026-08-20,4.0794
2026-08-21,4.0879
2026-08-24,4.0804
2026-08-25,4.0707
2026-08-26,4.0511
2026-08-27,4.0455
2026-08-28,4.0335
2026-08-31,4.0463
2026-09-01,4.0771
2026-09-02,4.1016
2026-09-03,4.0816
2026-09-04,4.0681
2026-09-07,4.0774
2026-09-08,4.0842
2026-09-09,4.0909
2026-09-10,4.0929
2026-09-14,4.1132
2026-09-15,4.1084
2026-09-16,4.086
2026-09-17,4.0605
2026-09-18,4.048
2026-09-22,4.0309
2026-09-23,4.0068
2026-09-24,4.0311
2026-09-25,4.0146
