date,rate
1974-11-10,0.000198741
1975-06-18,0.000207282
1975-08-05,0.000207965
1975-09-09,0.000211964
1975-09-28,0.000230339
1975-11-24,0.000229433
1976-01-04,0.000235639
1976-02-11,0.000244088
1976-03-15,0.00024839
1976-04-19,0.000254496
1976-05-20,0.000259585
1976-06-24,0.000266778
1976-07-19,0.000274649
1976-08-25,0.000284134
1976-09-29,0.000292069
1976-11-01,0.000291498
1976-11-24,0.000294198
1976-12-24,0.000299185
1977-01-17,0.000306945
1977-03-02,0.000323618
1977-03-21,0.0003321
1977-05-25,0.000339107
1977-07-04,0.000359216
1977-07-18,0.000365984
1977-08-01,0.000369523
1977-08-17,0.00037892
1977-09-20,0.000385629
1977-10-17,0.000410476
1977-10-31,0.00061048
1977-11-01,0.00061884
1977-11-02,0.00061514
1977-11-04,0.00061259
1977-11-07,0.00061297
1977-11-08,0.00061281
1977-11-09,0.00061662
1977-11-10,0.00061626
1977-11-11,0.0006186
1977-11-14,0.00061858
1977-11-15,0.0006207
1977-11-16,0.00062062
1977-11-17,0.00062516
1977-11-18,0.000626
1977-11-21,0.00062942
1977-11-22,0.0006341
1977-11-24,0.0006379
1977-11-25,0.00063751
1977-11-28,0.00063663
1977-11-29,0.00063275
1977-11-30,0.00062769
1977-12-01,0.00062767
1977-12-02,0.00063078
1977-12-05,0.00063224
1977-12-06,0.00063639
1977-12-07,0.00063425
1977-12-08,0.00063307
1977-12-09,0.00063167
1977-12-12,0.00063086
1977-12-13,0.00063652
1977-12-14,0.00064275
1977-12-15,0.00064232
1977-12-16,0.00063549
1977-12-19,0.00063493
1977-12-20,0.00063562
1977-12-21,0.0006371
1977-12-22,0.00063466
1977-12-23,0.00063506
1977-12-27,0.00063637
1977-12-28,0.00063927
1977-12-29,0.0006415
1977-12-30,0.00064138
1978-01-04,0.00065425
1978-01-05,0.0006409
1978-01-06,0.00064282
1978-01-09,0.0006459
1978-01-10,0.00064799
1978-01-11,0.00065257
1978-01-12,0.00065495
1978-01-13,0.00065259
1978-01-17,0.00065401
1978-01-18,0.00065396
1978-01-19,0.00065493
1978-01-20,0.0006564
1978-01-23,0.00065858
1978-01-24,0.00066158
1978-01-25,0.00066213
1978-01-26,0.00066433
1978-01-27,0.00066361
1978-01-30,0.00066285
1978-01-31,0.00066346
1978-02-01,0.00066324
1978-02-02,0.00066273
1978-02-03,0.00066163
1978-02-06,0.00066221
1978-02-07,0.00066282
1978-02-08,0.00066243
1978-02-09,0.00066234
1978-02-10,0.00066215
1978-02-13,0.00066247
1978-02-14,0.00066508
1978-02-15,0.00066591
1978-02-16,0.00066656
1978-02-17,0.00066729
1978-02-20,0.00067383
1978-02-21,0.0006756
1978-02-22,0.00067299
1978-02-23,0.00067675
1978-02-24,0.00067859
1978-02-27,0.00068131
1978-02-28,0.00068205
1978-03-01,0.00068879
1978-03-02,0.00068664
1978-03-03,0.00069025
1978-03-06,0.00069181
1978-03-07,0.00069122
1978-03-09,0.0006974
1978-03-10,0.00069568
1978-03-13,0.00069474
1978-03-14,0.00070307
1978-03-15,0.00070435
1978-03-16,0.00071181
1978-03-17,0.00071747
1978-03-20,0.00071813
1978-03-22,0.00071537
1978-03-23,0.0007175
1978-03-27,0.00072959
1978-03-28,0.00072945
1978-03-29,0.00074248
1978-03-30,0.0007383
1978-03-31,0.00073721
1978-04-03,0.00075123
1978-04-04,0.00075108
1978-04-05,0.00074902
1978-04-06,0.00075336
1978-04-07,0.00075183
1978-04-10,0.00074841
1978-04-11,0.00075143
1978-04-12,0.00075323
1978-04-13,0.00075073
1978-04-14,0.00075132
1978-04-17,0.00075001
1978-04-18,0.00074312
1978-04-19,0.00074639
1978-04-20,0.00074117
1978-04-21,0.00073746
1978-04-24,0.00072918
1978-04-25,0.0007336
1978-04-26,0.00073845
1978-04-27,0.00074756
1978-05-01,0.00074315
1978-05-02,0.00074291
1978-05-03,0.00073956
1978-05-04,0.00074224
1978-05-05,0.00074625
1978-05-08,0.00074353
1978-05-09,0.0007424
1978-05-10,0.00074469
1978-05-12,0.00074614
1978-05-15,0.0007471
1978-05-16,0.00074691
1978-05-17,0.00074656
1978-05-18,0.00074552
1978-05-19,0.00074882
1978-05-22,0.00074711
1978-05-23,0.00075025
1978-05-24,0.00075297
1978-05-25,0.00076048
1978-05-26,0.00076422
1978-05-29,0.00077311
1978-05-30,0.00078141
1978-05-31,0.00078444
1978-06-01,0.00078959
1978-06-02,0.00078781
1978-06-05,0.00079489
1978-06-06,0.00078873
1978-06-07,0.00078751
1978-06-08,0.00079013
1978-06-09,0.00078948
1978-06-12,0.0007935
1978-06-13,0.00080305
1978-06-14,0.00080363
1978-06-15,0.00080684
1978-06-16,0.00080453
1978-06-19,0.00081235
1978-06-20,0.00082761
1978-06-21,0.00083459
1978-06-22,0.00083172
1978-06-23,0.00084281
1978-06-26,0.00085727
1978-06-27,0.00085729
1978-06-28,0.00086705
1978-06-29,0.00086542
1978-06-30,0.0008712
1978-07-03,0.00088307
1978-07-04,0.00088966
1978-07-05,0.0008846
1978-07-06,0.00088068
1978-07-07,0.00087461
1978-07-10,0.00088343
1978-07-11,0.00087779
1978-07-12,0.00087452
1978-07-13,0.00088082
1978-07-14,0.00088198
1978-07-17,0.00087967
1978-07-18,0.00088784
1978-07-19,0.00089315
1978-07-20,0.00089409
1978-07-21,0.00089715
1978-07-24,0.00091026
1978-07-25,0.00092409
1978-07-26,0.00092781
1978-07-27,0.00094067
1978-07-28,0.00094704
1978-07-31,0.00095513
1978-08-01,0.00097928
1978-08-02,0.00097849
1978-08-03,0.0009583
1978-08-04,0.00096569
1978-08-07,0.00096489
1978-08-08,0.00096856
1978-08-09,0.00097357
1978-08-10,0.00097029
1978-08-11,0.0009776
1978-08-14,0.00098618
1978-08-15,0.00099781
1978-08-16,0.00098917
1978-08-17,0.00097423
1978-08-18,0.00097922
1978-08-21,0.0009521
1978-08-22,0.0009594
1978-08-23,0.000947
1978-08-24,0.0009536
1978-08-25,0.0009511
1978-08-28,0.0009482
1978-08-29,0.0009462
1978-08-30,0.0009708
1978-08-31,0.0009671
1978-09-01,0.0009602
1978-09-04,0.0009658
1978-09-05,0.0009684
1978-09-06,0.0009605
1978-09-07,0.0009561
1978-09-08,0.0009528
1978-09-11,0.0009484
1978-09-12,0.0009534
1978-09-13,0.0009556
1978-09-14,0.000964
1978-09-18,0.0009658
1978-09-19,0.0009689
1978-09-20,0.0009786
1978-09-21,0.0009856
1978-09-22,0.0009771
1978-09-25,0.000975
1978-09-26,0.0009748
1978-09-27,0.000971
1978-09-28,0.0009647
1978-09-29,0.000969
1978-10-04,0.0009794
1978-10-05,0.0009771
1978-10-06,0.0009725
1978-10-09,0.0009704
1978-10-12,0.0009871
1978-10-13,0.0009802
1978-10-17,0.0009993
1978-10-18,0.0010084
1978-10-19,0.0010016
1978-10-20,0.0010066
1978-10-24,0.0010099
1978-10-25,0.0010284
1978-10-26,0.0010343
1978-10-27,0.001033
1978-10-30,0.001043
1978-10-31,0.0010522
1978-11-01,0.0010283
1978-11-02,0.0009891
1978-11-06,0.0009766
1978-11-08,0.0009899
1978-11-09,0.0009999
1978-11-10,0.0009933
1978-11-13,0.0009915
1978-11-14,0.000995
1978-11-15,0.0009902
1978-11-16,0.0009839
1978-11-17,0.0009782
1978-11-20,0.0009588
1978-11-21,0.0009741
1978-11-22,0.0009708
1978-11-24,0.0009748
1978-11-27,0.0009607
1978-11-28,0.0009632
1978-11-29,0.0009572
1978-11-30,0.0009532
1978-12-01,0.0009313
1978-12-04,0.0009378
1978-12-05,0.0009503
1978-12-06,0.0009437
1978-12-07,0.0009422
1978-12-08,0.0009404
1978-12-11,0.0009475
1978-12-12,0.0009602
1978-12-13,0.0009473
1978-12-14,0.0009481
1978-12-15,0.0009538
1978-12-18,0.0009631
1978-12-19,0.0009648
1978-12-20,0.0009711
1978-12-21,0.0009635
1978-12-22,0.0009619
1978-12-26,0.0009674
1978-12-27,0.0009744
1978-12-28,0.0009838
1978-12-29,0.0009776
1979-01-04,0.0009682
1979-01-05,0.0009669
1979-01-08,0.0009705
1979-01-09,0.0009599
1979-01-10,0.0009512
1979-01-11,0.0009492
1979-01-12,0.0009444
1979-01-16,0.0009616
1979-01-17,0.0009722
1979-01-18,0.0009687
1979-01-19,0.0009658
1979-01-22,0.0009672
1979-01-23,0.0009699
1979-01-24,0.0009676
1979-01-25,0.0009623
1979-01-26,0.0009554
1979-01-29,0.000954
1979-01-30,0.0009568
1979-01-31,0.0009491
1979-02-01,0.0009416
1979-02-02,0.0009478
1979-02-05,0.000966
1979-02-06,0.0009759
1979-02-07,0.000975
1979-02-08,0.0009704
1979-02-09,0.0009648
1979-02-13,0.0009832
1979-02-14,0.0009807
1979-02-15,0.0009875
1979-02-16,0.0009819
1979-02-19,0.0009803
1979-02-20,0.0009821
1979-02-21,0.0009801
1979-02-22,0.0009784
1979-02-23,0.0009809
1979-02-26,0.0009727
1979-02-27,0.0009589
1979-02-28,0.0009504
1979-03-01,0.0009577
1979-03-02,0.0009395
1979-03-05,0.0009377
1979-03-06,0.0009463
1979-03-07,0.0009584
1979-03-08,0.0009623
1979-03-09,0.000968
1979-03-12,0.0009721
1979-03-13,0.0009712
1979-03-15,0.0009732
1979-03-16,0.0009819
1979-03-19,0.0009857
1979-03-20,0.0009943
1979-03-22,0.0010052
1979-03-23,0.0010147
1979-03-26,0.0010148
1979-03-27,0.0010214
1979-03-28,0.0010228
1979-03-29,0.001021
1979-03-30,0.0010214
1979-04-02,0.0010105
1979-04-03,0.0010053
1979-04-04,0.0010014
1979-04-05,0.0010038
1979-04-06,0.0010041
1979-04-09,0.0010107
1979-04-10,0.0010236
1979-04-11,0.0010279
1979-04-13,0.0010161
1979-04-16,0.0010184
1979-04-17,0.0010143
1979-04-19,0.0010311
1979-04-20,0.0010226
1979-04-23,0.0010227
1979-04-24,0.0010274
1979-04-25,0.0010277
1979-04-26,0.0010321
1979-04-27,0.0010277
1979-05-01,0.0010141
1979-05-04,0.0010246
1979-05-07,0.0010596
1979-05-08,0.0010786
1979-05-09,0.0010751
1979-05-10,0.0010878
1979-05-11,0.0010822
1979-05-14,0.001098
1979-05-15,0.0010968
1979-05-16,0.0010939
1979-05-17,0.0011037
1979-05-18,0.0010947
1979-05-21,0.0010912
1979-05-22,0.0011018
1979-05-23,0.001093
1979-05-24,0.0011071
1979-05-25,0.001107
1979-05-28,0.0011032
1979-05-29,0.0011
1979-05-30,0.0010963
1979-05-31,0.0010985
1979-06-04,0.0010965
1979-06-05,0.0010988
1979-06-06,0.0010896
1979-06-07,0.001092
1979-06-08,0.0010945
1979-06-11,0.0011089
1979-06-12,0.0011123
1979-06-13,0.0011137
1979-06-14,0.0011147
1979-06-15,0.001123
1979-06-18,0.0011292
1979-06-19,0.001135
1979-06-20,0.0011455
1979-06-21,0.0011452
1979-06-22,0.0011516
1979-06-25,0.0011771
1979-06-26,0.0011691
1979-06-27,0.0011753
1979-06-28,0.0011707
1979-06-29,0.00116
1979-07-02,0.0011578
1979-07-03,0.00115
1979-07-04,0.0011622
1979-07-05,0.0011719
1979-07-06,0.0011673
1979-07-09,0.0011685
1979-07-10,0.001171
1979-07-11,0.0011734
1979-07-12,0.0011787
1979-07-13,0.0011778
1979-07-16,0.00118
1979-07-17,0.0011884
1979-07-18,0.0012026
1979-07-19,0.0011982
1979-07-20,0.001195
1979-07-23,0.0012029
1979-07-24,0.0012123
1979-07-25,0.0012029
1979-07-26,0.0012025
1979-07-27,0.0012008
1979-07-30,0.001198
1979-07-31,0.0011922
1979-08-01,0.0011926
1979-08-03,0.0011912
1979-08-06,0.0011959
1979-08-07,0.0011998
1979-08-08,0.0012038
1979-08-09,0.001205
1979-08-10,0.0012135
1979-08-13,0.0012201
1979-08-14,0.0012202
1979-08-15,0.0012231
1979-08-16,0.0012249
1979-08-17,0.0012296
1979-08-20,0.0012378
1979-08-21,0.0012402
1979-08-22,0.0012351
1979-08-23,0.0012306
1979-08-24,0.0012332
1979-08-27,0.0012329
1979-08-28,0.0012304
1979-08-29,0.0012251
1979-08-30,0.0012322
1979-08-31,0.0012309
1979-09-03,0.0012295
1979-09-04,0.0012375
1979-09-05,0.0012359
1979-09-06,0.0012451
1979-09-07,0.0012416
1979-09-10,0.0012496
1979-09-11,0.0012544
1979-09-12,0.0012488
1979-09-13,0.0012473
1979-09-14,0.0012545
1979-09-17,0.0012697
1979-09-18,0.0012767
1979-09-19,0.0012832
1979-09-20,0.001304
1979-09-21,0.00131
1979-09-25,0.0013015
1979-09-26,0.0013
1979-09-27,0.0013027
1979-09-28,0.0012944
1979-10-02,0.0012881
1979-10-03,0.0012928
1979-10-04,0.0013161
1979-10-05,0.0013016
1979-10-08,0.001303
1979-10-09,0.0012988
1979-10-11,0.0013129
1979-10-12,0.0013062
1979-10-15,0.0012982
1979-10-16,0.0012859
1979-10-17,0.0012784
1979-10-18,0.0012896
1979-10-19,0.0013001
1979-10-22,0.001292
1979-10-23,0.0012885
1979-10-24,0.0012936
1979-10-25,0.0012993
1979-10-26,0.0013003
1979-10-29,0.0012982
1979-10-30,0.0012793
1979-10-31,0.0012851
1979-11-01,0.0012871
1979-11-02,0.0013024
1979-11-05,0.0013082
1979-11-06,0.0013184
1979-11-07,0.0013151
1979-11-08,0.0013051
1979-11-09,0.0012879
1979-11-12,0.0012711
1979-11-13,0.0012756
1979-11-14,0.0013027
1979-11-15,0.0012804
1979-11-16,0.0012802
1979-11-19,0.0012949
1979-11-20,0.0012993
1979-11-21,0.0012976
1979-11-22,0.0013044
1979-11-26,0.0012958
1979-11-27,0.0013149
1979-11-28,0.0013159
1979-11-29,0.001315
1979-11-30,0.0013163
1979-12-03,0.0013284
1979-12-04,0.0013354
1979-12-05,0.001342
1979-12-06,0.0013694
1979-12-07,0.0014012
1979-12-10,0.001439
1979-12-11,0.0014414
1979-12-12,0.0014317
1979-12-13,0.0014068
1979-12-14,0.0013948
1979-12-17,0.0014126
1979-12-18,0.0014223
1979-12-19,0.0014266
1979-12-20,0.0014388
1979-12-21,0.0014464
1979-12-24,0.00145
1979-12-26,0.0014556
1979-12-27,0.0014597
1979-12-28,0.0014679
1979-12-31,0.0014751
1980-01-02,1.4751
1980-01-03,1.4751
1980-01-04,0.0014971
1980-01-06,1.4971
1980-01-07,0.0015303
1980-01-08,0.0015323
1980-01-09,0.0015316
1980-01-10,0.0015315
1980-01-11,0.0015358
1980-01-13,1.5358
1980-01-14,0.0015317
1980-01-15,1.5317
1980-01-16,0.001522
1980-01-17,0.001524
1980-01-18,0.0015241
1980-01-20,1.5241
1980-01-21,0.0015257
1980-01-22,0.0015233
1980-01-23,0.0015494
1980-01-24,0.0015445
1980-01-25,0.0015402
1980-01-27,1.5402
1980-01-28,0.0015434
1980-01-29,0.001547
1980-01-30,0.0015487
1980-01-31,0.0015502
1980-02-01,0.0015436
1980-02-03,1.5436
1980-02-04,0.0015499
1980-02-05,0.0015607
1980-02-06,0.0015613
1980-02-07,0.0015668
1980-02-08,0.0015647
1980-02-10,1.5647
1980-02-11,0.0015671
1980-02-12,0.0015665
1980-02-13,0.0015662
1980-02-14,0.0015589
1980-02-15,0.0015602
1980-02-17,1.5602
1980-02-18,0.0015654
1980-02-19,0.0015719
1980-02-20,0.0015754
1980-02-21,0.0015807
1980-02-22,0.0015788
1980-02-24,1.5788
1980-02-25,0.0016031
1980-02-26,0.0016039
1980-02-27,0.0015911
1980-02-28,0.0015918
1980-02-29,0.001581
1980-03-04,0.001599
1980-03-05,0.0015905
1980-03-06,0.0015899
1980-03-07,0.0015868
1980-03-09,1.5868
1980-03-10,0.0015937
1980-03-11,0.0016017
1980-03-12,0.0016147
1980-03-13,0.0016227
1980-03-14,0.0016182
1980-03-16,1.6182
1980-03-17,0.001628
1980-03-18,0.0016333
1980-03-19,0.0016418
1980-03-20,1.6418
1980-03-21,0.0016454
1980-03-23,1.6454
1980-03-24,0.0016498
1980-03-25,0.0016517
1980-03-26,0.0016526
1980-03-27,0.0016516
1980-03-28,0.0016566
1980-03-30,1.6566
1980-03-31,0.0016613
1980-04-02,0.0016249
1980-04-03,0.0016334
1980-04-04,0.0016357
1980-04-06,1.6357
1980-04-08,0.0016186
1980-04-09,0.0016646
1980-04-10,0.0017037
1980-04-11,0.0017035
1980-04-13,1.7035
1980-04-14,0.0017013
1980-04-15,0.001703
1980-04-16,0.001701
1980-04-17,0.0017261
1980-04-18,0.0017334
1980-04-20,1.7334
1980-04-22,0.0017274
1980-04-23,0.0017401
1980-04-24,0.0017671
1980-04-25,0.0017612
1980-04-27,1.7612
1980-04-28,0.0017838
1980-04-29,1.7838
1980-04-30,0.0018034
1980-05-01,0.0017985
1980-05-02,0.0018015
1980-05-04,1.8015
1980-05-05,1.8015
1980-05-06,0.0018673
1980-05-07,0.0018816
1980-05-08,0.0018856
1980-05-09,0.0019008
1980-05-11,1.9008
1980-05-12,0.0019366
1980-05-13,0.0019535
1980-05-14,0.0019551
1980-05-15,0.0019625
1980-05-16,0.0019746
1980-05-18,1.9746
1980-05-19,0.0019845
1980-05-20,0.0019969
1980-05-22,0.0020282
1980-05-23,0.0020555
1980-05-25,2.0555
1980-05-26,0.002119
1980-05-27,0.0021097
1980-05-28,0.0020748
1980-05-29,0.0020672
1980-05-30,0.0020486
1980-06-01,2.0486
1980-06-02,0.0020711
1980-06-03,0.0020562
1980-06-04,0.0020824
1980-06-05,0.0021065
1980-06-06,0.0021344
1980-06-08,2.1344
1980-06-09,0.0021652
1980-06-10,0.0021882
1980-06-11,0.0021867
1980-06-12,0.0021866
1980-06-13,0.0022038
1980-06-15,2.2038
1980-06-16,0.0022032
1980-06-17,0.0022111
1980-06-18,0.0022311
1980-06-19,0.0022274
1980-06-20,0.0022282
1980-06-22,2.2282
1980-06-23,0.002257
1980-06-24,0.002251
1980-06-25,0.0022634
1980-06-26,0.0022664
1980-06-27,0.0022772
1980-06-29,2.2772
1980-06-30,0.0022799
1980-07-01,0.0022639
1980-07-02,0.0022753
1980-07-03,0.0022849
1980-07-04,0.0022867
1980-07-06,2.2867
1980-07-07,0.0023046
1980-07-08,0.0023157
1980-07-09,0.0023084
1980-07-10,0.0023242
1980-07-11,0.0023291
1980-07-13,2.3291
1980-07-14,0.0023293
1980-07-15,0.0023299
1980-07-16,0.0023336
1980-07-17,0.0023548
1980-07-18,0.0023533
1980-07-20,2.3533
1980-07-21,0.0023487
1980-07-23,0.002304
1980-07-24,0.0023038
1980-07-25,0.0022955
1980-07-27,2.2955
1980-07-28,0.0022772
1980-07-29,0.0022948
1980-07-30,0.0022971
1980-07-31,0.0023024
1980-08-01,0.0023088
1980-08-03,2.3088
1980-08-04,0.002324
1980-08-05,0.0023342
1980-08-06,0.0023389
1980-08-07,0.0023522
1980-08-08,0.0023527
1980-08-10,2.3527
1980-08-11,0.0023512
1980-08-12,0.0023869
1980-08-13,0.0023876
1980-08-14,0.0023815
1980-08-15,0.0023774
1980-08-17,2.3774
1980-08-18,0.0023782
1980-08-19,0.0024166
1980-08-20,0.0024483
1980-08-21,0.0024487
1980-08-22,0.0024592
1980-08-24,2.4592
1980-08-25,0.0024772
1980-08-26,0.0025245
1980-08-27,0.0025423
1980-08-28,0.0025558
1980-08-29,0.0025447
1980-08-31,2.5447
1980-09-01,0.0025699
1980-09-02,0.002586
1980-09-03,0.0025739
1980-09-04,0.0025803
1980-09-05,0.0025654
1980-09-07,2.5654
1980-09-08,0.0026102
1980-09-09,0.0026194
1980-09-10,0.0026288
1980-09-14,2.6288
1980-09-15,2.6288
1980-09-16,0.0027058
1980-09-17,0.0027262
1980-09-18,0.00272
1980-09-19,0.0027429
1980-09-21,2.7429
1980-09-22,0.0027366
1980-09-23,2.7366
1980-09-24,0.0027121
1980-09-26,0.0027789
1980-09-28,2.7789
1980-09-29,0.0027756
1980-10-03,0.0028547
1980-10-05,2.8547
1980-10-06,0.0028657
1980-10-07,0.0028536
1980-10-08,0.0028697
1980-10-09,0.0028669
1980-10-10,2.8669
1980-10-12,2.8669
1980-10-13,0.0029036
1980-10-14,0.0029251
1980-10-15,0.0029243
1980-10-16,0.0029182
1980-10-17,0.0029209
1980-10-19,2.9209
1980-10-20,0.0029373
1980-10-21,0.0029515
1980-10-22,0.0029489
1980-10-23,0.0029399
1980-10-24,0.0029244
1980-10-26,2.9244
1980-10-27,0.0029383
1980-10-28,0.0029531
1980-10-29,0.0029885
1980-10-30,0.0030282
1980-10-31,0.0030074
1980-11-02,3.0074
1980-11-03,3.0074
1980-11-04,0.003038
1980-11-05,0.0030421
1980-11-06,0.0030702
1980-11-07,0.0030742
1980-11-09,3.0742
1980-11-10,0.0030984
1980-11-11,0.0031485
1980-11-12,0.0031217
1980-11-13,0.0031304
1980-11-14,0.0031208
1980-11-16,3.1208
1980-11-17,0.0031515
1980-11-18,0.0031644
1980-11-19,0.0031709
1980-11-20,0.0031806
1980-11-21,0.0031833
1980-11-23,3.1833
1980-11-24,3.1833
1980-11-25,0.003224
1980-11-26,0.0032444
1980-11-27,0.0032216
1980-11-28,0.0032239
1980-11-30,3.2239
1980-12-01,0.0031846
1980-12-02,0.0032748
1980-12-03,0.0033012
1980-12-04,0.0033279
1980-12-05,0.0033469
1980-12-07,3.3469
1980-12-08,0.0034615
1980-12-09,0.0034686
1980-12-10,0.0035122
1980-12-11,0.0034934
1980-12-12,0.0035305
1980-12-14,3.5305
1980-12-15,0.0035898
1980-12-16,0.0035852
1980-12-17,0.0036265
1980-12-18,0.0035912
1980-12-19,0.0036363
1980-12-21,3.6363
1980-12-22,0.0036717
1980-12-23,0.0036554
1980-12-24,0.003634
1980-12-26,0.0036499
1980-12-28,3.6499
1980-12-29,0.0036892
1980-12-30,0.0037414
1980-12-31,0.0037191
1981-01-02,3.7191
1981-01-04,3.7191
1981-01-05,0.0038408
1981-01-06,0.0038466
1981-01-07,0.0038397
1981-01-08,0.0038173
1981-01-09,0.0037998
1981-01-11,3.7998
1981-01-12,0.0038266
1981-01-13,0.003787
1981-01-14,0.0038637
1981-01-15,3.8637
1981-01-16,0.0038992
1981-01-18,3.8992
1981-01-19,0.0039786
1981-01-20,0.0039687
1981-01-21,0.0040206
1981-01-22,0.00404
1981-01-23,0.0040248
1981-01-25,4.0248
1981-01-26,0.0040029
1981-01-27,0.0039965
1981-01-28,0.0039802
1981-01-29,0.0039432
1981-01-30,0.0039202
1981-02-01,3.9202
1981-02-02,0.0040079
1981-02-03,0.0039323
1981-02-04,0.0039362
1981-02-05,0.0039871
1981-02-06,0.0040015
1981-02-08,4.0015
1981-02-09,0.0040575
1981-02-10,0.0040501
1981-02-11,4.0501
1981-02-12,0.0040512
1981-02-13,0.0040837
1981-02-15,4.0837
1981-02-16,0.0040843
1981-02-17,0.0041469
1981-02-18,0.0041778
1981-02-19,0.0041837
1981-02-20,0.0041859
1981-02-22,4.1859
1981-02-23,0.0041407
1981-02-24,0.0041363
1981-02-25,0.0041503
1981-02-26,0.0041518
1981-02-27,0.0041421
1981-03-01,4.1421
1981-03-02,0.0040994
1981-03-03,0.0041453
1981-03-04,0.0041762
1981-03-05,0.0042099
1981-03-06,0.004175
1981-03-08,4.175
1981-03-09,0.0042149
1981-03-10,0.0042618
1981-03-11,0.0042524
1981-03-12,0.0042239
1981-03-13,0.0042261
1981-03-15,4.2261
1981-03-16,0.004242
1981-03-17,0.0042657
1981-03-18,0.0042703
1981-03-19,0.0042655
1981-03-20,0.0042431
1981-03-23,0.0042702
1981-03-24,0.0042766
1981-03-25,0.0042712
1981-03-26,0.0042263
1981-03-27,0.0042125
1981-03-29,4.2125
1981-03-30,0.0042088
1981-03-31,0.0042027
1981-04-01,0.0041945
1981-04-02,0.0042098
1981-04-03,0.0042216
1981-04-05,4.2216
1981-04-06,0.0042424
1981-04-07,0.0042872
1981-04-08,0.0043205
1981-04-09,0.0043182
1981-04-10,0.004309
1981-04-12,4.309
1981-04-13,0.0042685
1981-04-14,0.0042687
1981-04-15,0.0042782
1981-04-16,0.0042562
1981-04-17,0.0042966
1981-04-20,0.0042552
1981-04-21,0.0042688
1981-04-22,0.0043167
1981-04-23,0.0043309
1981-04-24,0.0043484
1981-04-26,4.3484
1981-04-27,0.0044591
1981-04-28,0.0044331
1981-04-29,4.4331
1981-04-30,0.0044135
1981-05-01,0.0044208
1981-05-03,4.4208
1981-05-04,4.4208
1981-05-05,4.4208
1981-05-06,0.004525
1981-05-08,0.0045249
1981-05-10,4.5249
1981-05-11,0.0045492
1981-05-12,0.004543
1981-05-13,0.0045372
1981-05-14,0.0044629
1981-05-15,0.0044902
1981-05-17,4.4902
1981-05-18,0.004572
1981-05-19,0.004687
1981-05-20,0.0046999
1981-05-21,0.0047246
1981-05-22,0.0047173
1981-05-24,4.7173
1981-05-25,0.0047671
1981-05-26,0.004755
1981-05-27,0.0047677
1981-05-28,0.0048154
1981-05-29,0.004828
1981-05-31,4.828
1981-06-01,0.0049103
1981-06-02,0.0048511
1981-06-03,0.0049368
1981-06-04,0.0049556
1981-06-05,0.0049152
1981-06-07,4.9152
1981-06-09,0.0049641
1981-06-10,0.0050205
1981-06-11,0.0050556
1981-06-12,0.0050843
1981-06-14,5.0843
1981-06-15,0.0051786
1981-06-16,0.0052145
1981-06-17,0.0052163
1981-06-18,0.0051675
1981-06-19,0.0051495
1981-06-21,5.1495
1981-06-22,0.0051987
1981-06-23,0.0052239
1981-06-24,0.0052019
1981-06-25,0.0051561
1981-06-26,0.0051492
1981-06-28,5.1492
1981-06-29,0.0051916
1981-07-01,0.0051513
1981-07-02,0.0051823
1981-07-03,0.0052301
1981-07-05,5.2301
1981-07-06,0.0051989
1981-07-07,0.005243
1981-07-08,0.0052633
1981-07-09,0.0052835
1981-07-10,0.0052652
1981-07-12,5.2652
1981-07-13,0.0052807
1981-07-14,0.0052221
1981-07-15,0.0052055
1981-07-16,0.0052222
1981-07-17,0.0051964
1981-07-19,5.1964
1981-07-20,0.0051729
1981-07-21,0.0051445
1981-07-22,0.0051516
1981-07-23,0.0051923
1981-07-24,0.0051602
1981-07-26,5.1602
1981-07-27,0.0051799
1981-07-28,0.0051452
1981-07-29,0.0051307
1981-07-30,0.0050948
1981-07-31,0.0050773
1981-08-02,5.0773
1981-08-03,0.005006
1981-08-04,0.0050203
1981-08-05,0.0051097
1981-08-06,0.005143
1981-08-07,0.0052114
1981-08-10,0.0051533
1981-08-11,0.0052296
1981-08-12,0.0053422
1981-08-13,0.0053651
1981-08-14,0.0053082
1981-08-16,5.3082
1981-08-17,0.0053796
1981-08-18,0.0054766
1981-08-19,0.0054855
1981-08-20,0.0054793
1981-08-21,0.0055026
1981-08-23,5.5026
1981-08-24,0.0055196
1981-08-25,0.0054626
1981-08-26,0.0054668
1981-08-27,0.0055167
1981-08-28,0.00553
1981-08-30,5.53
1981-08-31,0.005549
1981-09-01,0.0054968
1981-09-02,0.0054997
1981-09-03,0.0055051
1981-09-04,0.0054754
1981-09-06,5.4754
1981-09-07,0.0056037
1981-09-08,0.0056571
1981-09-09,0.0056885
1981-09-10,0.0057076
1981-09-11,0.0057412
1981-09-13,5.7412
1981-09-14,0.0057344
1981-09-15,5.7344
1981-09-16,0.0058067
1981-09-17,0.0058424
1981-09-18,0.0057994
1981-09-20,5.7994
1981-09-21,0.0058206
1981-09-22,0.0057789
1981-09-23,5.7789
1981-09-24,0.0057937
1981-09-25,0.00582
1981-09-27,5.82
1981-09-28,0.0057788
1981-10-01,0.0057705
1981-10-02,0.0058475
1981-10-04,5.8475
1981-10-05,0.0059537
1981-10-06,0.0059554
1981-10-07,0.0059789
1981-10-09,0.0059713
1981-10-11,5.9713
1981-10-12,0.0059516
1981-10-14,0.005958
1981-10-15,0.0059756
1981-10-16,0.0059128
1981-10-18,5.9128
1981-10-19,0.005944
1981-10-21,0.0058966
1981-10-22,0.0059158
1981-10-23,0.0059374
1981-10-25,5.9374
1981-10-26,0.0059081
1981-10-28,0.005971
1981-10-29,0.0059731
1981-10-30,0.0060588
1981-11-01,6.0588
1981-11-02,0.0061614
1981-11-03,6.1614
1981-11-04,0.0061963
1981-11-05,0.0062271
1981-11-06,0.0061933
1981-11-08,6.1933
1981-11-09,0.0062943
1981-11-10,0.0062277
1981-11-11,0.0062602
1981-11-12,0.0063102
1981-11-13,0.00633
1981-11-15,6.33
1981-11-16,0.0063585
1981-11-17,0.0064802
1981-11-18,0.0065367
1981-11-19,0.0066833
1981-11-20,0.006707
1981-11-22,6.707
1981-11-23,6.707
1981-11-24,0.006856
1981-11-25,0.0068635
1981-11-26,0.00692
1981-11-27,0.0069405
1981-11-29,6.9405
1981-11-30,0.0069777
1981-12-01,0.0069842
1981-12-02,0.0069336
1981-12-03,0.006947
1981-12-04,0.0069625
1981-12-06,6.9625
1981-12-07,0.0069722
1981-12-08,0.0069732
1981-12-09,0.0069312
1981-12-10,0.0069196
1981-12-11,0.0069321
1981-12-13,6.9321
1981-12-14,0.006885
1981-12-15,0.0069439
1981-12-16,0.0070321
1981-12-17,0.0070264
1981-12-18,0.0069742
1981-12-20,6.9742
1981-12-21,0.00702
1981-12-22,0.0070715
1981-12-23,0.0070837
1981-12-24,0.0070645
1981-12-27,7.0645
1981-12-28,0.0070368
1981-12-29,0.0070319
1981-12-30,0.0071103
1981-12-31,0.007096
1982-01-03,7.096
1982-01-04,0.0071833
1982-01-05,0.0071409
1982-01-06,0.0071658
1982-01-07,0.0071521
1982-01-08,0.0071533
1982-01-10,7.1533
1982-01-11,0.0069718
1982-01-12,0.0071625
1982-01-13,0.0071907
1982-01-14,0.0071261
1982-01-15,7.1261
1982-01-17,7.1261
1982-01-18,0.0071552
1982-01-19,0.0072599
1982-01-20,0.0072445
1982-01-21,0.0072432
1982-01-22,0.0072478
1982-01-24,7.2478
1982-01-25,0.0072141
1982-01-26,0.0072316
1982-01-27,0.0072951
1982-01-28,0.0072195
1982-01-29,0.0073455
1982-01-31,7.3455
1982-02-01,0.0072842
1982-02-02,0.0072424
1982-02-03,0.00727
1982-02-04,0.0072205
1982-02-05,0.0073146
1982-02-07,7.3146
1982-02-08,0.0073177
1982-02-09,0.0072813
1982-02-10,0.0073024
1982-02-11,7.3024
1982-02-12,0.0072721
1982-02-14,7.2721
1982-02-15,0.0072343
1982-02-16,0.007305
1982-02-17,0.0073627
1982-02-18,0.0074613
1982-02-19,0.0076467
1982-02-21,7.6467
1982-02-22,0.0077342
1982-02-23,0.00766
1982-02-24,0.0077355
1982-02-25,0.0076417
1982-02-26,0.0076196
1982-02-28,7.6196
1982-03-01,0.0076069
1982-03-02,0.0076845
1982-03-03,0.007744
1982-03-04,0.0077285
1982-03-05,0.0078016
1982-03-07,7.8016
1982-03-08,0.0078951
1982-03-11,0.0077767
1982-03-12,0.0077589
1982-03-14,7.7589
1982-03-15,0.0077984
1982-03-16,0.0077323
1982-03-17,0.0077962
1982-03-18,0.0078265
1982-03-19,0.0077445
1982-03-21,7.7445
1982-03-22,7.7445
1982-03-23,0.0077425
1982-03-24,0.0078774
1982-03-25,0.0077964
1982-03-26,0.0076879
1982-03-28,7.6879
1982-03-29,0.007726
1982-03-30,0.0077754
1982-03-31,0.0077551
1982-04-01,0.0077784
1982-04-02,0.0078385
1982-04-04,7.8385
1982-04-05,0.0078335
1982-04-06,0.0078336
1982-04-07,0.0079696
1982-04-09,0.0079187
1982-04-11,7.9187
1982-04-12,0.0079871
1982-04-13,0.0080454
1982-04-15,0.0080329
1982-04-16,0.0080777
1982-04-18,8.0777
1982-04-19,0.0081854
1982-04-20,0.0082758
1982-04-21,0.0082965
1982-04-22,0.0082821
1982-04-23,0.008332
1982-04-25,8.332
1982-04-26,0.0085501
1982-04-27,0.0085109
1982-04-29,8.5109
1982-04-30,0.0087161
1982-05-02,8.7161
1982-05-03,8.7161
1982-05-04,0.0086846
1982-05-05,8.6846
1982-05-06,0.008827
1982-05-07,0.0088887
1982-05-09,8.8887
1982-05-10,0.0088898
1982-05-11,0.0088998
1982-05-12,0.0089553
1982-05-13,0.0088769
1982-05-14,0.0088974
1982-05-16,8.8974
1982-05-17,0.0089551
1982-05-18,0.0089569
1982-05-19,0.0089636
1982-05-20,0.0090267
1982-05-21,0.0091082
1982-05-23,9.1082
1982-05-24,0.0090955
1982-05-25,0.0090309
1982-05-26,0.009019
1982-05-27,0.0089717
1982-05-30,8.9717
1982-05-31,0.0089876
1982-06-01,0.0090217
1982-06-02,0.0090301
1982-06-03,0.0090824
1982-06-04,0.0090882
1982-06-06,9.0882
1982-06-07,0.009046
1982-06-08,0.0090668
1982-06-09,0.0090004
1982-06-10,0.0089999
1982-06-11,0.0091171
1982-06-13,9.1171
1982-06-14,0.0091107
1982-06-15,0.0091512
1982-06-16,0.009176
1982-06-17,0.0092054
1982-06-18,0.0092254
1982-06-20,9.2254
1982-06-21,0.0091959
1982-06-22,0.0092914
1982-06-23,0.0093305
1982-06-24,0.0094241
1982-06-25,0.0093639
1982-06-27,9.3639
1982-06-28,0.0093369
1982-06-29,0.0093905
1982-06-30,0.0094478
1982-07-01,0.0094559
1982-07-02,0.009491
1982-07-04,9.491
1982-07-05,0.0095524
1982-07-06,0.0096249
1982-07-07,0.0096355
1982-07-08,0.0096741
1982-07-09,0.0097881
1982-07-11,9.7881
1982-07-12,0.0100079
1982-07-13,0.0099628
1982-07-14,0.0098995
1982-07-15,0.0098654
1982-07-16,0.0099236
1982-07-18,9.9236
1982-07-19,0.0100611
1982-07-20,0.0099804
1982-07-21,0.0100395
1982-07-22,0.0100028
1982-07-23,0.0100842
1982-07-25,10.0842
1982-07-26,0.0101458
1982-07-27,0.0101889
1982-07-28,0.010155
1982-07-30,0.0100693
1982-08-01,10.0693
1982-08-02,0.0102301
1982-08-03,0.0102565
1982-08-04,0.0101872
1982-08-05,0.0103308
1982-08-06,0.0102973
1982-08-08,10.2973
1982-08-09,0.0102605
1982-08-10,0.0103553
1982-08-11,0.0102859
1982-08-12,0.0102373
1982-08-13,0.0103148
1982-08-15,10.3148
1982-08-16,0.0103054
1982-08-17,0.0102568
1982-08-18,0.0103919
1982-08-19,0.0103771
1982-08-20,0.0105665
1982-08-22,10.5665
1982-08-23,0.0105864
1982-08-24,0.0106506
1982-08-25,0.0107344
1982-08-26,0.0106955
1982-08-27,0.0106467
1982-08-29,10.6467
1982-08-30,0.0105375
1982-08-31,0.0105619
1982-09-01,0.0106535
1982-09-02,0.0107522
1982-09-03,0.0109939
1982-09-05,10.9939
1982-09-06,0.011056
1982-09-07,0.0111967
1982-09-08,0.0111025
1982-09-09,0.0111329
1982-09-10,0.0109874
1982-09-12,10.9874
1982-09-13,0.010948
1982-09-14,0.0109481
1982-09-15,10.9481
1982-09-16,0.0108825
1982-09-17,0.0109493
1982-09-20,0.0110332
1982-09-21,0.0109862
1982-09-22,0.0110299
1982-09-23,11.0299
1982-09-24,0.0109009
1982-09-26,10.9009
1982-09-28,0.0108366
1982-09-29,0.0108837
1982-09-30,0.0108301
1982-10-01,0.0108952
1982-10-03,10.8952
1982-10-04,0.0107613
1982-10-05,0.0107067
1982-10-06,0.0107131
1982-10-07,0.0107633
1982-10-08,0.0109719
1982-10-10,10.9719
1982-10-11,10.9719
1982-10-12,0.0111701
1982-10-13,0.0111249
1982-10-14,0.0112333
1982-10-15,0.0110469
1982-10-17,11.0469
1982-10-18,0.011154
1982-10-19,0.0110687
1982-10-20,0.0110176
1982-10-21,0.010882
1982-10-22,0.0109913
1982-10-24,10.9913
1982-10-25,0.0108538
1982-10-26,0.0109264
1982-10-27,0.0110292
1982-10-28,0.0110394
1982-10-29,0.0109973
1982-10-31,10.9973
1982-11-01,0.0110184
1982-11-02,0.011128
1982-11-03,11.128
1982-11-04,0.0111303
1982-11-05,0.0112197
1982-11-07,11.2197
1982-11-08,0.0112386
1982-11-09,0.0113841
1982-11-10,0.0115331
1982-11-11,0.011517
1982-11-12,0.0115908
1982-11-14,11.5908
1982-11-15,0.0116765
1982-11-16,0.0116997
1982-11-17,0.0119542
1982-11-18,0.011871
1982-11-19,0.0120775
1982-11-21,12.0775
1982-11-22,0.0123034
1982-11-23,12.3034
1982-11-24,0.0124665
1982-11-25,0.0126576
1982-11-26,0.0126114
1982-11-28,12.6114
1982-11-29,0.012821
1982-11-30,0.0126691
1982-12-01,0.0129743
1982-12-02,0.012955
1982-12-03,0.0130973
1982-12-05,13.0973
1982-12-06,0.0131418
1982-12-07,0.013395
1982-12-08,0.0133814
1982-12-09,0.013308
1982-12-10,0.0134305
1982-12-12,13.4305
1982-12-13,0.0133632
1982-12-14,0.0134318
1982-12-15,0.0134197
1982-12-16,0.0134905
1982-12-17,0.0136084
1982-12-19,13.6084
1982-12-20,0.0135163
1982-12-21,0.0136058
1982-12-22,0.0136733
1982-12-23,0.0137641
1982-12-24,0.0138899
1982-12-26,13.8899
1982-12-27,0.013939
1982-12-28,0.014184
1982-12-29,0.0143831
1982-12-30,0.0143276
1982-12-31,0.0143344
1983-01-03,14.3344
1983-01-04,0.0147011
1983-01-05,0.0147652
1983-01-06,0.0147772
1983-01-07,0.0147133
1983-01-09,14.7133
1983-01-10,0.0150646
1983-01-11,0.0150615
1983-01-12,0.0149858
1983-01-13,0.0151204
1983-01-14,0.0151023
1983-01-16,15.1023
1983-01-17,0.0151095
1983-01-18,0.0151145
1983-01-19,0.0148706
1983-01-20,0.0149621
1983-01-21,0.0149513
1983-01-23,14.9513
1983-01-24,0.0146288
1983-01-25,0.0148495
1983-01-26,0.0151085
1983-01-27,0.0150314
1983-01-28,0.015057
1983-01-30,15.057
1983-01-31,0.0150298
1983-02-01,0.0149289
1983-02-02,0.0149522
1983-02-03,0.0150844
1983-02-04,0.0150922
1983-02-06,15.0922
1983-02-07,0.0151963
1983-02-08,0.0153634
1983-02-09,0.0154728
1983-02-10,0.0156005
1983-02-11,15.6005
1983-02-13,15.6005
1983-02-14,0.015519
1983-02-15,0.0158001
1983-02-16,0.015733
1983-02-17,0.0158706
1983-02-18,0.0158146
1983-02-20,15.8146
1983-02-21,0.0159556
1983-02-22,0.0160175
1983-02-23,0.0158634
1983-02-24,0.0159944
1983-02-25,0.0159817
1983-03-01,0.0158383
1983-03-02,0.0159257
1983-03-03,0.0160596
1983-03-04,0.0160968
1983-03-06,16.0968
1983-03-07,0.0162212
1983-03-08,0.0161079
1983-03-09,0.0160352
1983-03-10,0.0160718
1983-03-11,0.0160984
1983-03-13,16.0984
1983-03-14,0.0161761
1983-03-15,0.0162663
1983-03-16,0.0163021
1983-03-17,0.0163494
1983-03-18,0.0162149
1983-03-20,16.2149
1983-03-21,16.2149
1983-03-22,0.0163213
1983-03-23,0.0164638
1983-03-24,0.0165839
1983-03-25,0.0166421
1983-03-27,16.6421
1983-03-28,0.0165538
1983-03-30,0.0165317
1983-03-31,0.0165662
1983-04-01,0.016593
1983-04-03,16.593
1983-04-05,0.016794
1983-04-06,0.0169879
1983-04-07,0.0169972
1983-04-08,0.0168033
1983-04-10,16.8033
1983-04-11,0.016938
1983-04-12,0.0170809
1983-04-13,0.0170742
1983-04-14,0.0170485
1983-04-15,0.0171804
1983-04-17,17.1804
1983-04-19,0.0172416
1983-04-20,0.0173153
1983-04-21,0.0174576
1983-04-22,0.0174816
1983-04-24,17.4816
1983-04-25,0.0175563
1983-04-26,0.0175306
1983-04-27,0.0175823
1983-04-28,0.0175936
1983-04-29,17.5936
1983-05-01,17.5936
1983-05-02,0.01765
1983-05-03,17.65
1983-05-04,0.0179346
1983-05-05,17.9346
1983-05-06,0.0180446
1983-05-08,18.0446
1983-05-09,0.0183566
1983-05-10,0.0184728
1983-05-11,0.0186298
1983-05-12,0.018534
1983-05-13,0.0185328
1983-05-15,18.5328
1983-05-16,0.0185818
1983-05-17,0.0186219
1983-05-19,0.0186539
1983-05-20,0.0187196
1983-05-22,18.7196
1983-05-23,0.0185545
1983-05-24,0.018546
1983-05-25,0.018643
1983-05-26,0.0186873
1983-05-27,0.0186277
1983-05-29,18.6277
1983-05-30,0.0186617
1983-05-31,0.0187212
1983-06-01,0.0186734
1983-06-02,0.018719
1983-06-03,0.0188593
1983-06-05,18.8593
1983-06-06,0.0187511
1983-06-07,0.0187706
1983-06-08,0.0186863
1983-06-09,0.0187111
1983-06-10,0.0187219
1983-06-12,18.7219
1983-06-13,0.0189112
1983-06-14,0.0189042
1983-06-15,0.0188656
1983-06-16,0.0190607
1983-06-17,0.0192963
1983-06-19,19.2963
1983-06-20,0.0193366
1983-06-21,0.0193252
1983-06-22,0.0196255
1983-06-23,0.0196629
1983-06-24,0.0196766
1983-06-26,19.6766
1983-06-27,0.0197979
1983-06-28,0.0195891
1983-06-29,0.0198617
1983-06-30,0.0198373
1983-07-01,0.0198785
1983-07-03,19.8785
1983-07-04,0.0198287
1983-07-05,0.0198962
1983-07-06,0.0199646
1983-07-07,0.0201454
1983-07-08,0.0200789
1983-07-10,20.0789
1983-07-11,0.0201657
1983-07-12,0.0202903
1983-07-13,0.0204742
1983-07-14,0.0205861
1983-07-15,0.0206026
1983-07-17,20.6026
1983-07-18,0.0207025
1983-07-20,0.0208315
1983-07-21,0.0209819
1983-07-22,0.0209864
1983-07-24,20.9864
1983-07-25,0.0208197
1983-07-26,0.0209571
1983-07-27,0.0210264
1983-07-28,0.0210188
1983-07-29,0.0210684
1983-07-31,21.0684
1983-08-01,0.0210685
1983-08-02,0.0212345
1983-08-03,0.0213159
1983-08-04,0.0214556
1983-08-05,0.02144
1983-08-07,21.44
1983-08-08,0.0215498
1983-08-09,0.02181
1983-08-10,0.0232289
1983-08-11,0.0231415
1983-08-12,0.0231751
1983-08-14,23.1751
1983-08-15,0.0232772
1983-08-16,0.0235176
1983-08-17,0.0235453
1983-08-18,0.023738
1983-08-19,0.0236219
1983-08-21,23.6219
1983-08-22,0.0237961
1983-08-23,0.0238504
1983-08-24,0.0238421
1983-08-25,0.0237289
1983-08-26,0.0237297
1983-08-28,23.7297
1983-08-29,0.0237553
1983-08-30,0.0238283
1983-08-31,0.0238425
1983-09-01,0.0239149
1983-09-02,0.0239035
1983-09-04,23.9035
1983-09-05,0.0240983
1983-09-06,0.0243426
1983-09-07,0.0243995
1983-09-11,24.3995
1983-09-12,0.0248111
1983-09-13,0.0249455
1983-09-14,0.0250081
1983-09-15,25.0081
1983-09-16,0.02509
1983-09-18,25.0858
1983-09-19,0.0253346
1983-09-20,0.0255855
1983-09-21,0.0256481
1983-09-23,25.6481
1983-09-25,25.6481
1983-09-26,0.0262685
1983-09-27,0.0264707
1983-09-28,0.0269098
1983-09-30,0.026969
1983-10-02,26.969
1983-10-03,0.0275025
1983-10-04,0.0275982
1983-10-05,0.027962
1983-10-06,0.0280394
1983-10-07,0.0283381
1983-10-09,28.3381
1983-10-10,28.3381
1983-10-11,0.0347299
1983-10-12,0.0344556
1983-10-13,0.0347211
1983-10-14,0.0348135
1983-10-16,34.8135
1983-10-17,0.0350637
1983-10-18,0.0353045
1983-10-19,0.0352469
1983-10-20,0.0350344
1983-10-21,0.0351725
1983-10-23,35.1725
1983-10-24,0.0350773
1983-10-26,0.0354147
1983-10-27,0.0354993
1983-10-28,0.0356143
1983-10-30,35.6143
1983-10-31,0.035794
1983-11-01,0.0359387
1983-11-02,0.0361075
1983-11-03,36.1075
1983-11-04,0.036617
1983-11-06,36.617
1983-11-07,0.0365232
1983-11-08,0.0366949
1983-11-09,0.0369723
1983-11-10,0.037263
1983-11-11,0.0372908
1983-11-13,37.2908
1983-11-14,0.0375565
1983-11-15,0.0377665
1983-11-16,0.0381702
1983-11-17,0.0381337
1983-11-18,0.0383973
1983-11-20,38.3973
1983-11-21,0.0386455
1983-11-22,0.038795
1983-11-23,38.795
1983-11-24,0.0393661
1983-11-25,0.0396641
1983-11-27,39.6641
1983-11-28,0.0401176
1983-11-29,0.0403832
1983-11-30,0.0408808
1983-12-01,0.0413156
1983-12-02,0.0415081
1983-12-04,41.5081
1983-12-05,0.0415681
1983-12-06,0.041672
1983-12-07,0.0418638
1983-12-08,0.0421666
1983-12-09,0.0419332
1983-12-11,41.9332
1983-12-12,0.042153
1983-12-13,0.0424179
1983-12-14,0.0425695
1983-12-15,0.0428523
1983-12-16,0.0428882
1983-12-18,42.8882
1983-12-19,0.0430705
1983-12-20,0.0433369
1983-12-21,0.0437281
1983-12-22,0.0443368
1983-12-23,0.0447436
1983-12-25,44.7436
1983-12-27,0.0454286
1983-12-28,0.0458555
1983-12-29,0.0463178
1983-12-30,0.0465328
1984-01-02,46.5328
1984-01-03,46.5328
1984-01-04,0.0472161
1984-01-05,0.0474284
1984-01-06,0.0478131
1984-01-08,47.8131
1984-01-09,0.0482833
1984-01-10,0.0482812
1984-01-11,0.04877
1984-01-12,0.048718
1984-01-13,0.048838
1984-01-15,48.838
1984-01-16,48.838
1984-01-17,0.049762
1984-01-18,0.049981
1984-01-19,0.050221
1984-01-20,0.050478
1984-01-22,50.478
1984-01-23,0.050846
1984-01-24,0.051107
1984-01-25,0.051682
1984-01-26,0.05215
1984-01-27,0.052453
1984-01-29,52.453
1984-01-30,0.052735
1984-01-31,0.052705
1984-02-01,0.052944
1984-02-02,0.053142
1984-02-03,0.05329
1984-02-05,53.29
1984-02-06,0.053739
1984-02-07,0.054001
1984-02-08,0.054134
1984-02-09,0.054357
1984-02-10,0.054484
1984-02-12,54.484
1984-02-13,0.054954
1984-02-14,0.055115
1984-02-15,0.055147
1984-02-16,0.055679
1984-02-17,0.055941
1984-02-19,55.941
1984-02-20,0.05606
1984-02-21,0.0563
1984-02-22,0.056793
1984-02-23,0.057024
1984-02-24,0.057512
1984-02-26,57.512
1984-02-27,0.058057
1984-02-28,0.058539
1984-02-29,0.05869
1984-03-01,0.058991
1984-03-02,0.059647
1984-03-04,59.647
1984-03-05,0.062669
1984-03-06,0.063034
1984-03-07,0.063773
1984-03-08,0.063514
1984-03-09,0.064192
1984-03-11,64.192
1984-03-12,0.063947
1984-03-13,0.064714
1984-03-14,0.065529
1984-03-15,0.065141
1984-03-16,0.065502
1984-03-20,65.502
1984-03-21,0.065588
1984-03-22,0.065709
1984-03-23,0.066019
1984-03-25,66.019
1984-03-26,0.066992
1984-03-27,0.067569
1984-03-28,0.067296
1984-03-29,0.068336
1984-03-30,0.068199
1984-04-01,68.199
1984-04-02,0.069026
1984-04-03,0.069303
1984-04-04,0.069916
1984-04-05,0.070472
1984-04-06,0.071039
1984-04-08,71.039
1984-04-09,0.072027
1984-04-10,0.072668
1984-04-11,0.073519
1984-04-12,0.074065
1984-04-13,0.074581
1984-04-15,74.581
1984-04-16,0.075295
1984-04-18,0.076223
1984-04-19,0.076464
1984-04-20,0.076992
1984-04-22,76.992
1984-04-24,0.078297
1984-04-25,0.078497
1984-04-26,0.078876
1984-04-27,0.079443
1984-04-29,79.443
1984-04-30,79.443
1984-05-01,0.079629
1984-05-02,0.080471
1984-05-03,80.471
1984-05-04,0.082148
1984-05-06,82.148
1984-05-08,0.081563
1984-05-09,0.081983
1984-05-10,0.082262
1984-05-11,0.082285
1984-05-13,82.285
1984-05-14,0.082302
1984-05-15,0.082872
1984-05-16,0.082894
1984-05-17,0.082764
1984-05-18,0.082552
1984-05-20,82.552
1984-05-21,0.083223
1984-05-22,0.083594
1984-05-23,0.08429
1984-05-24,0.08463
1984-05-25,0.085008
1984-05-27,85.008
1984-05-28,0.085779
1984-05-29,0.086276
1984-05-30,0.086984
1984-05-31,0.086972
1984-06-01,0.087849
1984-06-03,87.849
1984-06-04,0.08951
1984-06-05,0.090047
1984-06-07,0.089835
1984-06-08,0.090116
1984-06-10,90.116
1984-06-11,0.090899
1984-06-12,0.090991
1984-06-13,0.091287
1984-06-14,0.09155
1984-06-15,0.091915
1984-06-17,91.915
1984-06-18,0.092808
1984-06-19,0.092922
1984-06-20,0.093349
1984-06-21,0.093423
1984-06-22,0.094429
1984-06-24,94.429
1984-06-25,0.095358
1984-06-26,0.096989
1984-06-27,0.09808
1984-06-28,0.098334
1984-06-29,0.099873
1984-07-01,99.873
1984-07-02,0.10005
1984-07-03,0.10045
1984-07-04,0.101
1984-07-05,0.10117
1984-07-06,0.10204
1984-07-08,102.04
1984-07-09,0.1026
1984-07-10,0.10356
1984-07-11,0.10325
1984-07-12,0.10394
1984-07-13,0.10501
1984-07-15,105.01
1984-07-16,0.10607
1984-07-17,0.10688
1984-07-18,0.10736
1984-07-19,0.10814
1984-07-20,0.10881
1984-07-22,108.81
1984-07-25,0.10958
1984-07-26,0.11199
1984-07-27,0.11338
1984-07-29,113.38
1984-07-30,0.11368
1984-07-31,0.11517
1984-08-01,0.11631
1984-08-02,0.11745
1984-08-03,0.11963
1984-08-05,119.63
1984-08-06,0.12018
1984-08-08,0.12016
1984-08-09,0.12133
1984-08-10,0.12369
1984-08-12,123.69
1984-08-13,0.12344
1984-08-14,0.12478
1984-08-15,0.12641
1984-08-16,0.12673
1984-08-17,0.12779
1984-08-19,127.79
1984-08-20,0.12828
1984-08-21,0.12881
1984-08-22,0.13
1984-08-23,0.13131
1984-08-24,0.13201
1984-08-26,132.01
1984-08-27,0.13276
1984-08-28,0.13285
1984-08-29,0.13386
1984-08-30,0.13452
1984-08-31,0.13551
1984-09-02,135.51
1984-09-03,0.13659
1984-09-04,0.13761
1984-09-05,0.13859
1984-09-06,0.13972
1984-09-07,0.14167
1984-09-09,141.67
1984-09-10,0.14306
1984-09-11,0.14427
1984-09-12,0.14452
1984-09-13,0.14533
1984-09-14,0.14821
1984-09-16,148.21
1984-09-17,0.16047
1984-09-18,0.15933
1984-09-19,0.15935
1984-09-20,0.16015
1984-09-21,0.16084
1984-09-23,160.84
1984-09-24,160.84
1984-09-25,0.1633
1984-09-26,0.16305
1984-09-30,163.05
1984-10-01,0.16578
1984-10-02,0.16785
1984-10-03,0.17069
1984-10-04,0.17299
1984-10-05,0.17412
1984-10-07,174.12
1984-10-08,0.17595
1984-10-09,0.1758
1984-10-10,175.8
1984-10-12,0.1769
1984-10-14,176.9
1984-10-15,0.17947
1984-10-16,0.18108
1984-10-17,0.18338
1984-10-19,0.18733
1984-10-21,187.33
1984-10-22,0.19081
1984-10-23,0.19484
1984-10-24,0.19927
1984-10-25,0.20161
1984-10-26,0.2042
1984-10-28,204.2
1984-10-29,0.20425
1984-10-30,0.20676
1984-10-31,0.20922
1984-11-01,0.21082
1984-11-02,0.21821
1984-11-04,218.21
1984-11-05,0.21776
1984-11-06,0.2187
1984-11-07,0.2209
1984-11-08,0.22145
1984-11-09,0.2222
1984-11-11,222.2
1984-11-12,0.22359
1984-11-13,0.22527
1984-11-14,0.22502
1984-11-15,0.22472
1984-11-16,0.22697
1984-11-18,226.97
1984-11-19,0.22756
1984-11-20,0.2273
1984-11-21,0.22843
1984-11-22,0.23064
1984-11-23,230.64
1984-11-25,230.64
1984-11-26,0.23191
1984-11-27,0.23377
1984-11-28,0.23494
1984-11-29,0.23627
1984-11-30,0.23744
1984-12-02,237.44
1984-12-03,0.23692
1984-12-04,0.23869
1984-12-05,0.23958
1984-12-06,0.23963
1984-12-07,0.24128
1984-12-09,241.28
1984-12-10,0.24186
1984-12-11,0.24335
1984-12-12,0.24335
1984-12-13,0.24468
1984-12-14,0.24442
1984-12-16,244.42
1984-12-17,0.24576
1984-12-18,0.24574
1984-12-19,0.24645
1984-12-20,0.24699
1984-12-21,0.24796
1984-12-23,247.96
1984-12-24,0.24931
1984-12-26,0.24929
1984-12-27,0.25175
1984-12-28,0.25298
1984-12-30,252.98
1984-12-31,0.25434
1985-01-02,254.27
1985-01-03,256.4
1985-01-04,0.25691
1985-01-06,256.91
1985-01-07,0.25656
1985-01-08,0.25809
1985-01-09,0.25851
1985-01-10,0.26041
1985-01-11,0.26142
1985-01-13,261.42
1985-01-14,0.26171
1985-01-15,260.48
1985-01-16,0.2597
1985-01-17,0.25996
1985-01-18,0.26166
1985-01-20,261.66
1985-01-21,0.26318
1985-01-22,0.26339
1985-01-23,0.26371
1985-01-24,0.26442
1985-01-25,0.26569
1985-01-27,265.69
1985-01-28,0.26622
1985-01-29,0.26648
1985-01-30,0.2668
1985-01-31,0.26696
1985-02-01,0.26849
1985-02-03,268.49
1985-02-04,0.26847
1985-02-05,0.2676
1985-02-06,0.26724
1985-02-07,0.26715
1985-02-08,0.26804
1985-02-10,268.04
1985-02-11,269.07
1985-02-12,0.26856
1985-02-13,0.27001
1985-02-14,0.27309
1985-02-15,0.27608
1985-02-17,276.08
1985-02-18,0.27754
1985-02-19,0.27763
1985-02-20,0.27979
1985-02-21,0.28044
1985-02-22,0.28319
1985-02-24,283.19
1985-02-25,0.28714
1985-02-26,0.29041
1985-02-27,0.29395
1985-02-28,0.29561
1985-03-01,0.29358
1985-03-03,293.58
1985-03-04,0.29831
1985-03-05,0.30027
1985-03-06,0.30126
1985-03-08,0.30418
1985-03-10,304.18
1985-03-11,0.3078
1985-03-12,0.30985
1985-03-13,0.31001
1985-03-14,0.31069
1985-03-15,0.3141
1985-03-17,314.1
1985-03-18,0.31471
1985-03-19,0.3174
1985-03-20,0.32098
1985-03-21,320.98
1985-03-22,0.32539
1985-03-24,325.39
1985-03-25,0.32736
1985-03-26,0.32891
1985-03-27,0.33404
1985-03-28,0.33714
1985-03-29,0.3421
1985-03-31,342.1
1985-04-01,0.34329
1985-04-02,0.34263
1985-04-03,0.34592
1985-04-04,0.34663
1985-04-05,0.34881
1985-04-07,348.81
1985-04-08,0.34982
1985-04-09,0.35409
1985-04-10,0.35477
1985-04-11,0.35907
1985-04-14,359.07
1985-04-15,0.36541
1985-04-16,0.36813
1985-04-17,0.36992
1985-04-18,0.37036
1985-04-19,0.37574
1985-04-21,375.74
1985-04-22,0.37466
1985-04-23,0.37595
1985-04-24,0.37517
1985-04-26,0.37328
1985-04-28,373.28
1985-04-29,373.28
1985-04-30,0.37816
1985-05-01,0.37603
1985-05-02,0.37508
1985-05-03,375.08
1985-05-05,375.08
1985-05-06,375.08
1985-05-07,0.37821
1985-05-08,0.37876
1985-05-09,0.38117
1985-05-10,0.38221
1985-05-12,382.21
1985-05-13,0.38665
1985-05-14,0.39133
1985-05-15,0.3915
1985-05-16,0.39561
1985-05-17,0.40151
1985-05-19,401.51
1985-05-20,0.40496
1985-05-21,0.4052
1985-05-22,0.40323
1985-05-23,0.40159
1985-05-24,0.4049
1985-05-27,0.40624
1985-05-28,0.41292
1985-05-29,0.41489
1985-05-30,0.41802
1985-05-31,0.41882
1985-06-02,418.82
1985-06-03,0.42482
1985-06-04,0.4292
1985-06-05,0.43032
1985-06-06,0.4325
1985-06-07,0.4387
1985-06-09,438.7
1985-06-10,0.43881
1985-06-11,0.44162
1985-06-12,0.4463
1985-06-13,0.4495
1985-06-14,0.45271
1985-06-16,452.71
1985-06-17,0.45643
1985-06-18,0.4605
1985-06-19,0.46563
1985-06-20,0.46725
1985-06-21,0.47096
1985-06-23,470.96
1985-06-24,0.47379
1985-06-25,0.47742
1985-06-26,0.48492
1985-06-27,0.49529
1985-06-28,0.50679
1985-06-30,506.79
1985-07-01,0.60533
1985-07-03,0.60427
1985-07-04,0.60482
1985-07-05,0.60429
1985-07-07,604.29
1985-07-08,0.60738
1985-07-09,0.60931
1985-07-10,0.6152
1985-07-11,0.61384
1985-07-12,0.61615
1985-07-14,616.15
1985-07-15,0.6233
1985-07-16,0.62366
1985-07-17,0.62819
1985-07-18,0.62361
1985-07-19,0.62036
1985-07-21,620.36
1985-07-22,0.61676
1985-07-23,0.61839
1985-07-24,0.61587
1985-07-25,0.61687
1985-07-26,0.61641
1985-07-29,0.62589
1985-07-30,0.62383
1985-07-31,0.62455
1985-08-01,0.62322
1985-08-02,0.61913
1985-08-04,619.13
1985-08-05,0.61887
1985-08-06,0.62246
1985-08-07,0.61944
1985-08-08,0.62369
1985-08-09,0.61887
1985-08-11,618.87
1985-08-12,0.62594
1985-08-13,0.62951
1985-08-14,0.6225
1985-08-15,0.62592
1985-08-16,0.62407
1985-08-18,624.07
1985-08-19,0.62513
1985-08-20,0.62349
1985-08-21,0.62784
1985-08-22,0.6271
1985-08-23,0.62879
1985-08-25,628.79
1985-08-26,0.63134
1985-08-27,0.62989
1985-08-28,0.63237
1985-08-29,0.627
1985-08-30,0.63235
1985-09-01,632.35
1985-09-02,0.63057
1985-09-03,0.63083
1985-09-04,0.6288
1985-09-05,0.6262
1985-09-06,0.618
1985-09-08,0.618
1985-09-09,0.6126
1985-09-10,0.6116
1985-09-11,0.6104
1985-09-12,0.6114
1985-09-13,0.611
1985-09-15,0.611
1985-09-18,0.6162
1985-09-19,0.6152
1985-09-20,0.6118
1985-09-22,0.6118
1985-09-23,0.6118
1985-09-24,0.6439
1985-09-26,0.6713
1985-09-27,0.6808
1985-09-29,0.6808
1985-10-01,0.6871
1985-10-02,0.6941
1985-10-03,0.6904
1985-10-04,0.6932
1985-10-06,0.6932
1985-10-08,0.6886
1985-10-09,0.6867
1985-10-10,0.6862
1985-10-11,0.6847
1985-10-13,0.6847
1985-10-14,0.6842
1985-10-15,0.6815
1985-10-16,0.6792
1985-10-17,0.6851
1985-10-18,0.6857
1985-10-20,0.6857
1985-10-21,0.6865
1985-10-22,0.6837
1985-10-23,0.6826
1985-10-24,0.6794
1985-10-25,0.6906
1985-10-27,0.6906
1985-10-28,0.6955
1985-10-29,0.699
1985-10-30,0.7008
1985-10-31,0.703
1985-11-01,0.7105
1985-11-03,0.7105
1985-11-04,0.7063
1985-11-05,0.7123
1985-11-06,0.722
1985-11-07,0.7284
1985-11-08,0.7168
1985-11-10,0.7168
1985-11-11,0.7177
1985-11-12,0.7163
1985-11-13,0.7228
1985-11-14,0.7248
1985-11-15,0.7231
1985-11-17,0.7231
1985-11-18,0.7241
1985-11-19,0.7255
1985-11-20,0.7235
1985-11-21,0.7287
1985-11-22,0.733
1985-11-24,0.733
1985-11-25,0.7371
1985-11-26,0.7344
1985-11-27,0.735
1985-11-28,0.7335
1985-11-29,0.7355
1985-12-01,0.7355
1985-12-02,0.7333
1985-12-03,0.7267
1985-12-04,0.7321
1985-12-05,0.7284
1985-12-06,0.729
1985-12-08,0.729
1985-12-09,0.732
1985-12-10,0.7293
1985-12-11,0.7282
1985-12-12,0.7367
1985-12-13,0.7356
1985-12-15,0.7356
1985-12-16,0.7324
1985-12-17,0.7368
1985-12-18,0.7309
1985-12-19,0.7298
1985-12-20,0.7298
1985-12-22,0.7298
1985-12-23,0.7337
1985-12-24,0.7307
1985-12-26,0.7308
1985-12-27,0.7371
1985-12-29,0.7371
1985-12-30,0.742
1985-12-31,0.7471
1986-01-03,0.7463
1986-01-05,0.7463
1986-01-06,0.7409
1986-01-07,0.7414
1986-01-08,0.7395
1986-01-09,0.7356
1986-01-10,0.7377
1986-01-12,0.7377
1986-01-13,0.7366
1986-01-14,0.7337
1986-01-15,0.7332
1986-01-16,0.7347
1986-01-17,0.7336
1986-01-19,0.7336
1986-01-20,0.7316
1986-01-21,0.7366
1986-01-22,0.7341
1986-01-23,0.7335
1986-01-24,0.7496
1986-01-26,0.7496
1986-01-27,0.7618
1986-01-28,0.7593
1986-01-29,0.7675
1986-01-30,0.7645
1986-01-31,0.77
1986-02-02,0.77
1986-02-03,0.782
1986-02-04,0.773
1986-02-05,0.7747
1986-02-06,0.7786
1986-02-07,0.7785
1986-02-09,0.7785
1986-02-10,0.7916
1986-02-11,0.7888
1986-02-12,0.7966
1986-02-13,0.81
1986-02-14,0.8134
1986-02-16,0.8134
1986-02-17,0.8183
1986-02-18,0.8175
1986-02-19,0.8276
1986-02-20,0.821
1986-02-21,0.8016
1986-02-23,0.8016
1986-02-24,0.8156
1986-02-25,0.8157
1986-02-26,0.8124
1986-02-27,0.8259
1986-02-28,0.8187
1986-03-02,0.8187
1986-03-03,0.8209
1986-03-04,0.8273
1986-03-05,0.8268
1986-03-06,0.8213
1986-03-07,0.8237
1986-03-09,0.8237
1986-03-10,0.821
1986-03-11,0.8215
1986-03-12,0.8225
1986-03-13,0.8212
1986-03-14,0.8433
1986-03-16,0.8433
1986-03-17,0.8518
1986-03-18,0.8518
1986-03-19,0.8454
1986-03-20,0.8443
1986-03-21,0.8443
1986-03-23,0.8443
1986-03-24,0.8342
1986-03-26,0.8272
1986-03-27,0.8333
1986-03-28,0.8359
1986-03-30,0.8359
1986-03-31,0.835
1986-04-01,0.8351
1986-04-02,0.8313
1986-04-03,0.8278
1986-04-04,0.831
1986-04-06,0.831
1986-04-07,0.8246
1986-04-08,0.826
1986-04-09,0.8235
1986-04-10,0.823
1986-04-11,0.8324
1986-04-13,0.8324
1986-04-14,0.8267
1986-04-15,0.826
1986-04-16,0.8359
1986-04-17,0.841
1986-04-18,0.8414
1986-04-20,0.8414
1986-04-21,0.8597
1986-04-22,0.8699
1986-04-23,0.879
1986-04-25,0.8748
1986-04-27,0.8748
1986-04-28,0.8869
1986-04-29,0.883
1986-05-01,0.8737
1986-05-02,0.8704
1986-05-04,0.8704
1986-05-05,0.8696
1986-05-06,0.8804
1986-05-07,0.8896
1986-05-08,0.9006
1986-05-09,0.9069
1986-05-11,0.9069
1986-05-12,0.9162
1986-05-13,0.9111
1986-05-15,0.9055
1986-05-16,0.8924
1986-05-18,0.8924
1986-05-19,0.8802
1986-05-20,0.89
1986-05-21,0.8742
1986-05-22,0.8723
1986-05-23,0.8733
1986-05-25,0.8733
1986-05-26,0.8704
1986-05-27,0.8754
1986-05-28,0.8771
1986-05-29,0.8775
1986-05-30,0.8561
1986-06-01,0.8561
1986-06-02,0.8536
1986-06-03,0.8677
1986-06-04,0.8715
1986-06-05,0.8751
1986-06-06,0.8883
1986-06-08,0.8883
1986-06-09,0.8898
1986-06-10,0.8947
1986-06-11,0.9013
1986-06-12,0.9014
1986-06-15,0.9014
1986-06-16,0.9041
1986-06-17,0.8963
1986-06-18,0.8972
1986-06-19,0.8948
1986-06-20,0.8918
1986-06-22,0.8918
1986-06-23,0.8877
1986-06-24,0.8955
1986-06-25,0.9
1986-06-26,0.8981
1986-06-27,0.9024
1986-06-29,0.9024
1986-06-30,0.913
1986-07-01,0.9152
1986-07-02,0.9137
1986-07-03,0.9251
1986-07-04,0.9315
1986-07-06,0.9315
1986-07-07,0.932
1986-07-08,0.9288
1986-07-09,0.9367
1986-07-10,0.9281
1986-07-11,0.9302
1986-07-13,0.9302
1986-07-14,0.9299
1986-07-15,0.9361
1986-07-16,0.9394
1986-07-17,0.9506
1986-07-18,0.9498
1986-07-20,0.9498
1986-07-21,0.9615
1986-07-22,0.9613
1986-07-23,0.9592
1986-07-24,0.9551
1986-07-25,0.9462
1986-07-27,0.9462
1986-07-28,0.9546
1986-07-29,0.9567
1986-07-30,0.9554
1986-07-31,0.9722
1986-08-01,0.969
1986-08-03,0.969
1986-08-04,0.9748
1986-08-05,0.9646
1986-08-06,0.965
1986-08-07,0.9678
1986-08-08,0.9665
1986-08-10,0.9665
1986-08-11,0.9675
1986-08-12,0.9651
1986-08-13,0.9644
1986-08-15,0.9684
1986-08-17,0.9684
1986-08-18,0.9651
1986-08-19,0.9668
1986-08-20,0.9745
1986-08-21,0.9705
1986-08-22,0.9698
1986-08-24,0.9698
1986-08-25,0.9702
1986-08-26,0.9642
1986-08-27,0.9591
1986-08-28,0.9605
1986-08-29,0.9535
1986-08-31,0.9535
1986-09-01,0.9649
1986-09-02,0.9688
1986-09-03,0.9577
1986-09-04,0.9598
1986-09-05,0.9586
1986-09-07,0.9586
1986-09-08,0.9568
1986-09-09,0.9551
1986-09-10,0.9626
1986-09-11,0.9569
1986-09-12,0.9531
1986-09-14,0.9531
1986-09-15,0.9602
1986-09-16,0.9516
1986-09-17,0.956
1986-09-18,0.9614
1986-09-19,0.97
1986-09-21,0.97
1986-09-22,0.9683
1986-09-23,0.9647
1986-09-24,0.9626
1986-09-25,0.9617
1986-09-26,0.9642
1986-09-28,0.9642
1986-09-29,0.967
1986-09-30,0.9704
1986-10-01,0.9614
1986-10-02,0.9615
1986-10-03,0.9625
1986-10-06,0.9642
1986-10-07,0.9649
1986-10-08,0.961
1986-10-09,0.9605
1986-10-10,0.9563
1986-10-14,0.9627
1986-10-15,0.9611
1986-10-16,0.9619
1986-10-17,0.9625
1986-10-19,0.9625
1986-10-20,0.9579
1986-10-21,0.9552
1986-10-22,0.9535
1986-10-23,0.9476
1986-10-24,0.9258
1986-10-26,0.9258
1986-10-27,0.9289
1986-10-28,0.936
1986-10-29,0.933
1986-10-30,0.9298
1986-10-31,0.9183
1986-11-02,0.9183
1986-11-03,0.9116
1986-11-04,0.9108
1986-11-05,0.9158
1986-11-06,0.9125
1986-11-07,0.9182
1986-11-09,0.9182
1986-11-10,0.9212
1986-11-11,0.9191
1986-11-12,0.9287
1986-11-13,0.929
1986-11-14,0.9234
1986-11-16,0.9234
1986-11-17,0.9193
1986-11-18,0.9147
1986-11-19,0.915
1986-11-20,0.9204
1986-11-21,0.9139
1986-11-23,0.9139
1986-11-24,0.9108
1986-11-25,0.9123
1986-11-26,0.9176
1986-11-27,0.9167
1986-11-28,0.9199
1986-11-30,0.9199
1986-12-01,0.919
1986-12-02,0.9149
1986-12-03,0.9144
1986-12-04,0.9133
1986-12-05,0.9154
1986-12-07,0.9154
1986-12-08,0.9157
1986-12-09,0.9188
1986-12-10,0.9167
1986-12-11,0.9167
1986-12-12,0.9162
1986-12-14,0.9162
1986-12-15,0.9118
1986-12-16,0.9091
1986-12-17,0.9135
1986-12-18,0.912
1986-12-19,0.9157
1986-12-21,0.9157
1986-12-22,0.9144
1986-12-23,0.9154
1986-12-24,0.9164
1986-12-26,0.9248
1986-12-28,0.9248
1986-12-29,0.9317
1986-12-30,0.9272
1986-12-31,0.9302
1987-01-02,0.9383
1987-01-04,0.9383
1987-01-05,0.9307
1987-01-06,0.9314
1987-01-07,0.9351
1987-01-08,0.9375
1987-01-09,0.9383
1987-01-11,0.9383
1987-01-12,0.9493
1987-01-13,1.0526
1987-01-14,1.0569
1987-01-15,1.0597
1987-01-16,1.0578
1987-01-18,1.0578
1987-01-19,1.0699
1987-01-20,1.0618
1987-01-21,1.0566
1987-01-22,1.0603
1987-01-23,1.0596
1987-01-25,1.0596
1987-01-26,1.0604
1987-01-27,1.0613
1987-01-28,1.0639
1987-01-29,1.0587
1987-01-30,1.0568
1987-02-01,1.0568
1987-02-02,1.0552
1987-02-03,1.0557
1987-02-04,1.0552
1987-02-05,1.0541
1987-02-06,1.0525
1987-02-08,1.0525
1987-02-09,1.0504
1987-02-10,1.0509
1987-02-11,1.0503
1987-02-12,1.0463
1987-02-13,1.0475
1987-02-15,1.0475
1987-02-16,1.0486
1987-02-17,1.0497
1987-02-18,1.0494
1987-02-19,1.0463
1987-02-20,1.0506
1987-02-22,1.0506
1987-02-23,1.0508
1987-02-24,1.0505
1987-02-25,1.0524
1987-02-26,1.0549
1987-02-27,1.0552
1987-03-01,1.0552
1987-03-02,1.0541
1987-03-03,1.0522
1987-03-04,1.0529
1987-03-05,1.0517
1987-03-06,1.0541
1987-03-08,1.0541
1987-03-09,1.053
1987-03-10,1.055
1987-03-11,1.0555
1987-03-12,1.0564
1987-03-13,1.0579
1987-03-16,1.0698
1987-03-17,1.0696
1987-03-18,1.0664
1987-03-19,1.0666
1987-03-20,1.0681
1987-03-22,1.0681
1987-03-23,1.0716
1987-03-24,1.0832
1987-03-25,1.0788
1987-03-26,1.0781
1987-03-27,1.087
1987-03-29,1.087
1987-03-30,1.1029
1987-03-31,1.1009
1987-04-01,1.0935
1987-04-02,1.0935
1987-04-03,1.1003
1987-04-05,1.1003
1987-04-06,1.0979
1987-04-07,1.1054
1987-04-08,1.0968
1987-04-09,1.1034
1987-04-10,1.1211
1987-04-12,1.1211
1987-04-13,1.1251
1987-04-15,1.1248
1987-04-16,1.1214
1987-04-17,1.1208
1987-04-19,1.1208
1987-04-21,1.1252
1987-04-22,1.1202
1987-04-23,1.1305
1987-04-24,1.1402
1987-04-26,1.1402
1987-04-27,1.1498
1987-04-28,1.1406
1987-04-29,1.1296
1987-04-30,1.1402
1987-05-01,1.1307
1987-05-03,1.1307
1987-05-05,1.1458
1987-05-06,1.1409
1987-05-07,1.1378
1987-05-08,1.1387
1987-05-10,1.1387
1987-05-11,1.135
1987-05-12,1.1375
1987-05-13,1.1341
1987-05-14,1.134
1987-05-15,1.1385
1987-05-17,1.1385
1987-05-18,1.1347
1987-05-19,1.1297
1987-05-20,1.1322
1987-05-21,1.1299
1987-05-22,1.1291
1987-05-24,1.1291
1987-05-25,1.1246
1987-05-26,1.1142
1987-05-27,1.1088
1987-05-28,1.1153
1987-05-29,1.1111
1987-05-31,1.1111
1987-06-01,1.1037
1987-06-02,1.1051
1987-06-04,1.1092
1987-06-05,1.1152
1987-06-07,1.1152
1987-06-08,1.1168
1987-06-09,1.1183
1987-06-10,1.1221
1987-06-11,1.1168
1987-06-12,1.1175
1987-06-14,1.1175
1987-06-15,1.1096
1987-06-16,1.1124
1987-06-17,1.1076
1987-06-18,1.1098
1987-06-19,1.1083
1987-06-21,1.1083
1987-06-22,1.1051
1987-06-23,1.0984
1987-06-24,1.1068
1987-06-25,1.0997
1987-06-26,1.0984
1987-06-28,1.0984
1987-06-29,1.098
1987-06-30,1.0942
1987-07-01,1.0962
1987-07-02,1.0925
1987-07-03,1.0846
1987-07-05,1.0846
1987-07-06,1.0786
1987-07-07,1.0774
1987-07-08,1.07
1987-07-09,1.0756
1987-07-10,1.0638
1987-07-12,1.0638
1987-07-13,1.0661
1987-07-14,1.0676
1987-07-15,1.0677
1987-07-16,1.0736
1987-07-17,1.0633
1987-07-19,1.0633
1987-07-20,1.0566
1987-07-21,1.0626
1987-07-22,1.0615
1987-07-23,1.0682
1987-07-24,1.0722
1987-07-26,1.0722
1987-07-27,1.0803
1987-07-28,1.0737
1987-07-29,1.0751
1987-07-30,1.0738
1987-07-31,1.0836
1987-08-02,1.0836
1987-08-03,1.076
1987-08-05,1.0707
1987-08-06,1.072
1987-08-07,1.0694
1987-08-09,1.0694
1987-08-10,1.0697
1987-08-11,1.0709
1987-08-12,1.0729
1987-08-13,1.0756
1987-08-14,1.0686
1987-08-16,1.0686
1987-08-17,1.0812
1987-08-18,1.0936
1987-08-19,1.1085
1987-08-20,1.1155
1987-08-21,1.1224
1987-08-23,1.1224
1987-08-24,1.1222
1987-08-25,1.1233
1987-08-26,1.1222
1987-08-27,1.1251
1987-08-28,1.126
1987-08-30,1.126
1987-08-31,1.1236
1987-09-01,1.1275
1987-09-02,1.1325
1987-09-03,1.1257
1987-09-04,1.1259
1987-09-06,1.1259
1987-09-07,1.1242
1987-09-08,1.1223
1987-09-09,1.1248
1987-09-10,1.119
1987-09-11,1.1169
1987-09-13,1.1169
1987-09-14,1.1086
1987-09-15,1.1102
1987-09-16,1.1102
1987-09-17,1.1108
1987-09-18,1.1177
1987-09-20,1.1177
1987-09-21,1.1141
1987-09-22,1.11
1987-09-23,1.1109
1987-09-27,1.1109
1987-09-28,1.1131
1987-09-29,1.1
1987-09-30,1.1018
1987-10-01,1.095
1987-10-04,1.095
1987-10-05,1.0951
1987-10-06,1.0984
1987-10-07,1.1023
1987-10-09,1.1105
1987-10-11,1.1105
1987-10-12,1.1117
1987-10-13,1.1144
1987-10-14,1.113
1987-10-16,1.1198
1987-10-18,1.1198
1987-10-19,1.1253
1987-10-20,1.1158
1987-10-21,1.1116
1987-10-22,1.108
1987-10-23,1.1084
1987-10-25,1.1084
1987-10-26,1.119
1987-10-27,1.1169
1987-10-28,1.135
1987-10-29,1.1395
1987-10-30,1.1328
1987-11-01,1.1328
1987-11-02,1.1378
1987-11-03,1.1476
1987-11-04,1.1449
1987-11-05,1.1523
1987-11-06,1.1543
1987-11-08,1.1543
1987-11-09,1.1569
1987-11-10,1.1676
1987-11-11,1.1612
1987-11-12,1.1565
1987-11-13,1.1557
1987-11-15,1.1557
1987-11-16,1.1504
1987-11-17,1.1593
1987-11-18,1.1604
1987-11-19,1.166
1987-11-20,1.1685
1987-11-22,1.1685
1987-11-23,1.1683
1987-11-24,1.1652
1987-11-25,1.1673
1987-11-26,1.1635
1987-11-27,1.1687
1987-11-29,1.1687
1987-11-30,1.1776
1987-12-01,1.1723
1987-12-02,1.1737
1987-12-03,1.1787
1987-12-04,1.1836
1987-12-06,1.1836
1987-12-07,1.1826
1987-12-08,1.1809
1987-12-09,1.1838
1987-12-10,1.1857
1987-12-11,1.2082
1987-12-13,1.2082
1987-12-14,1.2184
1987-12-15,1.2196
1987-12-16,1.2178
1987-12-17,1.2263
1987-12-18,1.224
1987-12-20,1.224
1987-12-21,1.2247
1987-12-22,1.2246
1987-12-23,1.2245
1987-12-24,1.2298
1987-12-27,1.2298
1987-12-28,1.2464
1987-12-29,1.2484
1987-12-30,1.2467
1987-12-31,1.2674
1988-01-03,1.2674
1988-01-04,1.2584
1988-01-05,1.2384
1988-01-06,1.2291
1988-01-07,1.221
1988-01-08,1.2095
1988-01-10,1.2095
1988-01-11,1.2217
1988-01-12,1.2197
1988-01-13,1.2367
1988-01-14,1.2337
1988-01-15,1.2351
1988-01-17,1.2351
1988-01-18,1.2129
1988-01-19,1.2182
1988-01-20,1.2313
1988-01-21,1.2341
1988-01-22,1.236
1988-01-24,1.236
1988-01-25,1.2358
1988-01-26,1.2374
1988-01-27,1.2353
1988-01-28,1.2387
1988-01-29,1.2363
1988-01-31,1.2363
1988-02-01,1.2275
1988-02-02,1.231
1988-02-03,1.2336
1988-02-04,1.2307
1988-02-05,1.232
1988-02-07,1.232
1988-02-08,1.2304
1988-02-09,1.2297
1988-02-10,1.2297
1988-02-11,1.2282
1988-02-12,1.2217
1988-02-14,1.2217
1988-02-15,1.2187
1988-02-16,1.2203
1988-02-17,1.2195
1988-02-18,1.2207
1988-02-19,1.2229
1988-02-21,1.2229
1988-02-22,1.2245
1988-02-23,1.2312
1988-02-24,1.2294
1988-02-25,1.2292
1988-02-26,1.2326
1988-02-28,1.2326
1988-02-29,1.2333
1988-03-01,1.23
1988-03-02,1.2305
1988-03-04,1.2254
1988-03-06,1.2254
1988-03-07,1.2293
1988-03-08,1.2275
1988-03-09,1.2247
1988-03-10,1.2276
1988-03-11,1.2283
1988-03-13,1.2283
1988-03-14,1.2357
1988-03-15,1.2333
1988-03-16,1.2294
1988-03-17,1.2318
1988-03-18,1.2296
1988-03-20,1.2296
1988-03-21,1.2397
1988-03-22,1.2379
1988-03-23,1.2417
1988-03-24,1.2481
1988-03-25,1.2488
1988-03-27,1.2488
1988-03-28,1.2602
1988-03-29,1.2532
1988-03-30,1.2493
1988-03-31,1.2542
1988-04-01,1.2587
1988-04-03,1.2587
1988-04-04,1.259
1988-04-05,1.2537
1988-04-06,1.251
1988-04-07,1.2475
1988-04-10,1.2475
1988-04-11,1.2451
1988-04-12,1.2434
1988-04-13,1.2424
1988-04-14,1.2479
1988-04-15,1.2618
1988-04-17,1.2618
1988-04-18,1.2582
1988-04-19,1.2562
1988-04-20,1.2611
1988-04-22,1.2548
1988-04-24,1.2548
1988-04-25,1.2566
1988-04-26,1.2579
1988-04-27,1.2533
1988-04-28,1.2536
1988-04-29,1.2562
1988-05-01,1.2562
1988-05-02,1.2546
1988-05-03,1.256
1988-05-04,1.256
1988-05-05,1.2592
1988-05-06,1.2594
1988-05-08,1.2594
1988-05-09,1.2579
1988-05-10,1.2572
1988-05-11,1.2593
1988-05-12,1.2574
1988-05-13,1.257
1988-05-15,1.257
1988-05-16,1.255
1988-05-17,1.2554
1988-05-18,1.2554
1988-05-19,1.2603
1988-05-20,1.261
1988-05-23,1.2611
1988-05-24,1.2653
1988-05-25,1.2641
1988-05-26,1.2646
1988-05-27,1.2637
1988-05-29,1.2637
1988-05-30,1.2626
1988-05-31,1.2674
1988-06-01,1.2635
1988-06-02,1.2583
1988-06-03,1.2611
1988-06-05,1.2611
1988-06-06,1.2571
1988-06-07,1.2585
1988-06-08,1.265
1988-06-09,1.2644
1988-06-10,1.2705
1988-06-12,1.2705
1988-06-13,1.2655
1988-06-14,1.2672
1988-06-15,1.2633
1988-06-16,1.2667
1988-06-17,1.2713
1988-06-19,1.2713
1988-06-20,1.2656
1988-06-21,1.2634
1988-06-22,1.2477
1988-06-23,1.2465
1988-06-24,1.2409
1988-06-26,1.2409
1988-06-27,1.2371
1988-06-28,1.2429
1988-06-29,1.218
1988-06-30,1.2188
1988-07-01,1.2093
1988-07-03,1.2093
1988-07-04,1.207
1988-07-05,1.2114
1988-07-06,1.2156
1988-07-07,1.2289
1988-07-08,1.2264
1988-07-10,1.2264
1988-07-11,1.2218
1988-07-12,1.2268
1988-07-13,1.2296
1988-07-14,1.2275
1988-07-15,1.224
1988-07-17,1.224
1988-07-18,1.2173
1988-07-19,1.2226
1988-07-20,1.2239
1988-07-21,1.2211
1988-07-22,1.2376
1988-07-25,1.2342
1988-07-26,1.2346
1988-07-27,1.2316
1988-07-28,1.2324
1988-07-29,1.232
1988-07-31,1.232
1988-08-01,1.2314
1988-08-02,1.2313
1988-08-03,1.2293
1988-08-04,1.2328
1988-08-05,1.2311
1988-08-07,1.2311
1988-08-08,1.2296
1988-08-09,1.229
1988-08-10,1.2257
1988-08-11,1.2296
1988-08-12,1.2323
1988-08-14,1.2323
1988-08-15,1.2299
1988-08-16,1.23
1988-08-17,1.2317
1988-08-18,1.2312
1988-08-19,1.2313
1988-08-21,1.2313
1988-08-22,1.2294
1988-08-23,1.2296
1988-08-24,1.2258
1988-08-25,1.2297
1988-08-26,1.2253
1988-08-28,1.2253
1988-08-29,1.2219
1988-08-30,1.2201
1988-08-31,1.2049
1988-09-01,1.2041
1988-09-02,1.2025
1988-09-04,1.2025
1988-09-05,1.204
1988-09-06,1.2077
1988-09-07,1.2201
1988-09-08,1.2205
1988-09-09,1.2271
1988-09-11,1.2271
1988-09-14,1.2268
1988-09-15,1.2238
1988-09-16,1.2261
1988-09-18,1.2261
1988-09-19,1.2284
1988-09-22,1.2247
1988-09-23,1.2215
1988-09-25,1.2215
1988-09-27,1.2217
1988-09-28,1.2245
1988-09-29,1.2254
1988-09-30,1.2228
1988-10-02,1.2228
1988-10-04,1.2297
1988-10-05,1.2246
1988-10-06,1.2285
1988-10-07,1.2263
1988-10-09,1.2263
1988-10-10,1.2333
1988-10-11,1.2439
1988-10-12,1.2574
1988-10-13,1.2663
1988-10-14,1.2648
1988-10-16,1.2648
1988-10-17,1.2674
1988-10-18,1.27
1988-10-19,1.2711
1988-10-20,1.2719
1988-10-21,1.2738
1988-10-23,1.2738
1988-10-24,1.27
1988-10-25,1.2693
1988-10-26,1.27
1988-10-27,1.2775
1988-10-28,1.2732
1988-10-30,1.2732
1988-10-31,1.2802
1988-11-02,1.2853
1988-11-03,1.2869
1988-11-04,1.2888
1988-11-06,1.2888
1988-11-07,1.287
1988-11-08,1.2798
1988-11-09,1.286
1988-11-10,1.2889
1988-11-11,1.2934
1988-11-13,1.2934
1988-11-14,1.2868
1988-11-15,1.2886
1988-11-16,1.289
1988-11-17,1.2963
1988-11-18,1.2932
1988-11-20,1.2932
1988-11-21,1.2964
1988-11-22,1.3029
1988-11-23,1.3011
1988-11-24,1.3051
1988-11-25,1.3029
1988-11-27,1.3029
1988-11-28,1.2967
1988-11-29,1.2981
1988-11-30,1.3007
1988-12-01,1.2992
1988-12-02,1.3011
1988-12-04,1.3011
1988-12-05,1.2993
1988-12-06,1.3009
1988-12-07,1.2912
1988-12-08,1.2924
1988-12-09,1.2923
1988-12-11,1.2923
1988-12-12,1.2906
1988-12-13,1.2887
1988-12-14,1.2888
1988-12-15,1.291
1988-12-16,1.2846
1988-12-18,1.2846
1988-12-19,1.2843
1988-12-20,1.2777
1988-12-21,1.2836
1988-12-22,1.2816
1988-12-23,1.2823
1988-12-25,1.2823
1988-12-27,1.3459
1988-12-28,1.3408
1988-12-29,1.3405
1988-12-30,1.4598
1989-01-03,1.4598
1989-01-04,1.4502
1989-01-05,1.4454
1989-01-06,1.4408
1989-01-08,1.4408
1989-01-09,1.4435
1989-01-10,1.446
1989-01-11,1.4367
1989-01-12,1.4371
1989-01-13,1.4336
1989-01-15,1.4336
1989-01-16,1.4277
1989-01-17,1.4255
1989-01-18,1.4243
1989-01-19,1.413
1989-01-20,1.4176
1989-01-22,1.4176
1989-01-23,1.4151
1989-01-24,1.4265
1989-01-25,1.4216
1989-01-26,1.4161
1989-01-27,1.412
1989-01-29,1.412
1989-01-30,1.4
1989-01-31,1.402
1989-02-01,1.3973
1989-02-02,1.4029
1989-02-03,1.4028
1989-02-05,1.4028
1989-02-06,1.3991
1989-02-07,1.397
1989-02-08,1.3998
1989-02-09,1.4043
1989-02-10,1.4145
1989-02-12,1.4145
1989-02-13,1.4096
1989-02-14,1.4198
1989-02-15,1.4243
1989-02-16,1.4202
1989-02-17,1.4263
1989-02-19,1.4263
1989-02-20,1.4208
1989-02-21,1.4127
1989-02-22,1.4151
1989-02-23,1.4198
1989-02-24,1.4127
1989-02-26,1.4127
1989-02-27,1.4143
1989-03-01,1.4045
1989-03-02,1.4016
1989-03-03,1.4046
1989-03-05,1.4046
1989-03-06,1.401
1989-03-07,1.4008
1989-03-08,1.403
1989-03-09,1.3965
1989-03-10,1.4003
1989-03-12,1.4003
1989-03-13,1.3921
1989-03-14,1.3892
1989-03-15,1.3893
1989-03-16,1.3874
1989-03-17,1.3785
1989-03-19,1.3785
1989-03-20,1.3756
1989-03-22,1.3804
1989-03-23,1.3863
1989-03-24,1.3819
1989-03-26,1.3819
1989-03-27,1.3706
1989-03-28,1.3687
1989-03-29,1.3712
1989-03-30,1.3727
1989-03-31,1.3722
1989-04-02,1.3722
1989-04-03,1.3734
1989-04-04,1.3833
1989-04-05,1.3768
1989-04-06,1.373
1989-04-07,1.3724
1989-04-09,1.3724
1989-04-10,1.3706
1989-04-11,1.3725
1989-04-12,1.3691
1989-04-13,1.367
1989-04-14,1.3687
1989-04-16,1.3687
1989-04-17,1.3723
1989-04-18,1.3692
1989-04-19,1.37
1989-04-21,1.3798
1989-04-23,1.3798
1989-04-24,1.3786
1989-04-25,1.3864
1989-04-27,1.3787
1989-04-28,1.3721
1989-04-30,1.3721
1989-05-01,1.3668
1989-05-02,1.3713
1989-05-03,1.3714
1989-05-04,1.3709
1989-05-05,1.369
1989-05-07,1.369
1989-05-08,1.3678
1989-05-09,1.3696
1989-05-11,1.3701
1989-05-12,1.364
1989-05-14,1.364
1989-05-15,1.3592
1989-05-16,1.3619
1989-05-17,1.3603
1989-05-18,1.3543
1989-05-19,1.3578
1989-05-21,1.3578
1989-05-22,1.3372
1989-05-23,1.3432
1989-05-24,1.3396
1989-05-25,1.3407
1989-05-26,1.3587
1989-05-28,1.3587
1989-05-29,1.3424
1989-05-30,1.3401
1989-05-31,1.3409
1989-06-01,1.3415
1989-06-02,1.345
1989-06-04,1.345
1989-06-05,1.3441
1989-06-06,1.3389
1989-06-07,1.336
1989-06-08,1.3366
1989-06-11,1.3366
1989-06-12,1.3015
1989-06-13,1.3078
1989-06-14,1.3081
1989-06-15,1.2923
1989-06-16,1.3273
1989-06-18,1.3273
1989-06-19,1.3333
1989-06-20,1.3416
1989-06-21,1.3345
1989-06-22,1.3682
1989-06-23,1.437
1989-06-25,1.437
1989-06-26,1.4358
1989-06-27,1.4265
1989-06-28,1.4101
1989-06-29,1.4085
1989-06-30,1.3971
1989-07-02,1.3971
1989-07-03,1.4035
1989-07-04,1.4045
1989-07-05,1.4121
1989-07-06,1.4168
1989-07-07,1.4105
1989-07-09,1.4105
1989-07-10,1.4111
1989-07-11,1.4117
1989-07-12,1.4039
1989-07-13,1.4107
1989-07-14,1.4127
1989-07-16,1.4127
1989-07-17,1.4007
1989-07-18,1.3926
1989-07-19,1.3926
1989-07-20,1.396
1989-07-21,1.3961
1989-07-23,1.3961
1989-07-24,1.3948
1989-07-25,1.3935
1989-07-26,1.4042
1989-07-27,1.4148
1989-07-28,1.417
1989-07-30,1.417
1989-07-31,1.4289
1989-08-01,1.4354
1989-08-02,1.436
1989-08-03,1.4355
1989-08-04,1.4299
1989-08-06,1.4299
1989-08-07,1.4222
1989-08-08,1.4246
1989-08-09,1.4242
1989-08-11,1.4128
1989-08-13,1.4128
1989-08-14,1.4101
1989-08-15,1.4054
1989-08-16,1.405
1989-08-17,1.4003
1989-08-18,1.3991
1989-08-20,1.3991
1989-08-21,1.4038
1989-08-22,1.401
1989-08-23,1.4008
1989-08-24,1.4015
1989-08-25,1.3993
1989-08-27,1.3993
1989-08-28,1.3986
1989-08-29,1.4021
1989-08-30,1.4038
1989-08-31,1.39
1989-09-01,1.385
1989-09-03,1.385
1989-09-04,1.3735
1989-09-05,1.3721
1989-09-06,1.3801
1989-09-07,1.378
1989-09-08,1.3779
1989-09-10,1.3779
1989-09-11,1.3668
1989-09-12,1.3795
1989-09-13,1.3776
1989-09-14,1.3808
1989-09-15,1.3803
1989-09-17,1.3803
1989-09-18,1.3825
1989-09-19,1.3873
1989-09-20,1.3882
1989-09-21,1.3939
1989-09-22,1.3917
1989-09-24,1.3917
1989-09-25,1.3989
1989-09-26,1.3985
1989-09-27,1.4112
1989-09-28,1.4131
1989-09-29,1.4256
1989-10-02,1.4273
1989-10-03,1.4186
1989-10-04,1.4171
1989-10-05,1.4097
1989-10-06,1.402
1989-10-10,1.4062
1989-10-11,1.3989
1989-10-12,1.3943
1989-10-13,1.3989
1989-10-15,1.3989
1989-10-16,1.4154
1989-10-17,1.4049
1989-10-18,1.407
1989-10-19,1.4088
1989-10-20,1.4067
1989-10-22,1.4067
1989-10-23,1.4022
1989-10-24,1.4049
1989-10-25,1.4039
1989-10-26,1.4088
1989-10-27,1.4056
1989-10-29,1.4056
1989-10-30,1.4087
1989-10-31,1.3983
1989-11-01,1.3842
1989-11-02,1.3848
1989-11-03,1.3841
1989-11-05,1.3841
1989-11-06,1.3872
1989-11-07,1.3868
1989-11-08,1.3974
1989-11-09,1.3939
1989-11-10,1.3965
1989-11-12,1.3965
1989-11-13,1.3966
1989-11-14,1.3897
1989-11-15,1.3911
1989-11-16,1.3806
1989-11-17,1.3805
1989-11-19,1.3805
1989-11-20,1.3839
1989-11-21,1.3785
1989-11-22,1.3786
1989-11-23,1.3826
1989-11-24,1.3826
1989-11-26,1.3826
1989-11-27,1.3853
1989-11-28,1.3797
1989-11-29,1.3721
1989-11-30,1.3769
1989-12-01,1.3667
1989-12-03,1.3667
1989-12-04,1.3719
1989-12-05,1.3693
1989-12-06,1.3727
1989-12-07,1.3627
1989-12-08,1.3719
1989-12-10,1.3719
1989-12-11,1.3676
1989-12-12,1.36
1989-12-13,1.3545
1989-12-14,1.3551
1989-12-15,1.3548
1989-12-17,1.3548
1989-12-18,1.3485
1989-12-19,1.3515
1989-12-20,1.3625
1989-12-21,1.3557
1989-12-22,1.3569
1989-12-24,1.3569
1989-12-27,1.3777
1989-12-28,1.3697
1989-12-29,1.3659
1989-12-31,1.3659
1990-01-02,1.3512
1990-01-03,1.341
1990-01-04,1.3504
1990-01-05,1.3492
1990-01-07,1.3492
1990-01-08,1.3393
1990-01-09,1.3292
1990-01-10,1.3269
1990-01-11,1.3366
1990-01-12,1.3357
1990-01-14,1.3357
1990-01-15,1.3324
1990-01-16,1.3341
1990-01-17,1.3377
1990-01-18,1.3367
1990-01-19,1.3383
1990-01-21,1.3383
1990-01-22,1.3385
1990-01-23,1.3377
1990-01-24,1.3403
1990-01-25,1.3403
1990-01-26,1.3584
1990-01-28,1.3584
1990-01-29,1.359
1990-01-30,1.3548
1990-01-31,1.3474
1990-02-01,1.34
1990-02-02,1.3353
1990-02-04,1.3353
1990-02-05,1.3306
1990-02-06,1.3353
1990-02-07,1.3292
1990-02-08,1.3311
1990-02-09,1.3359
1990-02-11,1.3359
1990-02-12,1.3494
1990-02-13,1.3488
1990-02-14,1.3485
1990-02-15,1.3415
1990-02-16,1.3423
1990-02-18,1.3423
1990-02-19,1.3431
1990-02-20,1.3385
1990-02-21,1.3416
1990-02-22,1.3446
1990-02-23,1.3333
1990-02-25,1.3333
1990-02-26,1.3161
1990-02-27,1.3132
1990-02-28,1.3179
1990-03-01,1.3126
1990-03-02,1.3419
1990-03-04,1.3419
1990-03-05,1.3679
1990-03-06,1.3505
1990-03-07,1.3395
1990-03-08,1.3288
1990-03-09,1.3326
1990-03-12,1.3295
1990-03-13,1.326
1990-03-14,1.3291
1990-03-15,1.3193
1990-03-16,1.3186
1990-03-18,1.3186
1990-03-19,1.3084
1990-03-20,1.3083
1990-03-21,1.3099
1990-03-22,1.3035
1990-03-23,1.306
1990-03-25,1.306
1990-03-26,1.2943
1990-03-27,1.2825
1990-03-28,1.2684
1990-03-29,1.2727
1990-03-30,1.2668
1990-04-01,1.2668
1990-04-02,1.2499
1990-04-03,1.2617
1990-04-04,1.2612
1990-04-05,1.2649
1990-04-06,1.2697
1990-04-08,1.2697
1990-04-09,1.2806
1990-04-11,1.2656
1990-04-12,1.2628
1990-04-13,1.2633
1990-04-15,1.2633
1990-04-17,1.2606
1990-04-18,1.2563
1990-04-19,1.2735
1990-04-20,1.2761
1990-04-22,1.2761
1990-04-23,1.2825
1990-04-24,1.2731
1990-04-25,1.2705
1990-04-26,1.2653
1990-04-27,1.2625
1990-04-29,1.2625
1990-05-01,1.2671
1990-05-02,1.2784
1990-05-03,1.2765
1990-05-04,1.2724
1990-05-06,1.2724
1990-05-07,1.2794
1990-05-08,1.2703
1990-05-09,1.2808
1990-05-10,1.28
1990-05-11,1.308
1990-05-13,1.308
1990-05-14,1.31
1990-05-15,1.3358
1990-05-16,1.3306
1990-05-17,1.3225
1990-05-18,1.3236
1990-05-20,1.3236
1990-05-21,1.3252
1990-05-22,1.3342
1990-05-23,1.342
1990-05-24,1.3328
1990-05-25,1.3527
1990-05-27,1.3527
1990-05-28,1.3528
1990-05-29,1.3464
1990-05-31,1.3347
1990-06-01,1.329
1990-06-03,1.329
1990-06-04,1.3255
1990-06-05,1.3248
1990-06-06,1.3369
1990-06-07,1.3469
1990-06-08,1.3556
1990-06-10,1.3556
1990-06-11,1.3428
1990-06-12,1.3335
1990-06-13,1.3392
1990-06-15,1.3357
1990-06-17,1.3357
1990-06-18,1.3364
1990-06-19,1.3288
1990-06-20,1.3317
1990-06-21,1.3309
1990-06-22,1.3361
1990-06-24,1.3361
1990-06-25,1.3483
1990-06-26,1.3531
1990-06-27,1.3545
1990-06-28,1.3359
1990-06-29,1.3608
1990-07-01,1.3608
1990-07-02,1.358
1990-07-03,1.3643
1990-07-04,1.3779
1990-07-05,1.3788
1990-07-06,1.3757
1990-07-08,1.3757
1990-07-09,1.3686
1990-07-10,1.3772
1990-07-11,1.389
1990-07-12,1.3843
1990-07-13,1.3877
1990-07-15,1.3877
1990-07-16,1.3956
1990-07-17,1.3903
1990-07-18,1.3931
1990-07-19,1.3947
1990-07-20,1.3877
1990-07-22,1.3877
1990-07-23,1.3898
1990-07-24,1.3919
1990-07-25,1.3858
1990-07-26,1.3763
1990-07-27,1.3662
1990-07-29,1.3662
1990-07-30,1.3795
1990-08-01,1.3892
1990-08-02,1.3652
1990-08-03,1.3563
1990-08-05,1.3563
1990-08-06,1.3498
1990-08-07,1.3462
1990-08-08,1.3614
1990-08-09,1.3576
1990-08-10,1.3618
1990-08-12,1.3618
1990-08-13,1.354
1990-08-14,1.3507
1990-08-15,1.3552
1990-08-16,1.3622
1990-08-17,1.3659
1990-08-19,1.3659
1990-08-20,1.3767
1990-08-21,1.3826
1990-08-22,1.3776
1990-08-23,1.382
1990-08-24,1.3839
1990-08-26,1.3839
1990-08-27,1.4024
1990-08-28,1.4288
1990-08-29,1.4288
1990-08-30,1.4274
1990-08-31,1.4154
1990-09-02,1.4154
1990-09-03,1.4203
1990-09-04,1.4096
1990-09-05,1.4298
1990-09-06,1.4322
1990-09-07,1.4404
1990-09-09,1.4404
1990-09-10,1.4948
1990-09-11,1.4835
1990-09-12,1.5011
1990-09-13,1.4985
1990-09-14,1.5044
1990-09-16,1.5044
1990-09-17,1.4983
1990-09-18,1.4873
1990-09-19,1.4814
1990-09-23,1.4814
1990-09-24,1.5167
1990-09-25,1.5014
1990-09-26,1.5006
1990-09-27,1.4906
1990-09-30,1.4906
1990-10-01,1.4894
1990-10-02,1.4983
1990-10-03,1.4972
1990-10-05,1.5264
1990-10-07,1.5264
1990-10-08,1.5499
1990-10-09,1.5519
1990-10-10,1.5469
1990-10-12,1.5709
1990-10-14,1.5709
1990-10-15,1.5808
1990-10-16,1.5753
1990-10-17,1.6106
1990-10-18,1.6169
1990-10-19,1.5875
1990-10-21,1.5875
1990-10-22,1.5941
1990-10-23,1.5822
1990-10-24,1.5745
1990-10-25,1.5855
1990-10-26,1.5815
1990-10-28,1.5815
1990-10-29,1.578
1990-10-30,1.5651
1990-10-31,1.561
1990-11-01,1.5456
1990-11-02,1.5654
1990-11-04,1.5654
1990-11-05,1.576
1990-11-06,1.5727
1990-11-07,1.5699
1990-11-08,1.5514
1990-11-09,1.5456
1990-11-11,1.5456
1990-11-12,1.5563
1990-11-13,1.5521
1990-11-14,1.5507
1990-11-15,1.5472
1990-11-16,1.5441
1990-11-18,1.5441
1990-11-19,1.5567
1990-11-20,1.5571
1990-11-21,1.5705
1990-11-22,1.572
1990-11-23,1.5816
1990-11-25,1.5816
1990-11-26,1.5682
1990-11-27,1.5709
1990-11-28,1.5564
1990-11-29,1.5428
1990-11-30,1.5159
1990-12-02,1.5159
1990-12-03,1.5087
1990-12-04,1.5109
1990-12-05,1.5119
1990-12-06,1.5082
1990-12-07,1.5271
1990-12-09,1.5271
1990-12-10,1.5336
1990-12-11,1.5306
1990-12-12,1.5314
1990-12-13,1.5348
1990-12-14,1.5294
1990-12-16,1.5294
1990-12-17,1.5196
1990-12-18,1.5197
1990-12-19,1.5071
1990-12-20,1.5108
1990-12-21,1.5124
1990-12-23,1.5124
1990-12-24,1.5258
1990-12-27,1.5237
1990-12-28,1.5278
1990-12-30,1.5278
1990-12-31,1.5048
1991-01-02,1.5026
1991-01-03,1.5152
1991-01-04,1.5214
1991-01-06,1.5214
1991-01-07,1.497
1991-01-08,1.5006
1991-01-09,1.4955
1991-01-10,1.5037
1991-01-11,1.5162
1991-01-13,1.5162
1991-01-14,1.5142
1991-01-15,1.5077
1991-01-16,1.4968
1991-01-17,1.5159
1991-01-18,1.5191
1991-01-20,1.5191
1991-01-21,1.5239
1991-01-22,1.5345
1991-01-23,1.5236
1991-01-24,1.527
1991-01-25,1.5239
1991-01-27,1.5239
1991-01-28,1.5217
1991-01-29,1.5314
1991-01-30,1.5294
1991-01-31,1.5279
1991-02-01,1.5272
1991-02-03,1.5272
1991-02-04,1.521
1991-02-05,1.5346
1991-02-06,1.5477
1991-02-07,1.5539
1991-02-08,1.5617
1991-02-10,1.5617
1991-02-11,1.5651
1991-02-12,1.5574
1991-02-13,1.5496
1991-02-14,1.5418
1991-02-15,1.5443
1991-02-17,1.5443
1991-02-18,1.5445
1991-02-19,1.5369
1991-02-20,1.5362
1991-02-21,1.5364
1991-02-22,1.5435
1991-02-24,1.5435
1991-02-25,1.5336
1991-02-26,1.5323
1991-02-27,1.5348
1991-03-01,1.5217
1991-03-03,1.5217
1991-03-04,1.5094
1991-03-05,1.5158
1991-03-06,1.5045
1991-03-07,1.5079
1991-03-08,1.5085
1991-03-10,1.5085
1991-03-11,1.5832
1991-03-12,1.6009
1991-03-13,1.6017
1991-03-14,1.6118
1991-03-15,1.6073
1991-03-17,1.6073
1991-03-18,1.5995
1991-03-19,1.6077
1991-03-20,1.609
1991-03-21,1.61
1991-03-22,1.6205
1991-03-24,1.6205
1991-03-25,1.6162
1991-03-26,1.6192
1991-03-27,1.6207
1991-03-28,1.6097
1991-03-31,1.6097
1991-04-02,1.6132
1991-04-03,1.6311
1991-04-04,1.6308
1991-04-07,1.6308
1991-04-08,1.6407
1991-04-09,1.6368
1991-04-10,1.6527
1991-04-11,1.6379
1991-04-12,1.6457
1991-04-14,1.6457
1991-04-15,1.6573
1991-04-16,1.6552
1991-04-17,1.6511
1991-04-19,1.6357
1991-04-21,1.6357
1991-04-22,1.6469
1991-04-23,1.657
1991-04-24,1.6664
1991-04-25,1.6638
1991-04-26,1.6688
1991-04-28,1.6688
1991-04-29,1.6771
1991-04-30,1.6758
1991-05-01,1.6655
1991-05-02,1.6564
1991-05-03,1.6619
1991-05-05,1.6619
1991-05-06,1.6745
1991-05-07,1.6759
1991-05-08,1.711
1991-05-09,1.6913
1991-05-10,1.7013
1991-05-12,1.7013
1991-05-13,1.695
1991-05-14,1.7084
1991-05-15,1.712
1991-05-16,1.7214
1991-05-17,1.7283
1991-05-20,1.734
1991-05-21,1.7436
1991-05-22,1.7469
1991-05-23,1.7513
1991-05-24,1.7476
1991-05-26,1.7476
1991-05-27,1.7331
1991-05-28,1.7372
1991-05-29,1.7374
1991-05-30,1.7205
1991-05-31,1.7302
1991-06-02,1.7302
1991-06-03,1.7383
1991-06-04,1.7352
1991-06-05,1.7228
1991-06-06,1.7237
1991-06-07,1.7164
1991-06-09,1.7164
1991-06-10,1.7012
1991-06-11,1.6976
1991-06-12,1.7034
1991-06-13,1.7021
1991-06-14,1.6946
1991-06-16,1.6946
1991-06-17,1.703
1991-06-18,1.7079
1991-06-19,1.7027
1991-06-20,1.7162
1991-06-21,1.7283
1991-06-23,1.7283
1991-06-24,1.713
1991-06-25,1.721
1991-06-26,1.7258
1991-06-27,1.7234
1991-06-28,1.7327
1991-06-30,1.7327
1991-07-01,1.7379
1991-07-02,1.7311
1991-07-03,1.7259
1991-07-04,1.7202
1991-07-05,1.7268
1991-07-07,1.7268
1991-07-08,1.7238
1991-07-09,1.7196
1991-07-10,1.7216
1991-07-11,1.7239
1991-07-12,1.7284
1991-07-14,1.7284
1991-07-15,1.7347
1991-07-16,1.7382
1991-07-17,1.7349
1991-07-18,1.737
1991-07-19,1.7253
1991-07-22,1.7368
1991-07-23,1.7219
1991-07-24,1.7222
1991-07-25,1.7095
1991-07-26,1.7065
1991-07-28,1.7065
1991-07-29,1.7108
1991-07-30,1.7101
1991-07-31,1.7147
1991-08-01,1.71
1991-08-02,1.7083
1991-08-04,1.7083
1991-08-05,1.7125
1991-08-06,1.7082
1991-08-07,1.7145
1991-08-08,1.7117
1991-08-09,1.7043
1991-08-11,1.7043
1991-08-12,1.708
1991-08-13,1.7036
1991-08-14,1.6998
1991-08-15,1.6977
1991-08-16,1.7027
1991-08-18,1.7027
1991-08-19,1.7196
1991-08-20,1.7275
1991-08-21,1.7204
1991-08-22,1.7166
1991-08-23,1.7151
1991-08-25,1.7151
1991-08-26,1.7116
1991-08-27,1.7077
1991-08-28,1.7094
1991-08-29,1.7032
1991-08-30,1.7032
1991-09-01,1.7032
1991-09-02,1.701
1991-09-03,1.7092
1991-09-04,1.7108
1991-09-05,1.7161
1991-09-06,1.7034
1991-09-08,1.7034
1991-09-11,1.7092
1991-09-12,1.7168
1991-09-13,1.7162
1991-09-15,1.7162
1991-09-16,1.7231
1991-09-19,1.7277
1991-09-20,1.7358
1991-09-22,1.7358
1991-09-24,1.7623
1991-09-25,1.7667
1991-09-26,1.7645
1991-09-27,1.7894
1991-09-29,1.7894
1991-10-01,1.7905
1991-10-02,1.7941
1991-10-03,1.8189
1991-10-04,1.8347
1991-10-06,1.8347
1991-10-07,1.8471
1991-10-08,1.8411
1991-10-09,1.8449
1991-10-10,1.8571
1991-10-11,1.8568
1991-10-13,1.8568
1991-10-14,1.8713
1991-10-15,1.8694
1991-10-16,1.8673
1991-10-17,1.8787
1991-10-18,1.876
1991-10-20,1.876
1991-10-21,1.866
1991-10-22,1.8624
1991-10-23,1.8669
1991-10-24,1.8702
1991-10-25,1.8677
1991-10-27,1.8677
1991-10-28,1.8527
1991-10-29,1.8479
1991-10-30,1.8427
1991-10-31,1.8341
1991-11-01,1.8317
1991-11-03,1.8317
1991-11-04,1.8327
1991-11-05,1.8306
1991-11-06,1.8251
1991-11-07,1.8248
1991-11-08,1.8201
1991-11-10,1.8201
1991-11-11,1.8209
1991-11-12,1.8195
1991-11-13,1.8167
1991-11-14,1.8139
1991-11-15,1.81
1991-11-17,1.81
1991-11-18,1.8093
1991-11-19,1.8001
1991-11-20,1.7943
1991-11-21,1.7936
1991-11-22,1.7885
1991-11-24,1.7885
1991-11-25,1.8116
1991-11-26,1.8066
1991-11-27,1.8009
1991-11-28,1.7983
1991-11-29,1.8027
1991-12-01,1.8027
1991-12-02,1.798
1991-12-03,1.8075
1991-12-04,1.8069
1991-12-05,1.8028
1991-12-06,1.8042
1991-12-08,1.8042
1991-12-09,1.8037
1991-12-10,1.7976
1991-12-11,1.7915
1991-12-12,1.7941
1991-12-13,1.8014
1991-12-15,1.8014
1991-12-16,1.7999
1991-12-17,1.7996
1991-12-18,1.7985
1991-12-19,1.7977
1991-12-20,1.7953
1991-12-22,1.7953
1991-12-23,1.7958
1991-12-24,1.7939
1991-12-27,1.8122
1991-12-29,1.8122
1991-12-30,1.8157
1991-12-31,1.8282
1992-01-02,1.8373
1992-01-03,1.8382
1992-01-05,1.8382
1992-01-06,1.83
1992-01-07,1.8463
1992-01-08,1.8207
1992-01-09,1.8214
1992-01-10,1.8201
1992-01-12,1.8201
1992-01-13,1.818
1992-01-14,1.8142
1992-01-15,1.8234
1992-01-16,1.8099
1992-01-17,1.8136
1992-01-19,1.8136
1992-01-20,1.8531
1992-01-21,1.8589
1992-01-22,1.8665
1992-01-23,1.8686
1992-01-24,1.8654
1992-01-26,1.8654
1992-01-27,1.8526
1992-01-28,1.8447
1992-01-29,1.8439
1992-01-30,1.8372
1992-01-31,1.8422
1992-02-02,1.8422
1992-02-03,1.8411
1992-02-04,1.8271
1992-02-05,1.8282
1992-02-06,1.828
1992-02-07,1.8303
1992-02-09,1.8303
1992-02-10,1.8237
1992-02-11,1.8153
1992-02-12,1.8234
1992-02-13,1.8204
1992-02-14,1.8222
1992-02-16,1.8222
1992-02-17,1.8302
1992-02-18,1.8316
1992-02-19,1.8273
1992-02-20,1.83
1992-02-21,1.8303
1992-02-23,1.8303
1992-02-24,1.8297
1992-02-25,1.8284
1992-02-26,1.8276
1992-02-27,1.8285
1992-02-28,1.8244
1992-03-01,1.8244
1992-03-02,1.8258
1992-03-03,1.8203
1992-03-04,1.8105
1992-03-05,1.8138
1992-03-06,1.8243
1992-03-08,1.8243
1992-03-09,1.8174
1992-03-10,1.813
1992-03-11,1.7963
1992-03-12,1.7926
1992-03-13,1.7964
1992-03-15,1.7964
1992-03-16,1.7912
1992-03-17,1.7963
1992-03-18,1.8067
1992-03-22,1.8067
1992-03-23,1.806
1992-03-24,1.8095
1992-03-25,1.8104
1992-03-26,1.8112
1992-03-27,1.8064
1992-03-29,1.8064
1992-03-30,1.8127
1992-03-31,1.8092
1992-04-01,1.788
1992-04-02,1.7802
1992-04-03,1.7864
1992-04-05,1.7864
1992-04-06,1.7897
1992-04-07,1.7911
1992-04-08,1.8016
1992-04-09,1.8079
1992-04-10,1.7987
1992-04-12,1.7987
1992-04-13,1.7983
1992-04-14,1.8048
1992-04-15,1.8017
1992-04-16,1.7995
1992-04-19,1.7995
1992-04-21,1.8004
1992-04-22,1.8036
1992-04-23,1.8062
1992-04-26,1.8062
1992-04-27,1.8134
1992-04-28,1.8224
1992-04-29,1.821
1992-04-30,1.8181
1992-05-01,1.8169
1992-05-03,1.8169
1992-05-04,1.8265
1992-05-05,1.8272
1992-05-06,1.8304
1992-05-08,1.8274
1992-05-10,1.8274
1992-05-11,1.8311
1992-05-12,1.8358
1992-05-13,1.87
1992-05-14,1.8682
1992-05-15,1.8671
1992-05-17,1.8671
1992-05-18,1.8774
1992-05-19,1.8727
1992-05-20,1.8709
1992-05-21,1.8745
1992-05-22,1.8854
1992-05-24,1.8854
1992-05-25,1.8916
1992-05-26,1.8978
1992-05-27,1.8971
1992-05-28,1.9016
1992-05-29,1.9191
1992-05-31,1.9191
1992-06-01,1.9326
1992-06-02,1.9284
1992-06-03,1.9301
1992-06-04,1.9182
1992-06-05,1.9268
1992-06-08,1.9285
1992-06-09,1.9255
1992-06-10,1.927
1992-06-11,1.9248
1992-06-12,1.9376
1992-06-14,1.9376
1992-06-15,1.9341
1992-06-16,1.931
1992-06-17,1.9348
1992-06-18,1.9299
1992-06-19,1.934
1992-06-21,1.934
1992-06-22,1.9347
1992-06-24,1.9333
1992-06-25,1.9392
1992-06-26,1.9522
1992-06-28,1.9522
1992-06-29,1.9458
1992-06-30,1.9441
1992-07-01,1.948
1992-07-02,1.9606
1992-07-03,1.9608
1992-07-05,1.9608
1992-07-06,1.962
1992-07-07,1.9617
1992-07-08,1.9578
1992-07-09,1.9529
1992-07-10,1.9496
1992-07-12,1.9496
1992-07-13,1.9438
1992-07-14,1.956
1992-07-15,1.9549
1992-07-16,1.957
1992-07-17,1.9516
1992-07-19,1.9516
1992-07-20,1.9529
1992-07-21,1.9648
1992-07-22,1.9535
1992-07-23,1.9373
1992-07-24,1.9305
1992-07-26,1.9305
1992-07-27,1.924
1992-07-28,1.9232
1992-07-29,1.9167
1992-07-30,1.9256
1992-07-31,1.9242
1992-08-02,1.9242
1992-08-03,1.9245
1992-08-04,1.9255
1992-08-05,1.9274
1992-08-06,1.9287
1992-08-07,1.9203
1992-08-10,1.9166
1992-08-11,1.9149
1992-08-12,1.9228
1992-08-13,1.9262
1992-08-14,1.9413
1992-08-16,1.9413
1992-08-17,1.9415
1992-08-18,1.9363
1992-08-19,1.934
1992-08-20,1.9325
1992-08-21,1.9309
1992-08-23,1.9309
1992-08-24,1.9345
1992-08-25,1.9314
1992-08-26,1.9329
1992-08-27,1.9384
1992-08-28,1.9538
1992-08-30,1.9538
1992-08-31,1.9568
1992-09-01,1.9588
1992-09-02,1.9565
1992-09-03,1.9532
1992-09-04,1.9459
1992-09-06,1.9459
1992-09-07,1.9503
1992-09-08,1.9534
1992-09-09,1.9566
1992-09-10,1.9625
1992-09-11,1.9678
1992-09-13,1.9678
1992-09-14,1.9807
1992-09-15,1.9773
1992-09-16,1.9823
1992-09-17,2.0016
1992-09-18,1.9995
1992-09-20,1.9995
1992-09-21,2.009
1992-09-22,2.044
1992-09-23,2.0559
1992-09-24,2.0697
1992-09-25,2.058
1992-09-27,2.058
1992-09-30,2.0409
1992-10-01,2.0376
1992-10-02,2.0435
1992-10-04,2.0435
1992-10-05,2.0469
1992-10-08,2.0622
1992-10-09,2.0495
1992-10-11,2.0495
1992-10-13,2.0494
1992-10-14,2.0487
1992-10-15,2.0493
1992-10-16,2.0603
1992-10-18,2.0603
1992-10-20,2.0723
1992-10-21,2.0586
1992-10-22,2.0788
1992-10-23,2.0727
1992-10-25,2.0727
1992-10-26,2.0723
1992-10-27,2.081
1992-10-28,2.0823
1992-10-29,2.0752
1992-10-30,2.0713
1992-11-01,2.0713
1992-11-02,2.0837
1992-11-03,2.1075
1992-11-04,2.1243
1992-11-05,2.123
1992-11-06,2.1324
1992-11-08,2.1324
1992-11-09,2.1295
1992-11-10,2.1285
1992-11-11,2.1274
1992-11-12,2.1255
1992-11-13,2.1285
1992-11-15,2.1285
1992-11-16,2.1221
1992-11-17,2.1282
1992-11-18,2.1291
1992-11-19,2.1438
1992-11-20,2.1452
1992-11-22,2.1452
1992-11-23,2.1589
1992-11-24,2.1652
1992-11-25,2.1776
1992-11-26,2.1768
1992-11-27,2.1753
1992-11-29,2.1753
1992-11-30,2.1689
1992-12-01,2.1661
1992-12-02,2.1625
1992-12-03,2.1598
1992-12-04,2.1517
1992-12-06,2.1517
1992-12-07,2.1548
1992-12-08,2.157
1992-12-09,2.1576
1992-12-10,2.1622
1992-12-11,2.1671
1992-12-13,2.1671
1992-12-14,2.167
1992-12-15,2.1658
1992-12-16,2.1649
1992-12-17,2.1739
1992-12-18,2.1794
1992-12-20,2.1794
1992-12-21,2.1824
1992-12-22,2.1889
1992-12-23,2.1937
1992-12-24,2.1938
1992-12-27,2.1938
1992-12-28,2.2064
1992-12-29,2.2079
1992-12-30,2.2135
1992-12-31,2.2154
1993-01-03,2.2154
1993-01-04,2.2319
1993-01-05,2.2289
1993-01-06,2.2283
1993-01-07,2.2332
1993-01-08,2.2328
1993-01-10,2.2328
1993-01-11,2.2302
1993-01-12,2.2284
1993-01-13,2.2218
1993-01-14,2.2158
1993-01-15,2.2166
1993-01-17,2.2166
1993-01-18,2.2217
1993-01-19,2.2172
1993-01-20,2.2212
1993-01-21,2.222
1993-01-22,2.2242
1993-01-24,2.2242
1993-01-25,2.2148
1993-01-26,2.2241
1993-01-27,2.229
1993-01-28,2.2258
1993-01-29,2.2271
1993-01-31,2.2271
1993-02-01,2.2369
1993-02-02,2.2408
1993-02-03,2.2568
1993-02-04,2.2559
1993-02-05,2.2581
1993-02-07,2.2581
1993-02-08,2.2579
1993-02-09,2.298
1993-02-10,2.3117
1993-02-11,2.3324
1993-02-12,2.3337
1993-02-14,2.3337
1993-02-15,2.325
1993-02-16,2.3323
1993-02-17,2.3358
1993-02-18,2.341
1993-02-19,2.3495
1993-02-21,2.3495
1993-02-22,2.4022
1993-02-23,2.3906
1993-02-24,2.3828
1993-02-25,2.3708
1993-02-26,2.3728
1993-02-28,2.3728
1993-03-01,2.3674
1993-03-02,2.3535
1993-03-03,2.3833
1993-03-04,2.3826
1993-03-05,2.3878
1993-03-08,2.3893
1993-03-09,2.3921
1993-03-10,2.3769
1993-03-11,2.3771
1993-03-12,2.3792
1993-03-14,2.3792
1993-03-15,2.3735
1993-03-16,2.3755
1993-03-17,2.3904
1993-03-18,2.3902
1993-03-19,2.3965
1993-03-21,2.3965
1993-03-22,2.3971
1993-03-23,2.4097
1993-03-24,2.3895
1993-03-25,2.3755
1993-03-26,2.3847
1993-03-28,2.3847
1993-03-29,2.3798
1993-03-30,2.3773
1993-03-31,2.407
1993-04-01,2.4116
1993-04-02,2.4079
1993-04-04,2.4079
1993-04-05,2.422
1993-04-07,2.42
1993-04-08,2.4321
1993-04-11,2.4321
1993-04-13,2.4196
1993-04-14,2.408
1993-04-15,2.4236
1993-04-16,2.4349
1993-04-18,2.4349
1993-04-19,2.474
1993-04-20,2.4734
1993-04-21,2.4721
1993-04-22,2.4857
1993-04-23,2.4742
1993-04-25,2.4742
1993-04-27,2.4691
1993-04-28,2.452
1993-04-29,2.4435
1993-04-30,2.4511
1993-05-02,2.4511
1993-05-03,2.4608
1993-05-04,2.466
1993-05-05,2.4692
1993-05-06,2.4713
1993-05-07,2.4688
1993-05-09,2.4688
1993-05-10,2.4714
1993-05-11,2.4585
1993-05-12,2.4536
1993-05-13,2.4544
1993-05-14,2.4595
1993-05-16,2.4595
1993-05-17,2.4707
1993-05-18,2.4612
1993-05-19,2.4607
1993-05-20,2.4774
1993-05-21,2.4794
1993-05-23,2.4794
1993-05-24,2.4855
1993-05-25,2.4833
1993-05-27,2.5332
1993-05-28,2.5439
1993-05-30,2.5439
1993-06-01,2.5464
1993-06-02,2.5385
1993-06-03,2.5343
1993-06-04,2.5429
1993-06-06,2.5429
1993-06-07,2.5578
1993-06-08,2.5802
1993-06-09,2.5842
1993-06-10,2.5932
1993-06-11,2.5806
1993-06-13,2.5806
1993-06-14,2.6029
1993-06-15,2.6082
1993-06-16,2.5942
1993-06-17,2.5869
1993-06-18,2.5764
1993-06-20,2.5764
1993-06-21,2.5304
1993-06-22,2.5311
1993-06-23,2.5593
1993-06-24,2.5857
1993-06-25,2.6297
1993-06-27,2.6297
1993-06-28,2.6641
1993-06-29,2.621
1993-06-30,2.6283
1993-07-01,2.6062
1993-07-02,2.5972
1993-07-04,2.5972
1993-07-05,2.5807
1993-07-06,2.5932
1993-07-07,2.6099
1993-07-08,2.6026
1993-07-09,2.5944
1993-07-11,2.5944
1993-07-12,2.5667
1993-07-13,2.5941
1993-07-14,2.5956
1993-07-15,2.6174
1993-07-16,2.6059
1993-07-18,2.6059
1993-07-19,2.6078
1993-07-20,2.5796
1993-07-21,2.585
1993-07-22,2.5866
1993-07-23,2.6326
1993-07-25,2.6326
1993-07-26,2.6787
1993-07-28,2.7131
1993-07-29,2.6974
1993-07-30,2.7313
1993-08-01,2.7313
1993-08-02,2.7443
1993-08-03,2.7393
1993-08-04,2.7271
1993-08-05,2.7394
1993-08-06,2.7372
1993-08-08,2.7372
1993-08-09,2.7262
1993-08-10,2.7339
1993-08-11,2.7586
1993-08-12,2.7686
1993-08-13,2.7945
1993-08-15,2.7945
1993-08-16,2.8235
1993-08-17,2.8012
1993-08-18,2.7895
1993-08-19,2.7838
1993-08-20,2.7313
1993-08-22,2.7313
1993-08-23,2.7542
1993-08-24,2.755
1993-08-25,2.7315
1993-08-26,2.731
1993-08-27,2.7561
1993-08-29,2.7561
1993-08-30,2.766
1993-08-31,2.7593
1993-09-01,2.7335
1993-09-02,2.7145
1993-09-03,2.7141
1993-09-05,2.7141
1993-09-06,2.7251
1993-09-07,2.7472
1993-09-08,2.721
1993-09-09,2.7035
1993-09-10,2.6903
1993-09-12,2.6903
1993-09-13,2.6815
1993-09-14,2.6985
1993-09-15,2.6737
1993-09-19,2.6737
1993-09-20,2.7384
1993-09-21,2.697
1993-09-22,2.6954
1993-09-23,2.694
1993-09-26,2.694
1993-09-27,2.7047
1993-09-28,2.7258
1993-09-29,2.7186
1993-10-01,2.7083
1993-10-03,2.7083
1993-10-04,2.7183
1993-10-05,2.7186
1993-10-06,2.7187
1993-10-08,2.7243
1993-10-10,2.7243
1993-10-11,2.6903
1993-10-12,2.6972
1993-10-13,2.6996
1993-10-14,2.694
1993-10-15,2.6805
1993-10-17,2.6805
1993-10-18,2.6772
1993-10-19,2.6878
1993-10-20,2.686
1993-10-21,2.6736
1993-10-22,2.6765
1993-10-24,2.6765
1993-10-25,2.6807
1993-10-26,2.6939
1993-10-27,2.6925
1993-10-28,2.7027
1993-10-29,2.6989
1993-10-31,2.6989
1993-11-01,2.6931
1993-11-02,2.7147
1993-11-03,2.7311
1993-11-04,2.7233
1993-11-05,2.7126
1993-11-07,2.7126
1993-11-08,2.7137
1993-11-09,2.7146
1993-11-10,2.7417
1993-11-11,2.7509
1993-11-12,2.7635
1993-11-14,2.7635
1993-11-15,2.774
1993-11-16,2.7581
1993-11-17,2.7522
1993-11-18,2.7615
1993-11-19,2.7386
1993-11-21,2.7386
1993-11-22,2.7335
1993-11-23,2.7266
1993-11-24,2.7247
1993-11-25,2.7232
1993-11-26,2.7271
1993-11-28,2.7271
1993-11-29,2.7192
1993-11-30,2.7271
1993-12-01,2.7347
1993-12-02,2.7345
1993-12-03,2.7275
1993-12-05,2.7275
1993-12-06,2.7368
1993-12-07,2.7422
1993-12-08,2.739
1993-12-09,2.7244
1993-12-10,2.7161
1993-12-12,2.7161
1993-12-13,2.7145
1993-12-14,2.7217
1993-12-15,2.7111
1993-12-16,2.7034
1993-12-17,2.7015
1993-12-19,2.7015
1993-12-20,2.6944
1993-12-21,2.6857
1993-12-22,2.6775
1993-12-23,2.6954
1993-12-24,2.6853
1993-12-26,2.6853
1993-12-27,2.6796
1993-12-28,2.6794
1993-12-29,2.6718
1993-12-30,2.6833
1993-12-31,2.6701
1994-01-02,2.6701
1994-01-03,2.6732
1994-01-04,2.6452
1994-01-05,2.6455
1994-01-06,2.6526
1994-01-07,2.6592
1994-01-09,2.6592
1994-01-10,2.6622
1994-01-11,2.6554
1994-01-12,2.6496
1994-01-13,2.6449
1994-01-14,2.6709
1994-01-16,2.6709
1994-01-17,2.6754
1994-01-18,2.6799
1994-01-19,2.6859
1994-01-20,2.674
1994-01-21,2.6941
1994-01-23,2.6941
1994-01-24,2.6677
1994-01-25,2.6805
1994-01-26,2.7075
1994-01-27,2.7332
1994-01-28,2.7481
1994-01-30,2.7481
1994-01-31,2.7347
1994-02-01,2.7517
1994-02-02,2.7484
1994-02-03,2.7466
1994-02-04,2.7478
1994-02-06,2.7478
1994-02-07,2.7465
1994-02-08,2.7501
1994-02-09,2.7693
1994-02-10,2.7613
1994-02-11,2.7597
1994-02-13,2.7597
1994-02-14,2.8187
1994-02-15,2.8883
1994-02-16,2.8614
1994-02-17,2.8574
1994-02-18,2.8306
1994-02-20,2.8306
1994-02-21,2.8032
1994-02-22,2.8085
1994-02-23,2.8332
1994-02-24,2.8329
1994-02-27,2.8329
1994-02-28,2.8503
1994-03-01,2.8335
1994-03-02,2.862
1994-03-03,2.8577
1994-03-04,2.8317
1994-03-06,2.8317
1994-03-07,2.8248
1994-03-08,2.8289
1994-03-09,2.83
1994-03-10,2.8101
1994-03-11,2.833
1994-03-13,2.833
1994-03-14,2.8124
1994-03-15,2.7974
1994-03-16,2.8066
1994-03-17,2.8039
1994-03-18,2.8035
1994-03-20,2.8035
1994-03-21,2.8034
1994-03-22,2.8038
1994-03-23,2.8002
1994-03-24,2.7874
1994-03-25,2.8219
1994-03-28,2.8254
1994-03-29,2.8711
1994-03-30,2.8915
1994-03-31,2.8945
1994-04-03,2.8945
1994-04-05,2.8948
1994-04-06,2.8578
1994-04-07,2.8695
1994-04-08,2.8441
1994-04-10,2.8441
1994-04-11,2.8647
1994-04-12,2.89
1994-04-13,2.8866
1994-04-15,2.8742
1994-04-17,2.8742
1994-04-18,2.8938
1994-04-19,2.8969
1994-04-20,2.8834
1994-04-21,2.8937
1994-04-22,2.885
1994-04-24,2.885
1994-04-25,2.9054
1994-04-26,2.919
1994-04-27,2.9245
1994-04-28,2.9426
1994-04-29,2.963
1994-05-01,2.963
1994-05-02,2.9469
1994-05-03,2.9596
1994-05-04,2.9712
1994-05-05,2.9483
1994-05-06,2.9294
1994-05-08,2.9294
1994-05-09,2.9342
1994-05-10,2.9165
1994-05-11,2.8949
1994-05-12,2.8826
1994-05-13,2.8753
1994-05-15,2.8753
1994-05-17,2.8752
1994-05-18,2.8887
1994-05-19,2.9044
1994-05-20,2.8824
1994-05-22,2.8824
1994-05-23,2.8836
1994-05-24,2.8955
1994-05-25,2.8869
1994-05-26,2.9031
1994-05-27,2.8965
1994-05-29,2.8965
1994-05-30,2.911
1994-05-31,2.9047
1994-06-01,2.8992
1994-06-02,2.9025
1994-06-03,2.8997
1994-06-05,2.8997
1994-06-06,2.9028
1994-06-07,2.9095
1994-06-08,2.9273
1994-06-09,2.9337
1994-06-10,2.9351
1994-06-12,2.9351
1994-06-13,2.9481
1994-06-14,2.9612
1994-06-15,2.9557
1994-06-16,2.9547
1994-06-17,2.9508
1994-06-19,2.9508
1994-06-20,2.9754
1994-06-21,2.9873
1994-06-22,3.024
1994-06-23,3.0194
1994-06-24,3.039
1994-06-26,3.039
1994-06-27,3.0352
1994-06-28,3.0334
1994-06-29,3.0534
1994-06-30,3.0622
1994-07-01,3.0723
1994-07-03,3.0723
1994-07-04,3.0644
1994-07-05,3.0519
1994-07-06,3.0687
1994-07-07,3.0472
1994-07-08,3.0567
1994-07-10,3.0567
1994-07-11,3.062
1994-07-12,3.0717
1994-07-13,3.0716
1994-07-14,3.0549
1994-07-15,3.0626
1994-07-18,3.066
1994-07-19,3.0689
1994-07-20,3.063
1994-07-21,3.0864
1994-07-22,3.088
1994-07-24,3.088
1994-07-25,3.0936
1994-07-26,3.1001
1994-07-27,3.1079
1994-07-28,3.0951
1994-07-29,3.0599
1994-07-31,3.0599
1994-08-01,3.0773
1994-08-02,3.0592
1994-08-03,3.031
1994-08-04,3.0438
1994-08-05,3.0345
1994-08-07,3.0345
1994-08-08,3.0226
1994-08-09,3.0044
1994-08-10,3.0046
1994-08-11,3.0167
1994-08-12,3.037
1994-08-14,3.037
1994-08-15,3.0195
1994-08-16,3.0184
1994-08-17,3.0275
1994-08-18,3.0357
1994-08-19,3.0663
1994-08-21,3.0663
1994-08-22,3.0801
1994-08-23,3.0759
1994-08-24,3.0663
1994-08-25,3.0361
1994-08-26,3.0343
1994-08-28,3.0343
1994-08-29,3.0354
1994-08-30,3.0415
1994-08-31,3.029
1994-09-01,3.0283
1994-09-02,3.0358
1994-09-04,3.0358
1994-09-05,3.0522
1994-09-08,3.045
1994-09-09,3.0458
1994-09-11,3.0458
1994-09-12,3.0499
1994-09-13,3.0485
1994-09-16,3.0483
1994-09-18,3.0483
1994-09-19,3.0568
1994-09-21,3.0849
1994-09-22,3.0772
1994-09-23,3.09
1994-09-25,3.09
1994-09-26,3.0909
1994-09-28,3.072
1994-09-29,3.0716
1994-09-30,3.0593
1994-10-02,3.0593
1994-10-03,3.0283
1994-10-04,3.0296
1994-10-05,3.0241
1994-10-06,3.0232
1994-10-07,3.0134
1994-10-09,3.0134
1994-10-10,3.0044
1994-10-11,3.006
1994-10-12,3.0358
1994-10-13,3.0377
1994-10-14,3.0649
1994-10-16,3.0649
1994-10-17,3.0751
1994-10-18,3.0847
1994-10-19,3.0978
1994-10-20,3.0963
1994-10-21,3.1174
1994-10-23,3.1174
1994-10-24,3.1085
1994-10-25,3.1142
1994-10-26,3.1051
1994-10-27,3.1082
1994-10-28,3.0989
1994-10-30,3.0989
1994-10-31,3.0888
1994-11-01,3.1007
1994-11-02,3.1127
1994-11-03,3.0878
1994-11-04,3.0706
1994-11-06,3.0706
1994-11-07,3.0875
1994-11-08,3.0856
1994-11-09,3.0793
1994-11-10,3.0719
1994-11-11,3.0697
1994-11-13,3.0697
1994-11-14,3.0489
1994-11-15,3.0499
1994-11-16,3.0407
1994-11-17,3.0483
1994-11-18,3.0761
1994-11-20,3.0761
1994-11-21,3.0761
1994-11-22,3.0915
1994-11-23,3.0842
1994-11-24,3.0869
1994-11-25,3.0954
1994-11-27,3.0954
1994-11-28,3.0916
1994-11-29,3.0779
1994-11-30,3.0596
1994-12-01,3.0491
1994-12-02,3.0349
1994-12-04,3.0349
1994-12-05,3.0072
1994-12-06,3.0058
1994-12-07,3.0171
1994-12-08,3.0013
1994-12-09,3.0065
1994-12-11,3.0065
1994-12-12,3.0143
1994-12-13,3.0086
1994-12-14,3.0053
1994-12-15,3.01
1994-12-16,3.0039
1994-12-18,3.0039
1994-12-19,3.0095
1994-12-20,3.0289
1994-12-21,3.052
1994-12-22,3.0433
1994-12-23,3.0435
1994-12-25,3.0435
1994-12-27,3.0269
1994-12-28,3.0271
1994-12-29,3.0315
1994-12-30,3.0265
1995-01-01,3.0265
1995-01-03,3.0175
1995-01-04,2.9911
1995-01-05,2.9901
1995-01-06,2.9896
1995-01-08,2.9896
1995-01-09,3.0012
1995-01-10,3.0045
1995-01-11,3.0163
1995-01-12,3.0234
1995-01-13,3.0475
1995-01-15,3.0475
1995-01-16,3.0542
1995-01-17,3.049
1995-01-18,3.0358
1995-01-19,3.0196
1995-01-20,3.0276
1995-01-22,3.0276
1995-01-23,3.0006
1995-01-24,3.0163
1995-01-25,3.0159
1995-01-26,3.0233
1995-01-27,3.0264
1995-01-29,3.0264
1995-01-30,3.0397
1995-01-31,3.0413
1995-02-01,3.0302
1995-02-02,3.02
1995-02-03,3.0235
1995-02-05,3.0235
1995-02-06,3.0362
1995-02-07,3.0445
1995-02-08,3.0524
1995-02-09,3.0561
1995-02-10,3.0549
1995-02-12,3.0549
1995-02-13,3.0583
1995-02-14,3.0556
1995-02-15,3.0577
1995-02-16,3.0746
1995-02-17,3.0814
1995-02-19,3.0814
1995-02-20,3.0927
1995-02-21,3.0907
1995-02-22,3.0891
1995-02-23,3.0957
1995-02-24,3.088
1995-02-26,3.088
1995-02-27,3.083
1995-02-28,3.0852
1995-03-01,3.0925
1995-03-02,3.0924
1995-03-03,3.1334
1995-03-05,3.1334
1995-03-06,3.1873
1995-03-07,3.2256
1995-03-08,3.306
1995-03-09,3.2549
1995-03-10,3.2744
1995-03-12,3.2744
1995-03-13,3.3125
1995-03-14,3.2714
1995-03-15,3.2875
1995-03-19,3.2875
1995-03-20,3.3283
1995-03-21,3.3219
1995-03-22,3.3391
1995-03-23,3.3584
1995-03-24,3.3801
1995-03-26,3.3801
1995-03-27,3.3436
1995-03-28,3.3444
1995-03-29,3.3617
1995-03-30,3.359
1995-03-31,3.3611
1995-04-02,3.3611
1995-04-03,3.4195
1995-04-04,3.4205
1995-04-05,3.4411
1995-04-06,3.4479
1995-04-07,3.4991
1995-04-09,3.4991
1995-04-10,3.5744
1995-04-11,3.5318
1995-04-12,3.5401
1995-04-13,3.5476
1995-04-16,3.5476
1995-04-18,3.625
1995-04-19,3.664
1995-04-20,3.5999
1995-04-23,3.5999
1995-04-24,3.555
1995-04-25,3.5869
1995-04-26,3.5485
1995-04-27,3.544
1995-04-28,3.5282
1995-04-30,3.5282
1995-05-01,3.553
1995-05-02,3.5508
1995-05-03,3.5557
1995-05-05,3.5383
1995-05-07,3.5383
1995-05-08,3.5588
1995-05-09,3.5618
1995-05-10,3.5714
1995-05-11,3.535
1995-05-12,3.4832
1995-05-14,3.4832
1995-05-15,3.4759
1995-05-16,3.4854
1995-05-17,3.4899
1995-05-18,3.4856
1995-05-19,3.4892
1995-05-21,3.4892
1995-05-22,3.4773
1995-05-23,3.4797
1995-05-24,3.4808
1995-05-25,3.513
1995-05-26,3.5937
1995-05-28,3.5937
1995-05-30,3.6104
1995-05-31,3.6334
1995-06-01,3.53
1995-06-02,3.5473
1995-06-05,3.5504
1995-06-06,3.5336
1995-06-07,3.5427
1995-06-08,3.5346
1995-06-09,3.5257
1995-06-11,3.5257
1995-06-12,3.5424
1995-06-13,3.5544
1995-06-14,3.5321
1995-06-15,3.506
1995-06-16,3.5109
1995-06-18,3.5109
1995-06-19,3.5051
1995-06-20,3.5139
1995-06-21,3.5323
1995-06-22,3.5284
1995-06-23,3.5141
1995-06-25,3.5141
1995-06-26,3.5219
1995-06-27,3.5293
1995-06-28,3.5074
1995-06-29,3.4809
1995-06-30,3.4797
1995-07-02,3.4797
1995-07-03,3.4845
1995-07-04,3.4867
1995-07-05,3.4717
1995-07-06,3.4656
1995-07-07,3.4343
1995-07-09,3.4343
1995-07-10,3.3909
1995-07-11,3.3852
1995-07-12,3.3733
1995-07-13,3.3407
1995-07-14,3.36
1995-07-16,3.36
1995-07-17,3.3125
1995-07-18,3.3235
1995-07-19,3.3542
1995-07-20,3.3516
1995-07-21,3.3324
1995-07-23,3.3324
1995-07-24,3.3558
1995-07-25,3.3768
1995-07-26,3.3777
1995-07-27,3.3849
1995-07-28,3.3819
1995-07-30,3.3819
1995-07-31,3.4034
1995-08-01,3.3933
1995-08-02,3.3248
1995-08-03,3.3239
1995-08-04,3.3128
1995-08-07,3.3126
1995-08-08,3.2933
1995-08-09,3.3029
1995-08-10,3.2692
1995-08-11,3.2312
1995-08-13,3.2312
1995-08-14,3.2273
1995-08-15,3.1797
1995-08-16,3.1138
1995-08-17,3.0986
1995-08-18,3.1082
1995-08-20,3.1082
1995-08-21,3.1409
1995-08-22,3.1415
1995-08-23,3.1547
1995-08-24,3.1404
1995-08-25,3.1584
1995-08-27,3.1584
1995-08-28,3.1602
1995-08-29,3.1271
1995-08-30,3.0785
1995-08-31,3.1332
1995-09-01,3.1219
1995-09-03,3.1219
1995-09-04,3.1205
1995-09-05,3.1045
1995-09-06,3.0709
1995-09-07,3.0958
1995-09-08,3.0505
1995-09-10,3.0505
1995-09-11,3.0576
1995-09-12,3.0191
1995-09-13,2.979
1995-09-14,2.9682
1995-09-15,2.9416
1995-09-17,2.9416
1995-09-18,2.9409
1995-09-19,2.9203
1995-09-20,2.9329
1995-09-21,3.0227
1995-09-22,3.0432
1995-09-24,3.0432
1995-09-27,3.0107
1995-09-28,3.0025
1995-09-29,3.0499
1995-10-01,3.0499
1995-10-02,2.985
1995-10-05,2.9941
1995-10-06,3.006
1995-10-08,3.006
1995-10-10,2.9743
1995-10-11,2.9725
1995-10-12,2.9913
1995-10-13,2.9881
1995-10-15,2.9881
1995-10-17,2.9769
1995-10-18,2.9644
1995-10-19,2.9695
1995-10-20,2.9859
1995-10-22,2.9859
1995-10-23,3.0071
1995-10-24,3.0172
1995-10-25,3.002
1995-10-26,2.9882
1995-10-27,2.9974
1995-10-29,2.9974
1995-10-30,2.9799
1995-10-31,2.9703
1995-11-01,2.9415
1995-11-02,2.9054
1995-11-03,2.913
1995-11-05,2.913
1995-11-06,2.9224
1995-11-07,2.9258
1995-11-08,2.9511
1995-11-09,2.9525
1995-11-10,3.0085
1995-11-12,3.0085
1995-11-13,2.9894
1995-11-14,2.9548
1995-11-15,2.9805
1995-11-16,2.9842
1995-11-17,2.9942
1995-11-19,2.9942
1995-11-20,3.0332
1995-11-21,3.0229
1995-11-22,3.0109
1995-11-23,3.0416
1995-11-24,3.0455
1995-11-26,3.0455
1995-11-27,3.0241
1995-11-28,3.0425
1995-11-29,3.0212
1995-11-30,3.0294
1995-12-01,3.0383
1995-12-03,3.0383
1995-12-04,3.0519
1995-12-05,3.0465
1995-12-06,3.0432
1995-12-07,3.0543
1995-12-08,3.0555
1995-12-10,3.0555
1995-12-11,3.0871
1995-12-12,3.0668
1995-12-13,3.0652
1995-12-14,3.0623
1995-12-15,3.0574
1995-12-17,3.0574
1995-12-18,3.0676
1995-12-19,3.0744
1995-12-20,3.0811
1995-12-21,3.1148
1995-12-22,3.0983
1995-12-24,3.0983
1995-12-27,3.0638
1995-12-28,3.0663
1995-12-29,3.0452
1995-12-31,3.0452
1996-01-02,3.0111
1996-01-03,2.994
1996-01-04,2.9567
1996-01-05,2.9822
1996-01-07,2.9822
1996-01-08,2.9764
1996-01-09,2.9764
1996-01-10,2.9803
1996-01-11,2.9826
1996-01-12,2.969
1996-01-14,2.969
1996-01-15,2.9688
1996-01-16,2.9478
1996-01-17,2.9565
1996-01-18,2.9648
1996-01-19,2.9558
1996-01-21,2.9558
1996-01-22,2.9454
1996-01-23,2.9634
1996-01-24,2.9322
1996-01-25,2.9354
1996-01-26,2.9555
1996-01-28,2.9555
1996-01-29,2.9496
1996-01-30,2.9318
1996-01-31,2.9323
1996-02-01,2.9253
1996-02-02,2.941
1996-02-04,2.941
1996-02-05,2.9745
1996-02-06,2.9692
1996-02-07,2.9463
1996-02-08,2.9336
1996-02-09,2.9238
1996-02-11,2.9238
1996-02-12,2.9192
1996-02-13,2.9059
1996-02-14,2.9149
1996-02-15,2.9389
1996-02-16,2.9367
1996-02-18,2.9367
1996-02-19,2.9638
1996-02-20,2.9195
1996-02-21,2.9375
1996-02-22,2.9607
1996-02-23,2.963
1996-02-25,2.963
1996-02-26,2.9764
1996-02-27,2.9889
1996-02-28,2.9712
1996-02-29,2.9604
1996-03-01,2.9361
1996-03-03,2.9361
1996-03-04,2.9496
1996-03-07,2.9374
1996-03-08,2.9323
1996-03-10,2.9323
1996-03-11,2.9447
1996-03-12,2.9254
1996-03-13,2.9351
1996-03-14,2.9377
1996-03-15,2.9253
1996-03-17,2.9253
1996-03-18,2.9205
1996-03-19,2.9097
1996-03-20,2.9006
1996-03-21,2.9084
1996-03-22,2.8899
1996-03-24,2.8899
1996-03-25,2.909
1996-03-26,2.93
1996-03-27,2.9365
1996-03-28,2.9396
1996-03-29,2.923
1996-03-31,2.923
1996-04-01,2.8927
1996-04-02,2.9115
1996-04-07,2.9115
1996-04-09,2.9006
1996-04-11,2.8984
1996-04-12,2.9015
1996-04-14,2.9015
1996-04-15,2.9089
1996-04-16,2.933
1996-04-17,2.9344
1996-04-18,2.9609
1996-04-19,2.9861
1996-04-21,2.9861
1996-04-22,2.9785
1996-04-23,2.9708
1996-04-25,2.9715
1996-04-26,2.9768
1996-04-28,2.9768
1996-04-29,3.0556
1996-04-30,3.0543
1996-05-01,3.0397
1996-05-02,3.0556
1996-05-03,3.0769
1996-05-05,3.0769
1996-05-06,3.1044
1996-05-07,3.1282
1996-05-08,3.0935
1996-05-09,3.0924
1996-05-10,3.0857
1996-05-12,3.0857
1996-05-13,3.068
1996-05-14,3.0615
1996-05-15,3.0413
1996-05-16,3.0455
1996-05-17,3.0449
1996-05-19,3.0449
1996-05-20,3.049
1996-05-21,3.0587
1996-05-22,3.0467
1996-05-23,3.0606
1996-05-26,3.0606
1996-05-28,3.0316
1996-05-30,3.0865
1996-05-31,3.0406
1996-06-02,3.0406
1996-06-03,3.0438
1996-06-04,3.0195
1996-06-05,3.0096
1996-06-06,2.9998
1996-06-07,3.0042
1996-06-09,3.0042
1996-06-10,2.977
1996-06-11,2.9893
1996-06-12,2.9923
1996-06-13,2.9931
1996-06-14,3.0194
1996-06-16,3.0194
1996-06-17,2.9938
1996-06-18,3.0241
1996-06-19,3.012
1996-06-20,3.0227
1996-06-21,3.0058
1996-06-23,3.0058
1996-06-24,2.9663
1996-06-25,2.9603
1996-06-26,2.9418
1996-06-27,2.9329
1996-06-28,2.9171
1996-06-30,2.9171
1996-07-01,2.9219
1996-07-02,2.9104
1996-07-03,2.8896
1996-07-04,2.8935
1996-07-05,2.8866
1996-07-07,2.8866
1996-07-08,2.8704
1996-07-09,2.8655
1996-07-10,2.8819
1996-07-11,2.892
1996-07-12,2.8958
1996-07-14,2.8958
1996-07-15,2.8706
1996-07-16,2.9091
1996-07-18,2.9291
1996-07-19,2.9413
1996-07-21,2.9413
1996-07-22,2.9414
1996-07-23,2.9399
1996-07-24,2.9324
1996-07-26,2.9205
1996-07-28,2.9205
1996-07-29,2.917
1996-07-30,2.9323
1996-07-31,2.9496
1996-08-01,2.9333
1996-08-02,2.9473
1996-08-04,2.9473
1996-08-05,2.9459
1996-08-06,2.9413
1996-08-07,2.9316
1996-08-08,2.9118
1996-08-09,2.9076
1996-08-11,2.9076
1996-08-12,2.9113
1996-08-13,2.9173
1996-08-14,2.9161
1996-08-15,2.9206
1996-08-16,2.925
1996-08-18,2.925
1996-08-19,2.9188
1996-08-20,2.9164
1996-08-21,2.9037
1996-08-22,2.9073
1996-08-23,2.9109
1996-08-25,2.9109
1996-08-26,2.911
1996-08-27,2.9104
1996-08-28,2.8989
1996-08-29,2.8992
1996-08-30,2.8979
1996-09-01,2.8979
1996-09-02,2.8823
1996-09-03,2.8834
1996-09-04,2.8886
1996-09-05,2.8831
1996-09-06,2.8812
1996-09-08,2.8812
1996-09-09,2.8933
1996-09-10,2.8901
1996-09-11,2.8761
1996-09-12,2.8801
1996-09-16,2.8706
1996-09-17,2.8781
1996-09-18,2.8778
1996-09-19,2.8991
1996-09-20,2.8887
1996-09-24,2.8911
1996-09-25,2.8774
1996-09-26,2.8795
1996-09-27,2.8848
1996-09-29,2.8848
1996-09-30,2.8905
1996-10-01,2.8723
1996-10-02,2.852
1996-10-03,2.8614
1996-10-04,2.8598
1996-10-06,2.8598
1996-10-07,2.8636
1996-10-08,2.8674
1996-10-09,2.86
1996-10-10,2.869
1996-10-11,2.8659
1996-10-13,2.8659
1996-10-14,2.8593
1996-10-15,2.8467
1996-10-16,2.8551
1996-10-17,2.8879
1996-10-18,2.9072
1996-10-20,2.9072
1996-10-21,2.8975
1996-10-22,2.8756
1996-10-23,2.8844
1996-10-24,2.9073
1996-10-25,2.897
1996-10-27,2.897
1996-10-28,2.8489
1996-10-29,2.8614
1996-10-30,2.8589
1996-10-31,2.8781
1996-11-01,2.8737
1996-11-03,2.8737
1996-11-04,2.8708
1996-11-05,2.8504
1996-11-06,2.8466
1996-11-07,2.9043
1996-11-08,2.8976
1996-11-10,2.8976
1996-11-11,2.917
1996-11-12,2.9124
1996-11-13,2.9034
1996-11-14,2.8968
1996-11-15,2.9101
1996-11-17,2.9101
1996-11-18,2.893
1996-11-19,2.8989
1996-11-20,2.9084
1996-11-21,2.9104
1996-11-22,2.9181
1996-11-24,2.9181
1996-11-25,2.8889
1996-11-26,2.877
1996-11-27,2.8704
1996-11-28,2.8663
1996-11-29,2.861
1996-12-01,2.861
1996-12-02,2.8804
1996-12-03,2.8867
1996-12-04,2.9043
1996-12-05,2.9084
1996-12-06,2.9176
1996-12-08,2.9176
1996-12-09,2.8971
1996-12-10,2.8988
1996-12-11,2.9139
1996-12-12,2.8988
1996-12-13,2.902
1996-12-15,2.902
1996-12-16,2.8816
1996-12-17,2.8792
1996-12-18,2.8839
1996-12-19,2.8762
1996-12-20,2.8609
1996-12-22,2.8609
1996-12-23,2.8645
1996-12-24,2.8566
1996-12-25,2.8566
1996-12-26,2.8566
1996-12-27,2.8349
1996-12-29,2.8349
1996-12-31,2.8031
1997-01-02,2.8004
1997-01-03,2.797
1997-01-05,2.797
1997-01-06,2.8006
1997-01-07,2.8099
1997-01-08,2.804
1997-01-09,2.7949
1997-01-10,2.8136
1997-01-13,2.8032
1997-01-14,2.7993
1997-01-15,2.7835
1997-01-16,2.7865
1997-01-17,2.7949
1997-01-20,2.7876
1997-01-21,2.7871
1997-01-22,2.7747
1997-01-23,2.7693
1997-01-24,2.7699
1997-01-27,2.7695
1997-01-28,2.7466
1997-01-29,2.7119
1997-01-30,2.7185
1997-01-31,2.7242
1997-02-03,2.7206
1997-02-04,2.7141
1997-02-05,2.6908
1997-02-06,2.6836
1997-02-07,2.677
1997-02-10,2.7107
1997-02-11,2.7064
1997-02-12,2.694
1997-02-13,2.6938
1997-02-17,2.6983
1997-02-18,2.7042
1997-02-19,2.7058
1997-02-20,2.7115
1997-02-24,2.7332
1997-02-25,2.7412
1997-02-26,2.759
1997-02-27,2.7661
1997-03-03,2.7791
1997-03-04,2.7606
1997-03-05,2.7731
1997-03-06,2.7738
1997-03-07,2.7781
1997-03-10,2.7661
1997-03-11,2.7681
1997-03-12,2.7477
1997-03-13,2.7402
1997-03-14,2.7295
1997-03-17,2.7244
1997-03-18,2.7405
1997-03-19,2.7323
1997-03-20,2.7416
1997-03-21,2.7336
1997-03-25,2.7245
1997-03-26,2.7131
1997-03-27,2.7205
1997-04-01,2.7136
1997-04-02,2.7425
1997-04-03,2.7372
1997-04-04,2.7166
1997-04-07,2.6982
1997-04-08,2.6848
1997-04-09,2.6819
1997-04-10,2.6971
1997-04-11,2.6937
1997-04-14,2.6909
1997-04-15,2.6957
1997-04-16,2.7005
1997-04-17,2.7071
1997-04-18,2.7014
1997-04-23,2.6962
1997-04-24,2.6972
1997-04-25,2.6981
1997-04-29,2.6918
1997-04-30,2.6877
1997-05-01,2.6824
1997-05-02,2.6935
1997-05-05,2.6964
1997-05-06,2.709
1997-05-07,2.7208
1997-05-08,2.7444
1997-05-09,2.7719
1997-05-13,2.8543
1997-05-14,2.8639
1997-05-15,2.9371
1997-05-16,2.9256
1997-05-19,2.9161
1997-05-20,2.9896
1997-05-21,2.9765
1997-05-22,2.9358
1997-05-23,2.9335
1997-05-27,2.9169
1997-05-28,2.9279
1997-05-29,2.9198
1997-05-30,2.9202
1997-06-02,2.9259
1997-06-03,2.9413
1997-06-04,2.9339
1997-06-05,2.9502
1997-06-06,2.948
1997-06-09,3.0224
1997-06-10,3.0131
1997-06-12,2.9874
1997-06-13,2.9867
1997-06-16,2.9953
1997-06-17,3.0051
1997-06-18,3.0191
1997-06-19,3.0182
1997-06-20,2.9994
1997-06-23,3.0188
1997-06-24,3.058
1997-06-25,3.0933
1997-06-26,3.1481
1997-06-27,3.1462
1997-06-30,3.133
1997-07-01,3.087
1997-07-02,3.0625
1997-07-03,3.0767
1997-07-04,3.1399
1997-07-07,3.1761
1997-07-08,3.1704
1997-07-09,3.1663
1997-07-10,3.1471
1997-07-11,3.124
1997-07-14,3.1226
1997-07-15,3.1196
1997-07-16,3.0723
1997-07-17,3.0521
1997-07-18,3.054
1997-07-21,3.0424
1997-07-22,3.0431
1997-07-23,3.0517
1997-07-24,3.0434
1997-07-25,3.0582
1997-07-28,3.0259
1997-07-29,3.0109
1997-07-30,2.9836
1997-07-31,2.9961
1997-08-01,2.9723
1997-08-04,2.9824
1997-08-05,2.9913
1997-08-06,2.9683
1997-08-07,2.9712
1997-08-08,2.9862
1997-08-11,3.0491
1997-08-13,3.0396
1997-08-14,3.0284
1997-08-15,2.9717
1997-08-18,2.9864
1997-08-19,2.9887
1997-08-20,3.0011
1997-08-21,3.0038
1997-08-22,3.0178
1997-08-25,2.986
1997-08-26,2.9806
1997-08-27,2.9562
1997-08-28,2.9621
1997-08-29,2.9423
1997-09-01,2.904
1997-09-02,2.8901
1997-09-03,2.899
1997-09-04,2.9242
1997-09-05,2.9051
1997-09-08,2.9062
1997-09-09,2.961
1997-09-10,2.9515
1997-09-11,2.9475
1997-09-12,2.9041
1997-09-15,2.9118
1997-09-16,2.902
1997-09-17,2.9058
1997-09-18,2.8854
1997-09-19,2.8808
1997-09-22,2.8687
1997-09-23,2.8755
1997-09-24,2.9246
1997-09-25,2.9
1997-09-26,2.9061
1997-09-29,2.8955
1997-09-30,2.8853
1997-10-06,2.8658
1997-10-07,2.8627
1997-10-08,2.8855
1997-10-09,2.8771
1997-10-13,2.8894
1997-10-14,2.8836
1997-10-15,2.9021
1997-10-17,2.9325
1997-10-20,2.9003
1997-10-21,2.9274
1997-10-22,2.9336
1997-10-24,2.9305
1997-10-27,2.9077
1997-10-28,2.9507
1997-10-29,2.9384
1997-10-30,2.9488
1997-10-31,2.947
1997-11-03,2.9364
1997-11-04,2.911
1997-11-05,2.8826
1997-11-06,2.866
1997-11-07,2.8577
1997-11-10,2.8506
1997-11-11,2.821
1997-11-12,2.8111
1997-11-13,2.8232
1997-11-14,2.8098
1997-11-17,2.8155
1997-11-18,2.8063
1997-11-19,2.7692
1997-11-20,2.7888
1997-11-21,2.8124
1997-11-24,2.7774
1997-11-25,2.7799
1997-11-26,2.7867
1997-11-27,2.7877
1997-11-28,2.7692
1997-12-01,2.743
1997-12-02,2.751
1997-12-08,2.7102
1997-12-09,2.7127
1997-12-10,2.746
1997-12-11,2.7298
1997-12-12,2.7222
1997-12-15,2.6943
1997-12-16,2.7003
1997-12-17,2.7752
1997-12-18,2.76
1997-12-19,2.7465
1997-12-22,2.7063
1997-12-23,2.7174
1997-12-24,2.7283
1997-12-29,2.7133
1997-12-30,2.7282
1997-12-31,2.7143
1998-01-02,2.6965
1998-01-05,2.6682
1998-01-06,2.6659
1998-01-07,2.6913
1998-01-08,2.6746
1998-01-09,2.7159
1998-01-12,2.6945
1998-01-13,2.7024
1998-01-14,2.7423
1998-01-15,2.74
1998-01-16,2.8106
1998-01-19,2.7927
1998-01-20,2.791
1998-01-21,2.8056
1998-01-22,2.8153
1998-01-23,2.8447
1998-01-26,2.835
1998-01-27,2.8272
1998-01-28,2.8485
1998-01-29,2.8604
1998-01-30,2.8365
1998-02-02,2.8269
1998-02-03,2.8463
1998-02-04,2.8769
1998-02-05,2.9099
1998-02-06,2.8836
1998-02-09,2.8817
1998-02-10,2.9166
1998-02-11,2.9057
1998-02-12,2.9357
1998-02-13,2.882
1998-02-16,2.8527
1998-02-17,2.8642
1998-02-18,2.8576
1998-02-19,2.8647
1998-02-20,2.8453
1998-02-23,2.8009
1998-02-24,2.81
1998-02-25,2.8142
1998-02-26,2.8034
1998-02-27,2.8309
1998-03-02,2.8601
1998-03-03,2.8364
1998-03-04,2.8345
1998-03-05,2.8105
1998-03-06,2.8191
1998-03-09,2.7967
1998-03-10,2.8088
1998-03-11,2.7794
1998-03-16,2.7598
1998-03-17,2.7619
1998-03-18,2.7475
1998-03-19,2.7688
1998-03-20,2.7612
1998-03-23,2.7588
1998-03-24,2.7582
1998-03-25,2.7637
1998-03-26,2.7782
1998-03-27,2.7742
1998-03-30,2.7252
1998-03-31,2.7067
1998-04-01,2.6993
1998-04-02,2.7037
1998-04-03,2.6991
1998-04-06,2.7464
1998-04-07,2.7569
1998-04-08,2.7655
1998-04-09,2.7724
1998-04-14,2.8954
1998-04-15,2.8838
1998-04-16,2.8361
1998-04-20,2.8254
1998-04-21,2.8566
1998-04-22,2.8735
1998-04-23,2.8671
1998-04-24,2.887
1998-04-27,2.7984
1998-04-28,2.82
1998-04-29,2.8009
1998-05-04,2.7775
1998-05-05,2.7915
1998-05-06,2.7862
1998-05-07,2.777
1998-05-08,2.7771
1998-05-11,2.7724
1998-05-12,2.7567
1998-05-13,2.7338
1998-05-14,2.7364
1998-05-15,2.732
1998-05-18,2.6961
1998-05-19,2.6912
1998-05-20,2.6864
1998-05-21,2.6984
1998-05-22,2.6801
1998-05-26,2.6422
1998-05-27,2.6475
1998-05-28,2.6297
1998-05-29,2.6304
1998-06-01,2.6151
1998-06-02,2.6247
1998-06-03,2.6483
1998-06-04,2.6394
1998-06-05,2.6202
1998-06-08,2.6078
1998-06-09,2.6132
1998-06-10,2.5998
1998-06-11,2.5877
1998-06-12,2.5529
1998-06-15,2.5206
1998-06-16,2.5563
1998-06-17,2.5824
1998-06-18,2.6913
1998-06-19,2.7167
1998-06-22,2.6479
1998-06-23,2.64
1998-06-24,2.6108
1998-06-25,2.5995
1998-06-26,2.5907
1998-06-29,2.5804
1998-06-30,2.627
1998-07-01,2.6497
1998-07-02,2.6153
1998-07-03,2.6443
1998-07-06,2.6075
1998-07-07,2.6426
1998-07-08,2.6248
1998-07-09,2.6152
1998-07-10,2.5917
1998-07-13,2.5829
1998-07-14,2.5945
1998-07-15,2.6008
1998-07-16,2.6212
1998-07-17,2.6228
1998-07-20,2.6241
1998-07-21,2.6161
1998-07-22,2.5943
1998-07-23,2.5816
1998-07-24,2.6074
1998-07-27,2.5718
1998-07-28,2.5762
1998-07-29,2.5805
1998-07-30,2.5734
1998-07-31,2.5305
1998-08-03,2.5039
1998-08-04,2.5221
1998-08-05,2.538
1998-08-06,2.526
1998-08-07,2.5554
1998-08-10,2.5162
1998-08-11,2.4991
1998-08-12,2.5394
1998-08-13,2.5314
1998-08-14,2.5442
1998-08-17,2.5222
1998-08-18,2.5322
1998-08-19,2.5606
1998-08-20,2.6112
1998-08-21,2.6027
1998-08-24,2.5842
1998-08-25,2.5766
1998-08-26,2.5837
1998-08-27,2.6422
1998-08-28,2.7071
1998-08-31,2.6743
1998-09-01,2.798
1998-09-02,2.758
1998-09-03,2.8321
1998-09-04,2.8413
1998-09-07,2.9483
1998-09-08,2.9049
1998-09-09,2.7987
1998-09-10,2.8642
1998-09-11,2.9425
1998-09-14,2.8902
1998-09-15,2.8909
1998-09-16,2.829
1998-09-17,2.8978
1998-09-18,2.9166
1998-09-23,2.8104
1998-09-24,2.8196
1998-09-25,2.8563
1998-09-28,2.821
1998-10-01,2.8524
1998-10-02,2.9364
1998-10-06,3.019
1998-10-07,3.2614
1998-10-08,3.7116
1998-10-09,3.6025
1998-10-13,3.49
1998-10-14,3.4995
1998-10-15,3.5712
1998-10-16,3.6608
1998-10-19,3.7024
1998-10-20,3.6895
1998-10-21,3.7514
1998-10-22,3.6845
1998-10-23,3.5834
1998-10-26,3.5208
1998-10-27,3.5045
1998-10-28,3.5688
1998-10-29,3.6796
1998-10-30,3.6471
1998-11-02,3.7171
1998-11-03,3.7328
1998-11-04,3.6848
1998-11-05,3.6699
1998-11-06,3.6665
1998-11-09,3.5913
1998-11-10,3.5103
1998-11-11,3.5022
1998-11-12,3.44
1998-11-13,3.4366
1998-11-16,3.4329
1998-11-17,3.4431
1998-11-18,3.417
1998-11-19,3.4923
1998-11-20,3.4858
1998-11-23,3.4523
1998-11-24,3.4313
1998-11-25,3.4285
1998-11-26,3.4054
1998-11-27,3.43
1998-11-30,3.4109
1998-12-01,3.4254
1998-12-02,3.4505
1998-12-03,3.5249
1998-12-04,3.5409
1998-12-07,3.4965
1998-12-08,3.4947
1998-12-09,3.5279
1998-12-10,3.5397
1998-12-11,3.5424
1998-12-14,3.5901
1998-12-15,3.5758
1998-12-16,3.5922
1998-12-17,3.6074
1998-12-18,3.6461
1998-12-21,3.6308
1998-12-22,3.5692
1998-12-23,3.6029
1998-12-24,3.5989
1998-12-28,3.588
1998-12-29,3.6167
1998-12-30,3.6144
1998-12-31,3.6546
1999-01-04,3.6596
1999-01-05,3.6965
1999-01-06,3.6333
1999-01-07,3.6551
1999-01-08,3.654
1999-01-11,3.7265
1999-01-12,3.6084
1999-01-13,3.6445
1999-01-14,3.5692
1999-01-15,3.6263
1999-01-18,3.5348
1999-01-19,3.5671
1999-01-20,3.571
1999-01-21,3.6195
1999-01-22,3.5884
1999-01-25,3.5606
1999-01-26,3.5867
1999-01-27,3.5634
1999-01-28,3.5398
1999-01-29,3.5269
1999-02-01,3.5356
1999-02-02,3.6045
1999-02-03,3.6526
1999-02-04,3.5897
1999-02-05,3.6418
1999-02-08,3.5913
1999-02-09,3.5634
1999-02-10,3.535
1999-02-11,3.5667
1999-02-12,3.5262
1999-02-15,3.5346
1999-02-16,3.4373
1999-02-17,3.4194
1999-02-18,3.3958
1999-02-19,3.3913
1999-02-22,3.3444
1999-02-23,3.346
1999-02-24,3.3357
1999-02-25,3.3728
1999-02-26,3.3606
1999-03-01,3.3923
1999-03-04,3.2802
1999-03-05,3.2836
1999-03-08,3.3103
1999-03-09,3.3069
1999-03-10,3.3429
1999-03-11,3.3361
1999-03-12,3.3488
1999-03-15,3.415
1999-03-16,3.4132
1999-03-17,3.3861
1999-03-18,3.4101
1999-03-19,3.4269
1999-03-22,3.4239
1999-03-23,3.4025
1999-03-24,3.4252
1999-03-25,3.4389
1999-03-26,3.3996
1999-03-29,3.3509
1999-03-30,3.3547
1999-04-06,3.3258
1999-04-08,3.3469
1999-04-09,3.3371
1999-04-12,3.3607
1999-04-13,3.3474
1999-04-14,3.3809
1999-04-15,3.3906
1999-04-16,3.3999
1999-04-19,3.4078
1999-04-20,3.4186
1999-04-22,3.3709
1999-04-23,3.3881
1999-04-26,3.4237
1999-04-27,3.4298
1999-04-28,3.4702
1999-04-29,3.4905
1999-04-30,3.4732
1999-05-03,3.4589
1999-05-04,3.4067
1999-05-05,3.3865
1999-05-06,3.401
1999-05-07,3.4133
1999-05-10,3.4206
1999-05-11,3.435
1999-05-12,3.4189
1999-05-13,3.4037
1999-05-14,3.3539
1999-05-18,3.3123
1999-05-19,3.2843
1999-05-20,3.2886
1999-05-24,3.3226
1999-05-25,3.3662
1999-05-26,3.3783
1999-05-27,3.3621
1999-05-28,3.4164
1999-06-01,3.3815
1999-06-02,3.3741
1999-06-03,3.3867
1999-06-04,3.3708
1999-06-07,3.3834
1999-06-08,3.3646
1999-06-09,3.4358
1999-06-10,3.43
1999-06-11,3.4457
1999-06-14,3.3875
1999-06-15,3.3763
1999-06-16,3.3921
1999-06-17,3.398
1999-06-18,3.423
1999-06-21,3.3406
1999-06-22,3.3589
1999-06-23,3.368
1999-06-24,3.378
1999-06-25,3.386
1999-06-28,3.3706
1999-06-29,3.3651
1999-06-30,3.3715
1999-07-01,3.3627
1999-07-02,3.366
1999-07-05,3.3465
1999-07-06,3.3425
1999-07-07,3.3441
1999-07-08,3.3359
1999-07-09,3.343
1999-07-12,3.3453
1999-07-13,3.3706
1999-07-14,3.3823
1999-07-15,3.3863
1999-07-16,3.3773
1999-07-19,3.4051
1999-07-20,3.4482
1999-07-21,3.4415
1999-07-23,3.523
1999-07-26,3.5438
1999-07-27,3.5365
1999-07-28,3.5491
1999-07-29,3.5841
1999-07-30,3.6095
1999-08-02,3.6622
1999-08-03,3.6049
1999-08-04,3.6319
1999-08-05,3.6534
1999-08-06,3.6438
1999-08-09,3.6178
1999-08-10,3.6576
1999-08-11,3.6375
1999-08-12,3.6065
1999-08-13,3.6502
1999-08-16,3.6473
1999-08-17,3.6708
1999-08-18,3.713
1999-08-19,3.7796
1999-08-20,3.7937
1999-08-23,3.7871
1999-08-24,3.7714
1999-08-25,3.8218
1999-08-26,3.8132
1999-08-27,3.7985
1999-08-30,3.8119
1999-08-31,3.8809
1999-09-01,3.8686
1999-09-02,3.8786
1999-09-03,3.8474
1999-09-06,3.8409
1999-09-07,3.7883
1999-09-08,3.8158
1999-09-09,3.8898
1999-09-13,3.9872
1999-09-14,3.9816
1999-09-15,4.0637
1999-09-16,4.0683
1999-09-17,3.9721
1999-09-21,4.0684
1999-09-22,4.0867
1999-09-23,4.0945
1999-09-24,4.1033
1999-09-27,4.0702
1999-09-28,4.0273
1999-09-29,3.9996
1999-09-30,4.0583
1999-10-01,4.0344
1999-10-04,4.0228
1999-10-05,3.9839
1999-10-06,3.9604
1999-10-07,3.9619
1999-10-08,3.9634
1999-10-11,3.9897
1999-10-12,4.0064
1999-10-13,3.9614
1999-10-14,3.9961
1999-10-15,4.0302
1999-10-18,4.0683
1999-10-19,4.0439
1999-10-20,4.0314
1999-10-21,4.0281
1999-10-22,4.0478
1999-10-25,4.0484
1999-10-26,4.0713
1999-10-27,4.092
1999-10-28,4.0894
1999-10-29,4.0507
1999-11-01,4.0697
1999-11-02,4.0418
1999-11-03,4.0682
1999-11-04,4.0319
1999-11-05,4.0042
1999-11-08,3.9751
1999-11-09,4.0173
1999-11-10,4.007
1999-11-11,4.0057
1999-11-12,4.0185
1999-11-15,4.0387
1999-11-16,4.0008
1999-11-17,4.0017
1999-11-18,3.9989
1999-11-19,3.9926
1999-11-22,4.035
1999-11-23,4.0464
1999-11-24,4.0525
1999-11-25,4.0606
1999-11-26,4.0645
1999-11-29,4.1516
1999-11-30,4.1453
1999-12-01,4.1323
1999-12-02,4.1297
1999-12-03,4.129
1999-12-06,4.1078
1999-12-07,4.1208
1999-12-08,4.1186
1999-12-09,4.1101
1999-12-10,4.1274
1999-12-13,4.0951
1999-12-14,4.0368
1999-12-15,4.045
1999-12-16,4.0707
1999-12-17,4.0674
1999-12-20,4.0539
1999-12-21,4.0882
1999-12-22,4.1058
1999-12-23,4.1007
1999-12-24,4.0516
1999-12-27,4.0674
1999-12-28,4.0528
1999-12-29,4.0567
1999-12-30,4.0626
2000-01-03,4.0513
2000-01-04,4.0175
2000-01-05,4.0044
2000-01-06,3.9688
2000-01-07,3.9425
2000-01-10,3.9275
2000-01-11,3.8728
2000-01-12,3.8897
2000-01-13,3.8824
2000-01-14,3.8845
2000-01-17,3.8956
2000-01-18,3.8576
2000-01-19,3.8586
2000-01-20,3.8776
2000-01-21,3.9011
2000-01-24,3.8941
2000-01-25,3.8779
2000-01-26,3.8547
2000-01-27,3.8666
2000-01-28,3.8944
2000-01-31,3.8269
2000-02-01,3.7808
2000-02-02,3.7454
2000-02-03,3.7353
2000-02-04,3.7697
2000-02-07,3.7511
2000-02-08,3.7328
2000-02-09,3.7368
2000-02-10,3.7481
2000-02-11,3.7136
2000-02-14,3.739
2000-02-15,3.7255
2000-02-16,3.7053
2000-02-17,3.6666
2000-02-18,3.6529
2000-02-21,3.6406
2000-02-22,3.6547
2000-02-23,3.6413
2000-02-24,3.6445
2000-02-25,3.6436
2000-02-28,3.7054
2000-02-29,3.6676
2000-03-01,3.7039
2000-03-02,3.7622
2000-03-03,3.7364
2000-03-06,3.7276
2000-03-07,3.719
2000-03-08,3.7473
2000-03-09,3.7463
2000-03-10,3.7368
2000-03-13,3.7699
2000-03-14,3.7824
2000-03-15,3.7697
2000-03-16,3.7747
2000-03-17,3.7405
2000-03-20,3.7314
2000-03-23,3.7739
2000-03-24,3.7826
2000-03-27,3.7686
2000-03-28,3.7528
2000-03-29,3.8144
2000-03-30,3.8414
2000-03-31,3.8337
2000-04-03,3.8575
2000-04-04,3.8167
2000-04-05,3.8716
2000-04-06,3.8477
2000-04-07,3.8385
2000-04-10,3.7794
2000-04-11,3.7796
2000-04-12,3.8188
2000-04-13,3.8105
2000-04-14,3.8094
2000-04-17,3.9273
2000-04-18,3.886
2000-04-25,3.8206
2000-04-27,3.8037
2000-04-28,3.7893
2000-05-02,3.7547
2000-05-03,3.7406
2000-05-04,3.7643
2000-05-05,3.8181
2000-05-08,3.7937
2000-05-09,3.785
2000-05-11,3.8295
2000-05-12,3.8256
2000-05-15,3.7815
2000-05-16,3.794
2000-05-17,3.7724
2000-05-18,3.8102
2000-05-19,3.8633
2000-05-22,3.9072
2000-05-23,3.9267
2000-05-24,3.9188
2000-05-25,3.8642
2000-05-26,3.8796
2000-05-30,3.9168
2000-05-31,3.8821
2000-06-01,3.8234
2000-06-02,3.8068
2000-06-05,3.8349
2000-06-06,3.8681
2000-06-07,3.9201
2000-06-08,3.9121
2000-06-12,3.8479
2000-06-13,3.8546
2000-06-14,3.8519
2000-06-15,3.8574
2000-06-16,3.8562
2000-06-19,3.8618
2000-06-20,3.8779
2000-06-21,3.8955
2000-06-22,3.8807
2000-06-23,3.9209
2000-06-26,3.8842
2000-06-27,3.8646
2000-06-28,3.8692
2000-06-29,3.9016
2000-06-30,3.8757
2000-07-03,3.8389
2000-07-04,3.8315
2000-07-05,3.8211
2000-07-06,3.7991
2000-07-07,3.7999
2000-07-10,3.8415
2000-07-11,3.8337
2000-07-12,3.7979
2000-07-13,3.8085
2000-07-14,3.7955
2000-07-17,3.765
2000-07-18,3.7947
2000-07-19,3.7978
2000-07-20,3.7957
2000-07-21,3.7681
2000-07-24,3.7532
2000-07-25,3.7479
2000-07-26,3.7544
2000-07-27,3.7533
2000-07-28,3.7528
2000-07-31,3.7362
2000-08-01,3.7218
2000-08-02,3.7369
2000-08-03,3.7691
2000-08-04,3.7642
2000-08-07,3.7455
2000-08-08,3.7509
2000-08-09,3.767
2000-08-11,3.7412
2000-08-14,3.7058
2000-08-15,3.6913
2000-08-16,3.727
2000-08-17,3.7238
2000-08-18,3.7093
2000-08-21,3.725
2000-08-22,3.7117
2000-08-23,3.7619
2000-08-24,3.7576
2000-08-25,3.7756
2000-08-28,3.7913
2000-08-29,3.7811
2000-08-30,3.7671
2000-08-31,3.7619
2000-09-01,3.7625
2000-09-04,3.8042
2000-09-05,3.7895
2000-09-06,3.8072
2000-09-07,3.8319
2000-09-08,3.8211
2000-09-11,3.7963
2000-09-12,3.8035
2000-09-13,3.7794
2000-09-14,3.7609
2000-09-15,3.7553
2000-09-18,3.7941
2000-09-19,3.7956
2000-09-20,3.7992
2000-09-21,3.8128
2000-09-22,3.7988
2000-09-25,3.7596
2000-09-26,3.7634
2000-09-27,3.7391
2000-09-28,3.742
2000-10-02,3.7167
2000-10-03,3.717
2000-10-04,3.7054
2000-10-05,3.7003
2000-10-06,3.7204
2000-10-10,3.7872
2000-10-11,3.78
2000-10-12,3.8418
2000-10-13,3.8182
2000-10-16,3.7993
2000-10-17,3.8313
2000-10-18,3.7965
2000-10-19,3.8103
2000-10-20,3.7969
2000-10-23,3.8168
2000-10-24,3.8383
2000-10-25,3.8398
2000-10-26,3.8227
2000-10-27,3.8162
2000-10-30,3.8067
2000-10-31,3.7911
2000-11-01,3.7983
2000-11-02,3.7911
2000-11-03,3.8115
2000-11-06,3.835
2000-11-07,3.8257
2000-11-08,3.8235
2000-11-09,3.835
2000-11-10,3.8223
2000-11-13,3.8197
2000-11-14,3.8108
2000-11-15,3.7986
2000-11-16,3.7768
2000-11-17,3.7728
2000-11-20,3.756
2000-11-21,3.7314
2000-11-22,3.7498
2000-11-23,3.7368
2000-11-24,3.6967
2000-11-27,3.6934
2000-11-28,3.7128
2000-11-29,3.7331
2000-11-30,3.6839
2000-12-01,3.6819
2000-12-04,3.7083
2000-12-05,3.6971
2000-12-06,3.6888
2000-12-07,3.6972
2000-12-08,3.6882
2000-12-11,3.6997
2000-12-12,3.675
2000-12-13,3.6389
2000-12-14,3.6331
2000-12-15,3.6384
2000-12-18,3.6236
2000-12-19,3.6422
2000-12-20,3.6135
2000-12-21,3.6369
2000-12-22,3.6095
2000-12-27,3.5551
2000-12-28,3.5342
2000-12-29,3.5159
2001-01-02,3.5475
2001-01-03,3.5812
2001-01-04,3.5565
2001-01-05,3.5123
2001-01-08,3.5426
2001-01-09,3.5563
2001-01-10,3.5232
2001-01-11,3.5034
2001-01-12,3.4878
2001-01-15,3.4595
2001-01-16,3.4769
2001-01-17,3.4879
2001-01-18,3.4798
2001-01-19,3.4999
2001-01-22,3.5568
2001-01-23,3.5315
2001-01-24,3.5132
2001-01-25,3.5284
2001-01-26,3.5444
2001-01-29,3.5598
2001-01-30,3.5563
2001-01-31,3.5595
2001-02-01,3.5869
2001-02-02,3.6003
2001-02-05,3.5836
2001-02-07,3.5718
2001-02-08,3.5536
2001-02-09,3.5218
2001-02-12,3.4906
2001-02-13,3.5026
2001-02-14,3.526
2001-02-15,3.5349
2001-02-16,3.5703
2001-02-19,3.5549
2001-02-20,3.5557
2001-02-21,3.5313
2001-02-22,3.5552
2001-02-23,3.54
2001-02-26,3.5482
2001-02-27,3.5453
2001-02-28,3.5057
2001-03-01,3.5132
2001-03-02,3.4761
2001-03-05,3.4491
2001-03-06,3.4786
2001-03-07,3.4408
2001-03-08,3.4541
2001-03-12,3.4313
2001-03-13,3.4497
2001-03-14,3.4509
2001-03-15,3.4251
2001-03-16,3.4025
2001-03-19,3.4147
2001-03-20,3.4085
2001-03-21,3.4029
2001-03-22,3.3983
2001-03-23,3.4282
2001-03-26,3.3935
2001-03-27,3.3968
2001-03-28,3.4551
2001-03-29,3.4193
2001-03-30,3.3436
2001-04-02,3.3373
2001-04-03,3.3569
2001-04-04,3.3472
2001-04-05,3.3675
2001-04-06,3.3573
2001-04-09,3.3425
2001-04-10,3.3462
2001-04-11,3.3587
2001-04-12,3.3853
2001-04-16,3.3495
2001-04-17,3.399
2001-04-18,3.3865
2001-04-19,3.4193
2001-04-20,3.4068
2001-04-23,3.4055
2001-04-24,3.4202
2001-04-25,3.395
2001-04-27,3.3572
2001-04-30,3.349
2001-05-01,3.3855
2001-05-02,3.3949
2001-05-03,3.4133
2001-05-04,3.4298
2001-05-07,3.4224
2001-05-08,3.4009
2001-05-09,3.404
2001-05-10,3.3934
2001-05-11,3.3903
2001-05-14,3.3769
2001-05-15,3.3599
2001-05-16,3.356
2001-05-17,3.3585
2001-05-18,3.3562
2001-05-21,3.3604
2001-05-22,3.3594
2001-05-23,3.4102
2001-05-24,3.4428
2001-05-25,3.4336
2001-05-29,3.4256
2001-05-30,3.4286
2001-05-31,3.4703
2001-06-01,3.4902
2001-06-04,3.4756
2001-06-05,3.4706
2001-06-06,3.4295
2001-06-07,3.4566
2001-06-08,3.4418
2001-06-11,3.4075
2001-06-12,3.4108
2001-06-13,3.3983
2001-06-14,3.4093
2001-06-15,3.4394
2001-06-18,3.3834
2001-06-19,3.3886
2001-06-20,3.3833
2001-06-21,3.3607
2001-06-22,3.3608
2001-06-25,3.368
2001-06-26,3.3756
2001-06-27,3.3562
2001-06-28,3.3423
2001-06-29,3.3508
2001-07-02,3.3518
2001-07-03,3.3682
2001-07-04,3.3621
2001-07-05,3.34
2001-07-06,3.3355
2001-07-09,3.3485
2001-07-10,3.339
2001-07-11,3.3715
2001-07-12,3.3802
2001-07-13,3.3899
2001-07-16,3.3598
2001-07-17,3.3638
2001-07-18,3.3728
2001-07-19,3.4038
2001-07-20,3.413
2001-07-23,3.389
2001-07-24,3.3763
2001-07-25,3.3833
2001-07-26,3.3875
2001-07-27,3.3943
2001-07-30,3.3593
2001-07-31,3.3691
2001-08-01,3.3792
2001-08-02,3.3956
2001-08-03,3.4034
2001-08-06,3.4056
2001-08-07,3.4119
2001-08-08,3.4362
2001-08-09,3.4367
2001-08-10,3.4763
2001-08-13,3.4811
2001-08-14,3.4486
2001-08-15,3.5282
2001-08-16,3.537
2001-08-17,3.5094
2001-08-20,3.5154
2001-08-21,3.5355
2001-08-22,3.5371
2001-08-23,3.5129
2001-08-24,3.5323
2001-08-27,3.5169
2001-08-28,3.5227
2001-08-29,3.5595
2001-08-30,3.5433
2001-08-31,3.5862
2001-09-03,3.585
2001-09-04,3.5739
2001-09-05,3.572
2001-09-06,3.5443
2001-09-07,3.5402
2001-09-10,3.588
2001-09-11,3.5643
2001-09-12,3.6285
2001-09-13,3.6344
2001-09-14,3.632
2001-09-20,3.7032
2001-09-21,3.7451
2001-09-24,3.7184
2001-09-25,3.7166
2001-09-28,3.654
2001-10-01,3.6383
2001-10-03,3.6035
2001-10-04,3.6161
2001-10-05,3.6039
2001-10-08,3.6129
2001-10-10,3.6029
2001-10-11,3.5563
2001-10-12,3.5483
2001-10-15,3.5656
2001-10-16,3.5235
2001-10-17,3.5457
2001-10-18,3.5582
2001-10-19,3.5606
2001-10-22,3.5283
2001-10-23,3.4898
2001-10-24,3.5093
2001-10-25,3.5036
2001-10-26,3.5035
2001-10-29,3.5123
2001-10-30,3.5264
2001-10-31,3.5073
2001-11-01,3.5109
2001-11-02,3.5079
2001-11-05,3.4881
2001-11-06,3.5168
2001-11-07,3.5276
2001-11-08,3.52
2001-11-09,3.5134
2001-11-12,3.496
2001-11-13,3.4784
2001-11-14,3.4743
2001-11-15,3.4643
2001-11-16,3.4646
2001-11-19,3.4256
2001-11-20,3.4401
2001-11-21,3.4328
2001-11-22,3.4157
2001-11-23,3.4082
2001-11-26,3.4236
2001-11-27,3.4177
2001-11-28,3.4255
2001-11-29,3.4354
2001-11-30,3.4159
2001-12-03,3.435
2001-12-04,3.4293
2001-12-05,3.4094
2001-12-06,3.3911
2001-12-07,3.3772
2001-12-10,3.3472
2001-12-11,3.3501
2001-12-12,3.354
2001-12-13,3.3516
2001-12-14,3.3155
2001-12-17,3.3108
2001-12-18,3.3086
2001-12-19,3.3349
2001-12-20,3.3326
2001-12-21,3.3363
2001-12-24,3.34
2001-12-26,3.3433
2001-12-27,3.3243
2001-12-28,3.3402
2001-12-31,3.3628
2002-01-02,3.363
2002-01-03,3.3944
2002-01-04,3.4269
2002-01-07,3.4411
2002-01-08,3.3841
2002-01-09,3.3719
2002-01-10,3.3767
2002-01-11,3.4074
2002-01-14,3.4056
2002-01-15,3.4386
2002-01-16,3.4504
2002-01-17,3.4339
2002-01-18,3.3992
2002-01-21,3.4325
2002-01-22,3.4125
2002-01-23,3.4344
2002-01-24,3.4231
2002-01-25,3.4152
2002-01-28,3.4447
2002-01-29,3.475
2002-01-30,3.4796
2002-01-31,3.4634
2002-02-01,3.4273
2002-02-04,3.4533
2002-02-05,3.4703
2002-02-06,3.4703
2002-02-07,3.4935
2002-02-08,3.4905
2002-02-11,3.5411
2002-02-12,3.5331
2002-02-13,3.5123
2002-02-14,3.5046
2002-02-15,3.4914
2002-02-18,3.5231
2002-02-19,3.5289
2002-02-20,3.5174
2002-02-21,3.4942
2002-02-22,3.4968
2002-02-25,3.4638
2002-02-28,3.4461
2002-03-01,3.5016
2002-03-04,3.5372
2002-03-05,3.565
2002-03-06,3.5735
2002-03-07,3.6452
2002-03-08,3.6505
2002-03-11,3.6197
2002-03-12,3.629
2002-03-13,3.6142
2002-03-14,3.6275
2002-03-15,3.6044
2002-03-18,3.542
2002-03-19,3.5256
2002-03-20,3.5062
2002-03-21,3.5146
2002-03-22,3.5043
2002-03-25,3.5037
2002-03-26,3.5038
2002-04-02,3.5787
2002-04-04,3.6092
2002-04-05,3.5898
2002-04-08,3.6148
2002-04-09,3.6305
2002-04-10,3.6553
2002-04-11,3.6183
2002-04-12,3.6349
2002-04-15,3.6436
2002-04-16,3.6426
2002-04-18,3.6708
2002-04-19,3.6724
2002-04-22,3.6793
2002-04-23,3.6793
2002-04-24,3.7473
2002-04-25,3.8018
2002-04-26,3.7897
2002-04-29,3.8335
2002-04-30,3.8093
2002-05-01,3.7974
2002-05-02,3.7938
2002-05-03,3.7827
2002-05-06,3.805
2002-05-07,3.7951
2002-05-08,3.812
2002-05-09,3.8229
2002-05-10,3.8506
2002-05-13,3.8585
2002-05-14,3.8215
2002-05-15,3.8117
2002-05-16,3.8213
2002-05-20,3.8654
2002-05-21,3.8959
2002-05-22,3.9097
2002-05-23,3.9256
2002-05-24,3.9284
2002-05-27,3.9067
2002-05-28,3.9695
2002-05-29,3.9952
2002-05-30,3.995
2002-05-31,3.9704
2002-06-03,3.9684
2002-06-04,4.005
2002-06-05,4.0005
2002-06-06,3.9803
2002-06-07,4.0138
2002-06-10,3.9915
2002-06-11,3.9847
2002-06-12,3.9518
2002-06-13,3.9495
2002-06-14,3.9726
2002-06-17,3.9808
2002-06-18,3.9565
2002-06-19,3.9992
2002-06-20,4.0296
2002-06-21,4.0409
2002-06-24,4.0767
2002-06-25,4.0384
2002-06-26,4.0842
2002-06-27,4.0262
2002-06-28,4.0039
2002-07-01,3.9726
2002-07-02,3.9554
2002-07-03,3.9675
2002-07-04,3.9752
2002-07-05,3.9887
2002-07-08,4.0306
2002-07-09,4.0237
2002-07-10,4.0138
2002-07-11,4.0205
2002-07-12,4.0481
2002-07-15,4.0288
2002-07-16,4.0498
2002-07-17,3.9923
2002-07-19,4.0243
2002-07-22,3.9873
2002-07-23,3.9689
2002-07-24,4.0156
2002-07-25,4.0468
2002-07-26,4.0402
2002-07-29,3.9605
2002-07-30,3.9451
2002-07-31,3.8976
2002-08-01,3.9137
2002-08-02,3.9612
2002-08-05,3.9669
2002-08-06,3.892
2002-08-07,3.9081
2002-08-08,3.8966
2002-08-09,3.8679
2002-08-12,3.9247
2002-08-13,3.9416
2002-08-14,4.0171
2002-08-15,3.9904
2002-08-16,3.966
2002-08-19,3.9095
2002-08-20,3.8894
2002-08-21,3.9166
2002-08-22,3.9148
2002-08-23,3.8836
2002-08-26,3.9016
2002-08-27,3.9513
2002-08-28,3.9462
2002-08-29,3.9574
2002-08-30,3.9463
2002-09-02,3.9589
2002-09-03,3.9937
2002-09-04,4.0039
2002-09-05,4.0309
2002-09-09,3.9743
2002-09-10,3.9743
2002-09-11,3.9785
2002-09-12,3.9507
2002-09-13,3.9425
2002-09-17,3.8415
2002-09-18,3.8942
2002-09-19,3.9411
2002-09-20,3.9242
2002-09-23,3.9206
2002-09-24,3.92
2002-09-25,3.9879
2002-09-26,3.9443
2002-09-27,3.9595
2002-09-30,4.0036
2002-10-01,3.9727
2002-10-02,3.9238
2002-10-03,3.942
2002-10-04,3.9425
2002-10-07,3.9099
2002-10-08,3.9038
2002-10-09,3.8994
2002-10-10,3.9041
2002-10-11,3.8835
2002-10-14,3.8884
2002-10-15,3.8645
2002-10-16,3.8811
2002-10-17,3.8241
2002-10-18,3.8028
2002-10-21,3.8057
2002-10-22,3.8096
2002-10-23,3.8226
2002-10-24,3.807
2002-10-25,3.8316
2002-10-28,3.8215
2002-10-29,3.8739
2002-10-30,3.8625
2002-10-31,3.883
2002-11-01,3.8772
2002-11-04,3.8748
2002-11-05,3.8925
2002-11-06,3.8402
2002-11-07,3.8577
2002-11-08,3.8916
2002-11-11,3.9289
2002-11-12,3.9363
2002-11-13,3.9083
2002-11-14,3.8897
2002-11-15,3.8633
2002-11-18,3.8536
2002-11-19,3.8593
2002-11-20,3.8264
2002-11-21,3.8268
2002-11-22,3.8197
2002-11-25,3.8041
2002-11-26,3.8156
2002-11-27,3.8167
2002-11-28,3.8015
2002-11-29,3.7897
2002-12-02,3.7144
2002-12-03,3.7283
2002-12-04,3.7326
2002-12-05,3.7137
2002-12-06,3.7715
2002-12-09,3.8301
2002-12-10,3.7915
2002-12-11,3.7778
2002-12-12,3.8002
2002-12-13,3.8187
2002-12-16,3.8247
2002-12-17,3.8523
2002-12-18,3.8442
2002-12-19,3.923
2002-12-20,3.9178
2002-12-23,3.9473
2002-12-24,3.9471
2002-12-26,3.9659
2002-12-27,3.9917
2002-12-30,3.9983
2002-12-31,3.9926
2003-01-02,4.0192
2003-01-03,3.9963
2003-01-06,4.0354
2003-01-07,3.983
2003-01-08,4.0075
2003-01-09,4.0487
2003-01-10,4.0204
2003-01-13,4.0495
2003-01-14,4.0828
2003-01-15,4.0877
2003-01-16,4.0916
2003-01-17,4.112
2003-01-20,4.1061
2003-01-21,4.1031
2003-01-22,4.1489
2003-01-23,4.1373
2003-01-24,4.1436
2003-01-27,4.153
2003-01-29,4.1289
2003-01-30,4.0481
2003-01-31,4.0408
2003-02-03,4.0158
2003-02-04,4.0575
2003-02-05,4.0965
2003-02-06,4.0627
2003-02-07,4.0489
2003-02-10,4.0427
2003-02-11,4.0023
2003-02-12,4.0204
2003-02-13,4.038
2003-02-14,4.0892
2003-02-17,4.0409
2003-02-18,4.069
2003-02-19,4.082
2003-02-20,4.1094
2003-02-21,4.1256
2003-02-24,4.1282
2003-02-25,4.162
2003-02-26,4.1387
2003-02-27,4.1413
2003-02-28,4.0868
2003-03-03,4.0983
2003-03-04,4.1178
2003-03-05,4.1355
2003-03-06,4.1167
2003-03-07,4.1375
2003-03-10,4.1585
2003-03-11,4.1479
2003-03-12,4.123
2003-03-13,4.0492
2003-03-14,4.0456
2003-03-17,4.0873
2003-03-20,3.9451
2003-03-21,3.9353
2003-03-24,3.9131
2003-03-25,3.919
2003-03-26,3.8993
2003-03-27,3.9192
2003-03-28,3.9217
2003-03-31,3.9508
2003-04-01,3.9388
2003-04-02,3.9323
2003-04-03,3.9064
2003-04-04,3.8861
2003-04-07,3.8477
2003-04-08,3.8769
2003-04-09,3.8591
2003-04-10,3.8698
2003-04-11,3.889
2003-04-14,3.8031
2003-04-15,3.7981
2003-04-22,3.8363
2003-04-24,3.8037
2003-04-25,3.8019
2003-04-28,3.8051
2003-04-29,3.757
2003-05-02,3.7753
2003-05-05,3.7697
2003-05-06,3.7712
2003-05-08,3.8552
2003-05-09,3.803
2003-05-12,3.8311
2003-05-13,3.8571
2003-05-14,3.8433
2003-05-19,3.8886
2003-05-20,3.8797
2003-05-21,3.9187
2003-05-22,3.8863
2003-05-23,3.8073
2003-05-27,3.7957
2003-05-28,3.7565
2003-05-29,3.7093
2003-05-30,3.6842
2003-06-02,3.711
2003-06-03,3.6857
2003-06-04,3.6888
2003-06-05,3.7503
2003-06-09,3.7179
2003-06-10,3.7383
2003-06-11,3.7555
2003-06-12,3.7414
2003-06-13,3.7389
2003-06-16,3.7024
2003-06-17,3.6852
2003-06-18,3.6879
2003-06-19,3.6808
2003-06-20,3.7038
2003-06-23,3.7243
2003-06-24,3.708
2003-06-25,3.7072
2003-06-26,3.6488
2003-06-27,3.6147
2003-06-30,3.5909
2003-07-01,3.6033
2003-07-02,3.6142
2003-07-03,3.6245
2003-07-04,3.6411
2003-07-07,3.6278
2003-07-08,3.6606
2003-07-09,3.68
2003-07-10,3.6753
2003-07-11,3.7047
2003-07-14,3.7234
2003-07-15,3.7325
2003-07-16,3.7376
2003-07-17,3.7471
2003-07-18,3.7295
2003-07-21,3.7358
2003-07-22,3.6872
2003-07-23,3.6799
2003-07-24,3.6853
2003-07-25,3.6969
2003-07-28,3.6635
2003-07-29,3.6638
2003-07-30,3.6886
2003-07-31,3.6871
2003-08-01,3.6799
2003-08-04,3.7057
2003-08-05,3.6966
2003-08-06,3.6903
2003-08-08,3.7273
2003-08-11,3.7451
2003-08-12,3.7472
2003-08-13,3.7328
2003-08-14,3.7191
2003-08-15,3.7278
2003-08-18,3.7126
2003-08-19,3.7083
2003-08-20,3.7597
2003-08-21,3.782
2003-08-22,3.8099
2003-08-25,3.8127
2003-08-26,3.808
2003-08-27,3.7985
2003-08-28,3.8032
2003-08-29,3.7944
2003-09-01,3.8198
2003-09-02,3.8107
2003-09-03,3.834
2003-09-04,3.7996
2003-09-05,3.8018
2003-09-08,3.8138
2003-09-09,3.8245
2003-09-10,3.8242
2003-09-11,3.8338
2003-09-12,3.8715
2003-09-15,3.836
2003-09-16,3.8571
2003-09-17,3.8499
2003-09-18,3.8677
2003-09-19,3.8959
2003-09-22,3.9748
2003-09-23,3.9781
2003-09-24,3.9928
2003-09-25,3.9846
2003-09-29,3.9869
2003-09-30,4.0196
2003-10-01,3.993
2003-10-02,3.9861
2003-10-03,3.9971
2003-10-07,4.0265
2003-10-08,4.0443
2003-10-09,4.0447
2003-10-10,4.072
2003-10-13,4.0567
2003-10-14,4.0178
2003-10-15,4.0423
2003-10-16,4.0317
2003-10-17,4.0401
2003-10-20,4.0208
2003-10-21,4.0543
2003-10-22,4.0791
2003-10-23,4.0863
2003-10-24,4.0927
2003-10-27,4.1234
2003-10-28,4.1327
2003-10-29,4.176
2003-10-30,4.165
2003-10-31,4.1181
2003-11-03,4.0804
2003-11-04,4.058
2003-11-05,4.0824
2003-11-06,4.0879
2003-11-07,4.0773
2003-11-10,4.1443
2003-11-11,4.1752
2003-11-12,4.1519
2003-11-13,4.162
2003-11-14,4.1885
2003-11-17,4.1466
2003-11-18,4.144
2003-11-19,4.1321
2003-11-20,4.1106
2003-11-21,4.1212
2003-11-24,4.1173
2003-11-25,4.0708
2003-11-26,4.0768
2003-11-27,4.0766
2003-11-28,4.0718
2003-12-01,4.0571
2003-12-02,4.0506
2003-12-03,4.0801
2003-12-04,4.1039
2003-12-05,4.1001
2003-12-08,4.121
2003-12-09,4.0933
2003-12-10,4.0604
2003-12-11,4.0493
2003-12-12,4.074
2003-12-15,4.0287
2003-12-16,4.0617
2003-12-17,4.0613
2003-12-18,4.0699
2003-12-19,4.0717
2003-12-22,4.0804
2003-12-23,4.062
2003-12-24,4.0671
2003-12-29,4.0834
2003-12-30,4.0735
2003-12-31,4.0956
2004-01-02,4.1285
2004-01-05,4.1458
2004-01-06,4.1164
2004-01-07,4.1392
2004-01-08,4.139
2004-01-09,4.1089
2004-01-12,4.1174
2004-01-13,4.1312
2004-01-14,4.1504
2004-01-15,4.16
2004-01-16,4.1552
2004-01-19,4.1252
2004-01-20,4.1185
2004-01-21,4.1358
2004-01-22,4.185
2004-01-23,4.1909
2004-01-26,4.1986
2004-01-27,4.2123
2004-01-28,4.2328
2004-01-29,4.2217
2004-01-30,4.2358
2004-02-02,4.2572
2004-02-03,4.2191
2004-02-04,4.2436
2004-02-05,4.2476
2004-02-06,4.1998
2004-02-09,4.2286
2004-02-10,4.2452
2004-02-11,4.2469
2004-02-12,4.2376
2004-02-13,4.2115
2004-02-16,4.2099
2004-02-17,4.2106
2004-02-18,4.1956
2004-02-19,4.1657
2004-02-20,4.1254
2004-02-23,4.1193
2004-02-24,4.1165
2004-02-25,4.1016
2004-02-26,4.0857
2004-02-27,4.1134
2004-03-01,4.1087
2004-03-02,4.0899
2004-03-03,4.0929
2004-03-04,4.0703
2004-03-05,4.0509
2004-03-09,4.0406
2004-03-10,4.0537
2004-03-11,4.0747
2004-03-12,4.0548
2004-03-15,4.0639
2004-03-16,4.1032
2004-03-17,4.1452
2004-03-18,4.197
2004-03-19,4.1942
2004-03-22,4.2026
2004-03-23,4.2134
2004-03-24,4.2456
2004-03-25,4.2579
2004-03-26,4.2738
2004-03-29,4.2898
2004-03-30,4.2634
2004-03-31,4.3587
2004-04-01,4.357
2004-04-02,4.3239
2004-04-07,4.2732
2004-04-08,4.27
2004-04-13,4.2688
2004-04-14,4.199
2004-04-15,4.1737
2004-04-16,4.1924
2004-04-19,4.2041
2004-04-20,4.2248
2004-04-21,4.1835
2004-04-22,4.1747
2004-04-23,4.1919
2004-04-26,4.2048
2004-04-28,4.2044
2004-04-29,4.1481
2004-04-30,4.1575
2004-05-03,4.1751
2004-05-04,4.174
2004-05-05,4.1953
2004-05-06,4.1803
2004-05-07,4.1459
2004-05-10,4.0805
2004-05-11,4.0682
2004-05-12,4.0949
2004-05-13,4.0493
2004-05-14,4.0258
2004-05-17,4.0442
2004-05-18,4.048
2004-05-19,4.0668
2004-05-20,4.0642
2004-05-21,4.0941
2004-05-24,4.0691
2004-05-25,4.0568
2004-05-28,4.1183
2004-06-01,4.152
2004-06-02,4.1195
2004-06-03,4.0781
2004-06-04,4.1055
2004-06-07,4.1228
2004-06-08,4.1122
2004-06-09,4.1527
2004-06-10,4.1176
2004-06-11,4.1104
2004-06-14,4.0748
2004-06-15,4.0767
2004-06-16,4.095
2004-06-17,4.1226
2004-06-18,4.1074
2004-06-21,4.1413
2004-06-22,4.138
2004-06-23,4.1314
2004-06-24,4.1942
2004-06-25,4.1701
2004-06-28,4.1583
2004-06-29,4.145
2004-06-30,4.1289
2004-07-01,4.1406
2004-07-02,4.1044
2004-07-05,4.1103
2004-07-06,4.0986
2004-07-07,4.1352
2004-07-08,4.1167
2004-07-09,4.1279
2004-07-12,4.1377
2004-07-13,4.1399
2004-07-14,4.1224
2004-07-15,4.1227
2004-07-16,4.1041
2004-07-19,4.1359
2004-07-20,4.1365
2004-07-21,4.111
2004-07-22,4.098
2004-07-23,4.0884
2004-07-26,4.1047
2004-07-28,4.0588
2004-07-29,4.0301
2004-07-30,4.0548
2004-08-02,4.0661
2004-08-03,4.0751
2004-08-04,4.061
2004-08-05,4.0846
2004-08-06,4.0819
2004-08-09,4.0979
2004-08-10,4.0807
2004-08-11,4.0821
2004-08-12,4.0882
2004-08-13,4.0651
2004-08-16,4.0981
2004-08-17,4.1063
2004-08-18,4.1211
2004-08-19,4.1456
2004-08-20,4.1483
2004-08-23,4.129
2004-08-24,4.1213
2004-08-25,4.1152
2004-08-26,4.1243
2004-08-27,4.1459
2004-08-30,4.1224
2004-08-31,4.1207
2004-09-01,4.1251
2004-09-02,4.1212
2004-09-03,4.1224
2004-09-06,4.0972
2004-09-07,4.1096
2004-09-08,4.1072
2004-09-09,4.1116
2004-09-10,4.0932
2004-09-13,4.0843
2004-09-14,4.077
2004-09-20,4.0791
2004-09-23,4.0568
2004-09-27,4.0331
2004-09-28,4.0212
2004-09-29,4.0349
2004-10-01,4.0531
2004-10-04,4.0372
2004-10-05,4.0249
2004-10-06,4.0153
2004-10-08,4.0497
2004-10-11,4.076
2004-10-12,4.0614
2004-10-13,4.058
2004-10-14,4.0871
2004-10-15,4.0788
2004-10-18,4.0896
2004-10-19,4.1159
2004-10-20,4.1138
2004-10-21,4.1313
2004-10-22,4.1259
2004-10-25,4.152
2004-10-26,4.15
2004-10-27,4.1785
2004-10-28,4.2121
2004-10-29,4.2139
2004-11-01,4.1756
2004-11-02,4.183
2004-11-03,4.177
2004-11-04,4.1845
2004-11-05,4.1736
2004-11-08,4.1895
2004-11-09,4.1841
2004-11-10,4.1658
2004-11-11,4.1455
2004-11-12,4.1801
2004-11-15,4.1831
2004-11-16,4.1612
2004-11-17,4.2021
2004-11-18,4.2154
2004-11-19,4.2246
2004-11-22,4.2475
2004-11-23,4.2502
2004-11-24,4.2459
2004-11-25,4.2571
2004-11-26,4.2355
2004-11-29,4.248
2004-11-30,4.2462
2004-12-01,4.2456
2004-12-02,4.2512
2004-12-03,4.2216
2004-12-06,4.2519
2004-12-07,4.2079
2004-12-08,4.1709
2004-12-09,4.1524
2004-12-10,4.1188
2004-12-13,4.1637
2004-12-14,4.1228
2004-12-15,4.1479
2004-12-16,4.17
2004-12-17,4.1629
2004-12-20,4.1496
2004-12-21,4.1544
2004-12-22,4.1716
2004-12-23,4.17
2004-12-24,4.1819
2004-12-27,4.1832
2004-12-28,4.212
2004-12-29,4.2302
2004-12-30,4.183
2004-12-31,4.2005
2005-01-03,4.238
2005-01-04,4.2207
2005-01-05,4.2127
2005-01-06,4.1936
2005-01-07,4.203
2005-01-10,4.1892
2005-01-11,4.1899
2005-01-12,4.2352
2005-01-13,4.2396
2005-01-14,4.2448
2005-01-17,4.2792
2005-01-18,4.2439
2005-01-19,4.2663
2005-01-20,4.2496
2005-01-21,4.2111
2005-01-24,4.2536
2005-01-25,4.2486
2005-01-26,4.2697
2005-01-27,4.2692
2005-01-28,4.2641
2005-01-31,4.2374
2005-02-01,4.2252
2005-02-02,4.2435
2005-02-03,4.201
2005-02-04,4.1873
2005-02-07,4.193
2005-02-08,4.1549
2005-02-09,4.1495
2005-02-10,4.1198
2005-02-11,4.1478
2005-02-14,4.1621
2005-02-15,4.1605
2005-02-16,4.1529
2005-02-17,4.1272
2005-02-18,4.1363
2005-02-21,4.138
2005-02-22,4.1863
2005-02-23,4.1653
2005-02-24,4.1531
2005-02-25,4.1494
2005-02-28,4.18
2005-03-01,4.1572
2005-03-02,4.1335
2005-03-03,4.138
2005-03-04,4.1219
2005-03-07,4.1175
2005-03-08,4.1004
2005-03-09,4.1249
2005-03-10,4.1401
2005-03-11,4.1302
2005-03-14,4.1113
2005-03-15,4.1308
2005-03-16,4.1411
2005-03-17,4.1336
2005-03-18,4.1126
2005-03-21,4.0976
2005-03-22,4.106
2005-03-23,4.1001
2005-03-24,4.0869
2005-03-28,4.0808
2005-03-29,4.0848
2005-03-30,4.0777
2005-03-31,4.0778
2005-04-01,4.066
2005-04-04,4.0457
2005-04-05,4.0219
2005-04-06,4.021
2005-04-07,4.0344
2005-04-08,4.0241
2005-04-11,4.0511
2005-04-12,4.057
2005-04-13,4.0903
2005-04-14,4.0618
2005-04-15,4.0625
2005-04-18,4.0727
2005-04-19,4.0732
2005-04-20,4.0906
2005-04-21,4.0693
2005-04-25,4.1223
2005-04-26,4.1188
2005-04-27,4.1116
2005-04-28,4.1239
2005-04-29,4.1548
2005-05-02,4.1482
2005-05-03,4.1588
2005-05-04,4.1801
2005-05-05,4.1761
2005-05-06,4.1619
2005-05-09,4.1319
2005-05-10,4.1163
2005-05-11,4.1492
2005-05-13,4.0964
2005-05-16,4.0712
2005-05-17,4.0785
2005-05-18,4.0689
2005-05-19,4.066
2005-05-20,4.0628
2005-05-23,4.0591
2005-05-24,4.0779
2005-05-25,4.0686
2005-05-26,4.0562
2005-05-27,4.0797
2005-05-31,4.0776
2005-06-01,4.066
2005-06-02,4.0761
2005-06-03,4.0882
2005-06-06,4.1164
2005-06-07,4.1295
2005-06-08,4.1249
2005-06-09,4.128
2005-06-10,4.1239
2005-06-14,4.0807
2005-06-15,4.0997
2005-06-16,4.1178
2005-06-17,4.1273
2005-06-20,4.1653
2005-06-21,4.1534
2005-06-22,4.1488
2005-06-23,4.1708
2005-06-24,4.1536
2005-06-27,4.1533
2005-06-28,4.1552
2005-06-29,4.1404
2005-06-30,4.1308
2005-07-01,4.1276
2005-07-04,4.1209
2005-07-05,4.1035
2005-07-06,4.1146
2005-07-07,4.1281
2005-07-08,4.1051
2005-07-11,4.0836
2005-07-12,4.074
2005-07-13,4.0657
2005-07-14,4.048
2005-07-15,4.0619
2005-07-18,4.0654
2005-07-19,4.0592
2005-07-20,4.0428
2005-07-21,4.079
2005-07-22,4.0886
2005-07-25,4.0612
2005-07-26,4.0508
2005-07-27,4.0369
2005-07-28,4.031
2005-07-29,4.0292
2005-08-01,4.0388
2005-08-02,4.04
2005-08-03,4.0313
2005-08-04,4.0223
2005-08-05,4.0104
2005-08-08,4.0473
2005-08-09,4.0267
2005-08-10,4.0654
2005-08-11,4.0919
2005-08-12,4.1343
2005-08-15,4.1341
2005-08-16,4.1377
2005-08-17,4.0836
2005-08-18,4.0545
2005-08-19,4.0562
2005-08-22,4.1101
2005-08-23,4.0832
2005-08-24,4.069
2005-08-25,4.0994
2005-08-26,4.1266
2005-08-29,4.1105
2005-08-30,4.0875
2005-08-31,4.07
2005-09-01,4.0693
2005-09-02,4.1069
2005-09-05,4.11
2005-09-06,4.0971
2005-09-07,4.0888
2005-09-08,4.0786
2005-09-09,4.073
2005-09-12,4.1097
2005-09-13,4.0794
2005-09-14,4.114
2005-09-15,4.1019
2005-09-16,4.0921
2005-09-19,4.0837
2005-09-20,4.0851
2005-09-21,4.1181
2005-09-22,4.1234
2005-09-23,4.1165
2005-09-26,4.0843
2005-09-27,4.0314
2005-09-28,4.0499
2005-09-29,4.0588
2005-09-30,4.0602
2005-10-06,4.0364
2005-10-07,4.0498
2005-10-10,4.0282
2005-10-11,4.0485
2005-10-14,4.0556
2005-10-17,4.0456
2005-10-19,4.0232
2005-10-20,4.0142
2005-10-21,4.0121
2005-10-24,4.0092
2005-10-26,3.9962
2005-10-27,4.0062
2005-10-28,4.0274
2005-10-31,3.9897
2005-11-01,3.9811
2005-11-02,3.9766
2005-11-03,3.9942
2005-11-04,3.9677
2005-11-07,3.979
2005-11-08,3.983
2005-11-09,3.9928
2005-11-10,3.9959
2005-11-11,4.0005
2005-11-14,3.987
2005-11-15,3.9723
2005-11-16,3.9663
2005-11-17,3.9801
2005-11-18,3.9668
2005-11-21,3.9776
2005-11-22,3.9735
2005-11-23,3.9821
2005-11-24,3.9599
2005-11-25,3.9385
2005-11-28,3.9187
2005-11-29,3.9101
2005-11-30,3.9001
2005-12-01,3.8798
2005-12-02,3.8557
2005-12-05,3.8432
2005-12-06,3.8256
2005-12-07,3.8325
2005-12-08,3.8452
2005-12-09,3.8444
2005-12-12,3.8252
2005-12-13,3.8256
2005-12-14,3.8657
2005-12-15,3.9497
2005-12-16,3.9386
2005-12-19,3.9463
2005-12-20,3.9447
2005-12-21,3.9224
2005-12-22,3.9354
2005-12-23,3.9305
2005-12-27,3.9381
2005-12-28,3.9169
2005-12-29,3.8963
2005-12-30,3.9211
2006-01-03,3.9148
2006-01-04,3.9418
2006-01-05,3.9816
2006-01-06,3.9778
2006-01-09,4.0433
2006-01-10,4.0475
2006-01-11,4.056
2006-01-12,4.066
2006-01-13,4.0374
2006-01-16,4.0124
2006-01-17,4.0052
2006-01-18,4.0155
2006-01-19,4.0085
2006-01-20,4.0088
2006-01-23,4.0353
2006-01-24,4.0267
2006-01-25,4.0052
2006-01-26,3.9829
2006-01-27,3.9797
2006-01-30,3.9462
2006-01-31,3.9783
2006-02-01,3.9689
2006-02-02,3.9562
2006-02-03,3.958
2006-02-06,3.9532
2006-02-07,4.001
2006-02-08,3.9772
2006-02-09,3.9642
2006-02-10,3.9871
2006-02-13,3.9812
2006-02-14,4.023
2006-02-15,4.017
2006-02-16,3.9876
2006-02-17,3.9716
2006-02-20,3.9668
2006-02-21,3.965
2006-02-22,3.9771
2006-02-23,4.0219
2006-02-24,4.0406
2006-02-27,4.0549
2006-02-28,4.0478
2006-03-01,4.0433
2006-03-02,4.0463
2006-03-03,4.0292
2006-03-06,4.0019
2006-03-07,3.9925
2006-03-08,3.9975
2006-03-09,4.0165
2006-03-10,3.9873
2006-03-13,3.9649
2006-03-16,3.9884
2006-03-17,4.0053
2006-03-20,4.0124
2006-03-21,3.9919
2006-03-22,3.9887
2006-03-23,3.9884
2006-03-24,3.9586
2006-03-27,4.0199
2006-03-29,3.9891
2006-03-30,3.9801
2006-03-31,3.9724
2006-04-03,3.9453
2006-04-04,3.9412
2006-04-05,3.9254
2006-04-06,3.9138
2006-04-07,3.9126
2006-04-10,3.8966
2006-04-11,3.8738
2006-04-18,3.8894
2006-04-20,3.8785
2006-04-21,3.8842
2006-04-24,3.9505
2006-04-25,3.9497
2006-04-26,3.9456
2006-04-27,3.9593
2006-04-28,3.9379
2006-05-01,3.9603
2006-05-02,3.9459
2006-05-04,3.9485
2006-05-05,3.9305
2006-05-08,3.9905
2006-05-09,3.9869
2006-05-10,4.0109
2006-05-11,3.995
2006-05-12,4.0352
2006-05-15,4.0468
2006-05-16,4.0372
2006-05-17,4.0562
2006-05-18,4.0155
2006-05-19,3.9889
2006-05-22,3.9913
2006-05-23,4.0368
2006-05-24,4.0401
2006-05-25,4.0181
2006-05-26,4.0311
2006-05-30,4.0354
2006-05-31,4.0269
2006-06-01,4.013
2006-06-05,4.0064
2006-06-06,3.9762
2006-06-07,3.9509
2006-06-08,3.9253
2006-06-09,3.9334
2006-06-12,3.9133
2006-06-13,3.9255
2006-06-14,3.9046
2006-06-15,3.8823
2006-06-16,3.8646
2006-06-19,3.8482
2006-06-20,3.87
2006-06-21,3.8856
2006-06-22,3.8613
2006-06-23,3.843
2006-06-26,3.8485
2006-06-27,3.8536
2006-06-28,3.8505
2006-06-29,3.8437
2006-06-30,3.8689
2006-07-03,3.8475
2006-07-04,3.8323
2006-07-05,3.8136
2006-07-06,3.8073
2006-07-07,3.8104
2006-07-10,3.8597
2006-07-11,3.8358
2006-07-12,3.8528
2006-07-13,3.8982
2006-07-14,3.909
2006-07-17,3.841
2006-07-18,3.8106
2006-07-19,3.7934
2006-07-20,3.8107
2006-07-21,3.843
2006-07-24,3.8246
2006-07-25,3.7971
2006-07-26,3.7967
2006-07-27,3.8241
2006-07-28,3.8349
2006-07-31,3.8409
2006-08-01,3.8374
2006-08-02,3.8436
2006-08-04,3.8225
2006-08-07,3.8273
2006-08-08,3.7902
2006-08-09,3.7974
2006-08-10,3.8198
2006-08-11,3.7939
2006-08-14,3.7521
2006-08-15,3.7495
2006-08-16,3.755
2006-08-17,3.7788
2006-08-18,3.7644
2006-08-21,3.7684
2006-08-22,3.751
2006-08-23,3.7563
2006-08-24,3.7607
2006-08-25,3.7476
2006-08-28,3.7602
2006-08-29,3.7658
2006-08-30,3.7402
2006-08-31,3.7259
2006-09-01,3.7282
2006-09-04,3.7639
2006-09-05,3.7635
2006-09-06,3.7439
2006-09-07,3.7752
2006-09-08,3.7731
2006-09-11,3.7448
2006-09-12,3.731
2006-09-13,3.7185
2006-09-14,3.7256
2006-09-15,3.7173
2006-09-18,3.6869
2006-09-19,3.6974
2006-09-20,3.6986
2006-09-21,3.7006
2006-09-25,3.7079
2006-09-26,3.706
2006-09-27,3.6685
2006-09-28,3.6556
2006-09-29,3.6468
2006-10-03,3.6464
2006-10-04,3.6246
2006-10-05,3.6184
2006-10-06,3.5885
2006-10-09,3.5736
2006-10-10,3.5682
2006-10-11,3.5697
2006-10-12,3.5736
2006-10-13,3.5636
2006-10-16,3.5779
2006-10-17,3.5917
2006-10-18,3.5982
2006-10-19,3.6015
2006-10-20,3.6181
2006-10-23,3.5872
2006-10-24,3.582
2006-10-25,3.5986
2006-10-26,3.6057
2006-10-27,3.6207
2006-10-30,3.6534
2006-10-31,3.6367
2006-11-01,3.6425
2006-11-02,3.6627
2006-11-03,3.6632
2006-11-06,3.643
2006-11-07,3.6742
2006-11-08,3.6835
2006-11-09,3.6608
2006-11-10,3.6488
2006-11-13,3.6397
2006-11-14,3.6402
2006-11-15,3.6342
2006-11-16,3.658
2006-11-17,3.6402
2006-11-20,3.6533
2006-11-21,3.6626
2006-11-22,3.6876
2006-11-23,3.7079
2006-11-24,3.7055
2006-11-27,3.705
2006-11-28,3.6882
2006-11-30,3.6546
2006-12-01,3.6436
2006-12-04,3.6649
2006-12-05,3.6863
2006-12-06,3.6534
2006-12-07,3.6488
2006-12-08,3.6366
2006-12-11,3.5904
2006-12-12,3.5941
2006-12-13,3.5721
2006-12-14,3.5512
2006-12-15,3.5395
2006-12-18,3.5584
2006-12-19,3.5529
2006-12-20,3.5377
2006-12-21,3.5375
2006-12-22,3.5361
2006-12-26,3.5521
2006-12-27,3.5622
2006-12-28,3.5383
2006-12-29,3.5528
2007-01-02,3.5382
2007-01-03,3.5074
2007-01-04,3.5236
2007-01-05,3.5888
2007-01-08,3.5717
2007-01-09,3.5517
2007-01-10,3.5601
2007-01-11,3.5198
2007-01-12,3.5109
2007-01-15,3.5037
2007-01-16,3.5081
2007-01-17,3.5074
2007-01-18,3.4786
2007-01-19,3.4792
2007-01-22,3.4687
2007-01-23,3.4764
2007-01-24,3.4766
2007-01-25,3.5033
2007-01-26,3.4958
2007-01-29,3.4837
2007-01-30,3.4877
2007-01-31,3.5073
2007-02-01,3.5215
2007-02-02,3.5144
2007-02-05,3.5269
2007-02-06,3.5348
2007-02-07,3.5102
2007-02-08,3.488
2007-02-09,3.4805
2007-02-12,3.4765
2007-02-13,3.4947
2007-02-14,3.493
2007-02-15,3.5136
2007-02-16,3.5161
2007-02-19,3.4949
2007-02-20,3.4817
2007-02-21,3.4653
2007-02-22,3.4479
2007-02-23,3.4496
2007-02-26,3.4812
2007-02-27,3.5217
2007-02-28,3.5555
2007-03-01,3.5866
2007-03-02,3.5753
2007-03-06,3.6229
2007-03-07,3.6293
2007-03-08,3.6004
2007-03-09,3.5736
2007-03-12,3.5699
2007-03-13,3.6052
2007-03-14,3.6133
2007-03-15,3.5925
2007-03-16,3.6013
2007-03-19,3.5825
2007-03-20,3.5809
2007-03-21,3.5621
2007-03-22,3.5572
2007-03-23,3.5603
2007-03-26,3.5503
2007-03-27,3.5362
2007-03-28,3.568
2007-03-29,3.5536
2007-03-30,3.5203
2007-04-04,3.4817
2007-04-05,3.4741
2007-04-10,3.4609
2007-04-11,3.4449
2007-04-12,3.4064
2007-04-13,3.4306
2007-04-16,3.3853
2007-04-17,3.4044
2007-04-18,3.4358
2007-04-19,3.4588
2007-04-20,3.4279
2007-04-23,3.4374
2007-04-25,3.3978
2007-04-26,3.366
2007-04-27,3.3642
2007-04-30,3.3653
2007-05-01,3.3742
2007-05-02,3.3817
2007-05-03,3.3682
2007-05-04,3.3594
2007-05-07,3.3335
2007-05-08,3.3329
2007-05-09,3.3133
2007-05-10,3.2828
2007-05-11,3.3182
2007-05-14,3.2908
2007-05-15,3.2998
2007-05-16,3.2637
2007-05-17,3.2658
2007-05-18,3.295
2007-05-21,3.2903
2007-05-22,3.2854
2007-05-24,3.293
2007-05-25,3.3208
2007-05-29,3.3104
2007-05-30,3.3325
2007-05-31,3.315
2007-06-01,3.3393
2007-06-04,3.3321
2007-06-05,3.3431
2007-06-06,3.3833
2007-06-07,3.4129
2007-06-08,3.4673
2007-06-11,3.4401
2007-06-12,3.437
2007-06-13,3.4446
2007-06-14,3.4018
2007-06-15,3.3862
2007-06-18,3.3549
2007-06-19,3.3742
2007-06-20,3.3908
2007-06-21,3.4225
2007-06-22,3.4031
2007-06-25,3.4436
2007-06-26,3.4615
2007-06-27,3.5017
2007-06-28,3.4629
2007-06-29,3.441
2007-07-02,3.4574
2007-07-03,3.4229
2007-07-04,3.4136
2007-07-05,3.4379
2007-07-06,3.4386
2007-07-09,3.4232
2007-07-10,3.4354
2007-07-11,3.4944
2007-07-12,3.4915
2007-07-13,3.4919
2007-07-16,3.5186
2007-07-17,3.515
2007-07-18,3.5101
2007-07-19,3.4786
2007-07-20,3.4557
2007-07-23,3.4979
2007-07-25,3.5054
2007-07-26,3.5526
2007-07-27,3.6312
2007-07-30,3.671
2007-07-31,3.6051
2007-08-01,3.6584
2007-08-02,3.6514
2007-08-03,3.6194
2007-08-06,3.643
2007-08-07,3.6186
2007-08-08,3.5825
2007-08-09,3.6031
2007-08-10,3.6387
2007-08-13,3.5871
2007-08-14,3.5677
2007-08-15,3.6304
2007-08-16,3.7254
2007-08-17,3.7415
2007-08-20,3.6518
2007-08-21,3.666
2007-08-22,3.6233
2007-08-23,3.5591
2007-08-24,3.5998
2007-08-27,3.5756
2007-08-28,3.5705
2007-08-29,3.5994
2007-08-30,3.5624
2007-08-31,3.5472
2007-09-03,3.5649
2007-09-04,3.5834
2007-09-05,3.5576
2007-09-06,3.592
2007-09-07,3.5865
2007-09-10,3.642
2007-09-11,3.6008
2007-09-17,3.5624
2007-09-18,3.5535
2007-09-19,3.5043
2007-09-20,3.5274
2007-09-24,3.507
2007-09-25,3.5313
2007-09-26,3.4972
2007-09-28,3.4766
2007-10-01,3.4428
2007-10-02,3.4606
2007-10-03,3.4518
2007-10-05,3.4436
2007-10-08,3.4062
2007-10-09,3.448
2007-10-10,3.4225
2007-10-11,3.4406
2007-10-12,3.4303
2007-10-15,3.4288
2007-10-16,3.4653
2007-10-17,3.4387
2007-10-18,3.4755
2007-10-19,3.4877
2007-10-22,3.5381
2007-10-23,3.5102
2007-10-24,3.5257
2007-10-25,3.5097
2007-10-26,3.4906
2007-10-29,3.4801
2007-10-30,3.4686
2007-10-31,3.4439
2007-11-01,3.4246
2007-11-02,3.4594
2007-11-05,3.4645
2007-11-06,3.4343
2007-11-07,3.4777
2007-11-08,3.4686
2007-11-09,3.5033
2007-11-12,3.615
2007-11-13,3.5908
2007-11-14,3.5394
2007-11-15,3.5509
2007-11-16,3.5674
2007-11-19,3.5656
2007-11-20,3.5383
2007-11-21,3.5959
2007-11-22,3.5797
2007-11-23,3.5616
2007-11-26,3.5649
2007-11-27,3.5715
2007-11-28,3.5258
2007-11-29,3.4972
2007-11-30,3.4794
2007-12-03,3.4795
2007-12-04,3.503
2007-12-05,3.4897
2007-12-06,3.4958
2007-12-07,3.4766
2007-12-10,3.4859
2007-12-11,3.5029
2007-12-12,3.5426
2007-12-13,3.5083
2007-12-14,3.5292
2007-12-17,3.5347
2007-12-18,3.5039
2007-12-19,3.4902
2007-12-20,3.4826
2007-12-21,3.4544
2007-12-24,3.3935
2007-12-26,3.4339
2007-12-27,3.3823
2007-12-28,3.4063
2007-12-31,3.4345
2008-01-02,3.466
2008-01-03,3.5268
2008-01-04,3.4808
2008-01-07,3.4991
2008-01-08,3.4645
2008-01-09,3.4621
2008-01-10,3.4651
2008-01-11,3.4635
2008-01-14,3.4613
2008-01-15,3.4442
2008-01-16,3.5215
2008-01-17,3.5018
2008-01-18,3.5327
2008-01-21,3.5821
2008-01-22,3.5637
2008-01-23,3.512
2008-01-24,3.4519
2008-01-25,3.4473
2008-01-28,3.4852
2008-01-29,3.4016
2008-01-30,3.4121
2008-01-31,3.4126
2008-02-01,3.3766
2008-02-04,3.3475
2008-02-05,3.3527
2008-02-06,3.4039
2008-02-07,3.4343
2008-02-08,3.3555
2008-02-11,3.3899
2008-02-12,3.3444
2008-02-13,3.3525
2008-02-14,3.3409
2008-02-15,3.3179
2008-02-18,3.3293
2008-02-19,3.3397
2008-02-20,3.3581
2008-02-21,3.3367
2008-02-22,3.3495
2008-02-25,3.3216
2008-02-26,3.3636
2008-02-27,3.3929
2008-02-28,3.4008
2008-02-29,3.4805
2008-03-03,3.5505
2008-03-04,3.5226
2008-03-05,3.4624
2008-03-06,3.4785
2008-03-07,3.5325
2008-03-10,3.4956
2008-03-11,3.4063
2008-03-12,3.4009
2008-03-13,3.3792
2008-03-14,3.4529
2008-03-17,3.5367
2008-03-18,3.4555
2008-03-19,3.4158
2008-03-20,3.4259
2008-03-24,3.5294
2008-03-25,3.4959
2008-03-26,3.5331
2008-03-27,3.5234
2008-03-28,3.5276
2008-03-31,3.5709
2008-04-01,3.5287
2008-04-02,3.4848
2008-04-03,3.4767
2008-04-04,3.5319
2008-04-07,3.5486
2008-04-08,3.5394
2008-04-09,3.5077
2008-04-10,3.602
2008-04-11,3.5362
2008-04-14,3.5425
2008-04-15,3.4521
2008-04-16,3.4305
2008-04-17,3.3854
2008-04-18,3.3423
2008-04-21,3.333
2008-04-22,3.3631
2008-04-23,3.3362
2008-04-24,3.3274
2008-04-25,3.3349
2008-04-28,3.3136
2008-04-29,3.33
2008-04-30,3.2902
2008-05-01,3.2893
2008-05-02,3.295
2008-05-05,3.2662
2008-05-06,3.2578
2008-05-07,3.2725
2008-05-09,3.3561
2008-05-12,3.3275
2008-05-13,3.3137
2008-05-14,3.2572
2008-05-15,3.2614
2008-05-16,3.2257
2008-05-19,3.2394
2008-05-20,3.2493
2008-05-21,3.254
2008-05-22,3.2306
2008-05-23,3.2091
2008-05-27,3.1634
2008-05-28,3.1434
2008-05-29,3.1034
2008-05-30,3.0652
2008-06-02,3.1058
2008-06-03,3.1346
2008-06-04,3.1759
2008-06-05,3.1804
2008-06-06,3.144
2008-06-10,3.16
2008-06-11,3.1661
2008-06-12,3.1819
2008-06-13,3.1668
2008-06-16,3.1536
2008-06-17,3.0857
2008-06-18,3.0904
2008-06-19,3.1245
2008-06-20,3.1133
2008-06-23,3.1311
2008-06-24,3.125
2008-06-25,3.1378
2008-06-26,3.1305
2008-06-27,3.1806
2008-06-30,3.1741
2008-07-01,3.1643
2008-07-02,3.0797
2008-07-03,3.057
2008-07-04,3.0639
2008-07-07,3.0207
2008-07-08,3.0511
2008-07-09,3.0077
2008-07-10,3.0888
2008-07-11,3.1534
2008-07-14,3.1201
2008-07-15,3.1541
2008-07-16,3.2149
2008-07-17,3.1937
2008-07-18,3.1827
2008-07-21,3.204
2008-07-22,3.2554
2008-07-23,3.2242
2008-07-24,3.2376
2008-07-25,3.2671
2008-07-28,3.2302
2008-07-29,3.2177
2008-07-30,3.2175
2008-07-31,3.2064
2008-08-01,3.2727
2008-08-04,3.2825
2008-08-05,3.2961
2008-08-06,3.2698
2008-08-07,3.234
2008-08-08,3.2722
2008-08-11,3.2452
2008-08-12,3.2575
2008-08-13,3.3012
2008-08-14,3.2692
2008-08-15,3.2446
2008-08-18,3.2373
2008-08-19,3.257
2008-08-20,3.2506
2008-08-21,3.25
2008-08-22,3.1836
2008-08-25,3.197
2008-08-26,3.2161
2008-08-27,3.2783
2008-08-28,3.2757
2008-08-29,3.3012
2008-09-01,3.3556
2008-09-02,3.341
2008-09-03,3.3191
2008-09-04,3.3026
2008-09-05,3.3632
2008-09-08,3.2977
2008-09-09,3.329
2008-09-10,3.365
2008-09-11,3.3928
2008-09-12,3.3679
2008-09-15,3.4114
2008-09-16,3.4021
2008-09-17,3.3594
2008-09-18,3.3655
2008-09-19,3.2893
2008-09-22,3.2868
2008-09-23,3.2272
2008-09-24,3.2258
2008-09-25,3.2073
2008-09-26,3.2371
2008-10-02,3.3159
2008-10-03,3.2967
2008-10-06,3.3556
2008-10-07,3.4199
2008-10-10,3.6267
2008-10-13,3.595
2008-10-15,3.5835
2008-10-16,3.6965
2008-10-17,3.7091
2008-10-20,3.6748
2008-10-22,3.8634
2008-10-23,3.9397
2008-10-24,4.2482
2008-10-27,4.1065
2008-10-28,3.957
2008-10-29,3.8809
2008-10-30,3.7671
2008-10-31,3.898
2008-11-03,3.7844
2008-11-04,3.7968
2008-11-05,3.8696
2008-11-06,3.9177
2008-11-07,3.9165
2008-11-10,3.8109
2008-11-11,3.8756
2008-11-12,3.9687
2008-11-13,4.1011
2008-11-14,4.0058
2008-11-17,4.0585
2008-11-18,4.1208
2008-11-19,4.1011
2008-11-20,4.1908
2008-11-21,4.2212
2008-11-24,4.1713
2008-11-25,4.1284
2008-11-26,4.0881
2008-11-27,4.093
2008-11-28,4.1151
2008-12-01,4.2503
2008-12-02,4.2408
2008-12-03,4.2744
2008-12-04,4.2704
2008-12-05,4.3194
2008-12-08,4.2128
2008-12-09,4.2426
2008-12-10,4.211
2008-12-11,4.2823
2008-12-12,4.3153
2008-12-15,4.2532
2008-12-16,4.261
2008-12-17,4.2458
2008-12-18,4.1461
2008-12-19,4.2127
2008-12-22,4.2623
2008-12-23,4.2569
2008-12-24,4.2829
2008-12-29,4.2673
2008-12-30,4.1789
2008-12-31,4.1979
2009-01-02,4.1451
2009-01-05,4.1233
2009-01-06,4.0948
2009-01-07,4.14
2009-01-08,4.2438
2009-01-09,4.2331
2009-01-12,4.3336
2009-01-13,4.3875
2009-01-14,4.3453
2009-01-15,4.3522
2009-01-16,4.2698
2009-01-19,4.24
2009-01-20,4.3059
2009-01-21,4.3454
2009-01-22,4.4508
2009-01-23,4.4978
2009-01-26,4.4689
2009-01-27,4.4626
2009-01-28,4.5116
2009-01-29,4.475
2009-01-30,4.5554
2009-02-02,4.5669
2009-02-03,4.5504
2009-02-04,4.5755
2009-02-05,4.535
2009-02-06,4.3996
2009-02-09,4.405
2009-02-11,4.5147
2009-02-12,4.5039
2009-02-13,4.4271
2009-02-16,4.4389
2009-02-17,4.5026
2009-02-18,4.4691
2009-02-19,4.4059
2009-02-20,4.4397
2009-02-23,4.3801
2009-02-24,4.3414
2009-02-25,4.3399
2009-02-26,4.2549
2009-02-27,4.2812
2009-03-02,4.3349
2009-03-03,4.3059
2009-03-04,4.2407
2009-03-05,4.2754
2009-03-06,4.3609
2009-03-09,4.2892
2009-03-12,4.3783
2009-03-13,4.2453
2009-03-16,4.1956
2009-03-17,4.1939
2009-03-18,4.1947
2009-03-19,4.2733
2009-03-20,4.2541
2009-03-23,4.1879
2009-03-24,4.138
2009-03-25,4.1963
2009-03-26,4.2206
2009-03-27,4.2845
2009-03-30,4.3811
2009-03-31,4.2485
2009-04-01,4.2584
2009-04-02,4.1829
2009-04-03,4.1623
2009-04-06,4.0731
2009-04-07,4.1666
2009-04-14,4.1819
2009-04-16,4.236
2009-04-17,4.2034
2009-04-20,4.2607
2009-04-21,4.2934
2009-04-22,4.2941
2009-04-23,4.3054
2009-04-24,4.3751
2009-04-27,4.3849
2009-04-28,4.4405
2009-04-30,4.2341
2009-05-01,4.1853
2009-05-04,4.1878
2009-05-05,4.1648
2009-05-06,4.2068
2009-05-07,4.1625
2009-05-08,4.1251
2009-05-11,4.1843
2009-05-12,4.2057
2009-05-13,4.2804
2009-05-14,4.3607
2009-05-15,4.3551
2009-05-18,4.3534
2009-05-19,4.2836
2009-05-20,4.2677
2009-05-21,4.2322
2009-05-22,4.2043
2009-05-26,4.2125
2009-05-27,4.1895
2009-05-28,4.0884
2009-06-01,4.1052
2009-06-02,4.0989
2009-06-03,4.1037
2009-06-04,4.1017
2009-06-05,4.0679
2009-06-08,4.0596
2009-06-09,4.0338
2009-06-10,3.9943
2009-06-11,4.0043
2009-06-12,3.9978
2009-06-15,4.0346
2009-06-16,4.0565
2009-06-17,4.0977
2009-06-18,4.1328
2009-06-19,4.0907
2009-06-22,4.1185
2009-06-23,4.1521
2009-06-24,4.1207
2009-06-25,4.1102
2009-06-26,4.1424
2009-06-29,4.1249
2009-06-30,4.0891
2009-07-01,4.0147
2009-07-02,3.9992
2009-07-03,4.0477
2009-07-06,4.1121
2009-07-07,4.1026
2009-07-08,4.2074
2009-07-09,4.2583
2009-07-10,4.2733
2009-07-13,4.3283
2009-07-14,4.2517
2009-07-15,4.1914
2009-07-16,4.1577
2009-07-17,4.1685
2009-07-20,4.1236
2009-07-21,4.1276
2009-07-22,4.159
2009-07-23,4.1077
2009-07-24,4.0699
2009-07-27,4.0048
2009-07-28,3.9901
2009-07-29,4.0042
2009-07-31,3.9763
2009-08-03,3.9421
2009-08-04,4.0841
2009-08-05,4.0802
2009-08-06,4.1171
2009-08-07,4.0981
2009-08-10,3.9809
2009-08-11,4.0093
2009-08-12,4.0282
2009-08-13,3.967
2009-08-14,3.983
2009-08-17,4.0273
2009-08-18,4.0202
2009-08-19,4.0662
2009-08-20,4.0508
2009-08-21,4.0723
2009-08-24,4.0112
2009-08-25,4.0368
2009-08-26,4.0304
2009-08-27,4.0555
2009-08-28,4.0701
2009-08-31,4.095
2009-09-01,4.0765
2009-09-02,4.1055
2009-09-03,4.1084
2009-09-04,4.0558
2009-09-07,4.04
2009-09-08,4.1016
2009-09-09,4.0902
2009-09-10,4.1107
2009-09-11,4.1627
2009-09-14,4.161
2009-09-15,4.1253
2009-09-16,4.1379
2009-09-17,4.1105
2009-09-21,4.0575
2009-09-22,4.0805
2009-09-23,4.0885
2009-09-24,4.1146
2009-09-25,4.1623
2009-09-29,4.2001
2009-09-30,4.1977
2009-10-01,4.1986
2009-10-02,4.2135
2009-10-05,4.1852
2009-10-06,4.1909
2009-10-07,4.236
2009-10-08,4.2289
2009-10-09,4.189
2009-10-12,4.1431
2009-10-13,4.1479
2009-10-14,4.136
2009-10-15,4.1197
2009-10-16,4.0747
2009-10-19,4.0776
2009-10-20,4.0979
2009-10-21,4.0661
2009-10-22,4.0519
2009-10-23,4.0314
2009-10-26,4.0194
2009-10-27,4.0328
2009-10-28,4.1131
2009-10-29,4.1504
2009-10-30,4.1172
2009-11-02,4.201
2009-11-03,4.2169
2009-11-04,4.1741
2009-11-05,4.2
2009-11-06,4.1641
2009-11-09,4.1599
2009-11-10,4.1734
2009-11-11,4.1669
2009-11-12,4.1966
2009-11-13,4.1866
2009-11-16,4.191
2009-11-17,4.2306
2009-11-18,4.2314
2009-11-19,4.2659
2009-11-20,4.2895
2009-11-23,4.2768
2009-11-24,4.2594
2009-11-25,4.2916
2009-11-26,4.3515
2009-11-27,4.4365
2009-11-30,4.395
2009-12-01,4.3433
2009-12-02,4.3299
2009-12-03,4.2871
2009-12-04,4.2792
2009-12-07,4.2377
2009-12-08,4.2846
2009-12-09,4.3225
2009-12-10,4.2784
2009-12-11,4.2506
2009-12-14,4.2709
2009-12-15,4.2315
2009-12-16,4.2223
2009-12-17,4.23
2009-12-18,4.2056
2009-12-21,4.1981
2009-12-22,4.1557
2009-12-23,4.1472
2009-12-24,4.1597
2009-12-28,4.1444
2009-12-29,4.1306
2009-12-30,4.1042
2009-12-31,4.0864
2010-01-04,4.058
2010-01-05,4.0582
2010-01-06,4.0448
2010-01-07,4.0041
2010-01-08,3.9976
2010-01-11,3.9855
2010-01-12,4.035
2010-01-13,4.0213
2010-01-14,4.0122
2010-01-15,4.0535
2010-01-18,4.0624
2010-01-19,4.0661
2010-01-20,4.0694
2010-01-21,4.0473
2010-01-22,4.1264
2010-01-25,4.1246
2010-01-26,4.1647
2010-01-27,4.1623
2010-01-28,4.1314
2010-01-29,4.1243
2010-02-01,4.1385
2010-02-02,4.09
2010-02-03,4.0878
2010-02-04,4.1039
2010-02-05,4.1777
2010-02-08,4.1836
2010-02-09,4.163
2010-02-10,4.1844
2010-02-11,4.1711
2010-02-12,4.1524
2010-02-15,4.1694
2010-02-16,4.1644
2010-02-17,4.1233
2010-02-18,4.1273
2010-02-19,4.0968
2010-02-22,4.1251
2010-02-23,4.1398
2010-02-24,4.1834
2010-02-25,4.2319
2010-02-26,4.2497
2010-03-02,4.2515
2010-03-03,4.2468
2010-03-04,4.2776
2010-03-05,4.2257
2010-03-08,4.164
2010-03-09,4.1949
2010-03-10,4.146
2010-03-11,4.1231
2010-03-12,4.1074
2010-03-15,4.0939
2010-03-16,4.1077
2010-03-17,4.1011
2010-03-18,4.1296
2010-03-19,4.1258
2010-03-22,4.1269
2010-03-23,4.1401
2010-03-24,4.0943
2010-03-25,4.0679
2010-03-26,4.0543
2010-03-31,3.9809
2010-04-01,3.954
2010-04-06,3.9385
2010-04-07,3.9438
2010-04-08,3.9817
2010-04-09,3.9423
2010-04-12,3.9365
2010-04-13,3.9549
2010-04-14,3.9643
2010-04-15,3.9736
2010-04-16,3.9983
2010-04-19,4.0533
2010-04-21,3.9884
2010-04-22,4.0224
2010-04-23,4.0069
2010-04-26,3.9461
2010-04-27,3.9829
2010-04-28,3.9959
2010-04-29,3.963
2010-04-30,3.9381
2010-05-03,3.9645
2010-05-04,3.9493
2010-05-05,3.9582
2010-05-06,4.0192
2010-05-07,4.138
2010-05-10,4.0116
2010-05-11,4.0682
2010-05-12,4.0225
2010-05-13,4.0307
2010-05-14,4.0537
2010-05-17,4.0861
2010-05-18,4.0522
2010-05-20,4.188
2010-05-21,4.2431
2010-05-24,4.2206
2010-05-25,4.3274
2010-05-26,4.2604
2010-05-27,4.2355
2010-05-28,4.1987
2010-06-01,4.2654
2010-06-02,4.1896
2010-06-03,4.1487
2010-06-04,4.1508
2010-06-07,4.2168
2010-06-08,4.2335
2010-06-09,4.2464
2010-06-10,4.2199
2010-06-11,4.2006
2010-06-14,4.166
2010-06-15,4.1893
2010-06-16,4.1772
2010-06-17,4.1809
2010-06-18,4.2023
2010-06-21,4.1756
2010-06-22,4.2355
2010-06-23,4.2756
2010-06-24,4.3291
2010-06-25,4.306
2010-06-28,4.3522
2010-06-29,4.3804
2010-06-30,4.3664
2010-07-01,4.398
2010-07-02,4.4212
2010-07-05,4.4295
2010-07-06,4.4214
2010-07-07,4.46
2010-07-08,4.3867
2010-07-09,4.3679
2010-07-12,4.3642
2010-07-13,4.3648
2010-07-14,4.355
2010-07-15,4.3793
2010-07-16,4.4307
2010-07-19,4.4328
2010-07-21,4.4409
2010-07-22,4.4457
2010-07-23,4.4272
2010-07-26,4.4305
2010-07-27,4.3563
2010-07-28,4.3308
2010-07-29,4.3509
2010-07-30,4.3779
2010-08-02,4.3499
2010-08-03,4.3723
2010-08-04,4.4164
2010-08-05,4.3672
2010-08-06,4.3857
2010-08-09,4.3886
2010-08-10,4.3889
2010-08-11,4.4655
2010-08-12,4.4465
2010-08-13,4.4142
2010-08-16,4.4508
2010-08-17,4.4273
2010-08-18,4.426
2010-08-19,4.4204
2010-08-20,4.4429
2010-08-23,4.4515
2010-08-24,4.5319
2010-08-25,4.5198
2010-08-26,4.5097
2010-08-27,4.5241
2010-08-30,4.5101
2010-08-31,4.5225
2010-09-01,4.5198
2010-09-02,4.5001
2010-09-03,4.4788
2010-09-06,4.4801
2010-09-07,4.5123
2010-09-13,4.4812
2010-09-14,4.5334
2010-09-15,4.3809
2010-09-16,4.3602
2010-09-20,4.3478
2010-09-21,4.3528
2010-09-22,4.3626
2010-09-24,4.366
2010-09-27,4.3699
2010-09-28,4.3683
2010-09-29,4.3824
2010-10-01,4.3768
2010-10-04,4.3561
2010-10-05,4.3413
2010-10-06,4.3352
2010-10-07,4.3612
2010-10-08,4.3728
2010-10-11,4.3936
2010-10-12,4.4189
2010-10-13,4.3911
2010-10-14,4.4102
2010-10-15,4.3942
2010-10-18,4.4044
2010-10-19,4.398
2010-10-20,4.4533
2010-10-21,4.4538
2010-10-22,4.4792
2010-10-25,4.4678
2010-10-26,4.4704
2010-10-27,4.4594
2010-10-28,4.485
2010-10-29,4.5014
2010-11-01,4.5126
2010-11-02,4.4802
2010-11-03,4.466
2010-11-04,4.4359
2010-11-05,4.4409
2010-11-08,4.4553
2010-11-09,4.4902
2010-11-10,4.428
2010-11-11,4.4444
2010-11-12,4.4894
2010-11-15,4.4254
2010-11-16,4.4134
2010-11-17,4.4146
2010-11-18,4.3854
2010-11-19,4.3752
2010-11-22,4.3351
2010-11-23,4.3673
2010-11-24,4.3837
2010-11-25,4.368
2010-11-26,4.3873
2010-11-29,4.3685
2010-11-30,4.3913
2010-12-01,4.3769
2010-12-02,4.3368
2010-12-03,4.3468
2010-12-06,4.3834
2010-12-07,4.3851
2010-12-08,4.3324
2010-12-09,4.3162
2010-12-10,4.3197
2010-12-13,4.297
2010-12-14,4.3319
2010-12-15,4.2771
2010-12-16,4.279
2010-12-17,4.2832
2010-12-20,4.3052
2010-12-21,4.3015
2010-12-22,4.3004
2010-12-23,4.3196
2010-12-24,4.3329
2010-12-27,4.3231
2010-12-28,4.3614
2010-12-29,4.3553
2010-12-30,4.3694
2010-12-31,4.3602
2011-01-03,4.3551
2011-01-04,4.2951
2011-01-05,4.3053
2011-01-06,4.2788
2011-01-07,4.2801
2011-01-10,4.2995
2011-01-11,4.2769
2011-01-12,4.2452
2011-01-13,4.2995
2011-01-14,4.2931
2011-01-17,4.3069
2011-01-18,4.2752
2011-01-19,4.3086
2011-01-20,4.3767
2011-01-21,4.3838
2011-01-24,4.3735
2011-01-25,4.3881
2011-01-26,4.3822
2011-01-27,4.4056
2011-01-28,4.4525
2011-01-31,4.5126
2011-02-01,4.5272
2011-02-02,4.5103
2011-02-03,4.5088
2011-02-04,4.5505
2011-02-07,4.4617
2011-02-08,4.4802
2011-02-09,4.4376
2011-02-10,4.4595
2011-02-11,4.4198
2011-02-14,4.3953
2011-02-15,4.3574
2011-02-16,4.3119
2011-02-17,4.3194
2011-02-18,4.3445
2011-02-21,4.3306
2011-02-22,4.3715
2011-02-23,4.3899
2011-02-24,4.4692
2011-02-25,4.4604
2011-02-28,4.4206
2011-03-01,4.4113
2011-03-02,4.4343
2011-03-03,4.4117
2011-03-04,4.3791
2011-03-07,4.3889
2011-03-08,4.3396
2011-03-09,4.3115
2011-03-10,4.2999
2011-03-11,4.3251
2011-03-14,4.3422
2011-03-15,4.3751
2011-03-16,4.4105
2011-03-17,4.516
2011-03-18,4.3669
2011-03-22,4.3514
2011-03-23,4.3668
2011-03-24,4.3821
2011-03-25,4.3886
2011-03-28,4.329
2011-03-29,4.2928
2011-03-30,4.2233
2011-03-31,4.2023
2011-04-01,4.1488
2011-04-04,4.1238
2011-04-05,4.1107
2011-04-06,4.0665
2011-04-07,4.0602
2011-04-08,4.0357
2011-04-11,4.0623
2011-04-12,4.0924
2011-04-13,4.064
2011-04-14,4.127
2011-04-15,4.1117
2011-04-20,4.1363
2011-04-21,4.1527
2011-04-26,4.1777
2011-04-27,4.1603
2011-04-28,4.1697
2011-04-29,4.1639
2011-05-02,4.1458
2011-05-03,4.2016
2011-05-04,4.1791
2011-05-05,4.2729
2011-05-06,4.2854
2011-05-09,4.2782
2011-05-11,4.2804
2011-05-12,4.3294
2011-05-13,4.3276
2011-05-16,4.3812
2011-05-17,4.3066
2011-05-18,4.3469
2011-05-19,4.2616
2011-05-20,4.2587
2011-05-23,4.2954
2011-05-24,4.2694
2011-05-25,4.2642
2011-05-26,4.2413
2011-05-27,4.2893
2011-05-31,4.2149
2011-06-01,4.2097
2011-06-02,4.2159
2011-06-03,4.202
2011-06-06,4.2248
2011-06-07,4.1922
2011-06-09,4.2155
2011-06-10,4.2367
2011-06-13,4.2741
2011-06-14,4.234
2011-06-15,4.2368
2011-06-16,4.3214
2011-06-17,4.3048
2011-06-20,4.3084
2011-06-21,4.2596
2011-06-22,4.2645
2011-06-23,4.2817
2011-06-24,4.2784
2011-06-27,4.2745
2011-06-28,4.284
2011-06-29,4.2252
2011-06-30,4.2494
2011-07-01,4.208
2011-07-04,4.2
2011-07-05,4.2051
2011-07-06,4.2214
2011-07-07,4.1992
2011-07-08,4.1762
2011-07-11,4.2603
2011-07-12,4.3476
2011-07-13,4.338
2011-07-14,4.345
2011-07-15,4.3411
2011-07-18,4.3655
2011-07-19,4.3584
2011-07-20,4.3342
2011-07-21,4.3456
2011-07-22,4.3099
2011-07-25,4.3547
2011-07-26,4.3514
2011-07-27,4.3682
2011-07-28,4.4147
2011-07-29,4.4207
2011-08-01,4.4352
2011-08-02,4.4552
2011-08-03,4.4937
2011-08-04,4.3705
2011-08-05,4.4878
2011-08-08,4.5723
2011-08-10,4.593
2011-08-11,4.63
2011-08-12,4.6291
2011-08-15,4.583
2011-08-16,4.6125
2011-08-17,4.597
2011-08-18,4.6442
2011-08-19,4.6956
2011-08-22,4.6604
2011-08-23,4.6744
2011-08-24,4.7133
2011-08-25,4.677
2011-08-26,4.7106
2011-08-29,4.706
2011-08-30,4.6538
2011-08-31,4.6458
2011-09-01,4.6394
2011-09-02,4.6658
2011-09-05,4.7271
2011-09-06,4.737
2011-09-07,4.7596
2011-09-08,4.7675
2011-09-09,4.7677
2011-09-12,4.838
2011-09-13,4.8236
2011-09-14,4.8344
2011-09-15,4.813
2011-09-16,4.76
2011-09-19,4.8201
2011-09-20,4.8087
2011-09-21,4.8333
2011-09-22,4.8813
2011-09-23,4.8666
2011-09-26,4.8795
2011-09-27,4.8577
2011-10-03,4.889
2011-10-04,4.9077
2011-10-05,4.8655
2011-10-06,4.8493
2011-10-10,4.7895
2011-10-11,4.8118
2011-10-12,4.7781
2011-10-14,4.7514
2011-10-17,4.6997
2011-10-18,4.7595
2011-10-19,4.7296
2011-10-21,4.7539
2011-10-24,4.7897
2011-10-25,4.7834
2011-10-26,4.8105
2011-10-27,4.7836
2011-10-28,4.7467
2011-10-31,4.6264
2011-11-01,4.6675
2011-11-02,4.6781
2011-11-03,4.6981
2011-11-04,4.6978
2011-11-07,4.7181
2011-11-08,4.7109
2011-11-09,4.7807
2011-11-10,4.7943
2011-11-11,4.8097
2011-11-14,4.831
2011-11-15,4.848
2011-11-16,4.8443
2011-11-17,4.8428
2011-11-18,4.8609
2011-11-21,4.867
2011-11-22,4.8553
2011-11-23,4.8711
2011-11-24,4.8978
2011-11-25,4.9022
2011-11-28,4.8897
2011-11-29,4.863
2011-11-30,4.8644
2011-12-01,4.8153
2011-12-02,4.7948
2011-12-05,4.7767
2011-12-06,4.8076
2011-12-07,4.8115
2011-12-08,4.8393
2011-12-09,4.8558
2011-12-12,4.8324
2011-12-13,4.849
2011-12-14,4.8785
2011-12-15,4.8809
2011-12-16,4.8693
2011-12-19,4.8745
2011-12-20,4.8547
2011-12-21,4.8481
2011-12-22,4.8441
2011-12-23,4.8469
2011-12-27,4.8463
2011-12-28,4.8864
2011-12-29,4.9071
2011-12-30,4.9297
2012-01-03,4.97
2012-01-04,5.0153
2012-01-05,5.0137
2012-01-06,4.977
2012-01-09,4.9967
2012-01-10,4.9841
2012-01-11,4.9961
2012-01-12,4.9899
2012-01-13,4.9925
2012-01-16,5.0166
2012-01-17,4.9935
2012-01-18,4.9655
2012-01-19,4.9252
2012-01-20,4.9009
2012-01-23,4.9074
2012-01-24,4.8937
2012-01-25,4.8518
2012-01-26,4.8515
2012-01-27,4.8868
2012-01-30,4.9129
2012-01-31,4.8868
2012-02-01,4.911
2012-02-02,4.8953
2012-02-03,4.8786
2012-02-06,4.8519
2012-02-07,4.8622
2012-02-08,4.8102
2012-02-09,4.8156
2012-02-10,4.7768
2012-02-13,4.7872
2012-02-14,4.783
2012-02-15,4.7518
2012-02-16,4.7874
2012-02-17,4.7473
2012-02-20,4.6876
2012-02-21,4.6921
2012-02-22,4.6768
2012-02-23,4.6864
2012-02-24,4.6627
2012-02-27,4.7192
2012-02-28,4.7039
2012-02-29,4.6902
2012-03-01,4.6667
2012-03-02,4.6436
2012-03-05,4.67
2012-03-06,4.7034
2012-03-07,4.717
2012-03-12,4.6047
2012-03-13,4.5666
2012-03-14,4.5318
2012-03-15,4.5383
2012-03-16,4.5
2012-03-19,4.5254
2012-03-20,4.4756
2012-03-21,4.4533
2012-03-22,4.5337
2012-03-23,4.5182
2012-03-26,4.5034
2012-03-27,4.4824
2012-03-28,4.487
2012-03-29,4.5462
2012-03-30,4.5255
2012-04-02,4.5108
2012-04-03,4.5375
2012-04-04,4.5482
2012-04-05,4.5689
2012-04-10,4.6128
2012-04-11,4.655
2012-04-12,4.6397
2012-04-16,4.6506
2012-04-17,4.6555
2012-04-18,4.6277
2012-04-19,4.6061
2012-04-20,4.6016
2012-04-23,4.642
2012-04-24,4.6312
2012-04-25,4.6199
2012-04-27,4.6642
2012-04-30,4.6784
2012-05-01,4.7174
2012-05-02,4.7131
2012-05-03,4.7013
2012-05-04,4.7165
2012-05-07,4.7583
2012-05-08,4.768
2012-05-09,4.7927
2012-05-10,4.7976
2012-05-11,4.7904
2012-05-14,4.7974
2012-05-15,4.7882
2012-05-16,4.7672
2012-05-17,4.7707
2012-05-18,4.8463
2012-05-21,4.8268
2012-05-22,4.7811
2012-05-23,4.8596
2012-05-24,4.8454
2012-05-25,4.8333
2012-05-28,4.8598
2012-05-29,4.8727
2012-05-30,4.9055
2012-05-31,4.9258
2012-06-01,5.0029
2012-06-04,4.9823
2012-06-05,4.9792
2012-06-06,4.9048
2012-06-07,4.8774
2012-06-08,4.9025
2012-06-11,4.8663
2012-06-12,4.8862
2012-06-13,4.874
2012-06-14,4.896
2012-06-15,4.8942
2012-06-18,4.8781
2012-06-19,4.8876
2012-06-20,4.8907
2012-06-21,4.8421
2012-06-22,4.8582
2012-06-25,4.8984
2012-06-26,4.9666
2012-06-27,4.9507
2012-06-28,4.965
2012-06-29,4.9271
2012-07-02,4.9144
2012-07-03,4.9205
2012-07-04,4.9069
2012-07-05,4.9128
2012-07-06,4.9209
2012-07-09,4.9838
2012-07-10,4.9782
2012-07-11,5.0011
2012-07-12,5.0147
2012-07-13,5.0069
2012-07-16,5.0391
2012-07-17,5.0384
2012-07-18,5.0744
2012-07-19,5.1329
2012-07-20,5.086
2012-07-23,5.1654
2012-07-24,5.1998
2012-07-25,5.193
2012-07-26,5.2171
2012-07-27,5.217
2012-07-30,5.1603
2012-07-31,5.1134
2012-08-01,5.0797
2012-08-02,5.0824
2012-08-03,5.1225
2012-08-06,5.0807
2012-08-07,5.1006
2012-08-08,5.107
2012-08-09,5.0894
2012-08-10,5.1004
2012-08-13,5.1622
2012-08-14,5.1375
2012-08-15,5.1069
2012-08-16,5.1026
2012-08-17,5.0703
2012-08-20,5.0722
2012-08-21,5.061
2012-08-22,5.0831
2012-08-23,5.0907
2012-08-24,5.1155
2012-08-27,5.1086
2012-08-28,5.1071
2012-08-29,5.1256
2012-08-30,5.1418
2012-08-31,5.1332
2012-09-03,5.1316
2012-09-04,5.1222
2012-09-05,5.1381
2012-09-06,5.129
2012-09-07,5.0633
2012-09-10,5.0834
2012-09-11,5.0772
2012-09-12,5.0743
2012-09-13,5.1034
2012-09-14,5.051
2012-09-19,4.9516
2012-09-20,5.0123
2012-09-21,4.969
2012-09-24,5.0203
2012-09-27,5.0573
2012-09-28,5.037
2012-10-02,4.9731
2012-10-03,4.9671
2012-10-04,4.9388
2012-10-05,4.9155
2012-10-09,4.9364
2012-10-10,4.9366
2012-10-11,4.9073
2012-10-12,4.8957
2012-10-15,4.8499
2012-10-16,4.8352
2012-10-17,4.8207
2012-10-18,4.8017
2012-10-19,4.8179
2012-10-22,4.7803
2012-10-23,4.7936
2012-10-24,4.8296
2012-10-25,4.8103
2012-10-26,4.8466
2012-10-29,4.8851
2012-10-30,4.9036
2012-10-31,4.8564
2012-11-01,4.8382
2012-11-02,4.8391
2012-11-05,4.8634
2012-11-06,4.8586
2012-11-07,4.8262
2012-11-08,4.8899
2012-11-09,4.9072
2012-11-12,4.942
2012-11-13,4.9378
2012-11-14,4.8933
2012-11-15,4.864
2012-11-16,4.875
2012-11-19,4.8548
2012-11-20,4.8214
2012-11-21,4.757
2012-11-22,4.6831
2012-11-23,4.7144
2012-11-26,4.7024
2012-11-27,4.697
2012-11-28,4.7201
2012-11-29,4.6644
2012-11-30,4.6079
2012-12-03,4.6364
2012-12-04,4.6555
2012-12-05,4.6316
2012-12-06,4.6287
2012-12-07,4.655
2012-12-10,4.6611
2012-12-11,4.6165
2012-12-12,4.561
2012-12-13,4.5351
2012-12-14,4.533
2012-12-17,4.5127
2012-12-18,4.4946
2012-12-19,4.4378
2012-12-20,4.4535
2012-12-21,4.4583
2012-12-24,4.4349
2012-12-26,4.3872
2012-12-27,4.342
2012-12-28,4.335
2012-12-31,4.3325
2013-01-02,4.2685
2013-01-03,4.2943
2013-01-04,4.2814
2013-01-07,4.3208
2013-01-08,4.3006
2013-01-09,4.3233
2013-01-10,4.2847
2013-01-11,4.2056
2013-01-14,4.1793
2013-01-15,4.2159
2013-01-16,4.2393
2013-01-17,4.1604
2013-01-18,4.131
2013-01-21,4.1749
2013-01-23,4.2103
2013-01-24,4.1525
2013-01-25,4.0878
2013-01-28,4.1105
2013-01-29,4.1217
2013-01-30,4.0813
2013-01-31,4.0949
2013-02-01,3.9926
2013-02-04,3.9693
2013-02-05,3.9485
2013-02-06,3.9489
2013-02-07,3.9285
2013-02-08,3.9937
2013-02-11,3.9656
2013-02-12,3.9247
2013-02-13,3.9381
2013-02-14,3.9418
2013-02-15,3.988
2013-02-18,3.9151
2013-02-19,3.9381
2013-02-20,3.9149
2013-02-21,3.9476
2013-02-22,3.9798
2013-02-26,4.0574
2013-02-27,4.0672
2013-02-28,4.0235
2013-03-01,4.0178
2013-03-04,3.9897
2013-03-05,4.0023
2013-03-06,3.9866
2013-03-07,3.9512
2013-03-08,3.866
2013-03-11,3.8369
2013-03-12,3.8389
2013-03-13,3.8515
2013-03-14,3.836
2013-03-15,3.8254
2013-03-18,3.8847
2013-03-19,3.8596
2013-03-20,3.8587
2013-03-21,3.8566
2013-03-22,3.8832
2013-03-27,3.8439
2013-03-28,3.8798
2013-04-02,3.8817
2013-04-03,3.8719
2013-04-04,3.8022
2013-04-05,3.7643
2013-04-08,3.6698
2013-04-09,3.6672
2013-04-10,3.6495
2013-04-11,3.6384
2013-04-12,3.65
2013-04-15,3.6988
2013-04-17,3.7076
2013-04-18,3.6793
2013-04-19,3.659
2013-04-22,3.6377
2013-04-23,3.673
2013-04-24,3.6351
2013-04-25,3.6366
2013-04-26,3.6541
2013-04-29,3.6717
2013-04-30,3.69
2013-05-01,3.676
2013-05-02,3.6753
2013-05-03,3.6374
2013-05-06,3.5954
2013-05-07,3.5874
2013-05-08,3.5999
2013-05-09,3.5993
2013-05-10,3.5095
2013-05-13,3.514
2013-05-14,3.5879
2013-05-16,3.5566
2013-05-17,3.5535
2013-05-20,3.5691
2013-05-21,3.5762
2013-05-22,3.5632
2013-05-23,3.6496
2013-05-24,3.6246
2013-05-28,3.6335
2013-05-29,3.6491
2013-05-30,3.627
2013-05-31,3.653
2013-06-03,3.6738
2013-06-04,3.6692
2013-06-05,3.6876
2013-06-06,3.6847
2013-06-07,3.7628
2013-06-10,3.6736
2013-06-11,3.7563
2013-06-12,3.7551
2013-06-13,3.8393
2013-06-14,3.789
2013-06-17,3.7977
2013-06-18,3.7704
2013-06-19,3.7783
2013-06-20,3.7029
2013-06-21,3.7
2013-06-24,3.7102
2013-06-25,3.7021
2013-06-26,3.7104
2013-06-27,3.7178
2013-06-28,3.6589
2013-07-01,3.6512
2013-07-02,3.6382
2013-07-03,3.6589
2013-07-04,3.6441
2013-07-05,3.638
2013-07-08,3.6168
2013-07-09,3.6108
2013-07-10,3.6418
2013-07-11,3.6422
2013-07-12,3.6424
2013-07-15,3.5925
2013-07-17,3.5886
2013-07-18,3.5935
2013-07-19,3.5717
2013-07-22,3.5731
2013-07-23,3.5724
2013-07-24,3.5741
2013-07-25,3.6021
2013-07-26,3.6248
2013-07-29,3.6714
2013-07-30,3.6476
2013-07-31,3.6513
2013-08-01,3.6072
2013-08-02,3.59
2013-08-05,3.6169
2013-08-06,3.6202
2013-08-07,3.6537
2013-08-08,3.6748
2013-08-09,3.6513
2013-08-12,3.6651
2013-08-13,3.6205
2013-08-14,3.6397
2013-08-15,3.6425
2013-08-16,3.6567
2013-08-19,3.6454
2013-08-20,3.6687
2013-08-21,3.6595
2013-08-22,3.633
2013-08-23,3.6256
2013-08-26,3.6544
2013-08-27,3.7399
2013-08-28,3.765
2013-08-29,3.6965
2013-08-30,3.6892
2013-09-02,3.6432
2013-09-03,3.6499
2013-09-09,3.6417
2013-09-10,3.6002
2013-09-11,3.5556
2013-09-12,3.5859
2013-09-16,3.572
2013-09-17,3.5686
2013-09-18,3.5687
2013-09-20,3.5287
2013-09-23,3.552
2013-09-24,3.5578
2013-09-25,3.613
2013-09-27,3.6224
2013-09-30,3.6248
2013-10-01,3.6111
2013-10-02,3.6262
2013-10-03,3.6174
2013-10-04,3.6536
2013-10-07,3.6534
2013-10-08,3.6638
2013-10-09,3.6649
2013-10-10,3.637
2013-10-11,3.6096
2013-10-14,3.6005
2013-10-15,3.5993
2013-10-16,3.6154
2013-10-17,3.6111
2013-10-18,3.6083
2013-10-21,3.602
2013-10-22,3.5867
2013-10-23,3.6172
2013-10-24,3.6275
2013-10-25,3.6344
2013-10-28,3.615
2013-10-29,3.6008
2013-10-30,3.5816
2013-10-31,3.5814
2013-11-01,3.5876
2013-11-04,3.5806
2013-11-05,3.5926
2013-11-06,3.5795
2013-11-07,3.5832
2013-11-08,3.6018
2013-11-11,3.5654
2013-11-12,3.5431
2013-11-13,3.5492
2013-11-14,3.5357
2013-11-15,3.5078
2013-11-18,3.5213
2013-11-19,3.5262
2013-11-20,3.5476
2013-11-21,3.5407
2013-11-22,3.5233
2013-11-25,3.5002
2013-11-26,3.4916
2013-11-27,3.4783
2013-11-28,3.4552
2013-11-29,3.4435
2013-12-02,3.4337
2013-12-03,3.4336
2013-12-04,3.4388
2013-12-05,3.4532
2013-12-06,3.4428
2013-12-09,3.3992
2013-12-10,3.3906
2013-12-11,3.4163
2013-12-12,3.4115
2013-12-13,3.3816
2013-12-16,3.4029
2013-12-17,3.4101
2013-12-18,3.4042
2013-12-19,3.3738
2013-12-20,3.3673
2013-12-23,3.3741
2013-12-24,3.3431
2013-12-26,3.3325
2013-12-27,3.3313
2013-12-30,3.3077
2013-12-31,3.3063
2014-01-02,3.3072
2014-01-03,3.3574
2014-01-06,3.3493
2014-01-07,3.3527
2014-01-08,3.3461
2014-01-09,3.3367
2014-01-10,3.3318
2014-01-13,3.3717
2014-01-14,3.3677
2014-01-15,3.3399
2014-01-16,3.3383
2014-01-17,3.3439
2014-01-20,3.3532
2014-01-21,3.3418
2014-01-22,3.3453
2014-01-23,3.3504
2014-01-24,3.3718
2014-01-27,3.399
2014-01-28,3.3864
2014-01-29,3.3957
2014-01-30,3.4087
2014-01-31,3.409
2014-02-03,3.452
2014-02-04,3.4867
2014-02-05,3.4999
2014-02-06,3.5004
2014-02-07,3.4592
2014-02-10,3.4508
2014-02-11,3.433
2014-02-12,3.4405
2014-02-13,3.4459
2014-02-14,3.4422
2014-02-17,3.4429
2014-02-18,3.4285
2014-02-19,3.4458
2014-02-20,3.4463
2014-02-21,3.4271
2014-02-24,3.4235
2014-02-25,3.4387
2014-02-26,3.4402
2014-02-27,3.4533
2014-02-28,3.4369
2014-03-03,3.4478
2014-03-04,3.4238
2014-03-05,3.4027
2014-03-06,3.3831
2014-03-07,3.3596
2014-03-10,3.3614
2014-03-11,3.3629
2014-03-12,3.3793
2014-03-13,3.3766
2014-03-14,3.4153
2014-03-18,3.4124
2014-03-19,3.4072
2014-03-20,3.3998
2014-03-21,3.4073
2014-03-24,3.4039
2014-03-25,3.4103
2014-03-26,3.4087
2014-03-27,3.4252
2014-03-28,3.4236
2014-03-31,3.378
2014-04-01,3.3615
2014-04-02,3.3506
2014-04-03,3.3397
2014-04-04,3.3462
2014-04-07,3.3837
2014-04-08,3.3994
2014-04-09,3.4124
2014-04-10,3.4089
2014-04-11,3.4
2014-04-16,3.3941
2014-04-17,3.4052
2014-04-22,3.3967
2014-04-23,3.4117
2014-04-24,3.3941
2014-04-25,3.3938
2014-04-28,3.4046
2014-04-29,3.3764
2014-04-30,3.3811
2014-05-01,3.3788
2014-05-02,3.3738
2014-05-05,3.3929
2014-05-07,3.3969
2014-05-08,3.3878
2014-05-09,3.3929
2014-05-12,3.3895
2014-05-13,3.3802
2014-05-14,3.3933
2014-05-15,3.3889
2014-05-16,3.4081
2014-05-19,3.4146
2014-05-20,3.4215
2014-05-21,3.4506
2014-05-22,3.4319
2014-05-23,3.4278
2014-05-27,3.4124
2014-05-28,3.4202
2014-05-29,3.4227
2014-05-30,3.4188
2014-06-02,3.4064
2014-06-03,3.3926
2014-06-05,3.3869
2014-06-06,3.3856
2014-06-09,3.3779
2014-06-10,3.3825
2014-06-11,3.3953
2014-06-12,3.391
2014-06-13,3.3896
2014-06-16,3.3949
2014-06-17,3.3858
2014-06-18,3.383
2014-06-19,3.3824
2014-06-20,3.3759
2014-06-23,3.3906
2014-06-24,3.3695
2014-06-25,3.3761
2014-06-26,3.3734
2014-06-27,3.3863
2014-06-30,3.3922
2014-07-01,3.3726
2014-07-02,3.3774
2014-07-03,3.3609
2014-07-04,3.3508
2014-07-07,3.3563
2014-07-08,3.3708
2014-07-09,3.3805
2014-07-10,3.3851
2014-07-11,3.3823
2014-07-14,3.3733
2014-07-15,3.3519
2014-07-16,3.3483
2014-07-17,3.3604
2014-07-18,3.373
2014-07-21,3.375
2014-07-22,3.3658
2014-07-23,3.3634
2014-07-24,3.3469
2014-07-25,3.3612
2014-07-28,3.3656
2014-07-29,3.3594
2014-07-30,3.3537
2014-07-31,3.3338
2014-08-01,3.3171
2014-08-04,3.3317
2014-08-06,3.3468
2014-08-07,3.3721
2014-08-08,3.4183
2014-08-11,3.3997
2014-08-12,3.4027
2014-08-13,3.4094
2014-08-14,3.3883
2014-08-15,3.38
2014-08-18,3.4183
2014-08-19,3.432
2014-08-20,3.4193
2014-08-21,3.407
2014-08-22,3.3914
2014-08-25,3.4074
2014-08-26,3.4389
2014-08-27,3.4365
2014-08-28,3.4335
2014-08-29,3.4338
2014-09-01,3.4328
2014-09-02,3.4102
2014-09-03,3.4067
2014-09-04,3.4095
2014-09-05,3.4252
2014-09-08,3.4227
2014-09-09,3.3989
2014-09-10,3.3915
2014-09-11,3.387
2014-09-12,3.3922
2014-09-15,3.3808
2014-09-16,3.3996
2014-09-17,3.3998
2014-09-18,3.3569
2014-09-19,3.3369
2014-09-22,3.3545
2014-09-23,3.3732
2014-09-29,3.3697
2014-09-30,3.3651
2014-10-01,3.3415
2014-10-02,3.3535
2014-10-06,3.3561
2014-10-07,3.4148
2014-10-08,3.4561
2014-10-10,3.4483
2014-10-13,3.4797
2014-10-14,3.4987
2014-10-15,3.4804
2014-10-17,3.4871
2014-10-20,3.4993
2014-10-21,3.4914
2014-10-22,3.4985
2014-10-23,3.5051
2014-10-24,3.5056
2014-10-27,3.5129
2014-10-28,3.4807
2014-10-29,3.4718
2014-10-30,3.4618
2014-10-31,3.394
2014-11-03,3.333
2014-11-04,3.3485
2014-11-05,3.312
2014-11-06,3.3038
2014-11-07,3.3062
2014-11-10,3.3124
2014-11-11,3.2911
2014-11-12,3.3131
2014-11-13,3.2987
2014-11-14,3.2791
2014-11-17,3.2903
2014-11-18,3.2928
2014-11-19,3.2643
2014-11-20,3.2552
2014-11-21,3.2576
2014-11-24,3.2651
2014-11-25,3.2745
2014-11-26,3.2881
2014-11-27,3.3081
2014-11-28,3.2905
2014-12-01,3.3029
2014-12-02,3.3272
2014-12-03,3.345
2014-12-04,3.3224
2014-12-05,3.2894
2014-12-08,3.2965
2014-12-09,3.2888
2014-12-10,3.3106
2014-12-11,3.3037
2014-12-12,3.2975
2014-12-15,3.301
2014-12-16,3.3856
2014-12-17,3.3459
2014-12-18,3.3188
2014-12-19,3.2914
2014-12-22,3.2728
2014-12-23,3.2588
2014-12-24,3.2471
2014-12-29,3.2614
2014-12-30,3.2695
2014-12-31,3.2547
2015-01-02,3.2545
2015-01-05,3.2974
2015-01-06,3.3325
2015-01-07,3.3188
2015-01-08,3.3166
2015-01-09,3.317
2015-01-12,3.3176
2015-01-13,3.3272
2015-01-14,3.3688
2015-01-15,3.345
2015-01-16,3.3616
2015-01-19,3.3475
2015-01-20,3.3091
2015-01-21,3.3495
2015-01-22,3.3472
2015-01-23,3.3487
2015-01-26,3.3805
2015-01-27,3.3845
2015-01-28,3.3512
2015-01-29,3.3268
2015-01-30,3.3329
2015-02-02,3.3463
2015-02-03,3.3499
2015-02-04,3.3148
2015-02-05,3.3014
2015-02-06,3.2964
2015-02-09,3.2734
2015-02-10,3.2537
2015-02-11,3.2259
2015-02-12,3.2512
2015-02-13,3.2655
2015-02-16,3.2804
2015-02-17,3.2529
2015-02-18,3.2252
2015-02-19,3.2315
2015-02-20,3.2536
2015-02-23,3.2413
2015-02-24,3.3069
2015-02-25,3.3136
2015-02-26,3.3111
2015-02-27,3.3236
2015-03-02,3.3288
2015-03-03,3.3272
2015-03-04,3.3306
2015-03-09,3.3227
2015-03-10,3.329
2015-03-11,3.3332
2015-03-12,3.3216
2015-03-13,3.3075
2015-03-16,3.3141
2015-03-18,3.3179
2015-03-19,3.3134
2015-03-20,3.3469
2015-03-23,3.3529
2015-03-24,3.2884
2015-03-25,3.3027
2015-03-26,3.3219
2015-03-27,3.3319
2015-03-30,3.314
2015-03-31,3.3176
2015-04-01,3.3096
2015-04-02,3.3072
2015-04-07,3.2835
2015-04-08,3.2854
2015-04-09,3.2782
2015-04-13,3.326
2015-04-14,3.3301
2015-04-15,3.3308
2015-04-16,3.3055
2015-04-17,3.3063
2015-04-20,3.2975
2015-04-21,3.3038
2015-04-22,3.303
2015-04-24,3.289
2015-04-27,3.2943
2015-04-28,3.2732
2015-04-29,3.2476
2015-04-30,3.2457
2015-05-01,3.2216
2015-05-04,3.2338
2015-05-05,3.2217
2015-05-06,3.2282
2015-05-07,3.2428
2015-05-08,3.2222
2015-05-11,3.2286
2015-05-12,3.2201
2015-05-13,3.219
2015-05-14,3.2035
2015-05-15,3.1997
2015-05-18,3.1912
2015-05-19,3.2073
2015-05-20,3.2044
2015-05-21,3.1882
2015-05-22,3.2072
2015-05-26,3.1631
2015-05-27,3.1352
2015-05-28,3.1273
2015-05-29,3.1298
2015-06-01,3.1198
2015-06-02,3.0948
2015-06-03,3.1046
2015-06-04,3.0903
2015-06-05,3.0805
2015-06-08,3.0865
2015-06-09,3.0913
2015-06-10,3.1072
2015-06-11,3.0954
2015-06-12,3.1044
2015-06-15,3.1079
2015-06-16,3.1048
2015-06-17,3.1012
2015-06-18,3.1097
2015-06-19,3.1137
2015-06-22,3.1105
2015-06-23,3.0537
2015-06-24,3.0359
2015-06-25,3.0493
2015-06-26,3.0731
2015-06-29,3.0932
2015-06-30,3.08
2015-07-01,3.0735
2015-07-02,3.061
2015-07-03,3.0638
2015-07-06,3.0766
2015-07-07,3.0857
2015-07-08,3.1232
2015-07-09,3.1158
2015-07-10,3.0934
2015-07-13,3.0618
2015-07-14,3.0599
2015-07-15,3.0479
2015-07-16,3.0548
2015-07-17,3.056
2015-07-20,3.0771
2015-07-21,3.0619
2015-07-22,3.0778
2015-07-23,3.0838
2015-07-24,3.084
2015-07-27,3.0884
2015-07-28,3.0499
2015-07-29,3.0612
2015-07-30,3.0405
2015-07-31,3.0458
2015-08-03,3.0369
2015-08-04,3.051
2015-08-05,3.0594
2015-08-06,3.0548
2015-08-07,3.0519
2015-08-10,3.0562
2015-08-11,3.0567
2015-08-12,3.0712
2015-08-13,3.0586
2015-08-14,3.0461
2015-08-17,3.059
2015-08-18,3.0813
2015-08-19,3.1183
2015-08-20,3.1338
2015-08-21,3.151
2015-08-24,3.2287
2015-08-25,3.2205
2015-08-26,3.2823
2015-08-27,3.267
2015-08-28,3.2415
2015-08-31,3.2382
2015-09-01,3.2698
2015-09-02,3.2743
2015-09-03,3.2686
2015-09-04,3.2994
2015-09-07,3.2949
2015-09-08,3.2709
2015-09-09,3.2196
2015-09-10,3.2223
2015-09-11,3.2101
2015-09-16,3.2253
2015-09-17,3.2037
2015-09-18,3.2423
2015-09-21,3.2565
2015-09-24,3.2937
2015-09-25,3.2735
2015-09-29,3.2884
2015-09-30,3.2628
2015-10-01,3.2607
2015-10-02,3.2673
2015-10-06,3.2198
2015-10-07,3.2043
2015-10-08,3.2107
2015-10-09,3.196
2015-10-12,3.1924
2015-10-13,3.2282
2015-10-14,3.2186
2015-10-15,3.2333
2015-10-16,3.2042
2015-10-19,3.217
2015-10-20,3.2256
2015-10-21,3.2165
2015-10-22,3.2179
2015-10-23,3.2237
2015-10-26,3.2184
2015-10-27,3.2131
2015-10-28,3.2183
2015-10-29,3.2095
2015-10-30,3.2027
2015-11-02,3.207
2015-11-03,3.2092
2015-11-04,3.1994
2015-11-05,3.1892
2015-11-06,3.1883
2015-11-09,3.1705
2015-11-10,3.1834
2015-11-11,3.1757
2015-11-12,3.1638
2015-11-13,3.1697
2015-11-16,3.1625
2015-11-17,3.1681
2015-11-18,3.1623
2015-11-19,3.1576
2015-11-20,3.1586
2015-11-23,3.1608
2015-11-24,3.1596
2015-11-25,3.1607
2015-11-26,3.1653
2015-11-27,3.1774
2015-11-30,3.1504
2015-12-01,3.1497
2015-12-02,3.1498
2015-12-03,3.1476
2015-12-04,3.1404
2015-12-07,3.1229
2015-12-08,3.1521
2015-12-09,3.1719
2015-12-10,3.187
2015-12-11,3.1643
2015-12-14,3.1899
2015-12-15,3.1894
2015-12-16,3.1815
2015-12-17,3.1788
2015-12-18,3.2096
2015-12-21,3.2128
2015-12-22,3.2275
2015-12-23,3.2227
2015-12-24,3.2338
2015-12-28,3.2281
2015-12-29,3.2243
2015-12-30,3.2341
2015-12-31,3.2406
2016-01-04,3.2924
2016-01-05,3.2999
2016-01-06,3.33
2016-01-07,3.3466
2016-01-08,3.3137
2016-01-11,3.3376
2016-01-12,3.3438
2016-01-13,3.3357
2016-01-14,3.3518
2016-01-15,3.358
2016-01-18,3.3701
2016-01-19,3.348
2016-01-20,3.4169
2016-01-21,3.3973
2016-01-22,3.3632
2016-01-25,3.3631
2016-01-26,3.3616
2016-01-27,3.3564
2016-01-28,3.3323
2016-01-29,3.2685
2016-02-01,3.2574
2016-02-02,3.2744
2016-02-03,3.3178
2016-02-04,3.3234
2016-02-05,3.3214
2016-02-08,3.348
2016-02-09,3.3852
2016-02-10,3.368
2016-02-11,3.4612
2016-02-12,3.4469
2016-02-15,3.409
2016-02-16,3.4344
2016-02-17,3.4258
2016-02-18,3.4239
2016-02-19,3.4617
2016-02-22,3.451
2016-02-23,3.4862
2016-02-24,3.511
2016-02-25,3.4791
2016-02-26,3.4591
2016-02-29,3.4625
2016-03-01,3.448
2016-03-02,3.3982
2016-03-03,3.4104
2016-03-04,3.4198
2016-03-07,3.4441
2016-03-08,3.4606
2016-03-09,3.4726
2016-03-10,3.4267
2016-03-11,3.4029
2016-03-14,3.4083
2016-03-15,3.4513
2016-03-16,3.4321
2016-03-17,3.4468
2016-03-18,3.4646
2016-03-21,3.457
2016-03-22,3.4489
2016-03-23,3.4057
2016-03-28,3.3788
2016-03-29,3.3687
2016-03-30,3.3677
2016-03-31,3.3533
2016-04-01,3.3704
2016-04-04,3.3905
2016-04-05,3.4397
2016-04-06,3.4596
2016-04-07,3.499
2016-04-08,3.4775
2016-04-11,3.4948
2016-04-12,3.4757
2016-04-13,3.4496
2016-04-14,3.4693
2016-04-15,3.4619
2016-04-18,3.48
2016-04-19,3.4417
2016-04-20,3.4421
2016-04-21,3.43
2016-04-25,3.3913
2016-04-26,3.3964
2016-04-27,3.3893
2016-04-28,3.4772
2016-05-02,3.5128
2016-05-03,3.541
2016-05-04,3.5364
2016-05-05,3.5272
2016-05-06,3.5399
2016-05-09,3.4967
2016-05-10,3.4716
2016-05-11,3.4751
2016-05-13,3.4676
2016-05-16,3.5016
2016-05-17,3.4871
2016-05-18,3.5053
2016-05-19,3.5117
2016-05-20,3.5085
2016-05-23,3.5427
2016-05-24,3.526
2016-05-25,3.4973
2016-05-26,3.4868
2016-05-27,3.5022
2016-05-31,3.4677
2016-06-01,3.5161
2016-06-02,3.5352
2016-06-03,3.5554
2016-06-06,3.5755
2016-06-07,3.5441
2016-06-08,3.5729
2016-06-09,3.6095
2016-06-10,3.6028
2016-06-13,3.6534
2016-06-14,3.6478
2016-06-15,3.646
2016-06-16,3.7123
2016-06-17,3.7067
2016-06-20,3.68
2016-06-21,3.6862
2016-06-22,3.6851
2016-06-23,3.6153
2016-06-24,3.7799
2016-06-27,3.8359
2016-06-28,3.7925
2016-06-29,3.7558
2016-06-30,3.7398
2016-07-01,3.7481
2016-07-04,3.7591
2016-07-05,3.8005
2016-07-06,3.8752
2016-07-07,3.8356
2016-07-08,3.8578
2016-07-11,3.79
2016-07-12,3.7331
2016-07-13,3.6985
2016-07-14,3.6477
2016-07-15,3.6311
2016-07-18,3.653
2016-07-19,3.6331
2016-07-20,3.6229
2016-07-21,3.628
2016-07-22,3.621
2016-07-25,3.6201
2016-07-26,3.6797
2016-07-27,3.6343
2016-07-28,3.656
2016-07-29,3.6838
2016-08-01,3.7223
2016-08-02,3.7491
2016-08-03,3.7817
2016-08-04,3.7754
2016-08-05,3.7785
2016-08-08,3.7415
2016-08-09,3.7383
2016-08-10,3.7664
2016-08-11,3.7587
2016-08-12,3.734
2016-08-15,3.7679
2016-08-16,3.771
2016-08-17,3.7648
2016-08-18,3.7662
2016-08-19,3.7648
2016-08-22,3.7612
2016-08-23,3.7611
2016-08-24,3.7658
2016-08-25,3.7514
2016-08-26,3.7381
2016-08-29,3.709
2016-08-30,3.6972
2016-08-31,3.6689
2016-09-01,3.6427
2016-09-02,3.6369
2016-09-05,3.6473
2016-09-06,3.6457
2016-09-07,3.7078
2016-09-08,3.6891
2016-09-09,3.677
2016-09-12,3.7
2016-09-13,3.6879
2016-09-14,3.6861
2016-09-15,3.6953
2016-09-16,3.687
2016-09-19,3.709
2016-09-20,3.7064
2016-09-21,3.736
2016-09-22,3.7332
2016-09-23,3.722
2016-09-26,3.7469
2016-09-27,3.7334
2016-09-28,3.7328
2016-09-29,3.7003
2016-09-30,3.7198
2016-10-05,3.6651
2016-10-06,3.6511
2016-10-07,3.652
2016-10-10,3.6664
2016-10-13,3.6711
2016-10-14,3.6626
2016-10-18,3.671
2016-10-19,3.691
2016-10-20,3.6978
2016-10-21,3.7063
2016-10-25,3.6807
2016-10-26,3.6848
2016-10-27,3.6689
2016-10-28,3.6631
2016-10-31,3.6652
2016-11-01,3.6488
2016-11-02,3.6866
2016-11-03,3.6991
2016-11-04,3.6967
2016-11-07,3.6516
2016-11-08,3.6436
2016-11-09,3.6852
2016-11-10,3.5976
2016-11-11,3.6098
2016-11-14,3.5751
2016-11-15,3.5511
2016-11-16,3.5192
2016-11-17,3.5278
2016-11-18,3.5003
2016-11-21,3.4968
2016-11-22,3.4852
2016-11-23,3.4794
2016-11-24,3.4262
2016-11-25,3.4227
2016-11-28,3.4341
2016-11-29,3.4142
2016-11-30,3.3834
2016-12-01,3.3567
2016-12-02,3.359
2016-12-05,3.3433
2016-12-06,3.343
2016-12-07,3.3329
2016-12-08,3.3399
2016-12-09,3.3383
2016-12-12,3.2997
2016-12-13,3.3016
2016-12-14,3.3075
2016-12-15,3.2537
2016-12-16,3.2545
2016-12-19,3.299
2016-12-20,3.2712
2016-12-21,3.2663
2016-12-22,3.2444
2016-12-23,3.2506
2016-12-27,3.2792
2016-12-28,3.2741
2016-12-29,3.2959
2016-12-30,3.2864
2017-01-03,3.2626
2017-01-04,3.2812
2017-01-05,3.3047
2017-01-06,3.3142
2017-01-09,3.2993
2017-01-10,3.3146
2017-01-11,3.3138
2017-01-12,3.3461
2017-01-13,3.33
2017-01-16,3.3503
2017-01-17,3.385
2017-01-18,3.3626
2017-01-19,3.3251
2017-01-20,3.3106
2017-01-23,3.3407
2017-01-24,3.341
2017-01-25,3.3338
2017-01-26,3.3085
2017-01-27,3.2981
2017-01-30,3.2992
2017-01-31,3.3281
2017-02-01,3.326
2017-02-02,3.3452
2017-02-03,3.3235
2017-02-06,3.3313
2017-02-07,3.3409
2017-02-08,3.3408
2017-02-09,3.3383
2017-02-10,3.2983
2017-02-13,3.2963
2017-02-14,3.3017
2017-02-15,3.2706
2017-02-16,3.2713
2017-02-17,3.2831
2017-02-20,3.2771
2017-02-21,3.26
2017-02-22,3.2818
2017-02-23,3.2776
2017-02-24,3.2876
2017-02-27,3.2761
2017-02-28,3.2599
2017-03-01,3.192
2017-03-02,3.2273
2017-03-03,3.2321
2017-03-06,3.2334
2017-03-07,3.225
2017-03-08,3.2304
2017-03-09,3.2189
2017-03-10,3.186
2017-03-14,3.1845
2017-03-15,3.1911
2017-03-16,3.2029
2017-03-17,3.2057
2017-03-20,3.2074
2017-03-21,3.2098
2017-03-22,3.2833
2017-03-23,3.2822
2017-03-24,3.2786
2017-03-27,3.2823
2017-03-28,3.2715
2017-03-29,3.2648
2017-03-30,3.2523
2017-03-31,3.2468
2017-04-03,3.2552
2017-04-04,3.3056
2017-04-05,3.2955
2017-04-06,3.2887
2017-04-07,3.2994
2017-04-12,3.3309
2017-04-13,3.3464
2017-04-18,3.3697
2017-04-19,3.367
2017-04-20,3.36
2017-04-21,3.3699
2017-04-24,3.3117
2017-04-25,3.3025
2017-04-26,3.2693
2017-04-27,3.2722
2017-04-28,3.2525
2017-05-03,3.2201
2017-05-04,3.2009
2017-05-05,3.2171
2017-05-08,3.2008
2017-05-09,3.165
2017-05-10,3.17
2017-05-11,3.167
2017-05-12,3.1766
2017-05-15,3.1688
2017-05-16,3.171
2017-05-17,3.204
2017-05-18,3.2575
2017-05-19,3.2243
2017-05-22,3.2148
2017-05-23,3.2241
2017-05-24,3.2156
2017-05-25,3.199
2017-05-26,3.2118
2017-05-30,3.2089
2017-06-01,3.193
2017-06-02,3.191
2017-06-05,3.2076
2017-06-06,3.2402
2017-06-07,3.2389
2017-06-08,3.2145
2017-06-09,3.1997
2017-06-12,3.2161
2017-06-13,3.208
2017-06-14,3.2002
2017-06-15,3.1974
2017-06-16,3.1679
2017-06-19,3.1704
2017-06-20,3.1674
2017-06-21,3.1828
2017-06-22,3.1842
2017-06-23,3.1819
2017-06-26,3.1661
2017-06-27,3.1485
2017-06-28,3.1386
2017-06-29,3.102
2017-06-30,3.124
2017-07-03,3.092
2017-07-04,3.1046
2017-07-05,3.1021
2017-07-06,3.1153
2017-07-07,3.1026
2017-07-10,3.1059
2017-07-11,3.1295
2017-07-12,3.13
2017-07-13,3.1284
2017-07-14,3.1237
2017-07-17,3.1543
2017-07-18,3.1777
2017-07-19,3.2041
2017-07-20,3.1843
2017-07-21,3.1831
2017-07-24,3.2398
2017-07-25,3.2035
2017-07-26,3.1924
2017-07-27,3.1941
2017-07-28,3.2047
2017-07-31,3.2188
2017-08-02,3.2305
2017-08-03,3.2492
2017-08-04,3.2769
2017-08-07,3.2686
2017-08-08,3.2658
2017-08-09,3.2782
2017-08-10,3.2765
2017-08-11,3.2911
2017-08-14,3.2694
2017-08-15,3.2506
2017-08-16,3.2738
2017-08-17,3.2921
2017-08-18,3.3235
2017-08-21,3.323
2017-08-22,3.3165
2017-08-23,3.3138
2017-08-24,3.2908
2017-08-25,3.279
2017-08-28,3.2787
2017-08-29,3.2959
2017-08-30,3.2542
2017-08-31,3.2518
2017-09-01,3.2524
2017-09-04,3.2681
2017-09-05,3.2631
2017-09-06,3.2721
2017-09-07,3.2414
2017-09-08,3.2531
2017-09-11,3.2447
2017-09-12,3.2229
2017-09-13,3.2168
2017-09-14,3.1977
2017-09-15,3.1819
2017-09-18,3.1622
2017-09-19,3.1474
2017-09-25,3.1313
2017-09-26,3.151
2017-09-27,3.1395
2017-09-28,3.1329
2017-10-02,3.1401
2017-10-03,3.1243
2017-10-04,3.1288
2017-10-06,3.1145
2017-10-09,3.1158
2017-10-10,3.1177
2017-10-11,3.1213
2017-10-13,3.1244
2017-10-16,3.126
2017-10-17,3.1288
2017-10-18,3.1136
2017-10-19,3.1132
2017-10-20,3.0818
2017-10-23,3.0651
2017-10-24,3.0743
2017-10-25,3.076
2017-10-26,3.0889
2017-10-27,3.1011
2017-10-30,3.1043
2017-10-31,3.1067
2017-11-01,3.0759
2017-11-02,3.0721
2017-11-03,3.0789
2017-11-06,3.0773
2017-11-07,3.0798
2017-11-08,3.092
2017-11-09,3.1001
2017-11-10,3.1086
2017-11-13,3.1266
2017-11-14,3.1196
2017-11-15,3.1328
2017-11-16,3.1148
2017-11-17,3.1267
2017-11-20,3.135
2017-11-21,3.1346
2017-11-22,3.1456
2017-11-23,3.1591
2017-11-24,3.1544
2017-11-27,3.1468
2017-11-28,3.147
2017-11-29,3.1341
2017-11-30,3.1149
2017-12-01,3.1026
2017-12-04,3.089
2017-12-05,3.1025
2017-12-06,3.1315
2017-12-07,3.1191
2017-12-08,3.1013
2017-12-11,3.1034
2017-12-12,3.1187
2017-12-13,3.1322
2017-12-14,3.1322
2017-12-15,3.142
2017-12-18,3.1212
2017-12-19,3.107
2017-12-20,3.0918
2017-12-21,3.0723
2017-12-22,3.0732
2017-12-26,3.0783
2017-12-27,3.0725
2017-12-28,3.0762
2017-12-29,3.0803
2018-01-02,3.0825
2018-01-03,3.0827
2018-01-04,3.0608
2018-01-05,3.0446
2018-01-08,3.0425
2018-01-09,3.0571
2018-01-10,3.0781
2018-01-11,3.0639
2018-01-12,3.0682
2018-01-15,3.0732
2018-01-16,3.0831
2018-01-17,3.1159
2018-01-18,3.0809
2018-01-19,3.0801
2018-01-22,3.0887
2018-01-23,3.0972
2018-01-24,3.1108
2018-01-25,3.1259
2018-01-26,3.104
2018-01-29,3.1371
2018-01-30,3.1307
2018-01-31,3.1306
2018-02-01,3.1249
2018-02-02,3.1238
2018-02-05,3.1328
2018-02-06,3.1903
2018-02-07,3.1902
2018-02-08,3.1916
2018-02-09,3.2225
2018-02-12,3.2444
2018-02-13,3.2782
2018-02-14,3.2889
2018-02-15,3.3079
2018-02-16,3.3348
2018-02-19,3.3047
2018-02-20,3.2658
2018-02-21,3.2579
2018-02-22,3.2577
2018-02-23,3.2612
2018-02-26,3.2753
2018-02-27,3.2481
2018-02-28,3.2534
2018-03-05,3.2728
2018-03-06,3.2659
2018-03-07,3.2774
2018-03-08,3.2604
2018-03-09,3.2353
2018-03-12,3.2281
2018-03-13,3.2143
2018-03-14,3.22
2018-03-15,3.2398
2018-03-16,3.2657
2018-03-19,3.2651
2018-03-20,3.2675
2018-03-21,3.2901
2018-03-22,3.2999
2018-03-23,3.3221
2018-03-26,3.3214
2018-03-27,3.2976
2018-03-28,3.3074
2018-03-29,3.299
2018-04-03,3.3168
2018-04-04,3.3238
2018-04-05,3.3017
2018-04-09,3.2976
2018-04-10,3.2769
2018-04-11,3.2933
2018-04-12,3.2836
2018-04-13,3.2579
2018-04-16,3.2662
2018-04-17,3.2948
2018-04-18,3.2792
2018-04-20,3.2765
2018-04-23,3.2742
2018-04-24,3.2721
2018-04-25,3.2906
2018-04-26,3.275
2018-04-27,3.2896
2018-04-30,3.2841
2018-05-01,3.2966
2018-05-02,3.2866
2018-05-03,3.3184
2018-05-04,3.3214
2018-05-07,3.314
2018-05-08,3.307
2018-05-09,3.283
2018-05-10,3.2675
2018-05-11,3.2634
2018-05-14,3.2641
2018-05-15,3.274
2018-05-16,3.2621
2018-05-17,3.2412
2018-05-18,3.2379
2018-05-21,3.2187
2018-05-22,3.215
2018-05-23,3.2633
2018-05-24,3.2558
2018-05-25,3.262
2018-05-29,3.3039
2018-05-30,3.2834
2018-05-31,3.2747
2018-06-01,3.265
2018-06-04,3.2562
2018-06-05,3.2573
2018-06-06,3.2364
2018-06-07,3.2458
2018-06-08,3.2687
2018-06-11,3.2476
2018-06-12,3.2462
2018-06-13,3.2443
2018-06-14,3.2684
2018-06-15,3.2614
2018-06-18,3.2804
2018-06-19,3.3152
2018-06-20,3.306
2018-06-21,3.2812
2018-06-22,3.284
2018-06-25,3.2996
2018-06-26,3.3134
2018-06-27,3.3069
2018-06-28,3.3107
2018-06-29,3.2965
2018-07-02,3.3058
2018-07-03,3.2975
2018-07-04,3.31
2018-07-05,3.2763
2018-07-06,3.2876
2018-07-09,3.2761
2018-07-10,3.2713
2018-07-11,3.2702
2018-07-12,3.244
2018-07-13,3.2326
2018-07-16,3.2409
2018-07-17,3.2267
2018-07-18,3.2233
2018-07-19,3.2303
2018-07-20,3.2436
2018-07-23,3.2686
2018-07-24,3.2842
2018-07-25,3.2789
2018-07-26,3.2827
2018-07-27,3.2981
2018-07-30,3.3012
2018-07-31,3.2852
2018-08-01,3.2868
2018-08-02,3.3087
2018-08-03,3.3115
2018-08-06,3.3281
2018-08-07,3.3241
2018-08-08,3.3184
2018-08-09,3.3149
2018-08-10,3.3387
2018-08-13,3.3604
2018-08-14,3.325
2018-08-15,3.3276
2018-08-16,3.3272
2018-08-17,3.3139
2018-08-20,3.3108
2018-08-21,3.3111
2018-08-22,3.2972
2018-08-23,3.281
2018-08-24,3.2678
2018-08-27,3.276
2018-08-28,3.2631
2018-08-29,3.2754
2018-08-30,3.2357
2018-08-31,3.2544
2018-09-03,3.2536
2018-09-04,3.2533
2018-09-05,3.2422
2018-09-06,3.2304
2018-09-07,3.2349
2018-09-12,3.2186
2018-09-13,3.2044
2018-09-14,3.1866
2018-09-17,3.1996
2018-09-20,3.1922
2018-09-21,3.1687
2018-09-25,3.1729
2018-09-26,3.1721
2018-09-27,3.1932
2018-09-28,3.1962
2018-10-02,3.2088
2018-10-03,3.1974
2018-10-04,3.1893
2018-10-05,3.1918
2018-10-08,3.1938
2018-10-09,3.2176
2018-10-10,3.2025
2018-10-11,3.2385
2018-10-12,3.2312
2018-10-15,3.2436
2018-10-16,3.2536
2018-10-17,3.2494
2018-10-18,3.2471
2018-10-19,3.2607
2018-10-22,3.2356
2018-10-23,3.2681
2018-10-24,3.2651
2018-10-25,3.2874
2018-10-26,3.3052
2018-10-29,3.297
2018-10-31,3.2855
2018-11-01,3.281
2018-11-02,3.2691
2018-11-05,3.2668
2018-11-06,3.2616
2018-11-07,3.2439
2018-11-08,3.2308
2018-11-09,3.2359
2018-11-12,3.2288
2018-11-13,3.2355
2018-11-14,3.2473
2018-11-15,3.2577
2018-11-16,3.2799
2018-11-19,3.2884
2018-11-20,3.304
2018-11-21,3.3095
2018-11-22,3.2999
2018-11-23,3.3102
2018-11-26,3.2936
2018-11-27,3.2806
2018-11-28,3.2793
2018-11-29,3.2756
2018-11-30,3.2623
2018-12-03,3.2749
2018-12-04,3.3045
2018-12-05,3.2972
2018-12-06,3.3074
2018-12-07,3.313
2018-12-10,3.3098
2018-12-11,3.3124
2018-12-12,3.3024
2018-12-13,3.3087
2018-12-14,3.322
2018-12-17,3.335
2018-12-18,3.3496
2018-12-19,3.3432
2018-12-20,3.3616
2018-12-21,3.3956
2018-12-24,3.3972
2018-12-26,3.4086
2018-12-27,3.4131
2018-12-28,3.4144
2018-12-31,3.4113
2019-01-02,3.4349
2019-01-03,3.4784
2019-01-04,3.4432
2019-01-07,3.412
2019-01-08,3.4027
2019-01-09,3.3822
2019-01-10,3.3906
2019-01-11,3.3914
2019-01-14,3.3836
2019-01-15,3.3832
2019-01-16,3.3794
2019-01-17,3.3902
2019-01-18,3.3696
2019-01-21,3.3726
2019-01-22,3.3733
2019-01-23,3.3591
2019-01-24,3.3557
2019-01-25,3.3557
2019-01-28,3.362
2019-01-29,3.3605
2019-01-30,3.3539
2019-01-31,3.3542
2019-02-01,3.3351
2019-02-04,3.3009
2019-02-05,3.2836
2019-02-06,3.297
2019-02-07,3.3026
2019-02-08,3.308
2019-02-11,3.306
2019-02-12,3.2978
2019-02-13,3.2863
2019-02-14,3.298
2019-02-15,3.2995
2019-02-18,3.2747
2019-02-19,3.2775
2019-02-20,3.2645
2019-02-21,3.2675
2019-02-22,3.2601
2019-02-25,3.2557
2019-02-26,3.2684
2019-02-27,3.2767
2019-02-28,3.2538
2019-03-01,3.2391
2019-03-04,3.241
2019-03-05,3.2339
2019-03-06,3.232
2019-03-07,3.2352
2019-03-08,3.2688
2019-03-11,3.2571
2019-03-12,3.2568
2019-03-13,3.248
2019-03-14,3.2252
2019-03-15,3.228
2019-03-18,3.2292
2019-03-19,3.2374
2019-03-20,3.2366
2019-03-25,3.2898
2019-03-26,3.2769
2019-03-27,3.293
2019-03-28,3.2959
2019-03-29,3.2778
2019-04-01,3.2683
2019-04-02,3.2543
2019-04-03,3.228
2019-04-04,3.234
2019-04-05,3.2117
2019-04-08,3.2116
2019-04-10,3.2185
2019-04-11,3.2247
2019-04-12,3.1983
2019-04-15,3.1804
2019-04-16,3.1796
2019-04-17,3.1917
2019-04-18,3.2065
2019-04-23,3.2126
2019-04-24,3.2312
2019-04-25,3.2442
2019-04-29,3.2372
2019-04-30,3.2406
2019-05-01,3.2222
2019-05-02,3.228
2019-05-03,3.2287
2019-05-06,3.2425
2019-05-07,3.2416
2019-05-08,3.2554
2019-05-10,3.2477
2019-05-13,3.2537
2019-05-14,3.2615
2019-05-15,3.2644
2019-05-16,3.2539
2019-05-17,3.2583
2019-05-20,3.2503
2019-05-21,3.2644
2019-05-22,3.2694
2019-05-23,3.2848
2019-05-24,3.2897
2019-05-28,3.3034
2019-05-29,3.3084
2019-05-30,3.299
2019-05-31,3.3386
2019-06-03,3.3539
2019-06-04,3.3418
2019-06-05,3.3325
2019-06-06,3.3289
2019-06-07,3.32
2019-06-10,3.299
2019-06-11,3.2938
2019-06-12,3.3053
2019-06-13,3.3121
2019-06-14,3.3262
2019-06-17,3.3221
2019-06-18,3.337
2019-06-19,3.3292
2019-06-20,3.3206
2019-06-21,3.3486
2019-06-24,3.3575
2019-06-25,3.3648
2019-06-26,3.3327
2019-06-27,3.3208
2019-06-28,3.3125
2019-07-01,3.3018
2019-07-02,3.3011
2019-07-03,3.3173
2019-07-04,3.3094
2019-07-05,3.2981
2019-07-08,3.2904
2019-07-09,3.2785
2019-07-10,3.2802
2019-07-11,3.2789
2019-07-12,3.2785
2019-07-15,3.2792
2019-07-16,3.2811
2019-07-17,3.271
2019-07-18,3.2852
2019-07-19,3.2852
2019-07-22,3.2761
2019-07-23,3.2711
2019-07-24,3.2578
2019-07-25,3.26
2019-07-26,3.2439
2019-07-29,3.2449
2019-07-30,3.2234
2019-07-31,3.2224
2019-08-01,3.2336
2019-08-02,3.2811
2019-08-05,3.2965
2019-08-06,3.2783
2019-08-07,3.2811
2019-08-08,3.2827
2019-08-09,3.2835
2019-08-12,3.3139
2019-08-13,3.3228
2019-08-14,3.2872
2019-08-15,3.317
2019-08-16,3.3325
2019-08-19,3.3231
2019-08-20,3.3142
2019-08-21,3.314
2019-08-22,3.3115
2019-08-23,3.2928
2019-08-26,3.3235
2019-08-27,3.3299
2019-08-28,3.3322
2019-08-29,3.3152
2019-08-30,3.3221
2019-09-02,3.3261
2019-09-03,3.3445
2019-09-04,3.3218
2019-09-05,3.2933
2019-09-06,3.2861
2019-09-09,3.2976
2019-09-10,3.2957
2019-09-11,3.2906
2019-09-12,3.2824
2019-09-13,3.2657
2019-09-16,3.2819
2019-09-18,3.2732
2019-09-19,3.2628
2019-09-20,3.2563
2019-09-23,3.2732
2019-09-24,3.256
2019-09-25,3.2622
2019-09-26,3.2659
2019-09-27,3.228
2019-10-02,3.2363
2019-10-03,3.2671
2019-10-04,3.2596
2019-10-07,3.2691
2019-10-10,3.2621
2019-10-11,3.2509
2019-10-15,3.2424
2019-10-16,3.2535
2019-10-17,3.259
2019-10-18,3.2512
2019-10-22,3.258
2019-10-23,3.2612
2019-10-24,3.2426
2019-10-25,3.2576
2019-10-28,3.2455
2019-10-29,3.2412
2019-10-30,3.2415
2019-10-31,3.2619
2019-11-01,3.2593
2019-11-04,3.2485
2019-11-05,3.2168
2019-11-06,3.2015
2019-11-07,3.1948
2019-11-08,3.1962
2019-11-11,3.2117
2019-11-12,3.2151
2019-11-13,3.2116
2019-11-14,3.2102
2019-11-15,3.2011
2019-11-18,3.1751
2019-11-19,3.1797
2019-11-20,3.2004
2019-11-21,3.1816
2019-11-22,3.1848
2019-11-25,3.1778
2019-11-26,3.1782
2019-11-27,3.1803
2019-11-28,3.1704
2019-11-29,3.1718
2019-12-02,3.1695
2019-12-03,3.1977
2019-12-04,3.1935
2019-12-05,3.1839
2019-12-06,3.1887
2019-12-09,3.1997
2019-12-10,3.1916
2019-12-11,3.1985
2019-12-12,3.2027
2019-12-13,3.1707
2019-12-16,3.1968
2019-12-17,3.1874
2019-12-18,3.1954
2019-12-19,3.1901
2019-12-20,3.18
2019-12-23,3.1731
2019-12-24,3.168
2019-12-26,3.1683
2019-12-27,3.1676
2019-12-30,3.1718
2019-12-31,3.1847
2020-01-02,3.1726
2020-01-03,3.2068
2020-01-06,3.2155
2020-01-07,3.1981
2020-01-08,3.1898
2020-01-09,3.1709
2020-01-10,3.1686
2020-01-13,3.159
2020-01-14,3.1554
2020-01-15,3.1486
2020-01-16,3.1427
2020-01-17,3.1351
2020-01-20,3.1362
2020-01-21,3.1393
2020-01-22,3.1387
2020-01-23,3.1545
2020-01-24,3.153
2020-01-27,3.1727
2020-01-28,3.1686
2020-01-29,3.1691
2020-01-30,3.1719
2020-01-31,3.1631
2020-02-03,3.1752
2020-02-04,3.1616
2020-02-05,3.1472
2020-02-06,3.1296
2020-02-07,3.1166
2020-02-10,3.117
2020-02-11,3.1124
2020-02-12,3.1123
2020-02-13,3.1282
2020-02-14,3.1278
2020-02-17,3.1193
2020-02-18,3.1134
2020-02-19,3.1002
2020-02-20,3.0602
2020-02-21,3.064
2020-02-24,3.0886
2020-02-25,3.0972
2020-02-26,3.1154
2020-02-27,3.1223
2020-02-28,3.1879
2020-03-03,3.2062
2020-03-04,3.2149
2020-03-05,3.242
2020-03-06,3.3024
2020-03-09,3.4279
2020-03-12,3.5005
2020-03-13,3.4412
2020-03-16,3.5179
2020-03-17,3.6134
2020-03-18,3.5612
2020-03-19,3.3572
2020-03-20,3.2673
2020-03-23,3.3385
2020-03-24,3.2983
2020-03-25,3.2699
2020-03-26,3.3033
2020-03-27,3.3056
2020-03-30,3.3183
2020-03-31,3.2788
2020-04-01,3.3056
2020-04-02,3.3793
2020-04-03,3.3616
2020-04-06,3.3218
2020-04-07,3.3081
2020-04-14,3.3271
2020-04-16,3.338
2020-04-17,3.3312
2020-04-20,3.3233
2020-04-21,3.3053
2020-04-22,3.288
2020-04-23,3.3048
2020-04-24,3.2713
2020-04-27,3.2801
2020-04-28,3.2658
2020-04-30,3.2844
2020-05-01,3.2656
2020-05-04,3.3008
2020-05-05,3.3008
2020-05-06,3.3089
2020-05-07,3.3025
2020-05-11,3.2772
2020-05-12,3.267
2020-05-13,3.284
2020-05-14,3.3111
2020-05-15,3.2984
2020-05-18,3.3025
2020-05-19,3.2766
2020-05-20,3.2571
2020-05-21,3.2624
2020-05-22,3.2817
2020-05-26,3.264
2020-05-27,3.2487
2020-05-28,3.2477
2020-06-01,3.2586
2020-06-02,3.2325
2020-06-03,3.1959
2020-06-04,3.1952
2020-06-05,3.1596
2020-06-08,3.1646
2020-06-09,3.2014
2020-06-10,3.2104
2020-06-11,3.2212
2020-06-12,3.2289
2020-06-15,3.2569
2020-06-16,3.2363
2020-06-17,3.2194
2020-06-18,3.2262
2020-06-19,3.2237
2020-06-22,3.2239
2020-06-23,3.2069
2020-06-24,3.2156
2020-06-25,3.2097
2020-06-26,3.2142
2020-06-29,3.2059
2020-06-30,3.2173
2020-07-01,3.2129
2020-07-02,3.2075
2020-07-03,3.1949
2020-07-06,3.2012
2020-07-07,3.2029
2020-07-08,3.2123
2020-07-09,3.2086
2020-07-10,3.2371
2020-07-13,3.2142
2020-07-14,3.2049
2020-07-15,3.2076
2020-07-16,3.1983
2020-07-17,3.2176
2020-07-20,3.2035
2020-07-21,3.1898
2020-07-22,3.1961
2020-07-23,3.1915
2020-07-24,3.2202
2020-07-27,3.2415
2020-07-28,3.248
2020-07-29,3.2484
2020-07-31,3.2542
2020-08-03,3.2192
2020-08-04,3.228
2020-08-05,3.2248
2020-08-06,3.2293
2020-08-07,3.228
2020-08-10,3.2164
2020-08-11,3.2071
2020-08-12,3.1882
2020-08-13,3.1886
2020-08-14,3.1897
2020-08-17,3.2048
2020-08-18,3.2237
2020-08-19,3.2298
2020-08-20,3.2124
2020-08-21,3.225
2020-08-24,3.2176
2020-08-25,3.1939
2020-08-26,3.1997
2020-08-27,3.1745
2020-08-28,3.1752
2020-08-31,3.1732
2020-09-01,3.1674
2020-09-02,3.1678
2020-09-03,3.1635
2020-09-04,3.1768
2020-09-07,3.1802
2020-09-08,3.1921
2020-09-09,3.2106
2020-09-10,3.2173
2020-09-11,3.2369
2020-09-14,3.2416
2020-09-15,3.2387
2020-09-16,3.2441
2020-09-17,3.267
2020-09-21,3.3072
2020-09-22,3.2912
2020-09-23,3.283
2020-09-24,3.2977
2020-09-25,3.2911
2020-09-29,3.2756
2020-09-30,3.2546
2020-10-01,3.245
2020-10-02,3.2611
2020-10-05,3.2395
2020-10-06,3.2311
2020-10-07,3.2167
2020-10-08,3.2031
2020-10-09,3.1926
2020-10-12,3.2072
2020-10-13,3.211
2020-10-14,3.2101
2020-10-15,3.224
2020-10-16,3.2146
2020-10-19,3.2079
2020-10-20,3.1987
2020-10-21,3.2272
2020-10-22,3.2293
2020-10-23,3.2297
2020-10-26,3.2237
2020-10-27,3.2317
2020-10-28,3.2555
2020-10-29,3.2724
2020-10-30,3.2795
2020-11-02,3.2469
2020-11-03,3.2608
2020-11-04,3.2662
2020-11-05,3.2451
2020-11-06,3.2675
2020-11-09,3.2193
2020-11-10,3.2063
2020-11-11,3.2105
2020-11-12,3.2068
2020-11-13,3.1985
2020-11-16,3.1982
2020-11-17,3.2189
2020-11-18,3.2143
2020-11-19,3.2204
2020-11-20,3.2219
2020-11-23,3.2192
2020-11-24,3.2003
2020-11-25,3.1849
2020-11-26,3.1849
2020-11-27,3.1909
2020-11-30,3.1822
2020-12-01,3.1656
2020-12-02,3.1409
2020-12-03,3.1398
2020-12-04,3.1421
2020-12-07,3.1392
2020-12-08,3.12
2020-12-09,3.1268
2020-12-10,3.1114
2020-12-11,3.128
2020-12-14,3.1406
2020-12-15,3.1315
2020-12-16,3.1473
2020-12-17,3.1489
2020-12-18,3.1305
2020-12-21,3.136
2020-12-22,3.1275
2020-12-23,3.1141
2020-12-24,3.1043
2020-12-28,3.104
2020-12-29,3.0987
2020-12-30,3.1124
2020-12-31,3.1191
2021-01-04,3.118
2021-01-05,3.1127
2021-01-06,3.0994
2021-01-07,3.0685
2021-01-08,3.0704
2021-01-11,3.055
2021-01-12,3.031
2021-01-13,3.0148
2021-01-14,2.9962
2021-01-15,3.116
2021-01-18,3.1105
2021-01-19,3.108
2021-01-20,3.1344
2021-01-21,3.1735
2021-01-22,3.164
2021-01-25,3.1451
2021-01-26,3.1508
2021-01-27,3.1423
2021-01-28,3.1576
2021-01-29,3.138
2021-02-01,3.1341
2021-02-02,3.1412
2021-02-03,3.1418
2021-02-04,3.1334
2021-02-05,3.1183
2021-02-08,3.1076
2021-02-09,3.1128
2021-02-10,3.1049
2021-02-11,3.1126
2021-02-12,3.0921
2021-02-15,3.08
2021-02-16,3.0737
2021-02-17,3.0726
2021-02-18,3.0898
2021-02-19,3.0998
2021-02-22,3.0949
2021-02-23,3.1028
2021-02-24,3.0843
2021-02-25,3.0909
2021-03-01,3.0975
2021-03-02,3.0854
2021-03-03,3.0726
2021-03-04,3.0836
2021-03-05,3.0609
2021-03-08,3.0698
2021-03-09,3.0605
2021-03-10,3.053
2021-03-11,3.0426
2021-03-12,3.0387
2021-03-15,3.0342
2021-03-16,3.024
2021-03-17,3.0116
2021-03-18,3.0244
2021-03-19,3.0258
2021-03-22,3.0352
2021-03-24,3.0324
2021-03-25,3.0336
2021-03-26,3.0438
2021-03-29,3.0466
2021-03-30,3.0196
2021-03-31,3.0126
2021-04-01,3.0095
2021-04-05,3.0039
2021-04-06,2.9939
2021-04-07,3.0054
2021-04-08,2.9998
2021-04-09,2.9992
2021-04-12,3.0101
2021-04-13,3.0202
2021-04-14,3.0167
2021-04-16,3.0135
2021-04-19,3.0193
2021-04-20,2.9994
2021-04-21,3.0118
2021-04-22,3.0213
2021-04-23,3.0152
2021-04-26,2.9999
2021-04-27,2.9927
2021-04-28,2.9839
2021-04-29,2.9791
2021-04-30,2.9814
2021-05-03,2.9659
2021-05-04,2.9713
2021-05-05,2.9872
2021-05-06,2.9871
2021-05-07,2.9874
2021-05-10,2.9899
2021-05-11,3.025
2021-05-12,3.0156
2021-05-13,3.0053
2021-05-14,2.9999
2021-05-18,3.0056
2021-05-19,2.9881
2021-05-20,2.9948
2021-05-21,2.9957
2021-05-24,2.9914
2021-05-25,2.9767
2021-05-26,2.9819
2021-05-27,2.9753
2021-05-28,2.9626
2021-06-01,2.9549
2021-06-02,2.9628
2021-06-03,2.9609
2021-06-04,2.9566
2021-06-07,2.9716
2021-06-08,2.9649
2021-06-09,2.9659
2021-06-10,2.9604
2021-06-11,2.9626
2021-06-14,2.9607
2021-06-15,2.9447
2021-06-16,2.9457
2021-06-17,2.9446
2021-06-18,2.9638
2021-06-21,2.9658
2021-06-22,2.9544
2021-06-23,2.9333
2021-06-24,2.9347
2021-06-25,2.9286
2021-06-28,2.9388
2021-06-29,2.9488
2021-06-30,2.9498
2021-07-01,2.9268
2021-07-02,2.9324
2021-07-05,2.9447
2021-07-06,2.95
2021-07-07,2.955
2021-07-08,2.9851
2021-07-09,2.9786
2021-07-12,2.9822
2021-07-13,2.9735
2021-07-14,2.9673
2021-07-15,2.9689
2021-07-16,2.9793
2021-07-19,3.0082
2021-07-20,3.0094
2021-07-21,2.9907
2021-07-22,2.9656
2021-07-23,2.961
2021-07-26,2.9598
2021-07-27,2.9567
2021-07-28,2.9567
2021-07-29,2.9524
2021-07-30,2.9525
2021-08-02,2.9455
2021-08-03,2.9461
2021-08-04,2.9424
2021-08-05,2.9341
2021-08-06,2.9308
2021-08-09,2.9264
2021-08-10,2.9213
2021-08-11,2.9069
2021-08-12,2.9164
2021-08-13,2.9235
2021-08-16,2.9401
2021-08-17,2.9508
2021-08-18,2.9531
2021-08-19,2.9584
2021-08-20,2.9593
2021-08-23,2.9329
2021-08-24,2.9326
2021-08-25,2.9393
2021-08-26,2.926
2021-08-27,2.9355
2021-08-30,2.9325
2021-08-31,2.9195
2021-09-01,2.9025
2021-09-02,2.917
2021-09-03,2.9143
2021-09-09,2.9143
2021-09-10,2.9105
2021-09-13,2.9126
2021-09-14,2.9155
2021-09-17,2.9165
2021-09-20,2.9286
2021-09-22,2.9292
2021-09-23,2.9118
2021-09-24,2.8994
2021-09-27,2.8879
2021-09-29,2.8842
2021-09-30,2.8814
2021-10-01,2.9019
2021-10-04,2.8916
2021-10-05,2.9031
2021-10-06,2.9123
2021-10-07,2.8974
2021-10-08,2.8858
2021-10-11,2.8593
2021-10-12,2.846
2021-10-13,2.8489
2021-10-14,2.8417
2021-10-15,2.816
2021-10-18,2.8227
2021-10-19,2.8143
2021-10-20,2.8085
2021-10-21,2.8141
2021-10-22,2.8155
2021-10-25,2.8196
2021-10-26,2.8089
2021-10-27,2.8044
2021-10-28,2.8029
2021-10-29,2.7799
2021-11-01,2.7431
2021-11-02,2.7499
2021-11-03,2.7569
2021-11-04,2.7448
2021-11-05,2.7403
2021-11-08,2.7354
2021-11-09,2.7463
2021-11-10,2.746
2021-11-11,2.7382
2021-11-12,2.7288
2021-11-15,2.7248
2021-11-16,2.7053
2021-11-17,2.6769
2021-11-18,2.6969
2021-11-19,2.6966
2021-11-22,2.7065
2021-11-23,2.7062
2021-11-24,2.7541
2021-11-25,2.7376
2021-11-26,2.7844
2021-11-29,2.7804
2021-11-30,2.7996
2021-12-01,2.7781
2021-12-02,2.8084
2021-12-03,2.7846
2021-12-06,2.7947
2021-12-07,2.7788
2021-12-08,2.736
2021-12-09,2.7368
2021-12-10,2.7314
2021-12-13,2.728
2021-12-14,2.7422
2021-12-15,2.7543
2021-12-16,2.7207
2021-12-17,2.7431
2021-12-20,2.7758
2021-12-21,2.7831
2021-12-22,2.7706
2021-12-23,2.7567
2021-12-24,2.7525
2021-12-27,2.7328
2021-12-28,2.7085
2021-12-29,2.7055
2021-12-30,2.7014
2021-12-31,2.7021
2022-01-03,2.6855
2022-01-04,2.6648
2022-01-05,2.6712
2022-01-06,2.6849
2022-01-07,2.6843
2022-01-10,2.7027
2022-01-11,2.7091
2022-01-12,2.6975
2022-01-13,2.7216
2022-01-14,2.7314
2022-01-17,2.7131
2022-01-18,2.7238
2022-01-19,2.7296
2022-01-20,2.7423
2022-01-21,2.7553
2022-01-24,2.7849
2022-01-25,2.7906
2022-01-26,2.7815
2022-01-27,2.7727
2022-01-28,2.7646
2022-01-31,2.7678
2022-02-01,2.7646
2022-02-02,2.7632
2022-02-03,2.7729
2022-02-04,2.7828
2022-02-07,2.7788
2022-02-08,2.7942
2022-02-09,2.7864
2022-02-10,2.7802
2022-02-11,2.7868
2022-02-14,2.8316
2022-02-15,2.7881
2022-02-16,2.7517
2022-02-17,2.7727
2022-02-18,2.7733
2022-02-21,2.7928
2022-02-22,2.7997
2022-02-23,2.8004
2022-02-24,2.8518
2022-02-25,2.8268
2022-02-28,2.8034
2022-03-01,2.8135
2022-03-02,2.8052
2022-03-03,2.7991
2022-03-04,2.8135
2022-03-07,2.8522
2022-03-08,2.8526
2022-03-09,2.8338
2022-03-10,2.8203
2022-03-11,2.7902
2022-03-14,2.7731
2022-03-15,2.7868
2022-03-16,2.7584
2022-03-21,2.7171
2022-03-22,2.6692
2022-03-23,2.672
2022-03-24,2.6478
2022-03-25,2.6513
2022-03-28,2.5931
2022-03-29,2.6041
2022-03-30,2.6163
2022-03-31,2.607
2022-04-01,2.6161
2022-04-04,2.6129
2022-04-05,2.6076
2022-04-06,2.6035
2022-04-07,2.6059
2022-04-08,2.5982
2022-04-11,2.5552
2022-04-12,2.5604
2022-04-13,2.5467
2022-04-14,2.5513
2022-04-19,2.5242
2022-04-20,2.5169
2022-04-21,2.5119
2022-04-25,2.5667
2022-04-26,2.5807
2022-04-27,2.5967
2022-04-28,2.5452
2022-04-29,2.553
2022-05-02,2.5823
2022-05-03,2.5894
2022-05-04,2.5813
2022-05-06,2.6216
2022-05-09,2.6231
2022-05-10,2.6643
2022-05-11,2.6376
2022-05-12,2.6911
2022-05-13,2.6484
2022-05-16,2.6437
2022-05-17,2.6001
2022-05-18,2.5965
2022-05-19,2.6534
2022-05-20,2.6232
2022-05-23,2.6322
2022-05-24,2.6274
2022-05-25,2.6417
2022-05-26,2.6549
2022-05-27,2.6402
2022-05-30,2.6027
2022-05-31,2.603
2022-06-01,2.5684
2022-06-02,2.5764
2022-06-06,2.5502
2022-06-07,2.5135
2022-06-08,2.4907
2022-06-09,2.4936
2022-06-10,2.5224
2022-06-13,2.5567
2022-06-14,2.5669
2022-06-15,2.5706
2022-06-16,2.5989
2022-06-17,2.578
2022-06-20,2.5628
2022-06-21,2.5504
2022-06-22,2.544
2022-06-23,2.5447
2022-06-24,2.5542
2022-06-27,2.5126
2022-06-28,2.5239
2022-06-29,2.5278
2022-06-30,2.5662
2022-07-01,2.6054
2022-07-04,2.5844
2022-07-05,2.588
2022-07-06,2.5942
2022-07-07,2.5728
2022-07-08,2.5612
2022-07-11,2.5352
2022-07-12,2.5469
2022-07-13,2.5321
2022-07-14,2.4992
2022-07-15,2.5061
2022-07-18,2.4969
2022-07-19,2.4975
2022-07-20,2.496
2022-07-21,2.4907
2022-07-22,2.5007
2022-07-25,2.5215
2022-07-26,2.5204
2022-07-27,2.5074
2022-07-28,2.5317
2022-07-29,2.5522
2022-08-01,2.5561
2022-08-02,2.572
2022-08-03,2.5262
2022-08-04,2.5006
2022-08-05,2.5058
2022-08-08,2.4663
2022-08-09,2.4475
2022-08-10,2.4384
2022-08-11,2.4576
2022-08-12,2.4312
2022-08-15,2.4496
2022-08-16,2.4374
2022-08-17,2.4163
2022-08-18,2.3986
2022-08-19,2.3848
2022-08-22,2.3954
2022-08-23,2.3886
2022-08-24,2.3978
2022-08-25,2.408
2022-08-26,2.3795
2022-08-29,2.3956
2022-08-30,2.3919
2022-08-31,2.4077
2022-09-01,2.415
2022-09-02,2.4066
2022-09-05,2.43
2022-09-06,2.4076
2022-09-07,2.3762
2022-09-08,2.3879
2022-09-09,2.4041
2022-09-12,2.3746
2022-09-13,2.3587
2022-09-14,2.398
2022-09-15,2.3974
2022-09-16,2.401
2022-09-19,2.4036
2022-09-20,2.3958
2022-09-21,2.4043
2022-09-22,2.4347
2022-09-23,2.4515
2022-09-28,2.4454
2022-09-29,2.4439
2022-09-30,2.4549
2022-10-03,2.4737
2022-10-06,2.4447
2022-10-07,2.4336
2022-10-11,2.4576
2022-10-12,2.4354
2022-10-13,2.4359
2022-10-14,2.4027
2022-10-18,2.3703
2022-10-19,2.3659
2022-10-20,2.3694
2022-10-21,2.3603
2022-10-24,2.3821
2022-10-25,2.3895
2022-10-26,2.3832
2022-10-27,2.4097
2022-10-28,2.4123
2022-10-31,2.3737
2022-11-02,2.4032
2022-11-03,2.4079
2022-11-04,2.411
2022-11-07,2.413
2022-11-08,2.4143
2022-11-09,2.4317
2022-11-10,2.433
2022-11-11,2.4522
2022-11-14,2.4437
2022-11-15,2.4685
2022-11-16,2.4546
2022-11-17,2.4717
2022-11-18,2.4815
2022-11-21,2.4439
2022-11-22,2.4594
2022-11-23,2.4457
2022-11-24,2.4717
2022-11-25,2.4524
2022-11-28,2.4881
2022-11-29,2.4846
2022-11-30,2.4822
2022-12-01,2.5087
2022-12-02,2.5258
2022-12-05,2.5051
2022-12-06,2.4948
2022-12-07,2.5079
2022-12-08,2.517
2022-12-09,2.5111
2022-12-12,2.5037
2022-12-13,2.4953
2022-12-14,2.5256
2022-12-15,2.5042
2022-12-16,2.5172
2022-12-19,2.5254
2022-12-20,2.6154
2022-12-21,2.6367
2022-12-22,2.6322
2022-12-23,2.6338
2022-12-27,2.6348
2022-12-28,2.639
2022-12-29,2.6402
2022-12-30,2.667
2023-01-03,2.6951
2023-01-04,2.6972
2023-01-05,2.6603
2023-01-06,2.6466
2023-01-09,2.6398
2023-01-10,2.6275
2023-01-11,2.603
2023-01-12,2.624
2023-01-13,2.6504
2023-01-16,2.6616
2023-01-17,2.6542
2023-01-18,2.6179
2023-01-19,2.6522
2023-01-20,2.6411
2023-01-23,2.5964
2023-01-24,2.5892
2023-01-25,2.5978
2023-01-26,2.6176
2023-01-27,2.6468
2023-01-30,2.6644
2023-01-31,2.6657
2023-02-01,2.6627
2023-02-02,2.657
2023-02-03,2.6429
2023-02-06,2.6269
2023-02-07,2.6275
2023-02-08,2.6571
2023-02-09,2.667
2023-02-10,2.6786
2023-02-13,2.6688
2023-02-14,2.6499
2023-02-15,2.6434
2023-02-16,2.6437
2023-02-17,2.6449
2023-02-20,2.6577
2023-02-21,2.7079
2023-02-22,2.7187
2023-02-23,2.6763
2023-02-24,2.7073
2023-02-27,2.6954
2023-02-28,2.6815
2023-03-01,2.6862
2023-03-02,2.665
2023-03-03,2.6907
2023-03-06,2.6361
2023-03-09,2.6411
2023-03-10,2.628
2023-03-13,2.7307
2023-03-14,2.7067
2023-03-15,2.7239
2023-03-16,2.7715
2023-03-17,2.7558
2023-03-20,2.8077
2023-03-21,2.7637
2023-03-22,2.739
2023-03-23,2.7515
2023-03-24,2.7868
2023-03-27,2.706
2023-03-28,2.6985
2023-03-29,2.6931
2023-03-30,2.7012
2023-03-31,2.7068
2023-04-03,2.7023
2023-04-04,2.6796
2023-04-11,2.7203
2023-04-13,2.743
2023-04-14,2.7657
2023-04-17,2.7214
2023-04-18,2.7204
2023-04-19,2.7118
2023-04-20,2.7156
2023-04-21,2.731
2023-04-24,2.7194
2023-04-25,2.7124
2023-04-27,2.7178
2023-04-28,2.6839
2023-05-01,2.6484
2023-05-02,2.6354
2023-05-03,2.6833
2023-05-04,2.7038
2023-05-05,2.7186
2023-05-08,2.6922
2023-05-09,2.7123
2023-05-10,2.7164
2023-05-11,2.7123
2023-05-12,2.7005
2023-05-15,2.6769
2023-05-16,2.695
2023-05-17,2.6668
2023-05-18,2.6402
2023-05-19,2.6406
2023-05-22,2.6469
2023-05-23,2.6508
2023-05-24,2.6939
2023-05-25,2.6759
2023-05-30,2.6483
2023-05-31,2.6568
2023-06-01,2.6776
2023-06-02,2.6963
2023-06-05,2.6609
2023-06-06,2.6649
2023-06-07,2.6248
2023-06-08,2.619
2023-06-09,2.6005
2023-06-12,2.5746
2023-06-13,2.5488
2023-06-14,2.5826
2023-06-15,2.5388
2023-06-16,2.5197
2023-06-19,2.5382
2023-06-20,2.5521
2023-06-21,2.5426
2023-06-22,2.5538
2023-06-23,2.5389
2023-06-26,2.534
2023-06-27,2.5333
2023-06-28,2.5534
2023-06-29,2.5601
2023-06-30,2.5582
2023-07-03,2.5641
2023-07-04,2.5654
2023-07-05,2.5582
2023-07-06,2.5728
2023-07-07,2.5996
2023-07-10,2.6029
2023-07-11,2.6431
2023-07-12,2.6261
2023-07-13,2.611
2023-07-14,2.6092
2023-07-17,2.6287
2023-07-18,2.6296
2023-07-19,2.5653
2023-07-20,2.5761
2023-07-21,2.5561
2023-07-24,2.5666
2023-07-25,2.6283
2023-07-26,2.6424
2023-07-28,2.6576
2023-07-31,2.5975
2023-08-01,2.5549
2023-08-02,2.5594
2023-08-03,2.5784
2023-08-04,2.5844
2023-08-07,2.5833
2023-08-08,2.5878
2023-08-09,2.594
2023-08-10,2.5866
2023-08-11,2.5745
2023-08-14,2.5682
2023-08-15,2.5854
2023-08-16,2.5769
2023-08-17,2.5886
2023-08-18,2.6046
2023-08-21,2.6005
2023-08-22,2.5921
2023-08-23,2.606
2023-08-24,2.5932
2023-08-25,2.6029
2023-08-28,2.5907
2023-08-29,2.5881
2023-08-30,2.5938
2023-08-31,2.6052
2023-09-01,2.6085
2023-09-04,2.6022
2023-09-05,2.5749
2023-09-06,2.584
2023-09-07,2.6117
2023-09-08,2.607
2023-09-11,2.6167
2023-09-12,2.5847
2023-09-13,2.5914
2023-09-14,2.5956
2023-09-18,2.5905
2023-09-19,2.5765
2023-09-20,2.5763
2023-09-21,2.5705
2023-09-22,2.5724
2023-09-26,2.5656
2023-09-27,2.5783
2023-09-28,2.578
2023-09-29,2.566
2023-10-02,2.5578
2023-10-03,2.5669
2023-10-04,2.5907
2023-10-05,2.5898
2023-10-06,2.5947
2023-10-09,2.6223
2023-10-10,2.6503
2023-10-11,2.6609
2023-10-12,2.6529
2023-10-13,2.6515
2023-10-16,2.6677
2023-10-17,2.6822
2023-10-18,2.6883
2023-10-19,2.6888
2023-10-20,2.7012
2023-10-23,2.709
2023-10-24,2.7117
2023-10-25,2.7101
2023-10-26,2.7138
2023-10-27,2.7171
2023-10-30,2.7072
2023-10-31,2.6659
2023-11-01,2.6646
2023-11-02,2.641
2023-11-03,2.6516
2023-11-06,2.5911
2023-11-07,2.5676
2023-11-08,2.5527
2023-11-09,2.5493
2023-11-10,2.5581
2023-11-13,2.5478
2023-11-14,2.5266
2023-11-15,2.5044
2023-11-16,2.4989
2023-11-17,2.4911
2023-11-20,2.5156
2023-11-21,2.5132
2023-11-22,2.5057
2023-11-23,2.4997
2023-11-24,2.4991
2023-11-27,2.5012
2023-11-28,2.4942
2023-11-29,2.4891
2023-11-30,2.5147
2023-12-01,2.5291
2023-12-04,2.5282
2023-12-05,2.5342
2023-12-06,2.5148
2023-12-07,2.5498
2023-12-08,2.5649
2023-12-11,2.5418
2023-12-12,2.5537
2023-12-13,2.5471
2023-12-14,2.6006
2023-12-15,2.5833
2023-12-18,2.5582
2023-12-19,2.5162
2023-12-20,2.5409
2023-12-21,2.5332
2023-12-22,2.5314
2023-12-26,2.5475
2023-12-27,2.5416
2023-12-28,2.5692
2023-12-29,2.5637
2024-01-02,2.5536
2024-01-03,2.5518
2024-01-04,2.5297
2024-01-05,2.5223
2024-01-08,2.5731
2024-01-09,2.5798
2024-01-10,2.5898
2024-01-11,2.5688
2024-01-12,2.5688
2024-01-15,2.5742
2024-01-16,2.568
2024-01-17,2.5626
2024-01-18,2.5487
2024-01-19,2.5311
2024-01-22,2.5489
2024-01-23,2.5452
2024-01-24,2.5212
2024-01-25,2.5074
2024-01-26,2.5081
2024-01-29,2.4929
2024-01-30,2.4789
2024-01-31,2.4601
2024-02-01,2.4877
2024-02-02,2.4835
2024-02-05,2.4725
2024-02-06,2.4508
2024-02-07,2.4634
2024-02-08,2.4589
2024-02-09,2.4664
2024-02-12,2.4723
2024-02-13,2.4387
2024-02-14,2.4302
2024-02-15,2.4175
2024-02-16,2.4016
2024-02-19,2.415
2024-02-20,2.4339
2024-02-21,2.4516
2024-02-22,2.424
2024-02-23,2.4118
2024-02-26,2.4227
2024-02-28,2.3955
2024-02-29,2.3895
2024-03-01,2.3666
2024-03-04,2.3761
2024-03-05,2.3874
2024-03-06,2.4118
2024-03-07,2.4279
2024-03-08,2.4335
2024-03-11,2.4602
2024-03-12,2.4745
2024-03-13,2.4734
2024-03-14,2.4534
2024-03-15,2.4562
2024-03-18,2.449
2024-03-19,2.4377
2024-03-20,2.4264
2024-03-21,2.3839
2024-03-22,2.3907
2024-03-26,2.4162
2024-03-27,2.4224
2024-03-28,2.4334
2024-04-01,2.4199
2024-04-02,2.4368
2024-04-03,2.4594
2024-04-04,2.4495
2024-04-05,2.4777
2024-04-08,2.4445
2024-04-09,2.4291
2024-04-10,2.446
2024-04-11,2.4557
2024-04-12,2.4518
2024-04-15,2.4144
2024-04-16,2.4375
2024-04-17,2.4413
2024-04-18,2.4483
2024-04-19,2.4509
2024-04-24,2.4271
2024-04-25,2.438
2024-04-26,2.4384
2024-04-30,2.3844
2024-05-01,2.3689
2024-05-02,2.4085
2024-05-03,2.4297
2024-05-06,2.4328
2024-05-07,2.4076
2024-05-08,2.386
2024-05-09,2.3995
2024-05-10,2.3895
2024-05-13,2.3896
2024-05-15,2.3736
2024-05-16,2.3767
2024-05-17,2.3837
2024-05-20,2.378
2024-05-21,2.3493
2024-05-22,2.3474
2024-05-23,2.344
2024-05-24,2.3391
2024-05-28,2.3422
2024-05-29,2.3493
2024-05-30,2.3739
2024-05-31,2.3666
2024-06-03,2.3337
2024-06-04,2.3799
2024-06-05,2.3764
2024-06-06,2.3855
2024-06-07,2.4004
2024-06-10,2.3919
2024-06-11,2.3663
2024-06-13,2.3625
2024-06-14,2.3618
2024-06-17,2.3672
2024-06-18,2.3537
2024-06-19,2.3537
2024-06-20,2.3478
2024-06-21,2.354
2024-06-24,2.3344
2024-06-25,2.3352
2024-06-26,2.3404
2024-06-27,2.3388
2024-06-28,2.3359
2024-07-01,2.3292
2024-07-02,2.3287
2024-07-03,2.324
2024-07-04,2.3225
2024-07-05,2.315
2024-07-08,2.2899
2024-07-09,2.2812
2024-07-10,2.268
2024-07-11,2.2533
2024-07-12,2.2873
2024-07-15,2.2844
2024-07-16,2.2967
2024-07-17,2.3182
2024-07-18,2.3235
2024-07-19,2.3279
2024-07-22,2.3177
2024-07-23,2.3232
2024-07-24,2.3535
2024-07-25,2.3996
2024-07-26,2.3907
2024-07-29,2.4281
2024-07-30,2.4119
2024-07-31,2.5045
2024-08-01,2.5282
2024-08-02,2.5558
2024-08-05,2.6835
2024-08-06,2.6487
2024-08-07,2.5704
2024-08-08,2.5958
2024-08-09,2.5451
2024-08-12,2.5554
2024-08-14,2.539
2024-08-15,2.5238
2024-08-16,2.4752
2024-08-19,2.5302
2024-08-20,2.523
2024-08-21,2.5469
2024-08-22,2.5543
2024-08-23,2.5378
2024-08-26,2.5422
2024-08-27,2.5502
2024-08-28,2.5404
2024-08-29,2.5371
2024-08-30,2.5216
2024-09-02,2.4887
2024-09-03,2.5128
2024-09-04,2.5645
2024-09-05,2.5737
2024-09-06,2.6044
2024-09-09,2.6111
2024-09-10,2.631
2024-09-11,2.66
2024-09-12,2.6338
2024-09-13,2.6279
2024-09-16,2.6703
2024-09-17,2.6627
2024-09-18,2.6637
2024-09-19,2.6253
2024-09-20,2.6221
2024-09-23,2.6362
2024-09-24,2.6174
2024-09-25,2.6043
2024-09-26,2.5618
2024-09-27,2.5873
2024-09-30,2.6029
2024-10-01,2.5914
2024-10-07,2.555
2024-10-08,2.5507
2024-10-09,2.5282
2024-10-10,2.5335
2024-10-14,2.5112
2024-10-15,2.5138
2024-10-16,2.5214
2024-10-18,2.4762
2024-10-21,2.4941
2024-10-22,2.5044
2024-10-23,2.4858
2024-10-25,2.4905
2024-10-28,2.442
2024-10-29,2.4341
2024-10-30,2.4258
2024-10-31,2.4323
2024-11-01,2.4637
2024-11-04,2.4702
2024-11-05,2.4609
2024-11-06,2.4258
2024-11-07,2.4225
2024-11-08,2.4428
2024-11-11,2.4287
2024-11-12,2.4343
2024-11-13,2.4157
2024-11-14,2.4014
2024-11-15,2.4031
2024-11-18,2.4082
2024-11-19,2.433
2024-11-20,2.3999
2024-11-21,2.414
2024-11-22,2.4089
2024-11-25,2.3795
2024-11-26,2.3689
2024-11-27,2.4129
2024-11-28,2.4007
2024-11-29,2.4261
2024-12-02,2.4172
2024-12-03,2.428
2024-12-04,2.3856
2024-12-05,2.3959
2024-12-06,2.3884
2024-12-09,2.3643
2024-12-10,2.3587
2024-12-11,2.3484
2024-12-12,2.3444
2024-12-13,2.3501
2024-12-16,2.3452
2024-12-17,2.3389
2024-12-18,2.3296
2024-12-19,2.3049
2024-12-20,2.3268
2024-12-23,2.3251
2024-12-24,2.3323
2024-12-26,2.3281
2024-12-27,2.3303
2024-12-30,2.313
2024-12-31,2.3285
2025-01-02,2.3232
2025-01-03,2.3237
2025-01-06,2.3196
2025-01-07,2.2993
2025-01-08,2.3106
2025-01-09,2.3196
2025-01-10,2.3211
2025-01-13,2.3347
2025-01-14,2.2996
2025-01-15,2.306
2025-01-16,2.321
2025-01-17,2.315
2025-01-20,2.2905
2025-01-21,2.3015
2025-01-22,2.2718
2025-01-23,2.2731
2025-01-24,2.2976
2025-01-27,2.3465
2025-01-28,2.3295
2025-01-29,2.3176
2025-01-30,2.3188
2025-01-31,2.3141
2025-02-03,2.3347
2025-02-04,2.304
2025-02-05,2.3251
2025-02-06,2.3356
2025-02-07,2.338
2025-02-10,2.3412
2025-02-11,2.3575
2025-02-12,2.3388
2025-02-13,2.3248
2025-02-14,2.3335
2025-02-17,2.3429
2025-02-18,2.3443
2025-02-19,2.3324
2025-02-20,2.3583
2025-02-21,2.3699
2025-02-24,2.383
2025-02-25,2.3928
2025-02-26,2.3903
2025-02-27,2.3704
2025-02-28,2.3828
2025-03-03,2.3834
2025-03-04,2.4286
2025-03-05,2.4255
2025-03-06,2.4482
2025-03-07,2.4493
2025-03-10,2.4718
2025-03-11,2.4658
2025-03-12,2.4457
2025-03-13,2.4692
2025-03-17,2.4677
2025-03-18,2.4484
2025-03-19,2.4517
2025-03-20,2.4724
2025-03-21,2.476
2025-03-24,2.4723
2025-03-25,2.4423
2025-03-26,2.442
2025-03-27,2.437
2025-03-28,2.4482
2025-03-31,2.4893
2025-04-01,2.4828
2025-04-02,2.4763
2025-04-03,2.5253
2025-04-04,2.5421
2025-04-07,2.5776
2025-04-08,2.5628
2025-04-09,2.6335
2025-04-10,2.5774
2025-04-11,2.6023
2025-04-14,2.5771
2025-04-15,2.5721
2025-04-16,2.5935
2025-04-17,2.5822
2025-04-21,2.622
2025-04-22,2.6533
2025-04-23,2.5831
2025-04-24,2.5606
2025-04-25,2.5199
2025-04-28,2.5305
2025-04-29,2.5395
2025-04-30,2.5477
2025-05-02,2.4903
2025-05-05,2.5104
2025-05-06,2.533
2025-05-07,2.5037
2025-05-08,2.4742
2025-05-09,2.456
2025-05-12,2.3916
2025-05-13,2.4154
2025-05-14,2.4375
2025-05-15,2.4244
2025-05-16,2.4434
2025-05-19,2.4497
2025-05-20,2.4382
2025-05-21,2.4709
2025-05-22,2.4887
2025-05-23,2.5139
2025-05-27,2.4542
2025-05-28,2.454
2025-05-29,2.4228
2025-05-30,2.4434
2025-06-03,2.4639
2025-06-04,2.4364
2025-06-05,2.4389
2025-06-06,2.4343
2025-06-09,2.4113
2025-06-10,2.4165
2025-06-11,2.4119
2025-06-12,2.4898
2025-06-13,2.5028
2025-06-16,2.4545
2025-06-17,2.4234
2025-06-18,2.414
2025-06-19,2.3949
2025-06-20,2.3975
2025-06-23,2.3511
2025-06-24,2.3462
2025-06-25,2.3416
2025-06-26,2.3557
2025-06-27,2.3478
2025-06-30,2.3369
2025-07-01,2.3563
2025-07-02,2.3399
2025-07-03,2.3374
2025-07-04,2.314
2025-07-07,2.2942
2025-07-08,2.2894
2025-07-09,2.2693
2025-07-10,2.259
2025-07-11,2.2693
2025-07-14,2.2818
2025-07-15,2.2614
2025-07-16,2.2564
2025-07-17,2.2575
2025-07-18,2.2591
2025-07-21,2.2724
2025-07-22,2.2748
2025-07-23,2.2759
2025-07-24,2.2802
2025-07-25,2.2726
2025-07-28,2.261
2025-07-29,2.2645
2025-07-30,2.2701
2025-07-31,2.2606
2025-08-01,2.2677
2025-08-04,2.3034
2025-08-05,2.3342
2025-08-06,2.338
2025-08-07,2.3197
2025-08-08,2.3314
2025-08-11,2.311
2025-08-12,2.3106
2025-08-13,2.3016
2025-08-14,2.3099
2025-08-15,2.2974
2025-08-18,2.2988
2025-08-19,2.2885
2025-08-20,2.3067
2025-08-21,2.3121
2025-08-22,2.2917
2025-08-25,2.2926
2025-08-26,2.2829
2025-08-27,2.2586
2025-08-28,2.2637
2025-08-29,2.2672
2025-09-01,2.2796
2025-09-02,2.2782
2025-09-03,2.2681
2025-09-04,2.2689
2025-09-05,2.2555
2025-09-08,2.2484
2025-09-09,2.2771
2025-09-10,2.2627
2025-09-11,2.2561
2025-09-12,2.2574
2025-09-15,2.2665
2025-09-16,2.2736
2025-09-17,2.2833
2025-09-18,2.2697
2025-09-19,2.2555
2025-09-25,2.2467
2025-09-26,2.2466
2025-09-29,2.2348
2025-09-30,2.2332
2025-10-03,2.2495
2025-10-06,2.1824
2025-10-08,2.1504
2025-10-09,2.1214
2025-10-10,2.1286
2025-10-13,2.1567
2025-10-15,2.1742
2025-10-16,2.1799
2025-10-17,2.2204
2025-10-20,2.1963
2025-10-21,2.1652
2025-10-22,2.1727
2025-10-23,2.1663
2025-10-24,2.1523
2025-10-27,2.134
2025-10-28,2.1433
2025-10-29,2.134
2025-10-30,2.1117
2025-10-31,2.1018
2025-11-03,2.112
2025-11-04,2.1288
2025-11-05,2.1286
2025-11-06,2.1171
2025-11-07,2.1277
2025-11-10,2.0956
2025-11-11,2.0861
2025-11-12,2.0661
2025-11-13,2.0741
2025-11-14,2.092
2025-11-17,2.0932
2025-11-18,2.1055
2025-11-19,2.0916
2025-11-20,2.0675
2025-11-21,2.0905
2025-11-24,2.0937
2025-11-25,2.0938
2025-11-26,2.0955
2025-11-27,2.0969
2025-11-28,2.0877
2025-12-01,2.1044
2025-12-02,2.0888
2025-12-03,2.0781
2025-12-04,2.0945
2025-12-05,2.084
2025-12-08,2.0624
2025-12-09,2.0559
2025-12-10,2.0595
2025-12-11,2.0609
2025-12-12,2.0539
2025-12-15,2.0698
2025-12-16,2.0819
2025-12-17,2.0723
2025-12-18,2.0652
2025-12-19,2.0457
2025-12-22,2.037
2025-12-23,2.0466
2025-12-24,2.0436
2025-12-29,2.0494
2025-12-30,2.0405
2025-12-31,2.0365
2026-01-02,2.0281
2026-01-05,2.0165
2026-01-06,2.0234
2026-01-07,2.0283
2026-01-08,2.025
2026-01-09,2.0119
2026-01-12,1.9955
2026-01-13,1.9828
2026-01-14,1.9848
2026-01-15,1.9904
2026-01-16,1.9834
2026-01-19,2.0009
2026-01-20,2.007
2026-01-21,2.0098
2026-01-22,1.9801
2026-01-23,1.9795
2026-01-26,2.0406
2026-01-27,2.0225
2026-01-28,2.0274
2026-01-29,2.0106
2026-01-30,2.0107
2026-02-02,2.0028
2026-02-03,1.9804
2026-02-04,1.9696
2026-02-05,1.9857
2026-02-06,1.9897
2026-02-09,1.9834
2026-02-10,1.9867
2026-02-11,2.0065
2026-02-12,2.003
2026-02-13,2.0074
2026-02-16,2.0131
2026-02-17,2.0278
2026-02-18,2.0165
2026-02-19,2.0268
2026-02-20,2.0097
2026-02-23,2.0159
2026-02-24,1.9971
2026-02-25,1.9769
2026-02-26,1.9925
2026-02-27,2.0004
2026-03-02,1.9572
2026-03-05,1.9521
2026-03-06,1.9525
2026-03-09,1.9655
2026-03-10,1.9576
2026-03-11,1.9597
2026-03-12,1.96
2026-03-13,1.9737
2026-03-16,1.9602
2026-03-17,1.9549
2026-03-18,1.945
2026-03-19,1.9605
2026-03-20,1.9584
2026-03-23,1.9614
2026-03-24,1.9681
2026-03-25,1.9602
2026-03-26,1.9594
2026-03-27,1.9698
2026-03-30,1.9861
2026-03-31,1.9858
2026-04-07,1.9682
2026-04-09,1.9417
2026-04-10,1.9188
2026-04-13,1.9147
2026-04-14,1.9008
2026-04-15,1.896
2026-04-16,1.8831
2026-04-17,1.8801
2026-04-20,1.8896
2026-04-21,1.8769
2026-04-23,1.8817
2026-04-24,1.8809
2026-04-27,1.8713
2026-04-28,1.8738
2026-04-29,1.8521
2026-04-30,1.8844
2026-05-01,1.8836
2026-05-04,1.8849
2026-05-05,1.8682
2026-05-06,1.8622
2026-05-07,1.8593
2026-05-08,1.8548
2026-05-11,1.8511
2026-05-12,1.8463
2026-05-13,1.8434
2026-05-14,1.8394
2026-05-15,1.8398
2026-05-18,1.8365
2026-05-19,1.8281
2026-05-20,1.8365
2026-05-21,1.8292
2026-05-26,1.7958
2026-05-27,1.7818
2026-05-28,1.7774
2026-05-29,1.7652
2026-06-01,1.7642
2026-06-02,1.7687
2026-06-03,1.7968
2026-06-04,1.8111
2026-06-05,1.8183
2026-06-08,1.8391
2026-06-09,1.8342
2026-06-10,1.8528
2026-06-11,1.8471
2026-06-12,1.8314
2026-06-15,1.8157
2026-06-16,1.8166
2026-06-17,1.8203
2026-06-18,1.8294
2026-06-19,1.8329
2026-06-22,1.8344
2026-06-23,1.8531
2026-06-24,1.8499
2026-06-25,1.8398
2026-06-26,1.8562
2026-06-29,1.8407
2026-06-30,1.8341
2026-07-01,1.8307
2026-07-02,1.8592
2026-07-03,1.8606
2026-07-06,1.8518
2026-07-07,1.8705
2026-07-08,1.8731
2026-07-09,1.8661
2026-07-10,1.86
2026-07-13,1.866
2026-07-14,1.8584
2026-07-15,1.845
2026-07-16,1.8527
2026-07-17,1.8786
2026-07-20,1.8769
2026-07-21,1.8735
2026-07-22,1.8774
2026-07-24,1.8702
2026-07-27,1.857
2026-07-28,1.8656
2026-07-29,1.8684
2026-07-30,1.8859
2026-07-31,1.906
2026-08-03,1.949
2026-08-04,1.9219
2026-08-05,1.9049
2026-08-06,1.9088
2026-08-07,1.8975
2026-08-10,1.8883
2026-08-11,1.8866
2026-08-12,1.8792
2026-08-13,1.8718
2026-08-14,1.8553
2026-08-17,1.8524
2026-08-18,1.8697
2026-08-19,1.8771
2026-08-20,1.885
2026-08-21,1.8873
2026-08-24,1.8805
2026-08-25,1.8746
2026-08-26,1.8684
2026-08-27,1.868
2026-08-28,1.8614
2026-08-31,1.8708
2026-09-01,1.8816
2026-09-02,1.9027
2026-09-03,1.9356
2026-09-04,1.9227
2026-09-07,1.9479
2026-09-08,1.9588
2026-09-09,1.9678
2026-09-10,1.9615
2026-09-14,1.9732
2026-09-15,1.969
2026-09-16,1.9553
2026-09-17,1.9498
2026-09-18,1.928
2026-09-22,1.9197
