date,rate
1962-02-10,0.00004211
1967-11-19,0.00004897
1971-08-22,0.00005932
1974-11-10,0.00010901
1975-06-18,0.00012477
1975-08-05,0.00011374
1975-09-09,0.00011437
1975-09-28,0.00012352
1975-11-24,0.00012739
1976-01-04,0.00012879
1976-02-11,0.00013345
1976-03-15,0.00013409
1976-04-19,0.0001389
1976-05-20,0.00014151
1976-06-24,0.00014277
1976-07-19,0.00014468
1976-08-25,0.00014931
1976-09-29,0.00015639
1976-11-01,0.00016265
1976-11-24,0.00016644
1976-12-24,0.000169
1977-01-17,0.00016866
1977-03-02,0.00017332
1977-03-21,0.00017706
1977-05-25,0.00017845
1977-07-04,0.00017974
1977-07-18,0.00018426
1977-08-01,0.00018721
1977-08-17,0.00019155
1977-09-20,0.00018727
1977-10-17,0.00018969
1977-10-31,0.0002795
1977-11-01,0.0002798
1977-11-02,0.0002792
1977-11-03,0.0002787
1977-11-04,0.000277
1977-11-07,0.0002775
1977-11-08,0.000277
1977-11-09,0.0002778
1977-11-10,0.0002774
1977-11-11,0.0002779
1977-11-14,0.0002777
1977-11-15,0.0002781
1977-11-16,0.0002779
1977-11-17,0.0002785
1977-11-18,0.0002785
1977-11-21,0.00028
1977-11-22,0.0002799
1977-11-23,0.0002803
1977-11-24,0.0002814
1977-11-25,0.000283
1977-11-28,0.0002834
1977-11-29,0.000283
1977-11-30,0.0002835
1977-12-01,0.0002841
1977-12-02,0.0002841
1977-12-05,0.000287
1977-12-06,0.0002906
1977-12-07,0.00029
1977-12-08,0.0002881
1977-12-09,0.0002865
1977-12-12,0.0002877
1977-12-13,0.000291
1977-12-14,0.0002944
1977-12-15,0.0002934
1977-12-16,0.0002921
1977-12-19,0.0002945
1977-12-20,0.0002976
1977-12-21,0.0002973
1977-12-22,0.0002943
1977-12-23,0.0002915
1977-12-27,0.0002935
1977-12-28,0.0002978
1977-12-29,0.0003005
1977-12-30,0.0003002
1978-01-03,0.0003021
1978-01-04,0.0003086
1978-01-05,0.0002985
1978-01-06,0.0002969
1978-01-09,0.000298
1978-01-10,0.0003001
1978-01-11,0.0003055
1978-01-12,0.0003089
1978-01-13,0.0003051
1978-01-16,0.0003065
1978-01-17,0.0003065
1978-01-18,0.0003057
1978-01-19,0.0003063
1978-01-20,0.000308
1978-01-23,0.000309
1978-01-24,0.0003108
1978-01-25,0.0003113
1978-01-26,0.0003121
1978-01-27,0.0003111
1978-01-30,0.0003114
1978-01-31,0.0003123
1978-02-01,0.0003126
1978-02-02,0.0003108
1978-02-03,0.000312
1978-02-06,0.000313
1978-02-07,0.0003128
1978-02-08,0.0003123
1978-02-09,0.0003116
1978-02-10,0.0003112
1978-02-13,0.0002959
1978-02-14,0.0002957
1978-02-15,0.0002941
1978-02-16,0.0002946
1978-02-17,0.0002973
1978-02-20,0.0003007
1978-02-21,0.0003024
1978-02-22,0.000302
1978-02-23,0.0003032
1978-02-24,0.0003063
1978-02-27,0.0003054
1978-02-28,0.0003059
1978-03-01,0.0003116
1978-03-02,0.0003097
1978-03-03,0.0003096
1978-03-06,0.0003104
1978-03-07,0.0003071
1978-03-09,0.0003069
1978-03-10,0.0003047
1978-03-13,0.000301
1978-03-14,0.0003059
1978-03-15,0.0003064
1978-03-16,0.0003104
1978-03-17,0.0003121
1978-03-20,0.0003101
1978-03-21,0.0003092
1978-03-22,0.0003074
1978-03-28,0.0003099
1978-03-29,0.0003105
1978-03-30,0.0003102
1978-03-31,0.00031
1978-04-03,0.0003131
1978-04-04,0.0003091
1978-04-05,0.0003065
1978-04-06,0.0003092
1978-04-07,0.0003087
1978-04-10,0.0003098
1978-04-11,0.0003118
1978-04-12,0.0003108
1978-04-13,0.0003088
1978-04-14,0.0003088
1978-04-17,0.0003085
1978-04-18,0.0003074
1978-04-19,0.0003073
1978-04-20,0.0003063
1978-04-21,0.0003065
1978-04-24,0.0003059
1978-04-25,0.0003075
1978-04-26,0.0003075
1978-04-27,0.0003083
1978-05-02,0.00031
1978-05-03,0.0003093
1978-05-05,0.0003101
1978-05-08,0.0003082
1978-05-09,0.0003082
1978-05-10,0.0003087
1978-05-12,0.000309
1978-05-16,0.0003097
1978-05-18,0.0003116
1978-05-19,0.0003127
1978-05-22,0.0003124
1978-05-23,0.0003136
1978-05-24,0.0003143
1978-05-25,0.000315
1978-05-26,0.000316
1978-05-29,0.0003183
1978-05-30,0.0003199
1978-05-31,0.0003215
1978-06-01,0.0003227
1978-06-02,0.000323
1978-06-05,0.0003238
1978-06-06,0.0003227
1978-06-07,0.0003218
1978-06-08,0.0003218
1978-06-09,0.0003212
1978-06-12,0.0003222
1978-06-13,0.0003231
1978-06-14,0.0003231
1978-06-15,0.0003225
1978-06-16,0.0003215
1978-06-19,0.000323
1978-06-20,0.0003237
1978-06-21,0.0003251
1978-06-22,0.0003249
1978-06-23,0.0003259
1978-06-26,0.0003271
1978-06-27,0.0003274
1978-06-28,0.0003288
1978-06-29,0.0003295
1978-06-30,0.0003303
1978-07-03,0.0003318
1978-07-04,0.0003324
1978-07-05,0.0003308
1978-07-06,0.0003306
1978-07-07,0.0003264
1978-07-10,0.0003297
1978-07-11,0.0003298
1978-07-12,0.0003293
1978-07-13,0.0003306
1978-07-14,0.0003301
1978-07-17,0.0003307
1978-07-18,0.0003316
1978-07-19,0.0003327
1978-07-20,0.0003336
1978-07-21,0.0003339
1978-07-24,0.0003371
1978-07-25,0.0003371
1978-07-26,0.0003363
1978-07-27,0.0003363
1978-07-28,0.0003367
1978-07-31,0.0003392
1978-08-01,0.0003404
1978-08-02,0.0003392
1978-08-03,0.0003385
1978-08-04,0.0003404
1978-08-07,0.0003422
1978-08-08,0.0003461
1978-08-09,0.0003489
1978-08-10,0.0003474
1978-08-11,0.0003496
1978-08-14,0.0003519
1978-08-15,0.0003586
1978-08-16,0.0003541
1978-08-17,0.0003491
1978-08-18,0.0003504
1978-08-21,0.000346
1978-08-22,0.0003476
1978-08-23,0.0003441
1978-08-24,0.0003459
1978-08-25,0.0003455
1978-08-28,0.0003456
1978-08-29,0.0003449
1978-08-30,0.000352
1978-08-31,0.0003508
1978-09-01,0.0003507
1978-09-04,0.0003547
1978-09-05,0.000352
1978-09-06,0.0003495
1978-09-07,0.0003477
1978-09-08,0.0003465
1978-09-11,0.0003457
1978-09-12,0.0003471
1978-09-13,0.0003478
1978-09-14,0.0003505
1978-09-15,0.0003508
1978-09-18,0.0003524
1978-09-19,0.0003537
1978-09-20,0.000357
1978-09-21,0.0003584
1978-09-22,0.0003549
1978-09-25,0.0003559
1978-09-26,0.0003572
1978-09-27,0.0003545
1978-09-28,0.0003545
1978-09-29,0.0003563
1978-10-04,0.0003627
1978-10-05,0.0003636
1978-10-06,0.0003623
1978-10-09,0.0003631
1978-10-10,0.0003621
1978-10-12,0.0003705
1978-10-13,0.0003685
1978-10-17,0.000372
1978-10-18,0.0003706
1978-10-19,0.0003711
1978-10-20,0.000374
1978-10-24,0.0003769
1978-10-25,0.0003836
1978-10-26,0.0003881
1978-10-27,0.0003885
1978-10-30,0.0003928
1978-10-31,0.0003989
1978-11-01,0.0003887
1978-11-02,0.0003715
1978-11-03,0.0003685
1978-11-06,0.0003659
1978-11-08,0.0003706
1978-11-09,0.0003752
1978-11-10,0.0003707
1978-11-13,0.000372
1978-11-14,0.000375
1978-11-15,0.0003732
1978-11-16,0.000373
1978-11-17,0.0003725
1978-11-20,0.0003665
1978-11-21,0.0003676
1978-11-22,0.0003679
1978-11-23,0.000369
1978-11-24,0.0003699
1978-11-27,0.0003679
1978-11-28,0.0003692
1978-11-29,0.000368
1978-11-30,0.0003681
1978-12-01,0.0003651
1978-12-04,0.000364
1978-12-05,0.0003618
1978-12-06,0.000363
1978-12-07,0.0003616
1978-12-08,0.0003635
1978-12-11,0.0003649
1978-12-12,0.0003685
1978-12-13,0.0003634
1978-12-14,0.0003617
1978-12-15,0.0003642
1978-12-18,0.0003685
1978-12-19,0.0003701
1978-12-20,0.0003749
1978-12-21,0.0003732
1978-12-22,0.0003691
1978-12-27,0.0003771
1978-12-28,0.0003803
1978-12-29,0.0003795
1979-01-02,0.0003829
1979-01-03,0.0003804
1979-01-04,0.0003749
1979-01-05,0.0003754
1979-01-08,0.0003793
1979-01-09,0.0003738
1979-01-10,0.000371
1979-01-11,0.0003707
1979-01-12,0.0003688
1979-01-15,0.0003707
1979-01-16,0.0003738
1979-01-17,0.0003788
1979-01-18,0.0003773
1979-01-19,0.0003779
1979-01-22,0.0003789
1979-01-23,0.0003775
1979-01-24,0.0003771
1979-01-25,0.0003751
1979-01-26,0.0003734
1979-01-29,0.0003731
1979-01-30,0.0003747
1979-01-31,0.000374
1979-02-01,0.0003708
1979-02-02,0.0003714
1979-02-05,0.0003789
1979-02-06,0.0003806
1979-02-07,0.0003805
1979-02-08,0.0003778
1979-02-09,0.000376
1979-02-12,0.0003825
1979-02-13,0.0003838
1979-02-14,0.0003857
1979-02-15,0.0003886
1979-02-16,0.0003869
1979-02-19,0.0003866
1979-02-20,0.0003874
1979-02-21,0.0003873
1979-02-22,0.0003869
1979-02-23,0.0003872
1979-02-26,0.000386
1979-02-27,0.0003813
1979-02-28,0.0003786
1979-03-01,0.0003821
1979-03-02,0.0003782
1979-03-05,0.0003778
1979-03-06,0.0003783
1979-03-07,0.0003809
1979-03-08,0.0003865
1979-03-09,0.0003895
1979-03-12,0.0003924
1979-03-13,0.0003938
1979-03-15,0.0003957
1979-03-16,0.0003992
1979-03-19,0.0004011
1979-03-20,0.0004034
1979-03-21,0.0004045
1979-03-22,0.0004069
1979-03-23,0.0004087
1979-03-26,0.0004103
1979-03-27,0.0004147
1979-03-28,0.0004157
1979-03-29,0.0004175
1979-03-30,0.0004193
1979-04-02,0.0004178
1979-04-03,0.0004193
1979-04-04,0.0004202
1979-04-05,0.000421
1979-04-06,0.0004215
1979-04-09,0.0004214
1979-04-10,0.0004227
1979-04-11,0.0004266
1979-04-17,0.000429
1979-04-19,0.0004342
1979-04-20,0.0004351
1979-04-23,0.0004332
1979-04-24,0.0004346
1979-04-25,0.0004351
1979-04-26,0.000436
1979-04-27,0.0004377
1979-04-30,0.0004376
1979-05-03,0.0004417
1979-05-04,0.0004414
1979-05-07,0.0004424
1979-05-08,0.0004446
1979-05-09,0.0004459
1979-05-10,0.0004483
1979-05-11,0.0004505
1979-05-14,0.0004519
1979-05-15,0.000451
1979-05-16,0.0004519
1979-05-17,0.0004519
1979-05-18,0.0004574
1979-05-21,0.0004591
1979-05-22,0.0004631
1979-05-23,0.0004623
1979-05-25,0.000468
1979-05-28,0.0004685
1979-05-29,0.0004685
1979-05-30,0.0004675
1979-05-31,0.0004661
1979-06-05,0.0004655
1979-06-06,0.000463
1979-06-07,0.0004633
1979-06-08,0.000463
1979-06-11,0.0004661
1979-06-12,0.0004694
1979-06-13,0.0004702
1979-06-14,0.0004725
1979-06-15,0.0004752
1979-06-18,0.0004799
1979-06-19,0.0004826
1979-06-20,0.000488
1979-06-21,0.0004886
1979-06-22,0.0004917
1979-06-25,0.0004969
1979-06-26,0.0004979
1979-06-27,0.0004965
1979-06-28,0.000495
1979-06-29,0.0004937
1979-07-02,0.0004981
1979-07-03,0.000496
1979-07-04,0.000498
1979-07-05,0.0005014
1979-07-06,0.0005021
1979-07-09,0.0005003
1979-07-10,0.0005006
1979-07-11,0.0005041
1979-07-12,0.0005066
1979-07-13,0.0005061
1979-07-16,0.0005089
1979-07-17,0.0005106
1979-07-18,0.0005141
1979-07-19,0.0005125
1979-07-20,0.0005134
1979-07-23,0.0005148
1979-07-24,0.0005173
1979-07-25,0.0005173
1979-07-26,0.0005155
1979-07-27,0.0005146
1979-07-30,0.0005157
1979-07-31,0.0005129
1979-08-01,0.0005119
1979-08-03,0.0005122
1979-08-06,0.0005143
1979-08-07,0.000516
1979-08-08,0.000518
1979-08-09,0.000519
1979-08-10,0.0005241
1979-08-13,0.0005283
1979-08-14,0.0005269
1979-08-15,0.0005279
1979-08-16,0.0005293
1979-08-17,0.0005308
1979-08-20,0.0005344
1979-08-21,0.000536
1979-08-22,0.0005365
1979-08-23,0.0005361
1979-08-24,0.0005373
1979-08-27,0.0005396
1979-08-28,0.0005391
1979-08-29,0.0005372
1979-08-30,0.0005388
1979-08-31,0.0005395
1979-09-03,0.0005413
1979-09-04,0.0005447
1979-09-05,0.0005458
1979-09-06,0.0005491
1979-09-07,0.0005502
1979-09-10,0.000552
1979-09-11,0.0005546
1979-09-12,0.0005547
1979-09-13,0.0005561
1979-09-14,0.0005601
1979-09-17,0.0005663
1979-09-18,0.0005706
1979-09-19,0.0005741
1979-09-20,0.0005861
1979-09-21,0.0005879
1979-09-24,0.0005844
1979-09-25,0.0005844
1979-09-26,0.000583
1979-09-27,0.0005879
1979-09-28,0.0005926
1979-10-02,0.0005961
1979-10-03,0.0005971
1979-10-04,0.0005989
1979-10-05,0.0005937
1979-10-08,0.0005913
1979-10-09,0.0005888
1979-10-10,0.000599
1979-10-11,0.0005992
1979-10-12,0.0005974
1979-10-15,0.0005981
1979-10-16,0.0005993
1979-10-17,0.0006004
1979-10-18,0.000601
1979-10-19,0.0006033
1979-10-22,0.0006048
1979-10-23,0.0006036
1979-10-24,0.0006029
1979-10-25,0.0006069
1979-10-26,0.0006069
1979-10-29,0.0006076
1979-10-30,0.0006071
1979-10-31,0.0006102
1979-11-01,0.0006118
1979-11-02,0.0006117
1979-11-05,0.0006176
1979-11-06,0.0006232
1979-11-07,0.0006281
1979-11-08,0.000625
1979-11-09,0.0006196
1979-11-12,0.0006221
1979-11-13,0.0006206
1979-11-14,0.0006221
1979-11-15,0.0006237
1979-11-16,0.0006254
1979-11-19,0.0006342
1979-11-20,0.0006361
1979-11-21,0.0006423
1979-11-22,0.0006454
1979-11-23,0.0006477
1979-11-26,0.0006488
1979-11-27,0.0006552
1979-11-28,0.0006552
1979-11-29,0.0006546
1979-11-30,0.0006625
1979-12-03,0.0006739
1979-12-04,0.0006753
1979-12-05,0.000668
1979-12-06,0.0006697
1979-12-07,0.0006659
1979-12-10,0.0006723
1979-12-11,0.0006758
1979-12-12,0.0006809
1979-12-13,0.0006801
1979-12-14,0.0006777
1979-12-17,0.0006775
1979-12-18,0.000683
1979-12-19,0.0006843
1979-12-20,0.0006877
1979-12-21,0.0006879
1979-12-24,0.0006914
1979-12-27,0.0007034
1979-12-28,0.0007114
1979-12-31,0.0007167
1980-01-02,0.0007194
1980-01-03,0.0007278
1980-01-04,0.0007235
1980-01-06,0.7235
1980-01-07,0.0007285
1980-01-08,0.0007288
1980-01-09,0.0007307
1980-01-10,0.0007329
1980-01-11,0.0007363
1980-01-13,0.7363
1980-01-14,0.0007391
1980-01-15,0.0007414
1980-01-16,0.0007374
1980-01-17,0.0007414
1980-01-18,0.000743
1980-01-20,0.743
1980-01-21,0.0007451
1980-01-22,0.0007444
1980-01-23,0.0007451
1980-01-24,0.0007501
1980-01-25,0.0007539
1980-01-27,0.7539
1980-01-28,0.0007545
1980-01-29,0.0007546
1980-01-30,0.0007542
1980-01-31,0.0007583
1980-02-01,0.0007597
1980-02-03,0.7597
1980-02-04,0.0007616
1980-02-05,0.0007657
1980-02-06,0.0007689
1980-02-07,0.0007726
1980-02-08,0.0007732
1980-02-10,0.7732
1980-02-11,0.0007778
1980-02-12,0.0007768
1980-02-13,0.0007788
1980-02-14,0.0007804
1980-02-15,0.0007805
1980-02-17,0.7805
1980-02-18,0.0007869
1980-02-19,0.0007909
1980-02-20,0.0007947
1980-02-21,0.0007989
1980-02-22,0.0007956
1980-02-24,0.7956
1980-02-25,0.0008113
1980-02-26,0.0008117
1980-02-27,0.0008069
1980-02-28,0.0008078
1980-02-29,0.0008053
1980-03-04,0.0007998
1980-03-05,0.0007938
1980-03-06,0.0007925
1980-03-07,0.0007882
1980-03-09,0.7882
1980-03-10,0.0007916
1980-03-11,0.000791
1980-03-12,0.0007991
1980-03-13,0.0008018
1980-03-14,0.0007979
1980-03-16,0.7979
1980-03-17,0.0007981
1980-03-18,0.0007995
1980-03-19,0.0008046
1980-03-20,0.0008074
1980-03-21,0.0008059
1980-03-23,0.8059
1980-03-24,0.0008047
1980-03-25,0.0008057
1980-03-26,0.0008093
1980-03-27,0.0008064
1980-03-28,0.0008047
1980-03-30,0.8047
1980-03-31,0.0008033
1980-04-02,0.000801
1980-04-03,0.801
1980-04-04,0.801
1980-04-06,0.801
1980-04-08,0.0008105
1980-04-09,0.000833
1980-04-10,0.0008399
1980-04-11,0.0008423
1980-04-13,0.8423
1980-04-14,0.000847
1980-04-15,0.0008397
1980-04-16,0.0008409
1980-04-17,0.0008476
1980-04-18,0.0008571
1980-04-20,0.8571
1980-04-22,0.0008571
1980-04-23,0.0008593
1980-04-24,0.0008683
1980-04-25,0.0008703
1980-04-27,0.8703
1980-04-28,0.000876
1980-04-29,0.0008727
1980-04-30,0.0008703
1980-05-01,0.8703
1980-05-02,0.0008732
1980-05-04,0.8732
1980-05-05,0.0008795
1980-05-06,0.0008898
1980-05-07,0.0008908
1980-05-08,0.0008901
1980-05-09,0.0008911
1980-05-11,0.8911
1980-05-12,0.0008966
1980-05-13,0.0009045
1980-05-14,0.0009042
1980-05-15,0.9042
1980-05-16,0.0009144
1980-05-18,0.9144
1980-05-19,0.0009234
1980-05-20,0.0009211
1980-05-22,0.0009303
1980-05-23,0.0009357
1980-05-25,0.9357
1980-05-26,0.9357
1980-05-27,0.0009536
1980-05-28,0.0009513
1980-05-29,0.0009504
1980-05-30,0.0009414
1980-06-01,0.9414
1980-06-02,0.0009477
1980-06-03,0.0009417
1980-06-04,0.0009505
1980-06-05,0.0009533
1980-06-06,0.0009631
1980-06-08,0.9631
1980-06-09,0.0009718
1980-06-10,0.0009757
1980-06-11,0.0009772
1980-06-12,0.0009799
1980-06-13,0.0009841
1980-06-15,0.9841
1980-06-16,0.0009853
1980-06-17,0.0009847
1980-06-18,0.0009914
1980-06-19,0.000992
1980-06-20,0.000995
1980-06-22,0.995
1980-06-23,0.0010026
1980-06-24,0.0010068
1980-06-25,0.0010114
1980-06-26,0.001016
1980-06-27,0.0010219
1980-06-29,1.0219
1980-06-30,0.0010282
1980-07-01,0.0010264
1980-07-02,0.001031
1980-07-03,0.0010344
1980-07-04,0.0010393
1980-07-06,1.0393
1980-07-07,0.001045
1980-07-08,0.0010542
1980-07-09,0.0010527
1980-07-10,0.001054
1980-07-11,0.0010553
1980-07-13,1.0553
1980-07-14,0.0010571
1980-07-15,0.0010605
1980-07-16,0.00106
1980-07-17,0.0010725
1980-07-18,0.0010729
1980-07-20,1.0729
1980-07-21,0.0010732
1980-07-23,0.0010738
1980-07-24,0.0010724
1980-07-25,0.0010736
1980-07-27,1.0736
1980-07-28,0.0010756
1980-07-29,0.0010732
1980-07-30,0.0010726
1980-07-31,0.0010671
1980-08-01,0.0010742
1980-08-03,1.0742
1980-08-04,0.0010756
1980-08-05,0.001082
1980-08-06,0.0010863
1980-08-07,0.0010897
1980-08-08,0.0010948
1980-08-10,1.0948
1980-08-11,0.0010937
1980-08-12,0.0010952
1980-08-13,0.0011016
1980-08-14,0.0010986
1980-08-15,0.0010975
1980-08-17,1.0975
1980-08-18,0.0011035
1980-08-19,0.0011131
1980-08-20,0.0011287
1980-08-21,0.0011255
1980-08-22,0.0011332
1980-08-24,1.1332
1980-08-25,0.0011384
1980-08-26,0.0011444
1980-08-27,0.0011502
1980-08-28,0.0011511
1980-08-29,0.001153
1980-08-31,1.153
1980-09-01,0.0011578
1980-09-02,0.0011598
1980-09-03,0.0011604
1980-09-04,0.0011595
1980-09-05,0.0011615
1980-09-07,1.1615
1980-09-08,0.0011753
1980-09-09,0.0011799
1980-09-10,0.001184
1980-09-14,1.184
1980-09-15,0.0011864
1980-09-16,0.0011895
1980-09-17,0.0011929
1980-09-18,0.0011965
1980-09-19,0.0011999
1980-09-21,1.1999
1980-09-22,0.0012011
1980-09-23,0.0012008
1980-09-24,0.0012072
1980-09-26,0.001215
1980-09-28,1.215
1980-09-29,0.001211
1980-10-03,0.0012183
1980-10-05,1.2183
1980-10-06,0.0012253
1980-10-07,0.0012299
1980-10-08,0.0012328
1980-10-09,0.0012348
1980-10-10,0.0012391
1980-10-12,1.2391
1980-10-13,0.0012424
1980-10-14,0.0012437
1980-10-15,0.0012448
1980-10-16,0.0012426
1980-10-17,0.0012442
1980-10-19,1.2442
1980-10-20,0.0012469
1980-10-21,0.0012473
1980-10-22,0.0012472
1980-10-23,0.001256
1980-10-24,0.0012602
1980-10-26,1.2602
1980-10-27,0.0012709
1980-10-28,0.0012671
1980-10-29,0.0012721
1980-10-30,0.0012821
1980-10-31,0.0012826
1980-11-02,1.2826
1980-11-03,0.0012764
1980-11-04,0.0012841
1980-11-05,0.0012832
1980-11-06,0.0012945
1980-11-07,0.0013024
1980-11-09,1.3024
1980-11-10,0.0013121
1980-11-11,0.0013331
1980-11-12,0.0013212
1980-11-13,0.0013281
1980-11-14,0.0013283
1980-11-16,1.3283
1980-11-17,0.0013355
1980-11-18,0.0013427
1980-11-19,0.0013476
1980-11-20,0.0013525
1980-11-21,0.0013518
1980-11-23,1.3518
1980-11-24,0.001366
1980-11-25,0.0013727
1980-11-26,0.0013775
1980-11-27,0.0013843
1980-11-28,0.0013828
1980-11-30,1.3828
1980-12-01,0.0013698
1980-12-02,0.0013827
1980-12-03,0.0013864
1980-12-04,0.0013835
1980-12-05,0.001386
1980-12-07,1.386
1980-12-08,0.0014054
1980-12-09,0.001411
1980-12-10,0.0014092
1980-12-11,0.0013994
1980-12-12,0.001409
1980-12-14,1.409
1980-12-15,0.0014389
1980-12-16,0.0014471
1980-12-17,0.0014593
1980-12-18,0.0014512
1980-12-19,0.0014647
1980-12-21,1.4647
1980-12-22,0.0014731
1980-12-23,0.0014706
1980-12-24,0.0014617
1980-12-26,1.4617
1980-12-28,1.4617
1980-12-29,0.0014793
1980-12-30,0.0014761
1980-12-31,0.0014574
1981-01-02,0.0014654
1981-01-04,1.4654
1981-01-05,0.0014875
1981-01-06,0.0014972
1981-01-07,0.0015034
1981-01-08,0.0014922
1981-01-09,0.0014948
1981-01-11,1.4948
1981-01-12,0.0015044
1981-01-13,0.00149
1981-01-14,0.0015153
1981-01-15,0.0015209
1981-01-16,0.0015063
1981-01-18,1.5063
1981-01-19,0.0015364
1981-01-20,0.0015287
1981-01-21,0.0015369
1981-01-22,0.0015414
1981-01-23,0.0015414
1981-01-25,1.5414
1981-01-26,0.0015326
1981-01-27,0.0015115
1981-01-28,0.0015056
1981-01-29,0.0014937
1981-01-30,0.0014848
1981-02-01,1.4848
1981-02-02,0.0015021
1981-02-03,0.0014812
1981-02-04,0.0014818
1981-02-05,0.0015044
1981-02-06,0.0015042
1981-02-08,1.5042
1981-02-09,0.0015357
1981-02-10,0.0015278
1981-02-11,0.0015191
1981-02-12,0.0015123
1981-02-13,0.0015346
1981-02-15,1.5346
1981-02-16,0.0015377
1981-02-17,0.0015676
1981-02-18,0.0015917
1981-02-19,0.0015947
1981-02-20,0.0016224
1981-02-22,1.6224
1981-02-23,0.0016173
1981-02-24,0.0015959
1981-02-25,0.0015989
1981-02-26,0.0015887
1981-02-27,0.0015873
1981-03-01,1.5873
1981-03-02,0.0015725
1981-03-03,0.001591
1981-03-04,0.0016035
1981-03-05,0.0016189
1981-03-06,0.0015949
1981-03-08,1.5949
1981-03-09,0.0016098
1981-03-10,0.0016319
1981-03-11,0.0016365
1981-03-12,0.0016245
1981-03-13,0.0016282
1981-03-15,1.6282
1981-03-16,0.0016366
1981-03-17,0.0016488
1981-03-18,0.0016664
1981-03-19,0.0016765
1981-03-20,0.0016596
1981-03-23,0.0016584
1981-03-24,0.0016618
1981-03-25,0.0016634
1981-03-26,0.0016538
1981-03-27,0.0016405
1981-03-29,1.6405
1981-03-30,0.0016469
1981-03-31,0.0016518
1981-04-01,0.0016531
1981-04-02,0.0016649
1981-04-03,0.0016592
1981-04-05,1.6592
1981-04-06,0.0016771
1981-04-07,0.0016856
1981-04-08,0.0016996
1981-04-09,0.0016971
1981-04-10,0.0016923
1981-04-12,1.6923
1981-04-13,0.0016838
1981-04-14,0.0016777
1981-04-15,0.0016899
1981-04-16,1.6899
1981-04-17,1.6899
1981-04-20,1.6899
1981-04-21,0.0016962
1981-04-22,0.001712
1981-04-23,0.0017039
1981-04-24,0.0017081
1981-04-26,1.7081
1981-04-27,0.0017176
1981-04-28,0.0017082
1981-04-29,0.0017141
1981-04-30,0.0017093
1981-05-01,1.7093
1981-05-03,1.7093
1981-05-04,0.0017159
1981-05-05,0.0017315
1981-05-06,0.0017535
1981-05-08,0.0017556
1981-05-10,1.7556
1981-05-11,0.0017639
1981-05-12,0.0017578
1981-05-13,0.0017594
1981-05-14,0.0017505
1981-05-15,0.0017574
1981-05-17,1.7574
1981-05-18,0.0017857
1981-05-19,0.0018179
1981-05-20,0.0018285
1981-05-21,0.0018461
1981-05-22,0.0018383
1981-05-24,1.8383
1981-05-25,0.0018551
1981-05-26,0.0018526
1981-05-27,0.0018631
1981-05-28,1.8631
1981-05-29,0.0018891
1981-05-31,1.8891
1981-06-01,0.0018953
1981-06-02,0.0018718
1981-06-03,0.0019
1981-06-04,0.0019089
1981-06-05,0.0018655
1981-06-07,1.8655
1981-06-09,0.0018947
1981-06-10,0.0019389
1981-06-11,0.0019156
1981-06-12,0.001918
1981-06-14,1.918
1981-06-15,0.0019496
1981-06-16,0.0019681
1981-06-17,0.001965
1981-06-18,0.0019442
1981-06-19,0.0019396
1981-06-21,1.9396
1981-06-22,0.0019577
1981-06-23,0.0019667
1981-06-24,0.0019564
1981-06-25,0.001951
1981-06-26,0.0019341
1981-06-28,1.9341
1981-06-29,0.0019533
1981-07-01,0.0019377
1981-07-02,0.0019378
1981-07-03,0.0019646
1981-07-05,1.9646
1981-07-06,0.0019603
1981-07-07,0.0019773
1981-07-08,0.00198
1981-07-09,0.001975
1981-07-10,0.001984
1981-07-12,1.984
1981-07-13,0.0019853
1981-07-14,0.0019704
1981-07-15,0.0019741
1981-07-16,0.0019899
1981-07-17,0.0019844
1981-07-19,1.9844
1981-07-20,0.0019703
1981-07-21,0.0019739
1981-07-22,0.0019702
1981-07-23,0.0019885
1981-07-24,0.0019813
1981-07-26,1.9813
1981-07-27,0.0019928
1981-07-28,0.0019882
1981-07-29,0.0019923
1981-07-30,0.0019779
1981-07-31,0.0019808
1981-08-02,1.9808
1981-08-03,0.0019724
1981-08-04,0.0019701
1981-08-05,0.0019816
1981-08-06,0.0019828
1981-08-07,0.0019739
1981-08-10,0.0019552
1981-08-11,0.0019718
1981-08-12,0.0019871
1981-08-13,0.0020005
1981-08-14,0.0019888
1981-08-16,1.9888
1981-08-17,0.002005
1981-08-18,0.0020509
1981-08-19,0.0020389
1981-08-20,0.002045
1981-08-21,0.0020557
1981-08-23,2.0557
1981-08-24,0.0020634
1981-08-25,0.0020464
1981-08-26,0.0020503
1981-08-27,0.0020776
1981-08-28,0.002083
1981-08-30,2.083
1981-08-31,0.0020981
1981-09-01,0.0020749
1981-09-02,0.002085
1981-09-03,0.0020847
1981-09-04,0.0020829
1981-09-06,2.0829
1981-09-07,0.002132
1981-09-08,0.0021546
1981-09-09,0.0021767
1981-09-10,0.0022057
1981-09-11,0.0022249
1981-09-13,2.2249
1981-09-14,0.0022017
1981-09-15,0.0022249
1981-09-16,0.0022526
1981-09-17,0.002276
1981-09-18,0.0022495
1981-09-20,2.2495
1981-09-21,0.0022679
1981-09-22,0.0022368
1981-09-23,0.0022394
1981-09-24,0.0022299
1981-09-25,0.0022417
1981-09-27,2.2417
1981-09-28,0.0022496
1981-10-01,0.0022857
1981-10-02,0.0023005
1981-10-04,2.3005
1981-10-05,0.0023265
1981-10-06,0.0023429
1981-10-07,0.0023541
1981-10-09,0.002352
1981-10-11,2.352
1981-10-12,0.0023473
1981-10-14,0.002326
1981-10-15,0.0023288
1981-10-16,0.0022962
1981-10-18,2.2962
1981-10-19,0.0023194
1981-10-21,0.0023132
1981-10-22,0.0023041
1981-10-23,0.0023001
1981-10-25,2.3001
1981-10-26,0.0022975
1981-10-28,0.0023277
1981-10-29,0.002343
1981-10-30,0.0023739
1981-11-01,2.3739
1981-11-02,0.0024184
1981-11-03,0.0024061
1981-11-04,0.0024176
1981-11-05,0.0024177
1981-11-06,0.0024105
1981-11-08,2.4105
1981-11-09,0.0024484
1981-11-10,0.0024449
1981-11-11,0.0024349
1981-11-12,0.0024527
1981-11-13,0.0024639
1981-11-15,2.4639
1981-11-16,0.0024622
1981-11-17,0.0024859
1981-11-18,0.0024957
1981-11-19,0.0025367
1981-11-20,0.0025285
1981-11-22,2.5285
1981-11-23,0.0025452
1981-11-24,0.0025898
1981-11-25,0.0025825
1981-11-26,0.002609
1981-11-27,0.0026111
1981-11-29,2.6111
1981-11-30,0.0026359
1981-12-01,0.0026255
1981-12-02,0.0026221
1981-12-03,0.0026369
1981-12-04,0.002632
1981-12-06,2.632
1981-12-07,0.0026425
1981-12-08,0.0026433
1981-12-09,0.0026378
1981-12-10,0.0026284
1981-12-11,0.0026227
1981-12-13,2.6227
1981-12-14,0.0026192
1981-12-15,0.0026369
1981-12-16,0.0026536
1981-12-17,0.0026551
1981-12-18,0.0026196
1981-12-20,2.6196
1981-12-21,0.0026491
1981-12-22,0.0026496
1981-12-23,0.0026671
1981-12-24,0.0026536
1981-12-27,2.6536
1981-12-28,0.0026638
1981-12-29,0.0026622
1981-12-30,0.0026633
1981-12-31,0.002688
1982-01-03,2.688
1982-01-04,0.0027045
1982-01-05,0.002697
1982-01-06,0.0027145
1982-01-07,0.0027117
1982-01-08,0.002722
1982-01-10,2.722
1982-01-11,0.0027357
1982-01-12,0.0027233
1982-01-13,0.0027419
1982-01-14,0.0027295
1982-01-15,0.0027417
1982-01-17,2.7417
1982-01-18,0.0027443
1982-01-19,0.0027891
1982-01-20,0.0027777
1982-01-21,0.0027893
1982-01-22,0.0027918
1982-01-24,2.7918
1982-01-25,0.0028014
1982-01-26,0.0027899
1982-01-27,0.0028218
1982-01-28,0.0028042
1982-01-29,0.0028486
1982-01-31,2.8486
1982-02-01,0.0028386
1982-02-02,0.0028275
1982-02-03,0.0028642
1982-02-04,0.0028572
1982-02-05,0.002877
1982-02-07,2.877
1982-02-08,0.0028817
1982-02-09,0.0028833
1982-02-10,0.0028916
1982-02-11,0.0029042
1982-02-12,0.0028868
1982-02-14,2.8868
1982-02-15,0.0029037
1982-02-16,0.0029266
1982-02-17,0.0029447
1982-02-18,0.0029689
1982-02-19,0.0029978
1982-02-21,2.9978
1982-02-22,0.0030223
1982-02-23,0.0030015
1982-02-24,0.0030087
1982-02-25,0.0030094
1982-02-26,0.0030097
1982-02-28,3.0097
1982-03-01,0.0030106
1982-03-02,0.003044
1982-03-03,0.0030523
1982-03-04,0.0030511
1982-03-05,0.0030802
1982-03-07,3.0802
1982-03-08,0.003103
1982-03-11,0.0030895
1982-03-12,0.0030948
1982-03-14,3.0948
1982-03-15,0.0031132
1982-03-16,0.0031186
1982-03-17,0.0031261
1982-03-18,0.0031335
1982-03-19,0.0031253
1982-03-21,3.1253
1982-03-22,0.0031404
1982-03-23,0.0031374
1982-03-24,0.0031621
1982-03-25,0.0031421
1982-03-26,0.0031224
1982-03-28,3.1224
1982-03-29,0.0031248
1982-03-30,0.0031253
1982-03-31,0.00313
1982-04-01,0.0031471
1982-04-02,0.0031768
1982-04-04,3.1768
1982-04-05,0.003188
1982-04-06,0.0031731
1982-04-07,0.003211
1982-04-09,3.211
1982-04-11,3.211
1982-04-12,3.211
1982-04-13,0.0032524
1982-04-15,0.0032533
1982-04-16,0.0032672
1982-04-18,3.2672
1982-04-19,0.0032968
1982-04-20,0.0033161
1982-04-21,0.0033177
1982-04-22,0.0033134
1982-04-23,0.0033255
1982-04-25,3.3255
1982-04-26,0.0033604
1982-04-27,0.0033642
1982-04-29,0.0033959
1982-04-30,0.003423
1982-05-02,3.423
1982-05-03,0.0034437
1982-05-04,0.0034217
1982-05-05,0.0034394
1982-05-06,0.0034536
1982-05-07,0.0034839
1982-05-09,3.4839
1982-05-10,0.0035002
1982-05-11,0.0035189
1982-05-12,0.0035252
1982-05-13,0.0035205
1982-05-14,0.0035304
1982-05-16,3.5304
1982-05-17,3.5304
1982-05-18,0.0035527
1982-05-19,0.003567
1982-05-20,3.567
1982-05-21,0.0036149
1982-05-23,3.6149
1982-05-24,0.0036275
1982-05-25,0.0036214
1982-05-26,0.0036074
1982-05-27,0.003614
1982-05-30,3.614
1982-05-31,3.614
1982-06-01,0.0036338
1982-06-02,0.003636
1982-06-03,0.0036489
1982-06-04,0.0036516
1982-06-06,3.6516
1982-06-07,0.0036406
1982-06-08,0.0036535
1982-06-09,0.003648
1982-06-10,0.0036593
1982-06-11,0.0036841
1982-06-13,3.6841
1982-06-14,0.003695
1982-06-15,0.0037244
1982-06-16,0.0037391
1982-06-17,0.0037626
1982-06-18,0.003768
1982-06-20,3.768
1982-06-21,0.0037751
1982-06-22,0.0037897
1982-06-23,0.0037982
1982-06-24,0.0038179
1982-06-25,0.0038184
1982-06-27,3.8184
1982-06-28,0.0038161
1982-06-29,0.0038453
1982-06-30,0.0038568
1982-07-01,0.0038534
1982-07-02,0.0038373
1982-07-04,3.8373
1982-07-05,0.0038531
1982-07-06,0.003891
1982-07-07,0.0039019
1982-07-08,0.003912
1982-07-09,0.0039336
1982-07-11,3.9336
1982-07-12,0.0039964
1982-07-13,0.0039903
1982-07-14,0.0039734
1982-07-15,0.0039604
1982-07-16,0.0039818
1982-07-18,3.9818
1982-07-19,0.0040383
1982-07-20,0.0040082
1982-07-21,0.0040296
1982-07-22,0.0040239
1982-07-23,0.0040392
1982-07-25,4.0392
1982-07-26,0.0040703
1982-07-27,0.0040678
1982-07-28,0.0040133
1982-07-30,0.0040056
1982-08-01,4.0056
1982-08-02,0.0039811
1982-08-03,0.0040236
1982-08-04,0.0039678
1982-08-05,0.0040126
1982-08-06,0.0039915
1982-08-08,3.9915
1982-08-09,0.0039717
1982-08-10,0.0040168
1982-08-11,0.0039937
1982-08-12,0.0039851
1982-08-13,0.004019
1982-08-15,4.019
1982-08-16,0.0040186
1982-08-17,0.0039926
1982-08-18,0.0040517
1982-08-19,0.0039997
1982-08-20,0.004073
1982-08-22,4.073
1982-08-23,0.0040786
1982-08-24,0.0041042
1982-08-25,0.0041177
1982-08-26,0.0041043
1982-08-27,0.0041067
1982-08-29,4.1067
1982-08-30,0.0040784
1982-08-31,0.0040724
1982-09-01,0.0041148
1982-09-02,0.0041665
1982-09-03,0.0042388
1982-09-05,4.2388
1982-09-06,0.0041552
1982-09-07,0.004204
1982-09-08,0.0041861
1982-09-09,0.004193
1982-09-10,0.0041608
1982-09-12,4.1608
1982-09-13,0.0041462
1982-09-14,0.0041522
1982-09-15,0.0041388
1982-09-16,0.0041033
1982-09-17,0.0041659
1982-09-20,0.0042015
1982-09-21,0.0041865
1982-09-22,0.0041958
1982-09-23,0.0041797
1982-09-24,0.0041832
1982-09-26,4.1832
1982-09-28,0.0041747
1982-09-29,0.0042022
1982-09-30,0.0041765
1982-10-01,0.0042064
1982-10-03,4.2064
1982-10-04,0.0041816
1982-10-05,0.0041968
1982-10-06,0.0041885
1982-10-07,0.0041463
1982-10-08,0.0041158
1982-10-10,4.1158
1982-10-11,0.0041171
1982-10-12,0.0040713
1982-10-13,0.0040775
1982-10-14,0.0041387
1982-10-15,0.0041013
1982-10-17,4.1013
1982-10-18,0.0041393
1982-10-19,0.0041667
1982-10-20,0.0041362
1982-10-21,0.004122
1982-10-22,0.0041431
1982-10-24,4.1431
1982-10-25,0.0041379
1982-10-26,0.0041744
1982-10-27,0.0042112
1982-10-28,0.0041829
1982-10-29,0.0042078
1982-10-31,4.2078
1982-11-01,0.0042238
1982-11-02,0.0042438
1982-11-03,0.0042517
1982-11-04,0.0042469
1982-11-05,0.0042556
1982-11-07,4.2556
1982-11-08,0.004234
1982-11-09,0.0042545
1982-11-10,0.0042738
1982-11-11,0.0042528
1982-11-12,0.0042605
1982-11-14,4.2605
1982-11-15,0.0042813
1982-11-16,0.0042803
1982-11-17,0.0043209
1982-11-18,0.0042842
1982-11-19,0.0043289
1982-11-21,4.3289
1982-11-22,0.0043535
1982-11-23,0.0043438
1982-11-24,0.0043756
1982-11-25,0.0044245
1982-11-26,0.0044156
1982-11-28,4.4156
1982-11-29,0.0045187
1982-11-30,0.004511
1982-12-01,0.0046055
1982-12-02,0.0045997
1982-12-03,0.0046743
1982-12-05,4.6743
1982-12-06,0.0046624
1982-12-07,0.0047008
1982-12-08,0.0046411
1982-12-09,0.0046316
1982-12-10,0.0046574
1982-12-12,4.6574
1982-12-13,0.004628
1982-12-14,0.0046397
1982-12-15,0.0046529
1982-12-16,0.0046739
1982-12-17,0.0047384
1982-12-19,4.7384
1982-12-20,0.0046967
1982-12-21,0.0047025
1982-12-22,0.0046866
1982-12-23,0.0046646
1982-12-24,0.0046623
1982-12-26,4.6623
1982-12-27,0.004694
1982-12-28,0.0047445
1982-12-29,0.0047674
1982-12-30,0.0047467
1982-12-31,0.0047697
1983-01-03,0.0047759
1983-01-04,0.0048301
1983-01-05,0.0048605
1983-01-06,0.0048721
1983-01-07,0.0048568
1983-01-09,4.8568
1983-01-10,0.004944
1983-01-11,0.0049175
1983-01-12,0.0049167
1983-01-13,0.0049569
1983-01-14,0.0049578
1983-01-16,4.9578
1983-01-17,0.0049878
1983-01-18,0.0049879
1983-01-19,0.00496
1983-01-20,0.00495
1983-01-21,0.0049583
1983-01-23,4.9583
1983-01-24,0.0049108
1983-01-25,0.0049454
1983-01-26,0.0049854
1983-01-27,0.0049584
1983-01-28,0.0050014
1983-01-30,5.0014
1983-01-31,0.005011
1983-02-01,0.0050092
1983-02-02,0.0050007
1983-02-03,0.0050264
1983-02-04,0.0050304
1983-02-06,5.0304
1983-02-07,0.0050785
1983-02-08,0.0051193
1983-02-09,0.0051707
1983-02-10,0.0052166
1983-02-11,0.0051994
1983-02-13,5.1994
1983-02-14,0.0051726
1983-02-15,0.0052342
1983-02-16,0.005213
1983-02-17,0.005252
1983-02-18,0.0052488
1983-02-20,5.2488
1983-02-21,0.0052639
1983-02-22,0.0052676
1983-02-23,0.0052212
1983-02-24,0.0052687
1983-02-25,0.0052635
1983-03-01,0.0052572
1983-03-02,0.0052806
1983-03-03,0.0053168
1983-03-04,0.0053206
1983-03-06,5.3206
1983-03-07,0.0053675
1983-03-08,0.0053475
1983-03-09,0.0053083
1983-03-10,0.0053371
1983-03-11,0.0053303
1983-03-13,5.3303
1983-03-14,0.005359
1983-03-15,0.0054107
1983-03-16,0.0054245
1983-03-17,0.0054556
1983-03-18,0.0054091
1983-03-20,5.4091
1983-03-21,0.0053965
1983-03-22,0.0054544
1983-03-23,0.0054328
1983-03-24,0.0054525
1983-03-25,0.0054758
1983-03-27,5.4758
1983-03-28,0.0054718
1983-03-30,0.0054987
1983-03-31,5.4987
1983-04-01,5.4987
1983-04-03,5.4987
1983-04-05,0.0055878
1983-04-06,0.0056456
1983-04-07,0.0056542
1983-04-08,0.0056156
1983-04-10,5.6156
1983-04-11,0.0056267
1983-04-12,0.0056749
1983-04-13,0.0056866
1983-04-14,0.0056859
1983-04-15,0.0057201
1983-04-17,5.7201
1983-04-19,0.005742
1983-04-20,0.0057601
1983-04-21,0.0057789
1983-04-22,0.0058007
1983-04-24,5.8007
1983-04-25,0.0058171
1983-04-26,0.0058357
1983-04-27,0.0058657
1983-04-28,0.0058777
1983-04-29,0.0059026
1983-05-01,5.9026
1983-05-02,0.0059067
1983-05-03,0.0059681
1983-05-04,0.0059845
1983-05-05,0.0059893
1983-05-06,0.0059688
1983-05-08,5.9688
1983-05-09,0.0060569
1983-05-10,0.0060804
1983-05-11,0.0060908
1983-05-12,6.0908
1983-05-13,0.0060948
1983-05-15,6.0948
1983-05-16,0.0060948
1983-05-17,6.0948
1983-05-19,0.0061229
1983-05-20,0.0061396
1983-05-22,6.1396
1983-05-23,6.1396
1983-05-24,0.006124
1983-05-25,0.0061595
1983-05-26,0.0061902
1983-05-27,0.0061975
1983-05-29,6.1975
1983-05-30,0.0062373
1983-05-31,0.0062483
1983-06-01,0.0062245
1983-06-02,0.0062308
1983-06-03,0.0062372
1983-06-05,6.2372
1983-06-06,0.006237
1983-06-07,0.0062279
1983-06-08,0.0062073
1983-06-09,0.0062534
1983-06-10,0.0062636
1983-06-12,6.2636
1983-06-13,0.006319
1983-06-14,0.0063227
1983-06-15,0.0062903
1983-06-16,0.0063135
1983-06-17,0.0063274
1983-06-19,6.3274
1983-06-20,0.0063454
1983-06-21,0.0063305
1983-06-22,0.0064486
1983-06-23,0.0064221
1983-06-24,0.0064297
1983-06-26,6.4297
1983-06-27,0.0065075
1983-06-28,0.0064569
1983-06-29,0.0065154
1983-06-30,0.0065132
1983-07-01,0.0065192
1983-07-03,6.5192
1983-07-04,0.0065204
1983-07-05,0.0065518
1983-07-06,0.0065606
1983-07-07,0.0066349
1983-07-08,0.0066132
1983-07-10,6.6132
1983-07-11,0.0066594
1983-07-12,0.0066908
1983-07-13,0.0067323
1983-07-14,0.0067742
1983-07-15,0.0067753
1983-07-17,6.7753
1983-07-18,0.0067917
1983-07-20,0.006835
1983-07-21,0.0068696
1983-07-22,0.0068649
1983-07-24,6.8649
1983-07-25,0.006823
1983-07-26,0.0068564
1983-07-27,0.0068711
1983-07-28,0.0068793
1983-07-29,0.0068887
1983-07-31,6.8887
1983-08-01,0.0069134
1983-08-02,0.0069459
1983-08-03,0.0069666
1983-08-04,0.0070057
1983-08-05,0.0069806
1983-08-07,6.9806
1983-08-08,0.0070168
1983-08-09,0.0070976
1983-08-10,0.0075661
1983-08-11,0.0075302
1983-08-12,0.0075801
1983-08-14,7.5801
1983-08-15,0.0076203
1983-08-16,0.0077074
1983-08-17,0.0077186
1983-08-18,0.0078156
1983-08-19,0.007761
1983-08-21,7.761
1983-08-22,0.0078333
1983-08-23,0.0078443
1983-08-24,0.0078368
1983-08-25,0.0077974
1983-08-26,0.0077809
1983-08-28,7.7809
1983-08-29,0.007815
1983-08-30,0.0078343
1983-08-31,0.0078269
1983-09-01,0.0078687
1983-09-02,0.0078649
1983-09-04,7.8649
1983-09-05,0.0079482
1983-09-06,0.0080211
1983-09-07,0.0080226
1983-09-11,8.0226
1983-09-12,0.0081502
1983-09-13,0.0081671
1983-09-14,0.0081892
1983-09-15,0.0082061
1983-09-16,0.0082561
1983-09-18,8.2561
1983-09-19,0.0083035
1983-09-20,0.0083893
1983-09-21,0.0083832
1983-09-23,0.0083819
1983-09-25,8.3819
1983-09-26,0.0085101
1983-09-27,0.0085377
1983-09-28,0.0086316
1983-09-30,0.0086543
1983-10-02,8.6543
1983-10-03,0.0087762
1983-10-04,0.0087893
1983-10-05,0.0088873
1983-10-06,0.0089477
1983-10-07,0.009006
1983-10-09,9.006
1983-10-10,0.0095367
1983-10-11,0.0110824
1983-10-12,0.0110264
1983-10-13,0.0110728
1983-10-14,0.0110991
1983-10-16,11.0991
1983-10-17,0.0111685
1983-10-18,0.0113235
1983-10-19,0.0112552
1983-10-20,0.0111301
1983-10-21,0.0111689
1983-10-23,11.1689
1983-10-24,0.0111603
1983-10-26,0.0111985
1983-10-27,0.0112097
1983-10-28,0.0112604
1983-10-30,11.2604
1983-10-31,0.0113415
1983-11-01,0.0113844
1983-11-02,0.0114269
1983-11-03,0.0115459
1983-11-04,0.0115807
1983-11-06,11.5807
1983-11-07,0.0115962
1983-11-08,0.0116497
1983-11-09,0.011703
1983-11-10,0.0117891
1983-11-11,0.0117931
1983-11-13,11.7931
1983-11-14,0.0118485
1983-11-15,0.0118966
1983-11-16,0.0120258
1983-11-17,0.0120119
1983-11-18,0.0121021
1983-11-20,12.1021
1983-11-21,0.0121476
1983-11-22,0.0121707
1983-11-23,0.0123002
1983-11-24,0.0123242
1983-11-25,0.0124095
1983-11-27,12.4095
1983-11-28,0.0125249
1983-11-29,0.0125859
1983-11-30,0.0127527
1983-12-01,0.012839
1983-12-02,0.0128693
1983-12-04,12.8693
1983-12-05,0.0128878
1983-12-06,0.0128604
1983-12-07,0.0128716
1983-12-08,0.0128665
1983-12-09,0.0127137
1983-12-11,12.7137
1983-12-12,0.0127841
1983-12-13,0.0128833
1983-12-14,0.0128858
1983-12-15,0.0129135
1983-12-16,0.0129303
1983-12-18,12.9303
1983-12-19,0.0130765
1983-12-20,0.0130881
1983-12-21,0.0131588
1983-12-22,0.0133056
1983-12-23,0.0134334
1983-12-25,13.4334
1983-12-27,0.0136642
1983-12-28,0.013809
1983-12-29,0.013922
1983-12-30,0.0140134
1984-01-02,0.0141422
1984-01-03,0.0141388
1984-01-04,0.0141082
1984-01-05,0.0141229
1984-01-06,0.0141596
1984-01-08,14.1596
1984-01-09,0.0141813
1984-01-10,0.0142162
1984-01-11,0.014363
1984-01-12,0.014405
1984-01-13,0.01443
1984-01-15,14.43
1984-01-16,0.01468
1984-01-17,0.014871
1984-01-18,0.014854
1984-01-19,0.014974
1984-01-20,0.015065
1984-01-22,15.065
1984-01-23,0.015126
1984-01-24,0.015177
1984-01-25,0.015345
1984-01-26,0.015525
1984-01-27,0.015601
1984-01-29,15.601
1984-01-30,0.015706
1984-01-31,0.015724
1984-02-01,0.0158
1984-02-02,0.015899
1984-02-03,0.015931
1984-02-05,15.931
1984-02-06,0.016114
1984-02-07,0.016157
1984-02-08,0.016282
1984-02-09,0.016379
1984-02-10,0.016411
1984-02-12,16.411
1984-02-13,0.016588
1984-02-14,0.016628
1984-02-15,0.01676
1984-02-16,0.016939
1984-02-17,0.01705
1984-02-19,17.05
1984-02-20,0.017067
1984-02-21,0.01715
1984-02-22,0.017314
1984-02-23,0.017475
1984-02-24,0.017678
1984-02-26,17.678
1984-02-27,0.017872
1984-02-28,0.018177
1984-02-29,0.018231
1984-03-01,0.01834
1984-03-02,0.018585
1984-03-04,18.585
1984-03-05,0.018908
1984-03-06,0.018996
1984-03-07,0.019219
1984-03-08,0.019125
1984-03-09,0.01926
1984-03-11,19.26
1984-03-12,0.019161
1984-03-13,0.019366
1984-03-14,0.019671
1984-03-15,0.019558
1984-03-16,0.019617
1984-03-20,0.019584
1984-03-21,0.019484
1984-03-22,0.019566
1984-03-23,0.019681
1984-03-25,19.681
1984-03-26,0.020003
1984-03-27,0.020225
1984-03-28,0.020134
1984-03-29,0.020461
1984-03-30,0.020402
1984-04-01,20.402
1984-04-02,0.020658
1984-04-03,0.020661
1984-04-04,0.020841
1984-04-05,0.021034
1984-04-06,0.021151
1984-04-08,21.151
1984-04-09,0.021481
1984-04-10,0.021628
1984-04-11,0.021894
1984-04-12,0.021953
1984-04-13,0.022124
1984-04-15,22.124
1984-04-16,0.022358
1984-04-18,0.022547
1984-04-19,22.547
1984-04-20,22.547
1984-04-22,22.547
1984-04-24,0.023045
1984-04-25,0.023087
1984-04-26,0.02322
1984-04-27,0.023331
1984-04-29,23.331
1984-04-30,0.02336
1984-05-01,23.36
1984-05-02,0.02354
1984-05-03,0.023828
1984-05-04,0.024137
1984-05-06,24.137
1984-05-08,0.023834
1984-05-09,0.023966
1984-05-10,0.024048
1984-05-11,0.02411
1984-05-13,24.11
1984-05-14,0.024145
1984-05-15,0.024393
1984-05-16,0.024604
1984-05-17,24.604
1984-05-18,0.024525
1984-05-20,24.525
1984-05-21,0.02472
1984-05-22,0.024952
1984-05-23,0.025156
1984-05-24,0.025014
1984-05-25,0.025289
1984-05-27,25.289
1984-05-28,0.025536
1984-05-29,0.025626
1984-05-30,0.025857
1984-05-31,25.857
1984-06-01,0.026191
1984-06-03,26.191
1984-06-04,0.026789
1984-06-05,0.026854
1984-06-07,0.026926
1984-06-08,0.027008
1984-06-10,27.008
1984-06-11,27.008
1984-06-12,0.027193
1984-06-13,0.027323
1984-06-14,0.027379
1984-06-15,0.027425
1984-06-17,27.425
1984-06-18,0.027687
1984-06-19,0.027695
1984-06-20,0.027823
1984-06-21,0.027846
1984-06-22,0.028154
1984-06-24,28.154
1984-06-25,0.02872
1984-06-26,0.028961
1984-06-27,0.029077
1984-06-28,0.029258
1984-06-29,0.029589
1984-07-01,29.589
1984-07-02,0.029782
1984-07-03,0.029851
1984-07-04,0.029936
1984-07-05,0.029882
1984-07-06,0.030134
1984-07-08,30.134
1984-07-09,0.030452
1984-07-10,0.03067
1984-07-11,0.030537
1984-07-12,0.030639
1984-07-13,0.030988
1984-07-15,30.988
1984-07-16,0.031312
1984-07-17,0.031505
1984-07-18,0.031665
1984-07-19,0.031866
1984-07-20,0.032243
1984-07-22,32.243
1984-07-25,0.032574
1984-07-26,0.033191
1984-07-27,0.033452
1984-07-29,33.452
1984-07-30,0.033558
1984-07-31,0.033905
1984-08-01,0.034127
1984-08-02,0.034459
1984-08-03,0.035137
1984-08-05,35.137
1984-08-06,0.035237
1984-08-08,0.035013
1984-08-09,0.03538
1984-08-10,0.036036
1984-08-12,36.036
1984-08-13,0.035944
1984-08-14,0.036475
1984-08-15,0.036923
1984-08-16,0.03709
1984-08-17,0.037308
1984-08-19,37.308
1984-08-20,0.037438
1984-08-21,0.037545
1984-08-22,0.037936
1984-08-23,0.038348
1984-08-24,0.038441
1984-08-26,38.441
1984-08-27,0.03869
1984-08-28,0.038675
1984-08-29,0.038831
1984-08-30,0.039139
1984-08-31,0.039486
1984-09-02,39.486
1984-09-03,0.039747
1984-09-04,0.040056
1984-09-05,0.040226
1984-09-06,0.040526
1984-09-07,0.040988
1984-09-09,40.988
1984-09-10,0.041321
1984-09-11,0.041544
1984-09-12,0.041717
1984-09-13,0.041783
1984-09-14,0.042584
1984-09-16,42.584
1984-09-17,0.045881
1984-09-18,0.045294
1984-09-19,0.045005
1984-09-20,0.045285
1984-09-21,0.045003
1984-09-23,45.003
1984-09-24,0.045467
1984-09-25,0.045497
1984-09-26,0.045158
1984-09-30,45.158
1984-10-01,0.046091
1984-10-02,0.046916
1984-10-03,0.047942
1984-10-04,0.048412
1984-10-05,0.048908
1984-10-07,48.908
1984-10-08,0.049303
1984-10-09,0.049112
1984-10-10,0.048905
1984-10-12,0.049141
1984-10-14,49.141
1984-10-15,0.049704
1984-10-16,0.050065
1984-10-17,0.050849
1984-10-19,0.052043
1984-10-21,52.043
1984-10-22,0.052927
1984-10-23,0.05405
1984-10-24,0.055289
1984-10-25,0.05609
1984-10-26,0.056997
1984-10-28,56.997
1984-10-29,0.056849
1984-10-30,0.057375
1984-10-31,0.058385
1984-11-01,0.058932
1984-11-02,0.061429
1984-11-04,61.429
1984-11-05,0.061359
1984-11-06,0.061791
1984-11-07,0.06226
1984-11-08,0.062246
1984-11-09,0.062242
1984-11-11,62.242
1984-11-12,0.062565
1984-11-13,0.063216
1984-11-14,0.062965
1984-11-15,0.063238
1984-11-16,0.063796
1984-11-18,63.796
1984-11-19,0.063848
1984-11-20,0.063726
1984-11-21,0.063917
1984-11-22,0.064504
1984-11-23,0.064694
1984-11-25,64.694
1984-11-26,0.064423
1984-11-27,0.064674
1984-11-28,0.064758
1984-11-29,0.065206
1984-11-30,0.06559
1984-12-02,65.59
1984-12-03,0.065414
1984-12-04,0.06607
1984-12-05,0.066483
1984-12-06,0.066353
1984-12-07,0.066975
1984-12-09,66.975
1984-12-10,0.066937
1984-12-11,0.067304
1984-12-12,0.067327
1984-12-13,0.067691
1984-12-14,0.067617
1984-12-16,67.617
1984-12-17,0.068023
1984-12-18,0.067858
1984-12-19,0.067971
1984-12-20,0.067882
1984-12-21,0.068173
1984-12-23,68.173
1984-12-24,0.068363
1984-12-26,68.363
1984-12-27,0.069281
1984-12-28,0.069709
1984-12-30,69.709
1984-12-31,0.070304
1985-01-02,0.06982
1985-01-03,0.070267
1985-01-04,0.070892
1985-01-06,70.892
1985-01-07,0.071287
1985-01-08,0.072055
1985-01-09,0.07197
1985-01-10,0.072403
1985-01-11,0.072461
1985-01-13,72.461
1985-01-14,0.072563
1985-01-15,0.071779
1985-01-16,0.071777
1985-01-17,0.071914
1985-01-18,0.072386
1985-01-20,72.386
1985-01-21,0.072781
1985-01-22,0.072825
1985-01-23,0.073023
1985-01-24,0.073189
1985-01-25,0.073704
1985-01-27,73.704
1985-01-28,0.07377
1985-01-29,0.073856
1985-01-30,0.073975
1985-01-31,0.07422
1985-02-01,0.074962
1985-02-03,74.962
1985-02-04,0.075322
1985-02-05,0.074917
1985-02-06,0.074663
1985-02-07,0.074799
1985-02-08,0.075049
1985-02-10,75.049
1985-02-11,0.075163
1985-02-12,0.074905
1985-02-13,0.075087
1985-02-14,0.07549
1985-02-15,0.075735
1985-02-17,75.735
1985-02-18,0.076321
1985-02-19,0.076521
1985-02-20,0.076853
1985-02-21,0.076854
1985-02-22,0.077172
1985-02-24,77.172
1985-02-25,0.077408
1985-02-26,0.076806
1985-02-27,0.079323
1985-02-28,0.080276
1985-03-01,0.079705
1985-03-03,79.705
1985-03-04,0.080552
1985-03-05,0.080126
1985-03-06,0.080353
1985-03-08,0.081312
1985-03-10,81.312
1985-03-11,0.083143
1985-03-12,0.083981
1985-03-13,0.083721
1985-03-14,0.083603
1985-03-15,0.084402
1985-03-17,84.402
1985-03-18,0.084989
1985-03-19,0.08685
1985-03-20,0.088371
1985-03-21,0.087914
1985-03-22,0.090136
1985-03-24,90.136
1985-03-25,0.090646
1985-03-26,0.091171
1985-03-27,0.093006
1985-03-28,0.095185
1985-03-29,0.096787
1985-03-31,96.787
1985-04-01,0.096685
1985-04-02,0.096221
1985-04-03,0.097668
1985-04-04,97.668
1985-04-05,97.668
1985-04-07,97.668
1985-04-08,98.47
1985-04-09,0.099406
1985-04-10,0.099746
1985-04-11,0.10161
1985-04-14,101.61
1985-04-15,0.104
1985-04-16,0.10527
1985-04-17,0.10548
1985-04-18,0.10512
1985-04-19,0.10733
1985-04-21,107.33
1985-04-22,0.10696
1985-04-23,0.10621
1985-04-24,0.10522
1985-04-26,0.10378
1985-04-28,103.78
1985-04-29,0.10571
1985-04-30,0.10658
1985-05-01,106.3
1985-05-02,0.10446
1985-05-03,0.10473
1985-05-05,104.73
1985-05-06,0.10366
1985-05-07,0.10481
1985-05-08,0.10476
1985-05-09,0.10625
1985-05-10,0.10706
1985-05-12,107.06
1985-05-13,0.10861
1985-05-14,0.11055
1985-05-15,0.11073
1985-05-16,112.48
1985-05-17,112.48
1985-05-19,112.48
1985-05-20,0.11545
1985-05-21,0.11517
1985-05-22,0.11408
1985-05-23,0.11348
1985-05-24,0.11477
1985-05-27,114.77
1985-05-28,0.11617
1985-05-29,0.11708
1985-05-30,0.11877
1985-05-31,0.1189
1985-06-02,118.9
1985-06-03,0.12132
1985-06-04,0.12176
1985-06-05,0.12146
1985-06-06,0.12187
1985-06-07,0.12366
1985-06-09,123.66
1985-06-10,0.12322
1985-06-11,0.12414
1985-06-12,0.12574
1985-06-13,0.12628
1985-06-14,0.12699
1985-06-16,126.99
1985-06-17,0.12864
1985-06-18,0.13005
1985-06-19,0.13247
1985-06-20,0.13222
1985-06-21,0.13231
1985-06-23,132.31
1985-06-24,0.13359
1985-06-25,0.13478
1985-06-26,0.13711
1985-06-27,0.14026
1985-06-28,0.14354
1985-06-30,143.54
1985-07-01,0.17201
1985-07-03,0.17121
1985-07-04,0.17186
1985-07-05,0.17176
1985-07-07,171.76
1985-07-08,0.17176
1985-07-09,0.17432
1985-07-10,0.17647
1985-07-11,0.17589
1985-07-12,0.17747
1985-07-14,177.47
1985-07-15,0.17802
1985-07-16,0.17737
1985-07-17,0.17884
1985-07-18,0.17821
1985-07-19,0.17706
1985-07-21,177.06
1985-07-22,0.1762
1985-07-23,0.1776
1985-07-24,0.17651
1985-07-25,0.17705
1985-07-26,0.17656
1985-07-29,0.18026
1985-07-30,0.17964
1985-07-31,0.18041
1985-08-01,0.17953
1985-08-02,0.17729
1985-08-04,177.29
1985-08-05,0.17736
1985-08-06,0.17773
1985-08-07,0.17596
1985-08-08,0.17803
1985-08-09,0.17713
1985-08-11,177.13
1985-08-12,0.17979
1985-08-13,0.1815
1985-08-14,0.17969
1985-08-15,0.18098
1985-08-16,0.1818
1985-08-18,181.8
1985-08-19,0.18127
1985-08-20,0.18089
1985-08-21,0.18143
1985-08-22,0.18134
1985-08-23,0.18173
1985-08-25,181.73
1985-08-26,0.18289
1985-08-27,0.18139
1985-08-28,0.18251
1985-08-29,0.1815
1985-08-30,0.18252
1985-09-01,182.52
1985-09-02,0.18091
1985-09-03,0.18043
1985-09-04,0.1807
1985-09-05,0.1801
1985-09-06,0.1765
1985-09-08,0.1765
1985-09-09,0.1739
1985-09-10,0.1731
1985-09-11,0.1733
1985-09-12,0.1727
1985-09-13,0.1743
1985-09-15,0.1743
1985-09-18,0.1758
1985-09-19,0.1754
1985-09-20,0.1755
1985-09-22,0.1755
1985-09-23,0.1826
1985-09-24,0.184
1985-09-26,0.1867
1985-09-27,0.1871
1985-09-29,0.1871
1985-10-01,0.1872
1985-10-02,0.188
1985-10-03,0.1871
1985-10-04,0.1893
1985-10-06,0.1893
1985-10-08,0.1885
1985-10-09,0.1874
1985-10-10,0.1866
1985-10-11,0.1864
1985-10-13,0.1864
1985-10-14,0.1861
1985-10-15,0.1858
1985-10-16,0.1844
1985-10-17,0.1856
1985-10-18,0.1869
1985-10-20,0.1869
1985-10-21,0.1872
1985-10-22,0.1862
1985-10-23,0.186
1985-10-24,0.1856
1985-10-25,0.1872
1985-10-27,0.1872
1985-10-28,0.1876
1985-10-29,0.1883
1985-10-30,0.1883
1985-10-31,0.1892
1985-11-01,0.1897
1985-11-03,0.1897
1985-11-04,0.1897
1985-11-05,0.1885
1985-11-06,0.1895
1985-11-07,0.1889
1985-11-08,0.1872
1985-11-10,0.1872
1985-11-11,0.1871
1985-11-12,0.1865
1985-11-13,0.1879
1985-11-14,0.1877
1985-11-15,0.1874
1985-11-17,0.1874
1985-11-18,0.1878
1985-11-19,0.1877
1985-11-20,0.1879
1985-11-21,0.1886
1985-11-22,0.1909
1985-11-24,0.1909
1985-11-25,0.192
1985-11-26,0.1919
1985-11-27,0.1932
1985-11-28,0.1935
1985-11-29,0.1959
1985-12-01,0.1959
1985-12-02,0.1965
1985-12-03,0.1953
1985-12-04,0.1959
1985-12-05,0.1945
1985-12-06,0.1948
1985-12-08,0.1948
1985-12-09,0.1948
1985-12-10,0.1928
1985-12-11,0.1922
1985-12-12,0.1943
1985-12-13,0.1938
1985-12-15,0.1938
1985-12-16,0.193
1985-12-17,0.1947
1985-12-18,0.1937
1985-12-19,0.1922
1985-12-20,0.1924
1985-12-22,0.1924
1985-12-23,0.1937
1985-12-24,0.193
1985-12-26,0.193
1985-12-27,0.1949
1985-12-29,0.1949
1985-12-30,0.1966
1985-12-31,0.1976
1986-01-03,0.1972
1986-01-05,0.1972
1986-01-06,0.1973
1986-01-07,0.1983
1986-01-08,0.1975
1986-01-09,0.1968
1986-01-10,0.1981
1986-01-12,0.1981
1986-01-13,0.1965
1986-01-14,0.1954
1986-01-15,0.1954
1986-01-16,0.1961
1986-01-17,0.1952
1986-01-19,0.1952
1986-01-20,0.1951
1986-01-21,0.1967
1986-01-22,0.1957
1986-01-23,0.1958
1986-01-24,0.1971
1986-01-26,0.1971
1986-01-27,0.1991
1986-01-28,0.199
1986-01-29,0.1997
1986-01-30,0.1989
1986-01-31,0.1996
1986-02-02,0.1996
1986-02-03,0.2002
1986-02-04,0.1978
1986-02-05,0.1986
1986-02-06,0.1997
1986-02-07,0.1996
1986-02-09,0.1996
1986-02-10,0.2015
1986-02-11,0.2015
1986-02-12,0.2015
1986-02-13,0.2023
1986-02-14,0.2017
1986-02-16,0.2017
1986-02-17,0.2023
1986-02-18,0.203
1986-02-19,0.205
1986-02-20,0.2051
1986-02-21,0.2035
1986-02-23,0.2035
1986-02-24,0.208
1986-02-25,0.2092
1986-02-26,0.2095
1986-02-27,0.2131
1986-02-28,0.2117
1986-03-02,0.2117
1986-03-03,0.2108
1986-03-04,0.2122
1986-03-05,0.2117
1986-03-06,0.2093
1986-03-07,0.2082
1986-03-09,0.2082
1986-03-10,0.2076
1986-03-11,0.2056
1986-03-12,0.207
1986-03-13,0.2052
1986-03-14,0.2085
1986-03-16,0.2085
1986-03-17,0.2106
1986-03-18,0.2103
1986-03-19,0.2095
1986-03-20,0.2098
1986-03-21,0.2096
1986-03-23,0.2096
1986-03-24,0.2079
1986-03-26,0.2042
1986-03-27,0.2048
1986-03-28,0.2052
1986-03-30,0.2052
1986-03-31,0.2052
1986-04-01,0.2048
1986-04-02,0.204
1986-04-03,0.2025
1986-04-04,0.2027
1986-04-06,0.2027
1986-04-07,0.2019
1986-04-08,0.204
1986-04-09,0.2035
1986-04-10,0.2029
1986-04-11,0.2051
1986-04-13,0.2051
1986-04-14,0.2047
1986-04-15,0.203
1986-04-16,0.2068
1986-04-17,0.2083
1986-04-18,0.2095
1986-04-20,0.2095
1986-04-21,0.2102
1986-04-22,0.2113
1986-04-23,0.211
1986-04-25,0.2125
1986-04-27,0.2125
1986-04-28,0.2142
1986-04-29,0.2137
1986-05-01,0.2136
1986-05-02,0.2101
1986-05-04,0.2101
1986-05-05,0.2121
1986-05-06,0.2106
1986-05-07,0.2117
1986-05-08,0.2117
1986-05-09,0.2129
1986-05-11,0.2129
1986-05-12,0.1978
1986-05-13,0.1982
1986-05-15,0.1983
1986-05-16,0.1956
1986-05-18,0.1956
1986-05-19,0.1956
1986-05-20,0.1968
1986-05-21,0.194
1986-05-22,0.1928
1986-05-23,0.1923
1986-05-25,0.1923
1986-05-26,0.1919
1986-05-27,0.1924
1986-05-28,0.1928
1986-05-29,0.1929
1986-05-30,0.1908
1986-06-01,0.1908
1986-06-02,0.1907
1986-06-03,0.1927
1986-06-04,0.1936
1986-06-05,0.1948
1986-06-06,0.1963
1986-06-08,0.1963
1986-06-09,0.1963
1986-06-10,0.1973
1986-06-11,0.1988
1986-06-12,0.1985
1986-06-15,0.1985
1986-06-16,0.1988
1986-06-17,0.1972
1986-06-18,0.1969
1986-06-19,0.1965
1986-06-20,0.1955
1986-06-22,0.1955
1986-06-23,0.1947
1986-06-24,0.1966
1986-06-25,0.1977
1986-06-26,0.197
1986-06-27,0.198
1986-06-29,0.198
1986-06-30,0.1994
1986-07-01,0.1999
1986-07-02,0.1997
1986-07-03,0.2011
1986-07-04,0.2016
1986-07-06,0.2016
1986-07-07,0.2011
1986-07-08,0.2001
1986-07-09,0.2013
1986-07-10,0.1997
1986-07-11,0.1985
1986-07-13,0.1985
1986-07-14,0.1962
1986-07-15,0.1989
1986-07-16,0.1994
1986-07-17,0.2003
1986-07-18,0.2003
1986-07-20,0.2003
1986-07-21,0.2009
1986-07-22,0.201
1986-07-23,0.2012
1986-07-24,0.2
1986-07-25,0.1989
1986-07-27,0.1989
1986-07-28,0.1998
1986-07-29,0.2002
1986-07-30,0.1999
1986-07-31,0.2021
1986-08-01,0.2018
1986-08-03,0.2018
1986-08-04,0.2024
1986-08-05,0.2014
1986-08-06,0.2021
1986-08-07,0.2021
1986-08-08,0.2016
1986-08-10,0.2016
1986-08-11,0.2025
1986-08-12,0.202
1986-08-13,0.2015
1986-08-15,0.2029
1986-08-17,0.2029
1986-08-18,0.2026
1986-08-19,0.2025
1986-08-20,0.2041
1986-08-21,0.2035
1986-08-22,0.204
1986-08-24,0.204
1986-08-25,0.204
1986-08-26,0.203
1986-08-27,0.2022
1986-08-28,0.2032
1986-08-29,0.2028
1986-08-31,0.2028
1986-09-01,0.2041
1986-09-02,0.2048
1986-09-03,0.2036
1986-09-04,0.2042
1986-09-05,0.2042
1986-09-07,0.2042
1986-09-08,0.2026
1986-09-09,0.2023
1986-09-10,0.2022
1986-09-11,0.2016
1986-09-12,0.2007
1986-09-14,0.2007
1986-09-15,0.2033
1986-09-16,0.2026
1986-09-17,0.2036
1986-09-18,0.2046
1986-09-19,0.2052
1986-09-21,0.2052
1986-09-22,0.2035
1986-09-23,0.2016
1986-09-24,0.2011
1986-09-25,0.2009
1986-09-26,0.2006
1986-09-28,0.2006
1986-09-29,0.2014
1986-09-30,0.2027
1986-10-01,0.201
1986-10-02,0.2012
1986-10-03,0.2022
1986-10-06,0.203
1986-10-07,0.2026
1986-10-08,0.2018
1986-10-09,0.2019
1986-10-10,0.2024
1986-10-14,0.2038
1986-10-15,0.2036
1986-10-16,0.2039
1986-10-17,0.2038
1986-10-19,0.2038
1986-10-20,0.203
1986-10-21,0.2021
1986-10-22,0.2026
1986-10-23,0.203
1986-10-24,0.2013
1986-10-26,0.2013
1986-10-27,0.2001
1986-10-28,0.2011
1986-10-29,0.2008
1986-10-30,0.201
1986-10-31,0.1986
1986-11-02,0.1986
1986-11-03,0.1986
1986-11-04,0.1988
1986-11-05,0.1999
1986-11-06,0.1988
1986-11-07,0.1991
1986-11-09,0.1991
1986-11-10,0.1995
1986-11-11,0.1992
1986-11-12,0.2003
1986-11-13,0.1992
1986-11-14,0.1995
1986-11-16,0.1995
1986-11-17,0.1994
1986-11-18,0.1979
1986-11-19,0.1976
1986-11-20,0.198
1986-11-21,0.1965
1986-11-23,0.1965
1986-11-24,0.196
1986-11-25,0.1964
1986-11-26,0.1978
1986-11-27,0.1977
1986-11-28,0.1986
1986-11-30,0.1986
1986-12-01,0.199
1986-12-02,0.1978
1986-12-03,0.1982
1986-12-04,0.1982
1986-12-05,0.1972
1986-12-07,0.1972
1986-12-08,0.1964
1986-12-09,0.1981
1986-12-10,0.1966
1986-12-11,0.1972
1986-12-12,0.1969
1986-12-14,0.1969
1986-12-15,0.1967
1986-12-16,0.1959
1986-12-17,0.1973
1986-12-18,0.1961
1986-12-19,0.1972
1986-12-21,0.1972
1986-12-22,0.1977
1986-12-23,0.1983
1986-12-24,0.1983
1986-12-26,0.1983
1986-12-28,0.1983
1986-12-29,0.1994
1986-12-30,0.2002
1986-12-31,0.2009
1987-01-02,0.2025
1987-01-04,0.2025
1987-01-05,0.201
1987-01-06,0.2011
1987-01-07,0.2007
1987-01-08,0.2011
1987-01-09,0.2021
1987-01-11,0.2021
1987-01-12,0.2043
1987-01-13,0.2262
1987-01-14,0.227
1987-01-15,0.2282
1987-01-16,0.2279
1987-01-18,0.2279
1987-01-19,0.229
1987-01-20,0.228
1987-01-21,0.2276
1987-01-22,0.2286
1987-01-23,0.2282
1987-01-25,0.2282
1987-01-26,0.2295
1987-01-27,0.229
1987-01-28,0.2323
1987-01-29,0.2318
1987-01-30,0.2319
1987-02-01,0.2319
1987-02-02,0.2306
1987-02-03,0.2316
1987-02-04,0.2308
1987-02-05,0.2295
1987-02-06,0.2282
1987-02-08,0.2282
1987-02-09,0.228
1987-02-10,0.2304
1987-02-11,0.2302
1987-02-12,0.2299
1987-02-13,0.2295
1987-02-15,0.2295
1987-02-16,0.2308
1987-02-17,0.2308
1987-02-18,0.2312
1987-02-19,0.2297
1987-02-20,0.231
1987-02-22,0.231
1987-02-23,0.231
1987-02-24,0.2297
1987-02-25,0.2304
1987-02-26,0.2311
1987-02-27,0.2315
1987-03-01,0.2315
1987-03-02,0.2319
1987-03-03,0.2315
1987-03-04,0.2324
1987-03-05,0.2319
1987-03-06,0.2334
1987-03-08,0.2334
1987-03-09,0.2332
1987-03-10,0.2318
1987-03-11,0.2327
1987-03-12,0.2323
1987-03-13,0.2327
1987-03-16,0.234
1987-03-17,0.2332
1987-03-18,0.2332
1987-03-19,0.2337
1987-03-20,0.2338
1987-03-22,0.2338
1987-03-23,0.2343
1987-03-24,0.2352
1987-03-25,0.2343
1987-03-26,0.2338
1987-03-27,0.2347
1987-03-29,0.2347
1987-03-30,0.237
1987-03-31,0.2357
1987-04-01,0.2345
1987-04-02,0.2344
1987-04-03,0.2358
1987-04-05,0.2358
1987-04-06,0.2357
1987-04-07,0.2353
1987-04-08,0.2346
1987-04-09,0.2347
1987-04-10,0.2346
1987-04-12,0.2346
1987-04-13,0.2361
1987-04-15,0.2363
1987-04-16,0.2353
1987-04-17,0.235
1987-04-19,0.235
1987-04-21,0.237
1987-04-22,0.2366
1987-04-23,0.2371
1987-04-24,0.2377
1987-04-26,0.2377
1987-04-27,0.2393
1987-04-28,0.2389
1987-04-29,0.2369
1987-04-30,0.2377
1987-05-01,0.237
1987-05-03,0.237
1987-05-05,0.2394
1987-05-06,0.2393
1987-05-07,0.2397
1987-05-08,0.2381
1987-05-10,0.2381
1987-05-11,0.2381
1987-05-12,0.2388
1987-05-13,0.2383
1987-05-14,0.2375
1987-05-15,0.2391
1987-05-17,0.2391
1987-05-18,0.2395
1987-05-19,0.239
1987-05-20,0.2401
1987-05-21,0.2398
1987-05-22,0.2393
1987-05-24,0.2393
1987-05-25,0.2394
1987-05-26,0.2385
1987-05-27,0.2358
1987-05-28,0.2388
1987-05-29,0.237
1987-05-31,0.237
1987-06-01,0.2361
1987-06-02,0.2369
1987-06-04,0.2379
1987-06-05,0.2387
1987-06-07,0.2387
1987-06-08,0.2384
1987-06-09,0.2384
1987-06-10,0.2388
1987-06-11,0.2391
1987-06-12,0.2404
1987-06-14,0.2404
1987-06-15,0.2384
1987-06-16,0.2383
1987-06-17,0.2385
1987-06-18,0.2392
1987-06-19,0.2392
1987-06-21,0.2392
1987-06-22,0.2389
1987-06-23,0.2385
1987-06-24,0.2397
1987-06-25,0.2396
1987-06-26,0.2396
1987-06-28,0.2396
1987-06-29,0.2393
1987-06-30,0.2396
1987-07-01,0.2404
1987-07-02,0.2398
1987-07-03,0.2393
1987-07-05,0.2393
1987-07-06,0.239
1987-07-07,0.2394
1987-07-08,0.239
1987-07-09,0.2393
1987-07-10,0.2382
1987-07-12,0.2382
1987-07-13,0.2388
1987-07-14,0.2386
1987-07-15,0.2388
1987-07-16,0.2399
1987-07-17,0.2392
1987-07-19,0.2392
1987-07-20,0.238
1987-07-21,0.2382
1987-07-22,0.2383
1987-07-23,0.2383
1987-07-24,0.2381
1987-07-26,0.2381
1987-07-27,0.2376
1987-07-28,0.2368
1987-07-29,0.2379
1987-07-30,0.2379
1987-07-31,0.2383
1987-08-02,0.2383
1987-08-03,0.2376
1987-08-05,0.2358
1987-08-06,0.2357
1987-08-07,0.2353
1987-08-09,0.2353
1987-08-10,0.235
1987-08-11,0.2351
1987-08-12,0.2353
1987-08-13,0.2366
1987-08-14,0.2361
1987-08-16,0.2361
1987-08-17,0.2373
1987-08-18,0.2383
1987-08-19,0.2394
1987-08-20,0.2397
1987-08-21,0.2402
1987-08-23,0.2402
1987-08-24,0.2399
1987-08-25,0.2392
1987-08-26,0.2391
1987-08-27,0.2397
1987-08-28,0.2402
1987-08-30,0.2402
1987-08-31,0.2399
1987-09-01,0.2405
1987-09-02,0.2407
1987-09-03,0.241
1987-09-04,0.2419
1987-09-06,0.2419
1987-09-07,0.2416
1987-09-08,0.2417
1987-09-09,0.2411
1987-09-10,0.2404
1987-09-11,0.2404
1987-09-13,0.2404
1987-09-14,0.24
1987-09-15,0.2402
1987-09-16,0.2405
1987-09-17,0.2398
1987-09-18,0.2409
1987-09-20,0.2409
1987-09-21,0.2408
1987-09-22,0.2403
1987-09-23,0.2401
1987-09-27,0.2401
1987-09-28,0.2405
1987-09-29,0.239
1987-09-30,0.2399
1987-10-01,0.2386
1987-10-04,0.2386
1987-10-05,0.2388
1987-10-06,0.2397
1987-10-07,0.2404
1987-10-09,0.241
1987-10-11,0.241
1987-10-12,0.241
1987-10-13,0.241
1987-10-14,0.2408
1987-10-16,0.2418
1987-10-18,0.2418
1987-10-19,0.2434
1987-10-20,0.2419
1987-10-21,0.241
1987-10-22,0.2405
1987-10-23,0.2412
1987-10-25,0.2412
1987-10-26,0.2428
1987-10-27,0.2412
1987-10-28,0.2426
1987-10-29,0.2417
1987-10-30,0.2391
1987-11-01,0.2391
1987-11-02,0.2411
1987-11-03,0.2421
1987-11-04,0.2426
1987-11-05,0.244
1987-11-06,0.2461
1987-11-08,0.2461
1987-11-09,0.2462
1987-11-10,0.2457
1987-11-11,0.2455
1987-11-12,0.2443
1987-11-13,0.2444
1987-11-15,0.2444
1987-11-16,0.2436
1987-11-17,0.2455
1987-11-18,0.2451
1987-11-19,0.2464
1987-11-20,0.2463
1987-11-22,0.2463
1987-11-23,0.2447
1987-11-24,0.2444
1987-11-25,0.2455
1987-11-26,0.2441
1987-11-27,0.2433
1987-11-29,0.2433
1987-11-30,0.2444
1987-12-01,0.2426
1987-12-02,0.2435
1987-12-03,0.2435
1987-12-04,0.2439
1987-12-06,0.2439
1987-12-07,0.2427
1987-12-08,0.2422
1987-12-09,0.2433
1987-12-10,0.2435
1987-12-11,0.2445
1987-12-13,0.2445
1987-12-14,0.2448
1987-12-15,0.2442
1987-12-16,0.2434
1987-12-17,0.2439
1987-12-18,0.2436
1987-12-20,0.2436
1987-12-21,0.2436
1987-12-22,0.2435
1987-12-23,0.2429
1987-12-24,0.2431
1987-12-27,0.2431
1987-12-28,0.2448
1987-12-29,0.2454
1987-12-30,0.2454
1987-12-31,0.2467
1988-01-03,0.2467
1988-01-04,0.2481
1988-01-05,0.2464
1988-01-06,0.2463
1988-01-07,0.2465
1988-01-08,0.247
1988-01-10,0.247
1988-01-11,0.2478
1988-01-12,0.2461
1988-01-13,0.247
1988-01-14,0.2469
1988-01-15,0.2477
1988-01-17,0.2477
1988-01-18,0.246
1988-01-19,0.2461
1988-01-20,0.2475
1988-01-21,0.2474
1988-01-22,0.248
1988-01-24,0.248
1988-01-25,0.2475
1988-01-26,0.2477
1988-01-27,0.2482
1988-01-28,0.2479
1988-01-29,0.2479
1988-01-31,0.2479
1988-02-01,0.2478
1988-02-02,0.2473
1988-02-03,0.2475
1988-02-04,0.2476
1988-02-05,0.2478
1988-02-07,0.2478
1988-02-08,0.2469
1988-02-09,0.2471
1988-02-10,0.2477
1988-02-11,0.2471
1988-02-12,0.2455
1988-02-14,0.2455
1988-02-15,0.246
1988-02-16,0.2463
1988-02-17,0.2466
1988-02-18,0.2474
1988-02-19,0.2474
1988-02-21,0.2474
1988-02-22,0.2473
1988-02-23,0.248
1988-02-24,0.2487
1988-02-25,0.248
1988-02-26,0.2477
1988-02-28,0.2477
1988-02-29,0.2492
1988-03-01,0.2492
1988-03-02,0.2489
1988-03-04,0.2479
1988-03-06,0.2479
1988-03-07,0.2489
1988-03-08,0.2491
1988-03-09,0.2487
1988-03-10,0.2486
1988-03-11,0.2473
1988-03-13,0.2473
1988-03-14,0.2485
1988-03-15,0.2475
1988-03-16,0.247
1988-03-17,0.2469
1988-03-18,0.2474
1988-03-20,0.2474
1988-03-21,0.2483
1988-03-22,0.2473
1988-03-23,0.2476
1988-03-24,0.2483
1988-03-25,0.249
1988-03-27,0.249
1988-03-28,0.2501
1988-03-29,0.2495
1988-03-30,0.2491
1988-03-31,0.2496
1988-04-01,0.2499
1988-04-03,0.2499
1988-04-04,0.2507
1988-04-05,0.2504
1988-04-06,0.2502
1988-04-07,0.25
1988-04-10,0.25
1988-04-11,0.251
1988-04-12,0.2505
1988-04-13,0.2506
1988-04-14,0.2501
1988-04-15,0.2525
1988-04-17,0.2525
1988-04-18,0.2536
1988-04-19,0.2536
1988-04-20,0.2543
1988-04-22,0.2545
1988-04-24,0.2545
1988-04-25,0.2539
1988-04-26,0.2538
1988-04-27,0.254
1988-04-28,0.254
1988-04-29,0.2545
1988-05-01,0.2545
1988-05-02,0.254
1988-05-03,0.2542
1988-05-04,0.2544
1988-05-05,0.2543
1988-05-06,0.2548
1988-05-08,0.2548
1988-05-09,0.2544
1988-05-10,0.2544
1988-05-11,0.2546
1988-05-12,0.2549
1988-05-13,0.2547
1988-05-15,0.2547
1988-05-16,0.2541
1988-05-17,0.2546
1988-05-18,0.2539
1988-05-19,0.2542
1988-05-20,0.2544
1988-05-23,0.2545
1988-05-24,0.2545
1988-05-25,0.2541
1988-05-26,0.254
1988-05-27,0.254
1988-05-29,0.254
1988-05-30,0.2531
1988-05-31,0.2535
1988-06-01,0.2527
1988-06-02,0.2518
1988-06-03,0.2514
1988-06-05,0.2514
1988-06-06,0.2523
1988-06-07,0.2529
1988-06-08,0.2536
1988-06-09,0.2528
1988-06-10,0.2533
1988-06-12,0.2533
1988-06-13,0.2509
1988-06-14,0.2515
1988-06-15,0.2508
1988-06-16,0.2508
1988-06-17,0.2514
1988-06-19,0.2514
1988-06-20,0.2512
1988-06-21,0.2507
1988-06-22,0.2505
1988-06-23,0.2489
1988-06-24,0.2473
1988-06-26,0.2473
1988-06-27,0.2463
1988-06-28,0.2474
1988-06-29,0.2457
1988-06-30,0.2452
1988-07-01,0.244
1988-07-03,0.244
1988-07-04,0.2435
1988-07-05,0.2445
1988-07-06,0.2449
1988-07-07,0.2445
1988-07-08,0.2453
1988-07-10,0.2453
1988-07-11,0.2438
1988-07-12,0.2434
1988-07-13,0.244
1988-07-14,0.2434
1988-07-15,0.2427
1988-07-17,0.2427
1988-07-18,0.2398
1988-07-19,0.2406
1988-07-20,0.2418
1988-07-21,0.2414
1988-07-22,0.2439
1988-07-25,0.2434
1988-07-26,0.2428
1988-07-27,0.2413
1988-07-28,0.2423
1988-07-29,0.2414
1988-07-31,0.2414
1988-08-01,0.2406
1988-08-02,0.2414
1988-08-03,0.2405
1988-08-04,0.2409
1988-08-05,0.2403
1988-08-07,0.2403
1988-08-08,0.2393
1988-08-09,0.2391
1988-08-10,0.237
1988-08-11,0.238
1988-08-12,0.2389
1988-08-14,0.2389
1988-08-15,0.2379
1988-08-16,0.2372
1988-08-17,0.2377
1988-08-18,0.2373
1988-08-19,0.2377
1988-08-21,0.2377
1988-08-22,0.2359
1988-08-23,0.2365
1988-08-24,0.2368
1988-08-25,0.238
1988-08-26,0.238
1988-08-28,0.238
1988-08-29,0.2378
1988-08-30,0.2373
1988-08-31,0.2378
1988-09-01,0.2374
1988-09-02,0.2372
1988-09-04,0.2372
1988-09-05,0.2377
1988-09-06,0.2386
1988-09-07,0.2382
1988-09-08,0.2371
1988-09-09,0.2376
1988-09-11,0.2376
1988-09-14,0.2383
1988-09-15,0.237
1988-09-16,0.2372
1988-09-18,0.2372
1988-09-19,0.2383
1988-09-22,0.2374
1988-09-23,0.2369
1988-09-25,0.2369
1988-09-27,0.2369
1988-09-28,0.2368
1988-09-29,0.237
1988-09-30,0.2376
1988-10-02,0.2376
1988-10-04,0.2381
1988-10-05,0.2375
1988-10-06,0.2378
1988-10-07,0.2372
1988-10-09,0.2372
1988-10-10,0.238
1988-10-11,0.2385
1988-10-12,0.239
1988-10-13,0.2398
1988-10-14,0.2402
1988-10-16,0.2402
1988-10-17,0.2415
1988-10-18,0.2415
1988-10-19,0.2417
1988-10-20,0.2417
1988-10-21,0.2424
1988-10-23,0.2424
1988-10-24,0.2415
1988-10-25,0.241
1988-10-26,0.2415
1988-10-27,0.2422
1988-10-28,0.242
1988-10-30,0.242
1988-10-31,0.2423
1988-11-02,0.2422
1988-11-03,0.2428
1988-11-04,0.2416
1988-11-06,0.2416
1988-11-07,0.2409
1988-11-08,0.2414
1988-11-09,0.2422
1988-11-10,0.2426
1988-11-11,0.2429
1988-11-13,0.2429
1988-11-14,0.2418
1988-11-15,0.2408
1988-11-16,0.241
1988-11-17,0.2422
1988-11-18,0.2409
1988-11-20,0.2409
1988-11-21,0.2419
1988-11-22,0.2425
1988-11-23,0.2431
1988-11-24,0.2432
1988-11-25,0.2438
1988-11-27,0.2438
1988-11-28,0.2431
1988-11-29,0.2434
1988-11-30,0.2446
1988-12-01,0.2443
1988-12-02,0.2446
1988-12-04,0.2446
1988-12-05,0.2459
1988-12-06,0.2457
1988-12-07,0.2446
1988-12-08,0.2443
1988-12-09,0.2455
1988-12-11,0.2455
1988-12-12,0.2457
1988-12-13,0.2453
1988-12-14,0.2446
1988-12-15,0.2456
1988-12-16,0.245
1988-12-18,0.245
1988-12-19,0.2447
1988-12-20,0.2435
1988-12-21,0.2434
1988-12-22,0.2436
1988-12-23,0.2438
1988-12-25,0.2438
1988-12-27,0.2558
1988-12-28,0.2554
1988-12-29,0.2555
1988-12-30,0.2781
1989-01-03,0.2781
1989-01-04,0.2761
1989-01-05,0.2752
1989-01-06,0.2748
1989-01-08,0.2748
1989-01-09,0.2736
1989-01-10,0.2734
1989-01-11,0.2729
1989-01-12,0.273
1989-01-13,0.2721
1989-01-15,0.2721
1989-01-16,0.2708
1989-01-17,0.2712
1989-01-18,0.2704
1989-01-19,0.2699
1989-01-20,0.2712
1989-01-22,0.2712
1989-01-23,0.2711
1989-01-24,0.2727
1989-01-25,0.2717
1989-01-26,0.2714
1989-01-27,0.2709
1989-01-29,0.2709
1989-01-30,0.2698
1989-01-31,0.2695
1989-02-01,0.2688
1989-02-02,0.2684
1989-02-03,0.2678
1989-02-05,0.2678
1989-02-06,0.2672
1989-02-07,0.2679
1989-02-08,0.2678
1989-02-09,0.2687
1989-02-10,0.27
1989-02-12,0.27
1989-02-13,0.2686
1989-02-14,0.2686
1989-02-15,0.2692
1989-02-16,0.2685
1989-02-17,0.2688
1989-02-19,0.2688
1989-02-20,0.2689
1989-02-21,0.2679
1989-02-22,0.2679
1989-02-23,0.2685
1989-02-24,0.2682
1989-02-26,0.2682
1989-02-27,0.2682
1989-03-01,0.2669
1989-03-02,0.2668
1989-03-03,0.2662
1989-03-05,0.2662
1989-03-06,0.2671
1989-03-07,0.2669
1989-03-08,0.267
1989-03-09,0.2662
1989-03-10,0.2671
1989-03-12,0.2671
1989-03-13,0.2663
1989-03-14,0.2659
1989-03-15,0.2666
1989-03-16,0.2658
1989-03-17,0.2656
1989-03-19,0.2656
1989-03-20,0.2663
1989-03-22,0.267
1989-03-23,0.2676
1989-03-24,0.2678
1989-03-26,0.2678
1989-03-27,0.2663
1989-03-28,0.2659
1989-03-29,0.2653
1989-03-30,0.2651
1989-03-31,0.2647
1989-04-02,0.2647
1989-04-03,0.265
1989-04-04,0.2665
1989-04-05,0.2665
1989-04-06,0.2669
1989-04-07,0.2666
1989-04-09,0.2666
1989-04-10,0.2666
1989-04-11,0.2667
1989-04-12,0.2662
1989-04-13,0.2664
1989-04-14,0.2662
1989-04-16,0.2662
1989-04-17,0.2681
1989-04-18,0.2674
1989-04-19,0.2679
1989-04-21,0.2692
1989-04-23,0.2692
1989-04-24,0.269
1989-04-25,0.269
1989-04-27,0.268
1989-04-28,0.2671
1989-04-30,0.2671
1989-05-01,0.2674
1989-05-02,0.2683
1989-05-03,0.2684
1989-05-04,0.2681
1989-05-05,0.2676
1989-05-07,0.2676
1989-05-08,0.2679
1989-05-09,0.2676
1989-05-11,0.2673
1989-05-12,0.2672
1989-05-14,0.2672
1989-05-15,0.2663
1989-05-16,0.2661
1989-05-17,0.2665
1989-05-18,0.2647
1989-05-19,0.2653
1989-05-21,0.2653
1989-05-22,0.2628
1989-05-23,0.2638
1989-05-24,0.264
1989-05-25,0.2647
1989-05-26,0.2673
1989-05-28,0.2673
1989-05-29,0.2646
1989-05-30,0.2658
1989-05-31,0.2666
1989-06-01,0.2667
1989-06-02,0.2676
1989-06-04,0.2676
1989-06-05,0.2682
1989-06-06,0.266
1989-06-07,0.2668
1989-06-08,0.2672
1989-06-11,0.2672
1989-06-12,0.2648
1989-06-13,0.2658
1989-06-14,0.2659
1989-06-15,0.2652
1989-06-16,0.2678
1989-06-18,0.2678
1989-06-19,0.2682
1989-06-20,0.2698
1989-06-21,0.2684
1989-06-22,0.2718
1989-06-23,0.2831
1989-06-25,0.2831
1989-06-26,0.283
1989-06-27,0.2824
1989-06-28,0.2813
1989-06-29,0.2825
1989-06-30,0.2818
1989-07-02,0.2818
1989-07-03,0.2823
1989-07-04,0.2822
1989-07-05,0.2826
1989-07-06,0.2837
1989-07-07,0.2841
1989-07-09,0.2841
1989-07-10,0.2848
1989-07-11,0.2843
1989-07-12,0.2841
1989-07-13,0.2846
1989-07-14,0.2835
1989-07-16,0.2835
1989-07-17,0.2831
1989-07-18,0.2827
1989-07-19,0.2836
1989-07-20,0.2826
1989-07-21,0.2844
1989-07-23,0.2844
1989-07-24,0.2844
1989-07-25,0.2852
1989-07-26,0.2857
1989-07-27,0.287
1989-07-28,0.2868
1989-07-30,0.2868
1989-07-31,0.2865
1989-08-01,0.2864
1989-08-02,0.2876
1989-08-03,0.2874
1989-08-04,0.2864
1989-08-06,0.2864
1989-08-07,0.2847
1989-08-08,0.2847
1989-08-09,0.2851
1989-08-11,0.2836
1989-08-13,0.2836
1989-08-14,0.2824
1989-08-15,0.2816
1989-08-16,0.2814
1989-08-17,0.2806
1989-08-18,0.2801
1989-08-20,0.2801
1989-08-21,0.2806
1989-08-22,0.281
1989-08-23,0.2817
1989-08-24,0.2811
1989-08-25,0.2815
1989-08-27,0.2815
1989-08-28,0.2821
1989-08-29,0.2837
1989-08-30,0.2845
1989-08-31,0.282
1989-09-01,0.2805
1989-09-03,0.2805
1989-09-04,0.2787
1989-09-05,0.2791
1989-09-06,0.2809
1989-09-07,0.2802
1989-09-08,0.2796
1989-09-10,0.2796
1989-09-11,0.2784
1989-09-12,0.2805
1989-09-13,0.2806
1989-09-14,0.2821
1989-09-15,0.2823
1989-09-17,0.2823
1989-09-18,0.2828
1989-09-19,0.284
1989-09-20,0.2848
1989-09-21,0.2853
1989-09-22,0.285
1989-09-24,0.285
1989-09-25,0.2864
1989-09-26,0.2862
1989-09-27,0.2873
1989-09-28,0.287
1989-09-29,0.288
1989-10-02,0.2876
1989-10-03,0.2878
1989-10-04,0.288
1989-10-05,0.2874
1989-10-06,0.2875
1989-10-10,0.2884
1989-10-11,0.2859
1989-10-12,0.2857
1989-10-13,0.2857
1989-10-15,0.2857
1989-10-16,0.2882
1989-10-17,0.2878
1989-10-18,0.2881
1989-10-19,0.2884
1989-10-20,0.2889
1989-10-22,0.2889
1989-10-23,0.2879
1989-10-24,0.2893
1989-10-25,0.2892
1989-10-26,0.2898
1989-10-27,0.2898
1989-10-29,0.2898
1989-10-30,0.2907
1989-10-31,0.2888
1989-11-01,0.2869
1989-11-02,0.2869
1989-11-03,0.287
1989-11-05,0.287
1989-11-06,0.287
1989-11-07,0.2876
1989-11-08,0.2893
1989-11-09,0.2881
1989-11-10,0.2878
1989-11-12,0.2878
1989-11-13,0.2885
1989-11-14,0.2875
1989-11-15,0.2889
1989-11-16,0.288
1989-11-17,0.2878
1989-11-19,0.2878
1989-11-20,0.2889
1989-11-21,0.2883
1989-11-22,0.289
1989-11-23,0.2891
1989-11-24,0.2898
1989-11-26,0.2898
1989-11-27,0.2905
1989-11-28,0.2894
1989-11-29,0.2896
1989-11-30,0.2872
1989-12-01,0.2885
1989-12-03,0.2885
1989-12-04,0.2891
1989-12-05,0.2885
1989-12-06,0.2904
1989-12-07,0.2902
1989-12-08,0.2913
1989-12-10,0.2913
1989-12-11,0.2919
1989-12-12,0.2915
1989-12-13,0.2927
1989-12-14,0.2914
1989-12-15,0.2915
1989-12-17,0.2915
1989-12-18,0.292
1989-12-19,0.2909
1989-12-20,0.2926
1989-12-21,0.2925
1989-12-22,0.2937
1989-12-24,0.2937
1989-12-27,0.2981
1989-12-28,0.2977
1989-12-29,0.2972
1989-12-31,0.2972
1990-01-02,0.2963
1990-01-03,0.2941
1990-01-04,0.2943
1990-01-05,0.2966
1990-01-07,0.2966
1990-01-08,0.2955
1990-01-09,0.2964
1990-01-10,0.2973
1990-01-11,0.2977
1990-01-12,0.2984
1990-01-14,0.2984
1990-01-15,0.2982
1990-01-16,0.2963
1990-01-17,0.298
1990-01-18,0.2974
1990-01-19,0.2973
1990-01-21,0.2973
1990-01-22,0.2966
1990-01-23,0.2969
1990-01-24,0.2985
1990-01-25,0.298
1990-01-26,0.2989
1990-01-28,0.2989
1990-01-29,0.2997
1990-01-30,0.3003
1990-01-31,0.2993
1990-02-01,0.2988
1990-02-02,0.2987
1990-02-04,0.2987
1990-02-05,0.2991
1990-02-06,0.3001
1990-02-07,0.3004
1990-02-08,0.2997
1990-02-09,0.3006
1990-02-11,0.3006
1990-02-12,0.3019
1990-02-13,0.3006
1990-02-14,0.3014
1990-02-15,0.2994
1990-02-16,0.2981
1990-02-18,0.2981
1990-02-19,0.3001
1990-02-20,0.301
1990-02-21,0.3025
1990-02-22,0.3029
1990-02-23,0.3027
1990-02-25,0.3027
1990-02-26,0.3013
1990-02-27,0.2998
1990-02-28,0.3004
1990-03-01,0.2992
1990-03-02,0.305
1990-03-04,0.305
1990-03-05,0.311
1990-03-06,0.3081
1990-03-07,0.3071
1990-03-08,0.3055
1990-03-09,0.3064
1990-03-12,0.3062
1990-03-13,0.3056
1990-03-14,0.3056
1990-03-15,0.3044
1990-03-16,0.3051
1990-03-18,0.3051
1990-03-19,0.3063
1990-03-20,0.3056
1990-03-21,0.3059
1990-03-22,0.3049
1990-03-23,0.3064
1990-03-25,0.3064
1990-03-26,0.3052
1990-03-27,0.3048
1990-03-28,0.3043
1990-03-29,0.3037
1990-03-30,0.3041
1990-04-01,0.3041
1990-04-02,0.3031
1990-04-03,0.3039
1990-04-04,0.3046
1990-04-05,0.3036
1990-04-06,0.3042
1990-04-08,0.3042
1990-04-09,0.306
1990-04-11,0.3071
1990-04-12,0.3067
1990-04-13,0.3072
1990-04-15,0.3072
1990-04-17,0.3078
1990-04-18,0.3068
1990-04-19,0.3073
1990-04-20,0.3075
1990-04-22,0.3075
1990-04-23,0.3081
1990-04-24,0.3076
1990-04-25,0.3082
1990-04-26,0.3082
1990-04-27,0.3076
1990-04-29,0.3076
1990-05-01,0.3078
1990-05-02,0.3092
1990-05-03,0.3088
1990-05-04,0.3103
1990-05-06,0.3103
1990-05-07,0.3123
1990-05-08,0.3115
1990-05-09,0.3134
1990-05-10,0.3135
1990-05-11,0.3148
1990-05-13,0.3148
1990-05-14,0.3138
1990-05-15,0.3151
1990-05-16,0.3144
1990-05-17,0.3148
1990-05-18,0.3158
1990-05-20,0.3158
1990-05-21,0.3161
1990-05-22,0.3149
1990-05-23,0.3156
1990-05-24,0.3134
1990-05-25,0.3137
1990-05-27,0.3137
1990-05-28,0.3129
1990-05-29,0.3153
1990-05-31,0.3126
1990-06-01,0.3104
1990-06-03,0.3104
1990-06-04,0.3091
1990-06-05,0.3104
1990-06-06,0.3145
1990-06-07,0.316
1990-06-08,0.3179
1990-06-10,0.3179
1990-06-11,0.3181
1990-06-12,0.3178
1990-06-13,0.3187
1990-06-15,0.3177
1990-06-17,0.3177
1990-06-18,0.3177
1990-06-19,0.3167
1990-06-20,0.318
1990-06-21,0.3188
1990-06-22,0.3202
1990-06-24,0.3202
1990-06-25,0.325
1990-06-26,0.3254
1990-06-27,0.3266
1990-06-28,0.3211
1990-06-29,0.3235
1990-07-01,0.3235
1990-07-02,0.3222
1990-07-03,0.3252
1990-07-04,0.3258
1990-07-05,0.327
1990-07-06,0.3269
1990-07-08,0.3269
1990-07-09,0.326
1990-07-10,0.3264
1990-07-11,0.3267
1990-07-12,0.3244
1990-07-13,0.3244
1990-07-15,0.3244
1990-07-16,0.3261
1990-07-17,0.3249
1990-07-18,0.3256
1990-07-19,0.3268
1990-07-20,0.3285
1990-07-22,0.3285
1990-07-23,0.3291
1990-07-24,0.3309
1990-07-25,0.3305
1990-07-26,0.3306
1990-07-27,0.3297
1990-07-29,0.3297
1990-07-30,0.33
1990-08-01,0.3304
1990-08-02,0.3287
1990-08-03,0.3288
1990-08-05,0.3288
1990-08-06,0.3301
1990-08-07,0.3323
1990-08-08,0.3324
1990-08-09,0.3303
1990-08-10,0.3313
1990-08-12,0.3313
1990-08-13,0.3331
1990-08-14,0.3308
1990-08-15,0.3302
1990-08-16,0.3315
1990-08-17,0.3338
1990-08-19,0.3338
1990-08-20,0.3343
1990-08-21,0.334
1990-08-22,0.3341
1990-08-23,0.3362
1990-08-24,0.336
1990-08-26,0.336
1990-08-27,0.339
1990-08-28,0.3415
1990-08-29,0.3418
1990-08-30,0.3407
1990-08-31,0.3372
1990-09-02,0.3372
1990-09-03,0.3336
1990-09-04,0.3328
1990-09-05,0.3344
1990-09-06,0.3355
1990-09-07,0.3345
1990-09-09,0.3345
1990-09-10,0.3416
1990-09-11,0.3392
1990-09-12,0.3385
1990-09-13,0.3376
1990-09-14,0.3388
1990-09-16,0.3388
1990-09-17,0.3398
1990-09-18,0.3399
1990-09-19,0.3401
1990-09-23,0.3401
1990-09-24,0.3389
1990-09-25,0.3392
1990-09-26,0.3384
1990-09-27,0.3386
1990-09-30,0.3386
1990-10-01,0.3402
1990-10-02,0.3391
1990-10-03,0.3398
1990-10-05,0.3409
1990-10-07,0.3409
1990-10-08,0.3414
1990-10-09,0.3427
1990-10-10,0.3426
1990-10-12,0.3439
1990-10-14,0.3439
1990-10-15,0.3424
1990-10-16,0.3421
1990-10-17,0.3437
1990-10-18,0.3437
1990-10-19,0.3441
1990-10-21,0.3441
1990-10-22,0.3443
1990-10-23,0.3419
1990-10-24,0.3435
1990-10-25,0.3437
1990-10-26,0.3434
1990-10-28,0.3434
1990-10-29,0.3432
1990-10-30,0.3418
1990-10-31,0.3424
1990-11-01,0.3417
1990-11-02,0.3436
1990-11-04,0.3436
1990-11-05,0.3443
1990-11-06,0.3454
1990-11-07,0.3459
1990-11-08,0.3456
1990-11-09,0.3454
1990-11-11,0.3454
1990-11-12,0.3466
1990-11-13,0.3474
1990-11-14,0.3465
1990-11-15,0.3467
1990-11-16,0.3462
1990-11-18,0.3462
1990-11-19,0.3474
1990-11-20,0.3468
1990-11-21,0.3468
1990-11-22,0.3462
1990-11-23,0.3473
1990-11-25,0.3473
1990-11-26,0.3462
1990-11-27,0.3477
1990-11-28,0.3475
1990-11-29,0.3459
1990-11-30,0.3437
1990-12-02,0.3437
1990-12-03,0.3442
1990-12-04,0.3434
1990-12-05,0.3444
1990-12-06,0.3447
1990-12-07,0.3456
1990-12-09,0.3456
1990-12-10,0.3476
1990-12-11,0.3484
1990-12-12,0.3484
1990-12-13,0.3481
1990-12-14,0.3479
1990-12-16,0.3479
1990-12-17,0.3464
1990-12-18,0.3464
1990-12-19,0.3474
1990-12-20,0.3501
1990-12-21,0.3458
1990-12-23,0.3458
1990-12-24,0.3453
1990-12-27,0.3475
1990-12-28,0.3478
1990-12-30,0.3478
1990-12-31,0.3468
1991-01-02,0.3475
1991-01-03,0.3463
1991-01-04,0.3468
1991-01-06,0.3468
1991-01-07,0.3424
1991-01-08,0.3397
1991-01-09,0.3389
1991-01-10,0.3409
1991-01-11,0.3415
1991-01-13,0.3415
1991-01-14,0.3384
1991-01-15,0.3389
1991-01-16,0.3391
1991-01-17,0.3422
1991-01-18,0.3432
1991-01-20,0.3432
1991-01-21,0.3439
1991-01-22,0.3467
1991-01-23,0.3449
1991-01-24,0.3465
1991-01-25,0.346
1991-01-27,0.346
1991-01-28,0.3458
1991-01-29,0.3461
1991-01-30,0.3452
1991-01-31,0.3453
1991-02-01,0.3465
1991-02-03,0.3465
1991-02-04,0.3478
1991-02-05,0.3488
1991-02-06,0.3505
1991-02-07,0.3511
1991-02-08,0.35
1991-02-10,0.35
1991-02-11,0.3499
1991-02-12,0.3506
1991-02-13,0.3493
1991-02-14,0.3484
1991-02-15,0.3488
1991-02-17,0.3488
1991-02-18,0.3471
1991-02-19,0.346
1991-02-20,0.3458
1991-02-21,0.3457
1991-02-22,0.3472
1991-02-24,0.3472
1991-02-25,0.3436
1991-02-26,0.3443
1991-02-27,0.3423
1991-03-01,0.3407
1991-03-03,0.3407
1991-03-04,0.3394
1991-03-05,0.3423
1991-03-06,0.3403
1991-03-07,0.3407
1991-03-08,0.3386
1991-03-10,0.3386
1991-03-11,0.3546
1991-03-12,0.356
1991-03-13,0.3557
1991-03-14,0.3555
1991-03-15,0.3539
1991-03-17,0.3539
1991-03-18,0.3522
1991-03-19,0.349
1991-03-20,0.3471
1991-03-21,0.3488
1991-03-22,0.3485
1991-03-24,0.3485
1991-03-25,0.3459
1991-03-26,0.3417
1991-03-27,0.3423
1991-03-28,0.338
1991-03-31,0.338
1991-04-02,0.3444
1991-04-03,0.344
1991-04-04,0.3421
1991-04-07,0.3421
1991-04-08,0.3411
1991-04-09,0.3421
1991-04-10,0.3429
1991-04-11,0.3423
1991-04-12,0.3434
1991-04-14,0.3434
1991-04-15,0.3428
1991-04-16,0.3446
1991-04-17,0.3442
1991-04-19,0.339
1991-04-21,0.339
1991-04-22,0.3364
1991-04-23,0.3351
1991-04-24,0.3392
1991-04-25,0.3376
1991-04-26,0.3393
1991-04-28,0.3393
1991-04-29,0.3376
1991-04-30,0.34
1991-05-01,0.3428
1991-05-02,0.3412
1991-05-03,0.3427
1991-05-05,0.3427
1991-05-06,0.3419
1991-05-07,0.3451
1991-05-08,0.3528
1991-05-09,0.3459
1991-05-10,0.3507
1991-05-12,0.3507
1991-05-13,0.3519
1991-05-14,0.3558
1991-05-15,0.3572
1991-05-16,0.3583
1991-05-17,0.3584
1991-05-20,0.3521
1991-05-21,0.3574
1991-05-22,0.3598
1991-05-23,0.3598
1991-05-24,0.3629
1991-05-26,0.3629
1991-05-27,0.3617
1991-05-28,0.3602
1991-05-29,0.3607
1991-05-30,0.3552
1991-05-31,0.3551
1991-06-02,0.3551
1991-06-03,0.3541
1991-06-04,0.3541
1991-06-05,0.3523
1991-06-06,0.3519
1991-06-07,0.3496
1991-06-09,0.3496
1991-06-10,0.348
1991-06-11,0.3487
1991-06-12,0.3477
1991-06-13,0.344
1991-06-14,0.3408
1991-06-16,0.3408
1991-06-17,0.3415
1991-06-18,0.3399
1991-06-19,0.3382
1991-06-20,0.3422
1991-06-21,0.3403
1991-06-23,0.3403
1991-06-24,0.3386
1991-06-25,0.3417
1991-06-26,0.3413
1991-06-27,0.3414
1991-06-28,0.34
1991-06-30,0.34
1991-07-01,0.3399
1991-07-02,0.3372
1991-07-03,0.3365
1991-07-04,0.3351
1991-07-05,0.3348
1991-07-07,0.3348
1991-07-08,0.3379
1991-07-09,0.337
1991-07-10,0.3362
1991-07-11,0.3376
1991-07-12,0.3354
1991-07-14,0.3354
1991-07-15,0.34
1991-07-16,0.3402
1991-07-17,0.3399
1991-07-18,0.3421
1991-07-19,0.3449
1991-07-22,0.3468
1991-07-23,0.3446
1991-07-24,0.3461
1991-07-25,0.3459
1991-07-26,0.3465
1991-07-28,0.3465
1991-07-29,0.3452
1991-07-30,0.3458
1991-07-31,0.3464
1991-08-01,0.3441
1991-08-02,0.3424
1991-08-04,0.3424
1991-08-05,0.3464
1991-08-06,0.3484
1991-08-07,0.3481
1991-08-08,0.3487
1991-08-09,0.3457
1991-08-11,0.3457
1991-08-12,0.3449
1991-08-13,0.3447
1991-08-14,0.3416
1991-08-15,0.3407
1991-08-16,0.3411
1991-08-18,0.3411
1991-08-19,0.3355
1991-08-20,0.3366
1991-08-21,0.3385
1991-08-22,0.3436
1991-08-23,0.3448
1991-08-25,0.3448
1991-08-26,0.3428
1991-08-27,0.3426
1991-08-28,0.3417
1991-08-29,0.3431
1991-08-30,0.3429
1991-09-01,0.3429
1991-09-02,0.3414
1991-09-03,0.3431
1991-09-04,0.3427
1991-09-05,0.3422
1991-09-06,0.3415
1991-09-08,0.3415
1991-09-11,0.3473
1991-09-12,0.3492
1991-09-13,0.3477
1991-09-15,0.3477
1991-09-16,0.3495
1991-09-19,0.3522
1991-09-20,0.3525
1991-09-22,0.3525
1991-09-24,0.3565
1991-09-25,0.3577
1991-09-26,0.3572
1991-09-27,0.3631
1991-09-29,0.3631
1991-10-01,0.365
1991-10-02,0.3659
1991-10-03,0.3661
1991-10-04,0.3661
1991-10-06,0.3661
1991-10-07,0.364
1991-10-08,0.3638
1991-10-09,0.3611
1991-10-10,0.3635
1991-10-11,0.364
1991-10-13,0.364
1991-10-14,0.3648
1991-10-15,0.3638
1991-10-16,0.3648
1991-10-17,0.3654
1991-10-18,0.3671
1991-10-20,0.3671
1991-10-21,0.3684
1991-10-22,0.3681
1991-10-23,0.3676
1991-10-24,0.3679
1991-10-25,0.3688
1991-10-27,0.3688
1991-10-28,0.3659
1991-10-29,0.3631
1991-10-30,0.3651
1991-10-31,0.3658
1991-11-01,0.3657
1991-11-03,0.3657
1991-11-04,0.3685
1991-11-05,0.3688
1991-11-06,0.3688
1991-11-07,0.3693
1991-11-08,0.3677
1991-11-10,0.3677
1991-11-11,0.3665
1991-11-12,0.3686
1991-11-13,0.367
1991-11-14,0.3672
1991-11-15,0.367
1991-11-17,0.367
1991-11-18,0.3691
1991-11-19,0.369
1991-11-20,0.3695
1991-11-21,0.3686
1991-11-22,0.3694
1991-11-24,0.3694
1991-11-25,0.3712
1991-11-26,0.3707
1991-11-27,0.3694
1991-11-28,0.3679
1991-11-29,0.3661
1991-12-01,0.3661
1991-12-02,0.3684
1991-12-03,0.3679
1991-12-04,0.3689
1991-12-05,0.3702
1991-12-06,0.3711
1991-12-08,0.3711
1991-12-09,0.3729
1991-12-10,0.3735
1991-12-11,0.3701
1991-12-12,0.3728
1991-12-13,0.372
1991-12-15,0.372
1991-12-16,0.3717
1991-12-17,0.3729
1991-12-18,0.3744
1991-12-19,0.3739
1991-12-20,0.3757
1991-12-22,0.3757
1991-12-23,0.3799
1991-12-24,0.3808
1991-12-27,0.383
1991-12-29,0.383
1991-12-30,0.3819
1991-12-31,0.3818
1992-01-02,0.3808
1992-01-03,0.3788
1992-01-05,0.3788
1992-01-06,0.3798
1992-01-07,0.3809
1992-01-08,0.3807
1992-01-09,0.3783
1992-01-10,0.3735
1992-01-12,0.3735
1992-01-13,0.371
1992-01-14,0.3713
1992-01-15,0.3662
1992-01-16,0.3652
1992-01-17,0.3626
1992-01-19,0.3626
1992-01-20,0.3678
1992-01-21,0.3689
1992-01-22,0.3693
1992-01-23,0.3689
1992-01-24,0.3661
1992-01-26,0.3661
1992-01-27,0.3678
1992-01-28,0.3674
1992-01-29,0.3698
1992-01-30,0.3672
1992-01-31,0.3659
1992-02-02,0.3659
1992-02-03,0.3668
1992-02-04,0.3679
1992-02-05,0.3692
1992-02-06,0.3707
1992-02-07,0.3701
1992-02-09,0.3701
1992-02-10,0.3733
1992-02-11,0.3718
1992-02-12,0.3699
1992-02-13,0.3689
1992-02-14,0.3655
1992-02-16,0.3655
1992-02-17,0.3669
1992-02-18,0.3633
1992-02-19,0.3637
1992-02-20,0.3637
1992-02-21,0.3656
1992-02-23,0.3656
1992-02-24,0.3636
1992-02-25,0.3664
1992-02-26,0.3653
1992-02-27,0.367
1992-02-28,0.3692
1992-03-01,0.3692
1992-03-02,0.3681
1992-03-03,0.367
1992-03-04,0.3667
1992-03-05,0.366
1992-03-06,0.3666
1992-03-08,0.3666
1992-03-09,0.3675
1992-03-10,0.3683
1992-03-11,0.3666
1992-03-12,0.3674
1992-03-13,0.3665
1992-03-15,0.3665
1992-03-16,0.3677
1992-03-17,0.3692
1992-03-18,0.3699
1992-03-22,0.3699
1992-03-23,0.3681
1992-03-24,0.37
1992-03-25,0.3715
1992-03-26,0.3711
1992-03-27,0.3703
1992-03-29,0.3703
1992-03-30,0.3734
1992-03-31,0.3723
1992-04-01,0.3698
1992-04-02,0.3687
1992-04-03,0.371
1992-04-05,0.371
1992-04-06,0.3734
1992-04-07,0.3743
1992-04-08,0.3742
1992-04-09,0.3721
1992-04-10,0.3735
1992-04-12,0.3735
1992-04-13,0.3724
1992-04-14,0.3714
1992-04-15,0.3707
1992-04-16,0.3697
1992-04-19,0.3697
1992-04-21,0.3707
1992-04-22,0.3714
1992-04-23,0.373
1992-04-26,0.373
1992-04-27,0.3747
1992-04-28,0.3749
1992-04-29,0.3758
1992-04-30,0.3746
1992-05-01,0.3762
1992-05-03,0.3762
1992-05-04,0.3772
1992-05-05,0.3782
1992-05-06,0.3794
1992-05-08,0.3801
1992-05-10,0.3801
1992-05-11,0.3798
1992-05-12,0.3821
1992-05-13,0.3841
1992-05-14,0.3868
1992-05-15,0.3855
1992-05-17,0.3855
1992-05-18,0.3886
1992-05-19,0.3889
1992-05-20,0.3886
1992-05-21,0.388
1992-05-22,0.3881
1992-05-24,0.3881
1992-05-25,0.3888
1992-05-26,0.3899
1992-05-27,0.3885
1992-05-28,0.389
1992-05-29,0.3921
1992-05-31,0.3921
1992-06-01,0.3937
1992-06-02,0.3912
1992-06-03,0.391
1992-06-04,0.392
1992-06-05,0.3936
1992-06-08,0.3938
1992-06-09,0.395
1992-06-10,0.3937
1992-06-11,0.3949
1992-06-12,0.3973
1992-06-14,0.3973
1992-06-15,0.399
1992-06-16,0.3977
1992-06-17,0.3995
1992-06-18,0.3976
1992-06-19,0.3998
1992-06-21,0.3998
1992-06-22,0.4002
1992-06-24,0.4023
1992-06-25,0.4054
1992-06-26,0.4068
1992-06-28,0.4068
1992-06-29,0.4091
1992-06-30,0.4097
1992-07-01,0.4107
1992-07-02,0.41
1992-07-03,0.4113
1992-07-05,0.4113
1992-07-06,0.4101
1992-07-07,0.4127
1992-07-08,0.4171
1992-07-09,0.4173
1992-07-10,0.4132
1992-07-12,0.4132
1992-07-13,0.4178
1992-07-14,0.4185
1992-07-15,0.4195
1992-07-16,0.4203
1992-07-17,0.4211
1992-07-19,0.4211
1992-07-20,0.4252
1992-07-21,0.4193
1992-07-22,0.4197
1992-07-23,0.4196
1992-07-24,0.4205
1992-07-26,0.4205
1992-07-27,0.42
1992-07-28,0.4219
1992-07-29,0.4232
1992-07-30,0.4208
1992-07-31,0.4211
1992-08-02,0.4211
1992-08-03,0.4226
1992-08-04,0.4219
1992-08-05,0.4219
1992-08-06,0.4209
1992-08-07,0.4222
1992-08-10,0.4234
1992-08-11,0.4245
1992-08-12,0.4241
1992-08-13,0.4248
1992-08-14,0.4253
1992-08-16,0.4253
1992-08-17,0.4231
1992-08-18,0.4247
1992-08-19,0.4248
1992-08-20,0.4257
1992-08-21,0.4261
1992-08-23,0.4261
1992-08-24,0.4313
1992-08-25,0.4339
1992-08-26,0.4334
1992-08-27,0.4324
1992-08-28,0.433
1992-08-30,0.433
1992-08-31,0.4328
1992-09-01,0.4341
1992-09-02,0.4354
1992-09-03,0.4351
1992-09-04,0.4305
1992-09-06,0.4305
1992-09-07,0.4341
1992-09-08,0.4352
1992-09-09,0.4332
1992-09-10,0.4303
1992-09-11,0.429
1992-09-13,0.429
1992-09-14,0.421
1992-09-15,0.421
1992-09-16,0.4165
1992-09-17,0.409
1992-09-18,0.4109
1992-09-20,0.4109
1992-09-21,0.4133
1992-09-22,0.4137
1992-09-23,0.4109
1992-09-24,0.4122
1992-09-25,0.4144
1992-09-27,0.4144
1992-09-30,0.4257
1992-10-01,0.4254
1992-10-02,0.4238
1992-10-04,0.4238
1992-10-05,0.4246
1992-10-08,0.4164
1992-10-09,0.4139
1992-10-11,0.4139
1992-10-13,0.4136
1992-10-14,0.417
1992-10-15,0.4168
1992-10-16,0.4155
1992-10-18,0.4155
1992-10-20,0.4095
1992-10-21,0.4075
1992-10-22,0.4073
1992-10-23,0.4099
1992-10-25,0.4099
1992-10-26,0.4049
1992-10-27,0.4061
1992-10-28,0.406
1992-10-29,0.406
1992-10-30,0.4079
1992-11-01,0.4079
1992-11-02,0.4084
1992-11-03,0.4072
1992-11-04,0.4088
1992-11-05,0.4083
1992-11-06,0.4067
1992-11-08,0.4067
1992-11-09,0.4061
1992-11-10,0.4065
1992-11-11,0.4084
1992-11-12,0.4094
1992-11-13,0.41
1992-11-15,0.41
1992-11-16,0.4095
1992-11-17,0.4077
1992-11-18,0.4096
1992-11-19,0.4102
1992-11-20,0.4086
1992-11-22,0.4086
1992-11-23,0.4085
1992-11-24,0.4104
1992-11-25,0.4138
1992-11-26,0.4141
1992-11-27,0.4128
1992-11-29,0.4128
1992-11-30,0.4126
1992-12-01,0.4139
1992-12-02,0.4158
1992-12-03,0.4153
1992-12-04,0.4155
1992-12-06,0.4155
1992-12-07,0.4143
1992-12-08,0.4191
1992-12-09,0.4174
1992-12-10,0.4151
1992-12-11,0.3937
1992-12-13,0.3937
1992-12-14,0.3932
1992-12-15,0.3957
1992-12-16,0.4012
1992-12-17,0.4018
1992-12-18,0.3979
1992-12-20,0.3979
1992-12-21,0.3993
1992-12-22,0.3979
1992-12-23,0.4004
1992-12-24,0.4022
1992-12-27,0.4022
1992-12-28,0.4021
1992-12-29,0.4016
1992-12-30,0.401
1992-12-31,0.3997
1993-01-03,0.3997
1993-01-04,0.3993
1993-01-05,0.4001
1993-01-06,0.4013
1993-01-07,0.3994
1993-01-08,0.3958
1993-01-10,0.3958
1993-01-11,0.3996
1993-01-12,0.4004
1993-01-13,0.4003
1993-01-14,0.4032
1993-01-15,0.4054
1993-01-17,0.4054
1993-01-18,0.4057
1993-01-19,0.4076
1993-01-20,0.4088
1993-01-21,0.4076
1993-01-22,0.4067
1993-01-24,0.4067
1993-01-25,0.4089
1993-01-26,0.4121
1993-01-27,0.4117
1993-01-28,0.4116
1993-01-29,0.4091
1993-01-31,0.4091
1993-02-01,0.4031
1993-02-02,0.4033
1993-02-03,0.4026
1993-02-04,0.4016
1993-02-05,0.4009
1993-02-07,0.4009
1993-02-08,0.4026
1993-02-09,0.4005
1993-02-10,0.4019
1993-02-11,0.4002
1993-02-12,0.4012
1993-02-14,0.4012
1993-02-15,0.399
1993-02-16,0.4005
1993-02-17,0.403
1993-02-18,0.4037
1993-02-19,0.4035
1993-02-21,0.4035
1993-02-22,0.4015
1993-02-23,0.4031
1993-02-24,0.4043
1993-02-25,0.4012
1993-02-26,0.3987
1993-02-28,0.3987
1993-03-01,0.3981
1993-03-02,0.3991
1993-03-03,0.3992
1993-03-04,0.3983
1993-03-05,0.3987
1993-03-08,0.3977
1993-03-09,0.3966
1993-03-10,0.3962
1993-03-11,0.3955
1993-03-12,0.396
1993-03-14,0.396
1993-03-15,0.395
1993-03-16,0.396
1993-03-17,0.3956
1993-03-18,0.3952
1993-03-19,0.3979
1993-03-21,0.3979
1993-03-22,0.3995
1993-03-23,0.4005
1993-03-24,0.4009
1993-03-25,0.3997
1993-03-26,0.3989
1993-03-28,0.3989
1993-03-29,0.4012
1993-03-30,0.4011
1993-03-31,0.4028
1993-04-01,0.4022
1993-04-02,0.4058
1993-04-04,0.4058
1993-04-05,0.4044
1993-04-07,0.4027
1993-04-08,0.4018
1993-04-11,0.4018
1993-04-13,0.4052
1993-04-14,0.4069
1993-04-15,0.4047
1993-04-16,0.4038
1993-04-18,0.4038
1993-04-19,0.402
1993-04-20,0.406
1993-04-21,0.4046
1993-04-22,0.4037
1993-04-23,0.4056
1993-04-25,0.4056
1993-04-27,0.4086
1993-04-28,0.4064
1993-04-29,0.4089
1993-04-30,0.4081
1993-05-02,0.4081
1993-05-03,0.4071
1993-05-04,0.4084
1993-05-05,0.409
1993-05-06,0.4074
1993-05-07,0.408
1993-05-09,0.408
1993-05-10,0.4066
1993-05-11,0.4037
1993-05-12,0.4021
1993-05-13,0.4021
1993-05-14,0.4003
1993-05-16,0.4003
1993-05-17,0.4011
1993-05-18,0.399
1993-05-19,0.4
1993-05-20,0.4
1993-05-21,0.4003
1993-05-23,0.4003
1993-05-24,0.398
1993-05-25,0.3978
1993-05-27,0.3988
1993-05-28,0.4011
1993-05-30,0.4011
1993-06-01,0.4029
1993-06-02,0.4035
1993-06-03,0.4022
1993-06-04,0.4022
1993-06-06,0.4022
1993-06-07,0.399
1993-06-08,0.3998
1993-06-09,0.3985
1993-06-10,0.3975
1993-06-11,0.399
1993-06-13,0.399
1993-06-14,0.3998
1993-06-15,0.3991
1993-06-16,0.3964
1993-06-17,0.3953
1993-06-18,0.3952
1993-06-20,0.3952
1993-06-21,0.3925
1993-06-22,0.3931
1993-06-23,0.3919
1993-06-24,0.3915
1993-06-25,0.3912
1993-06-27,0.3912
1993-06-28,0.3898
1993-06-29,0.3922
1993-06-30,0.3924
1993-07-01,0.3898
1993-07-02,0.3912
1993-07-04,0.3912
1993-07-05,0.3903
1993-07-06,0.3886
1993-07-07,0.3895
1993-07-08,0.3887
1993-07-09,0.3877
1993-07-11,0.3877
1993-07-12,0.3839
1993-07-13,0.3832
1993-07-14,0.3835
1993-07-15,0.3837
1993-07-16,0.3825
1993-07-18,0.3825
1993-07-19,0.3851
1993-07-20,0.3845
1993-07-21,0.3849
1993-07-22,0.3833
1993-07-23,0.3818
1993-07-25,0.3818
1993-07-26,0.3891
1993-07-28,0.3897
1993-07-29,0.3897
1993-07-30,0.3844
1993-08-01,0.3844
1993-08-02,0.3836
1993-08-03,0.3868
1993-08-04,0.3873
1993-08-05,0.3867
1993-08-06,0.3873
1993-08-08,0.3873
1993-08-09,0.3867
1993-08-10,0.3858
1993-08-11,0.3834
1993-08-12,0.3833
1993-08-13,0.383
1993-08-15,0.383
1993-08-16,0.3836
1993-08-17,0.3865
1993-08-18,0.3873
1993-08-19,0.3888
1993-08-20,0.3905
1993-08-22,0.3905
1993-08-23,0.3913
1993-08-24,0.3912
1993-08-25,0.3919
1993-08-26,0.3926
1993-08-27,0.3951
1993-08-29,0.3951
1993-08-30,0.3964
1993-08-31,0.3955
1993-09-01,0.3954
1993-09-02,0.3974
1993-09-03,0.3979
1993-09-05,0.3979
1993-09-06,0.4032
1993-09-07,0.4041
1993-09-08,0.4037
1993-09-09,0.403
1993-09-10,0.4059
1993-09-12,0.4059
1993-09-13,0.4066
1993-09-14,0.4061
1993-09-15,0.4067
1993-09-19,0.4067
1993-09-20,0.4042
1993-09-21,0.4066
1993-09-22,0.4024
1993-09-23,0.4034
1993-09-26,0.4034
1993-09-27,0.4038
1993-09-28,0.4036
1993-09-29,0.405
1993-10-01,0.4014
1993-10-03,0.4014
1993-10-04,0.4017
1993-10-05,0.4046
1993-10-06,0.4044
1993-10-08,0.4038
1993-10-10,0.4038
1993-10-11,0.4069
1993-10-12,0.4075
1993-10-13,0.4078
1993-10-14,0.4068
1993-10-15,0.4036
1993-10-17,0.4036
1993-10-18,0.4023
1993-10-19,0.4013
1993-10-20,0.4021
1993-10-21,0.4022
1993-10-22,0.3985
1993-10-24,0.3985
1993-10-25,0.399
1993-10-26,0.3987
1993-10-27,0.3993
1993-10-28,0.3996
1993-10-29,0.4001
1993-10-31,0.4001
1993-11-01,0.3977
1993-11-02,0.398
1993-11-03,0.3987
1993-11-04,0.3999
1993-11-05,0.3988
1993-11-07,0.3988
1993-11-08,0.3998
1993-11-09,0.4007
1993-11-10,0.3998
1993-11-11,0.4
1993-11-12,0.399
1993-11-14,0.399
1993-11-15,0.4002
1993-11-16,0.3995
1993-11-17,0.3978
1993-11-18,0.3975
1993-11-19,0.3969
1993-11-21,0.3969
1993-11-22,0.3977
1993-11-23,0.3995
1993-11-24,0.3987
1993-11-25,0.3981
1993-11-26,0.3982
1993-11-28,0.3982
1993-11-29,0.3988
1993-11-30,0.3999
1993-12-01,0.3986
1993-12-02,0.3973
1993-12-03,0.3972
1993-12-05,0.3972
1993-12-06,0.3995
1993-12-07,0.4007
1993-12-08,0.3997
1993-12-09,0.3998
1993-12-10,0.4004
1993-12-12,0.4004
1993-12-13,0.4018
1993-12-14,0.4004
1993-12-15,0.3987
1993-12-16,0.3988
1993-12-17,0.4002
1993-12-19,0.4002
1993-12-20,0.4006
1993-12-21,0.4014
1993-12-22,0.4024
1993-12-23,0.4037
1993-12-24,0.4045
1993-12-26,0.4045
1993-12-27,0.404
1993-12-28,0.4041
1993-12-29,0.4038
1993-12-30,0.4006
1993-12-31,0.3972
1994-01-02,0.3972
1994-01-03,0.3975
1994-01-04,0.3975
1994-01-05,0.3981
1994-01-06,0.3981
1994-01-07,0.3978
1994-01-09,0.3978
1994-01-10,0.3988
1994-01-11,0.398
1994-01-12,0.3974
1994-01-13,0.3966
1994-01-14,0.3946
1994-01-16,0.3946
1994-01-17,0.3946
1994-01-18,0.3955
1994-01-19,0.3961
1994-01-20,0.3966
1994-01-21,0.3979
1994-01-23,0.3979
1994-01-24,0.3967
1994-01-25,0.3966
1994-01-26,0.3978
1994-01-27,0.3995
1994-01-28,0.4015
1994-01-30,0.4015
1994-01-31,0.3995
1994-02-01,0.3995
1994-02-02,0.3996
1994-02-03,0.3989
1994-02-04,0.3982
1994-02-06,0.3982
1994-02-07,0.3959
1994-02-08,0.396
1994-02-09,0.3949
1994-02-10,0.3947
1994-02-11,0.3935
1994-02-13,0.3935
1994-02-14,0.3943
1994-02-15,0.3953
1994-02-16,0.3971
1994-02-17,0.3962
1994-02-18,0.3982
1994-02-20,0.3982
1994-02-21,0.3979
1994-02-22,0.3968
1994-02-23,0.3989
1994-02-24,0.3998
1994-02-27,0.3998
1994-02-28,0.4
1994-03-01,0.4014
1994-03-02,0.3998
1994-03-03,0.4003
1994-03-04,0.3998
1994-03-06,0.3998
1994-03-07,0.4003
1994-03-08,0.4002
1994-03-09,0.4011
1994-03-10,0.4038
1994-03-11,0.4063
1994-03-13,0.4063
1994-03-14,0.4052
1994-03-15,0.4052
1994-03-16,0.4051
1994-03-17,0.4057
1994-03-18,0.4049
1994-03-20,0.4049
1994-03-21,0.4045
1994-03-22,0.4052
1994-03-23,0.4054
1994-03-24,0.4061
1994-03-25,0.4079
1994-03-28,0.4076
1994-03-29,0.4094
1994-03-30,0.4085
1994-03-31,0.4087
1994-04-03,0.4087
1994-04-05,0.4054
1994-04-06,0.4033
1994-04-07,0.4035
1994-04-08,0.4033
1994-04-10,0.4033
1994-04-11,0.4042
1994-04-12,0.4028
1994-04-13,0.4024
1994-04-15,0.4026
1994-04-17,0.4026
1994-04-18,0.4034
1994-04-19,0.4032
1994-04-20,0.404
1994-04-21,0.4058
1994-04-22,0.4078
1994-04-24,0.4078
1994-04-25,0.41
1994-04-26,0.4114
1994-04-27,0.4139
1994-04-28,0.414
1994-04-29,0.4157
1994-05-01,0.4157
1994-05-02,0.4179
1994-05-03,0.4194
1994-05-04,0.4206
1994-05-05,0.418
1994-05-06,0.4158
1994-05-08,0.4158
1994-05-09,0.4175
1994-05-10,0.4173
1994-05-11,0.416
1994-05-12,0.4169
1994-05-13,0.4155
1994-05-15,0.4155
1994-05-17,0.4153
1994-05-18,0.4165
1994-05-19,0.4194
1994-05-20,0.4203
1994-05-22,0.4203
1994-05-23,0.4226
1994-05-24,0.4231
1994-05-25,0.4219
1994-05-26,0.4247
1994-05-27,0.4248
1994-05-29,0.4248
1994-05-30,0.4267
1994-05-31,0.4264
1994-06-01,0.4249
1994-06-02,0.4257
1994-06-03,0.4238
1994-06-05,0.4238
1994-06-06,0.4224
1994-06-07,0.4227
1994-06-08,0.4233
1994-06-09,0.422
1994-06-10,0.4229
1994-06-12,0.4229
1994-06-13,0.4252
1994-06-14,0.4269
1994-06-15,0.4267
1994-06-16,0.4292
1994-06-17,0.43
1994-06-19,0.43
1994-06-20,0.4357
1994-06-21,0.438
1994-06-22,0.4382
1994-06-23,0.4372
1994-06-24,0.4395
1994-06-26,0.4395
1994-06-27,0.4413
1994-06-28,0.441
1994-06-29,0.4411
1994-06-30,0.4365
1994-07-01,0.4345
1994-07-03,0.4345
1994-07-04,0.4349
1994-07-05,0.4355
1994-07-06,0.4363
1994-07-07,0.4358
1994-07-08,0.4374
1994-07-10,0.4374
1994-07-11,0.4396
1994-07-12,0.4457
1994-07-13,0.4453
1994-07-14,0.4438
1994-07-15,0.4421
1994-07-18,0.4456
1994-07-19,0.4449
1994-07-20,0.4429
1994-07-21,0.4455
1994-07-22,0.4396
1994-07-24,0.4396
1994-07-25,0.4407
1994-07-26,0.4404
1994-07-27,0.4428
1994-07-28,0.4445
1994-07-29,0.4411
1994-07-31,0.4411
1994-08-01,0.443
1994-08-02,0.4418
1994-08-03,0.4405
1994-08-04,0.4425
1994-08-05,0.4393
1994-08-07,0.4393
1994-08-08,0.4409
1994-08-09,0.4399
1994-08-10,0.4405
1994-08-11,0.439
1994-08-12,0.4432
1994-08-14,0.4432
1994-08-15,0.4433
1994-08-16,0.4427
1994-08-17,0.4426
1994-08-18,0.4427
1994-08-19,0.4451
1994-08-21,0.4451
1994-08-22,0.4472
1994-08-23,0.4479
1994-08-24,0.4453
1994-08-25,0.4447
1994-08-26,0.4452
1994-08-28,0.4452
1994-08-29,0.4399
1994-08-30,0.4382
1994-08-31,0.4379
1994-09-01,0.4376
1994-09-02,0.4385
1994-09-04,0.4385
1994-09-05,0.4429
1994-09-08,0.4437
1994-09-09,0.4422
1994-09-11,0.4422
1994-09-12,0.446
1994-09-13,0.4459
1994-09-16,0.445
1994-09-18,0.445
1994-09-19,0.4453
1994-09-21,0.4447
1994-09-22,0.445
1994-09-23,0.4455
1994-09-25,0.4455
1994-09-26,0.4451
1994-09-28,0.4477
1994-09-29,0.4455
1994-09-30,0.445
1994-10-02,0.445
1994-10-03,0.4432
1994-10-04,0.4463
1994-10-05,0.4471
1994-10-06,0.4482
1994-10-07,0.4494
1994-10-09,0.4494
1994-10-10,0.4481
1994-10-11,0.4491
1994-10-12,0.451
1994-10-13,0.4522
1994-10-14,0.4553
1994-10-16,0.4553
1994-10-17,0.4591
1994-10-18,0.4614
1994-10-19,0.4615
1994-10-20,0.4618
1994-10-21,0.4648
1994-10-23,0.4648
1994-10-24,0.4633
1994-10-25,0.4648
1994-10-26,0.463
1994-10-27,0.4627
1994-10-28,0.4615
1994-10-30,0.4615
1994-10-31,0.458
1994-11-01,0.4597
1994-11-02,0.4605
1994-11-03,0.4558
1994-11-04,0.4533
1994-11-06,0.4533
1994-11-07,0.4542
1994-11-08,0.4532
1994-11-09,0.4528
1994-11-10,0.4495
1994-11-11,0.4479
1994-11-13,0.4479
1994-11-14,0.445
1994-11-15,0.4439
1994-11-16,0.4403
1994-11-17,0.4416
1994-11-18,0.4428
1994-11-20,0.4428
1994-11-21,0.4445
1994-11-22,0.4466
1994-11-23,0.4458
1994-11-24,0.4455
1994-11-25,0.4462
1994-11-27,0.4462
1994-11-28,0.4463
1994-11-29,0.4445
1994-11-30,0.443
1994-12-01,0.443
1994-12-02,0.4413
1994-12-04,0.4413
1994-12-05,0.4405
1994-12-06,0.4405
1994-12-07,0.4409
1994-12-08,0.44
1994-12-09,0.4391
1994-12-11,0.4391
1994-12-12,0.4393
1994-12-13,0.4394
1994-12-14,0.4393
1994-12-15,0.44
1994-12-16,0.4398
1994-12-18,0.4398
1994-12-19,0.4394
1994-12-20,0.442
1994-12-21,0.4459
1994-12-22,0.4435
1994-12-23,0.4435
1994-12-25,0.4435
1994-12-27,0.4416
1994-12-28,0.4415
1994-12-29,0.4442
1994-12-30,0.4463
1995-01-01,0.4463
1995-01-03,0.4449
1995-01-04,0.445
1995-01-05,0.4455
1995-01-06,0.4462
1995-01-08,0.4462
1995-01-09,0.445
1995-01-10,0.4477
1995-01-11,0.4477
1995-01-12,0.4473
1995-01-13,0.4494
1995-01-15,0.4494
1995-01-16,0.4486
1995-01-17,0.4498
1995-01-18,0.4502
1995-01-19,0.4492
1995-01-20,0.4529
1995-01-22,0.4529
1995-01-23,0.4536
1995-01-24,0.4535
1995-01-25,0.454
1995-01-26,0.4522
1995-01-27,0.4533
1995-01-29,0.4533
1995-01-30,0.453
1995-01-31,0.4538
1995-02-01,0.4513
1995-02-02,0.4522
1995-02-03,0.4527
1995-02-05,0.4527
1995-02-06,0.4514
1995-02-07,0.4514
1995-02-08,0.4515
1995-02-09,0.4516
1995-02-10,0.4521
1995-02-12,0.4521
1995-02-13,0.4536
1995-02-14,0.4534
1995-02-15,0.4554
1995-02-16,0.4565
1995-02-17,0.4604
1995-02-19,0.4604
1995-02-20,0.4629
1995-02-21,0.4635
1995-02-22,0.462
1995-02-23,0.4628
1995-02-24,0.4616
1995-02-26,0.4616
1995-02-27,0.4619
1995-02-28,0.4608
1995-03-01,0.4621
1995-03-02,0.4625
1995-03-03,0.4654
1995-03-05,0.4654
1995-03-06,0.477
1995-03-07,0.4763
1995-03-08,0.483
1995-03-09,0.4778
1995-03-10,0.4769
1995-03-12,0.4769
1995-03-13,0.4744
1995-03-14,0.4732
1995-03-15,0.4718
1995-03-19,0.4718
1995-03-20,0.4754
1995-03-21,0.4729
1995-03-22,0.4717
1995-03-23,0.4753
1995-03-24,0.476
1995-03-26,0.476
1995-03-27,0.4759
1995-03-28,0.4783
1995-03-29,0.4804
1995-03-30,0.4798
1995-03-31,0.4774
1995-04-02,0.4774
1995-04-03,0.4801
1995-04-04,0.478
1995-04-05,0.4806
1995-04-06,0.4779
1995-04-07,0.4773
1995-04-09,0.4773
1995-04-10,0.4732
1995-04-11,0.4721
1995-04-12,0.4744
1995-04-13,0.474
1995-04-16,0.474
1995-04-18,0.4812
1995-04-19,0.483
1995-04-20,0.4786
1995-04-23,0.4786
1995-04-24,0.4792
1995-04-25,0.4795
1995-04-26,0.476
1995-04-27,0.4778
1995-04-28,0.4774
1995-04-30,0.4774
1995-05-01,0.476
1995-05-02,0.4773
1995-05-03,0.4782
1995-05-05,0.4792
1995-05-07,0.4792
1995-05-08,0.4812
1995-05-09,0.4797
1995-05-10,0.4791
1995-05-11,0.4755
1995-05-12,0.4686
1995-05-14,0.4686
1995-05-15,0.4717
1995-05-16,0.471
1995-05-17,0.473
1995-05-18,0.4724
1995-05-19,0.473
1995-05-21,0.473
1995-05-22,0.4715
1995-05-23,0.4739
1995-05-24,0.4718
1995-05-25,0.4764
1995-05-26,0.4867
1995-05-28,0.4867
1995-05-30,0.4838
1995-05-31,0.4867
1995-06-01,0.4761
1995-06-02,0.4799
1995-06-05,0.4804
1995-06-06,0.4781
1995-06-07,0.4772
1995-06-08,0.4762
1995-06-09,0.4769
1995-06-11,0.4769
1995-06-12,0.4778
1995-06-13,0.4792
1995-06-14,0.4766
1995-06-15,0.475
1995-06-16,0.4749
1995-06-18,0.4749
1995-06-19,0.4757
1995-06-20,0.4785
1995-06-21,0.4794
1995-06-22,0.4809
1995-06-23,0.4779
1995-06-25,0.4779
1995-06-26,0.4801
1995-06-27,0.4805
1995-06-28,0.4791
1995-06-29,0.4772
1995-06-30,0.4782
1995-07-02,0.4782
1995-07-03,0.4797
1995-07-04,0.4799
1995-07-05,0.4782
1995-07-06,0.4791
1995-07-07,0.4786
1995-07-09,0.4786
1995-07-10,0.4763
1995-07-11,0.4744
1995-07-12,0.4733
1995-07-13,0.4725
1995-07-14,0.4759
1995-07-16,0.4759
1995-07-17,0.4747
1995-07-18,0.4757
1995-07-19,0.4774
1995-07-20,0.4792
1995-07-21,0.4783
1995-07-23,0.4783
1995-07-24,0.4778
1995-07-25,0.4795
1995-07-26,0.4816
1995-07-27,0.4842
1995-07-28,0.4871
1995-07-30,0.4871
1995-07-31,0.4885
1995-08-01,0.4867
1995-08-02,0.4868
1995-08-03,0.489
1995-08-04,0.4893
1995-08-07,0.489
1995-08-08,0.4862
1995-08-09,0.4864
1995-08-10,0.4864
1995-08-11,0.4815
1995-08-13,0.4815
1995-08-14,0.4785
1995-08-15,0.4751
1995-08-16,0.4707
1995-08-17,0.4685
1995-08-18,0.4705
1995-08-20,0.4705
1995-08-21,0.4718
1995-08-22,0.4686
1995-08-23,0.4708
1995-08-24,0.4696
1995-08-25,0.4731
1995-08-27,0.4731
1995-08-28,0.4746
1995-08-29,0.4741
1995-08-30,0.472
1995-08-31,0.4749
1995-09-01,0.4744
1995-09-03,0.4744
1995-09-04,0.4767
1995-09-05,0.4745
1995-09-06,0.4711
1995-09-07,0.4715
1995-09-08,0.4703
1995-09-10,0.4703
1995-09-11,0.4736
1995-09-12,0.4726
1995-09-13,0.4705
1995-09-14,0.4698
1995-09-15,0.4684
1995-09-17,0.4684
1995-09-18,0.469
1995-09-19,0.468
1995-09-20,0.4705
1995-09-21,0.4789
1995-09-22,0.4829
1995-09-24,0.4829
1995-09-27,0.4783
1995-09-28,0.4793
1995-09-29,0.4793
1995-10-01,0.4793
1995-10-02,0.478
1995-10-05,0.4781
1995-10-06,0.4795
1995-10-08,0.4795
1995-10-10,0.4787
1995-10-11,0.4792
1995-10-12,0.4792
1995-10-13,0.48
1995-10-15,0.48
1995-10-17,0.4787
1995-10-18,0.4773
1995-10-19,0.4797
1995-10-20,0.483
1995-10-22,0.483
1995-10-23,0.4872
1995-10-24,0.4906
1995-10-25,0.4909
1995-10-26,0.49
1995-10-27,0.4911
1995-10-29,0.4911
1995-10-30,0.4872
1995-10-31,0.4852
1995-11-01,0.4844
1995-11-02,0.4807
1995-11-03,0.4828
1995-11-05,0.4828
1995-11-06,0.484
1995-11-07,0.4835
1995-11-08,0.4834
1995-11-09,0.4816
1995-11-10,0.4841
1995-11-12,0.4841
1995-11-13,0.4833
1995-11-14,0.4814
1995-11-15,0.4862
1995-11-16,0.4885
1995-11-17,0.4919
1995-11-19,0.4919
1995-11-20,0.4967
1995-11-21,0.4938
1995-11-22,0.4909
1995-11-23,0.492
1995-11-24,0.4946
1995-11-26,0.4946
1995-11-27,0.4891
1995-11-28,0.4872
1995-11-29,0.4842
1995-11-30,0.4846
1995-12-01,0.4848
1995-12-03,0.4848
1995-12-04,0.4864
1995-12-05,0.4877
1995-12-06,0.4869
1995-12-07,0.489
1995-12-08,0.488
1995-12-10,0.488
1995-12-11,0.4891
1995-12-12,0.4882
1995-12-13,0.4866
1995-12-14,0.4869
1995-12-15,0.4899
1995-12-17,0.4899
1995-12-18,0.4911
1995-12-19,0.4928
1995-12-20,0.4931
1995-12-21,0.499
1995-12-22,0.4987
1995-12-24,0.4987
1995-12-27,0.4971
1995-12-28,0.4968
1995-12-29,0.496
1995-12-31,0.496
1996-01-02,0.4949
1996-01-03,0.4936
1996-01-04,0.4908
1996-01-05,0.4915
1996-01-07,0.4915
1996-01-08,0.4945
1996-01-09,0.4919
1996-01-10,0.4931
1996-01-11,0.4937
1996-01-12,0.4924
1996-01-14,0.4924
1996-01-15,0.4919
1996-01-16,0.4885
1996-01-17,0.487
1996-01-18,0.4848
1996-01-19,0.4826
1996-01-21,0.4826
1996-01-22,0.4811
1996-01-23,0.484
1996-01-24,0.4814
1996-01-25,0.4844
1996-01-26,0.4845
1996-01-28,0.4845
1996-01-29,0.4812
1996-01-30,0.482
1996-01-31,0.4811
1996-02-01,0.482
1996-02-02,0.4832
1996-02-04,0.4832
1996-02-05,0.4861
1996-02-06,0.4872
1996-02-07,0.4852
1996-02-08,0.4854
1996-02-09,0.4839
1996-02-11,0.4839
1996-02-12,0.484
1996-02-13,0.482
1996-02-14,0.4843
1996-02-15,0.4843
1996-02-16,0.4842
1996-02-18,0.4842
1996-02-19,0.4894
1996-02-20,0.4863
1996-02-21,0.4872
1996-02-22,0.4898
1996-02-23,0.4898
1996-02-25,0.4898
1996-02-26,0.4915
1996-02-27,0.4894
1996-02-28,0.4879
1996-02-29,0.4851
1996-03-01,0.4824
1996-03-03,0.4824
1996-03-04,0.4835
1996-03-07,0.4799
1996-03-08,0.4813
1996-03-10,0.4813
1996-03-11,0.4805
1996-03-12,0.4794
1996-03-13,0.4829
1996-03-14,0.4828
1996-03-15,0.4822
1996-03-17,0.4822
1996-03-18,0.4818
1996-03-19,0.4803
1996-03-20,0.4813
1996-03-21,0.4833
1996-03-22,0.4806
1996-03-24,0.4806
1996-03-25,0.4812
1996-03-26,0.4843
1996-03-27,0.4847
1996-03-28,0.486
1996-03-29,0.4853
1996-03-31,0.4853
1996-04-01,0.4837
1996-04-02,0.4865
1996-04-07,0.4865
1996-04-09,0.4881
1996-04-11,0.4851
1996-04-12,0.4853
1996-04-14,0.4853
1996-04-15,0.4843
1996-04-16,0.4877
1996-04-17,0.4883
1996-04-18,0.4903
1996-04-19,0.4925
1996-04-21,0.4925
1996-04-22,0.4874
1996-04-23,0.4856
1996-04-25,0.4845
1996-04-26,0.4825
1996-04-28,0.4825
1996-04-29,0.4888
1996-04-30,0.4856
1996-05-01,0.4854
1996-05-02,0.4864
1996-05-03,0.4892
1996-05-05,0.4892
1996-05-06,0.4974
1996-05-07,0.5007
1996-05-08,0.4964
1996-05-09,0.4959
1996-05-10,0.4952
1996-05-12,0.4952
1996-05-13,0.4901
1996-05-14,0.4893
1996-05-15,0.4922
1996-05-16,0.4941
1996-05-17,0.4944
1996-05-19,0.4944
1996-05-20,0.496
1996-05-21,0.4954
1996-05-22,0.4937
1996-05-23,0.4943
1996-05-26,0.4943
1996-05-28,0.4972
1996-05-30,0.5045
1996-05-31,0.5027
1996-06-02,0.5027
1996-06-03,0.5038
1996-06-04,0.5024
1996-06-05,0.5004
1996-06-06,0.5003
1996-06-07,0.4992
1996-06-09,0.4992
1996-06-10,0.4954
1996-06-11,0.499
1996-06-12,0.4986
1996-06-13,0.4981
1996-06-14,0.5013
1996-06-16,0.5013
1996-06-17,0.5007
1996-06-18,0.5017
1996-06-19,0.5011
1996-06-20,0.5007
1996-06-21,0.5005
1996-06-23,0.5005
1996-06-24,0.4931
1996-06-25,0.494
1996-06-26,0.4929
1996-06-27,0.4917
1996-06-28,0.4927
1996-06-30,0.4927
1996-07-01,0.4928
1996-07-02,0.4915
1996-07-03,0.49
1996-07-04,0.4921
1996-07-05,0.4907
1996-07-07,0.4907
1996-07-08,0.4875
1996-07-09,0.4862
1996-07-10,0.4863
1996-07-11,0.4897
1996-07-12,0.4909
1996-07-14,0.4909
1996-07-15,0.4879
1996-07-16,0.4934
1996-07-18,0.4956
1996-07-19,0.4973
1996-07-21,0.4973
1996-07-22,0.4953
1996-07-23,0.4958
1996-07-24,0.4946
1996-07-26,0.4984
1996-07-28,0.4984
1996-07-29,0.496
1996-07-30,0.4966
1996-07-31,0.4965
1996-08-01,0.4939
1996-08-02,0.4933
1996-08-04,0.4933
1996-08-05,0.4937
1996-08-06,0.4908
1996-08-07,0.4914
1996-08-08,0.4899
1996-08-09,0.4911
1996-08-11,0.4911
1996-08-12,0.4915
1996-08-13,0.491
1996-08-14,0.4902
1996-08-15,0.4912
1996-08-16,0.4902
1996-08-18,0.4902
1996-08-19,0.4898
1996-08-20,0.4894
1996-08-21,0.4898
1996-08-22,0.4878
1996-08-23,0.4895
1996-08-25,0.4895
1996-08-26,0.4907
1996-08-27,0.4897
1996-08-28,0.4895
1996-08-29,0.4899
1996-08-30,0.49
1996-09-01,0.49
1996-09-02,0.4901
1996-09-03,0.4895
1996-09-04,0.4903
1996-09-05,0.4912
1996-09-06,0.4922
1996-09-08,0.4922
1996-09-09,0.4921
1996-09-10,0.4903
1996-09-11,0.4885
1996-09-12,0.4883
1996-09-16,0.4894
1996-09-17,0.4899
1996-09-18,0.4899
1996-09-19,0.4905
1996-09-20,0.4901
1996-09-24,0.4905
1996-09-25,0.4919
1996-09-26,0.4899
1996-09-27,0.4915
1996-09-29,0.4915
1996-09-30,0.495
1996-10-01,0.4912
1996-10-02,0.4905
1996-10-03,0.4895
1996-10-04,0.4898
1996-10-06,0.4898
1996-10-07,0.4903
1996-10-08,0.491
1996-10-09,0.4904
1996-10-10,0.4904
1996-10-11,0.4907
1996-10-13,0.4907
1996-10-14,0.4912
1996-10-15,0.4896
1996-10-16,0.4904
1996-10-17,0.4957
1996-10-18,0.5001
1996-10-20,0.5001
1996-10-21,0.5019
1996-10-22,0.4995
1996-10-23,0.504
1996-10-24,0.5081
1996-10-25,0.5081
1996-10-27,0.5081
1996-10-28,0.5061
1996-10-29,0.509
1996-10-30,0.5115
1996-10-31,0.5122
1996-11-01,0.5111
1996-11-03,0.5111
1996-11-04,0.5096
1996-11-05,0.5095
1996-11-06,0.5072
1996-11-07,0.5122
1996-11-08,0.5112
1996-11-10,0.5112
1996-11-11,0.5127
1996-11-12,0.5154
1996-11-13,0.5116
1996-11-14,0.512
1996-11-15,0.5112
1996-11-17,0.5112
1996-11-18,0.5084
1996-11-19,0.5103
1996-11-20,0.5122
1996-11-21,0.514
1996-11-22,0.5129
1996-11-24,0.5129
1996-11-25,0.5089
1996-11-26,0.5031
1996-11-27,0.5074
1996-11-28,0.5079
1996-11-29,0.5069
1996-12-01,0.5069
1996-12-02,0.5092
1996-12-03,0.5064
1996-12-04,0.5053
1996-12-05,0.5027
1996-12-06,0.5076
1996-12-08,0.5076
1996-12-09,0.506
1996-12-10,0.5066
1996-12-11,0.5097
1996-12-12,0.5076
1996-12-13,0.507
1996-12-15,0.507
1996-12-16,0.5056
1996-12-17,0.5077
1996-12-18,0.5069
1996-12-19,0.5066
1996-12-20,0.5053
1996-12-22,0.5053
1996-12-23,0.506
1996-12-24,0.5047
1996-12-25,0.5047
1996-12-26,0.5047
1996-12-27,0.5052
1996-12-29,0.5052
1996-12-31,0.5063
1997-01-02,0.5064
1997-01-03,0.5067
1997-01-05,0.5067
1997-01-06,0.5045
1997-01-07,0.502
1997-01-08,0.4997
1997-01-09,0.5027
1997-01-10,0.5082
1997-01-13,0.5131
1997-01-14,0.5117
1997-01-15,0.5135
1997-01-16,0.5157
1997-01-17,0.5183
1997-01-20,0.5167
1997-01-21,0.5071
1997-01-22,0.5046
1997-01-23,0.5039
1997-01-24,0.5027
1997-01-27,0.5082
1997-01-28,0.5072
1997-01-29,0.5073
1997-01-30,0.5079
1997-01-31,0.5094
1997-02-03,0.5094
1997-02-04,0.5135
1997-02-05,0.5142
1997-02-06,0.5122
1997-02-07,0.5115
1997-02-10,0.5091
1997-02-11,0.5025
1997-02-12,0.5052
1997-02-13,0.5034
1997-02-17,0.4966
1997-02-18,0.4953
1997-02-19,0.4959
1997-02-20,0.4982
1997-02-24,0.5006
1997-02-25,0.5015
1997-02-26,0.5004
1997-02-27,0.4989
1997-03-03,0.4953
1997-03-04,0.4858
1997-03-05,0.4833
1997-03-06,0.4846
1997-03-07,0.4868
1997-03-10,0.492
1997-03-11,0.4949
1997-03-12,0.4948
1997-03-13,0.4955
1997-03-14,0.4915
1997-03-17,0.4921
1997-03-18,0.4911
1997-03-19,0.4973
1997-03-20,0.4988
1997-03-21,0.5004
1997-03-25,0.5029
1997-03-26,0.505
1997-03-27,0.506
1997-04-01,0.5037
1997-04-02,0.499
1997-04-03,0.4934
1997-04-04,0.4945
1997-04-07,0.4879
1997-04-08,0.4875
1997-04-09,0.4884
1997-04-10,0.4881
1997-04-11,0.4872
1997-04-14,0.4886
1997-04-15,0.4861
1997-04-16,0.4839
1997-04-17,0.481
1997-04-18,0.4779
1997-04-23,0.4833
1997-04-24,0.4815
1997-04-25,0.4817
1997-04-29,0.4802
1997-04-30,0.4797
1997-05-01,0.4806
1997-05-02,0.4811
1997-05-05,0.4783
1997-05-06,0.478
1997-05-07,0.4786
1997-05-08,0.4789
1997-05-09,0.4815
1997-05-13,0.48
1997-05-14,0.4818
1997-05-15,0.484
1997-05-16,0.4806
1997-05-19,0.4784
1997-05-20,0.4814
1997-05-21,0.4818
1997-05-22,0.4838
1997-05-23,0.4813
1997-05-27,0.4793
1997-05-28,0.4798
1997-05-29,0.4789
1997-05-30,0.4785
1997-06-02,0.4778
1997-06-03,0.4797
1997-06-04,0.4769
1997-06-05,0.4758
1997-06-06,0.4765
1997-06-09,0.4777
1997-06-10,0.4766
1997-06-12,0.4743
1997-06-13,0.4723
1997-06-16,0.4673
1997-06-17,0.4689
1997-06-18,0.4729
1997-06-19,0.4717
1997-06-20,0.4739
1997-06-23,0.4806
1997-06-24,0.4839
1997-06-25,0.4862
1997-06-26,0.4936
1997-06-27,0.4948
1997-06-30,0.4897
1997-07-01,0.4852
1997-07-02,0.4782
1997-07-03,0.4794
1997-07-04,0.4877
1997-07-07,0.4893
1997-07-08,0.4872
1997-07-09,0.4852
1997-07-10,0.4841
1997-07-11,0.4823
1997-07-14,0.4765
1997-07-15,0.4746
1997-07-16,0.4758
1997-07-17,0.4789
1997-07-18,0.4764
1997-07-21,0.4756
1997-07-22,0.4728
1997-07-23,0.4671
1997-07-24,0.4677
1997-07-25,0.4687
1997-07-28,0.4653
1997-07-29,0.4655
1997-07-30,0.4653
1997-07-31,0.4657
1997-08-01,0.4627
1997-08-04,0.4574
1997-08-05,0.4572
1997-08-06,0.4568
1997-08-07,0.4565
1997-08-08,0.4591
1997-08-11,0.4625
1997-08-13,0.4617
1997-08-14,0.4634
1997-08-15,0.4602
1997-08-18,0.4649
1997-08-19,0.4622
1997-08-20,0.4586
1997-08-21,0.4594
1997-08-22,0.463
1997-08-25,0.4639
1997-08-26,0.4693
1997-08-27,0.4714
1997-08-28,0.4697
1997-08-29,0.4743
1997-09-01,0.4674
1997-09-02,0.4675
1997-09-03,0.4669
1997-09-04,0.4683
1997-09-05,0.472
1997-09-08,0.4752
1997-09-09,0.4708
1997-09-10,0.4721
1997-09-11,0.4742
1997-09-12,0.4773
1997-09-15,0.4839
1997-09-16,0.4776
1997-09-17,0.4826
1997-09-18,0.4873
1997-09-19,0.4841
1997-09-22,0.4819
1997-09-23,0.4823
1997-09-24,0.4879
1997-09-25,0.489
1997-09-26,0.4953
1997-09-29,0.4936
1997-09-30,0.493
1997-10-06,0.4981
1997-10-07,0.497
1997-10-08,0.493
1997-10-09,0.4959
1997-10-13,0.4986
1997-10-14,0.4985
1997-10-15,0.4987
1997-10-17,0.501
1997-10-20,0.4956
1997-10-21,0.4933
1997-10-22,0.4872
1997-10-24,0.4984
1997-10-27,0.499
1997-10-28,0.5036
1997-10-29,0.5018
1997-10-30,0.5053
1997-10-31,0.5045
1997-11-03,0.5002
1997-11-04,0.505
1997-11-05,0.5012
1997-11-06,0.5
1997-11-07,0.5079
1997-11-10,0.5075
1997-11-11,0.5069
1997-11-12,0.5044
1997-11-13,0.5006
1997-11-14,0.5002
1997-11-17,0.4974
1997-11-18,0.5011
1997-11-19,0.5006
1997-11-20,0.5021
1997-11-21,0.4991
1997-11-24,0.5002
1997-11-25,0.4983
1997-11-26,0.494
1997-11-27,0.4903
1997-11-28,0.4914
1997-12-01,0.4874
1997-12-02,0.4899
1997-12-08,0.4904
1997-12-09,0.4889
1997-12-10,0.4879
1997-12-11,0.4883
1997-12-12,0.4889
1997-12-15,0.4853
1997-12-16,0.4851
1997-12-17,0.4898
1997-12-18,0.488
1997-12-19,0.4885
1997-12-22,0.4852
1997-12-23,0.4856
1997-12-24,0.4859
1997-12-29,0.4841
1997-12-30,0.4805
1997-12-31,0.4806
1998-01-02,0.4789
1998-01-05,0.4791
1998-01-06,0.4777
1998-01-07,0.475
1998-01-08,0.4747
1998-01-09,0.4785
1998-01-12,0.4747
1998-01-13,0.4734
1998-01-14,0.4748
1998-01-15,0.4753
1998-01-16,0.4794
1998-01-19,0.4751
1998-01-20,0.4754
1998-01-21,0.4746
1998-01-22,0.4788
1998-01-23,0.4815
1998-01-26,0.482
1998-01-27,0.4823
1998-01-28,0.4779
1998-01-29,0.4761
1998-01-30,0.4756
1998-02-02,0.4732
1998-02-03,0.4752
1998-02-04,0.4754
1998-02-05,0.4795
1998-02-06,0.4787
1998-02-09,0.475
1998-02-10,0.4768
1998-02-11,0.4757
1998-02-12,0.4777
1998-02-13,0.476
1998-02-16,0.4752
1998-02-17,0.4749
1998-02-18,0.4725
1998-02-19,0.4758
1998-02-20,0.4771
1998-02-23,0.4745
1998-02-24,0.4775
1998-02-25,0.4757
1998-02-26,0.4721
1998-02-27,0.4736
1998-03-02,0.4745
1998-03-03,0.4715
1998-03-04,0.4738
1998-03-05,0.4756
1998-03-06,0.4728
1998-03-09,0.4717
1998-03-10,0.4714
1998-03-11,0.4707
1998-03-16,0.4712
1998-03-17,0.4706
1998-03-18,0.4707
1998-03-19,0.472
1998-03-20,0.4731
1998-03-23,0.4766
1998-03-24,0.4755
1998-03-25,0.4732
1998-03-26,0.4744
1998-03-27,0.4775
1998-03-30,0.477
1998-03-31,0.4724
1998-04-01,0.4712
1998-04-02,0.4718
1998-04-03,0.4744
1998-04-06,0.4844
1998-04-07,0.4824
1998-04-08,0.4831
1998-04-09,0.4885
1998-04-14,0.498
1998-04-15,0.4975
1998-04-16,0.4958
1998-04-20,0.4986
1998-04-21,0.5048
1998-04-22,0.505
1998-04-23,0.5027
1998-04-24,0.5024
1998-04-27,0.4962
1998-04-28,0.4986
1998-04-29,0.4959
1998-05-04,0.499
1998-05-05,0.5028
1998-05-06,0.5026
1998-05-07,0.5017
1998-05-08,0.4985
1998-05-11,0.495
1998-05-12,0.4959
1998-05-13,0.4913
1998-05-14,0.4923
1998-05-15,0.4913
1998-05-18,0.4868
1998-05-19,0.4879
1998-05-20,0.4874
1998-05-21,0.4887
1998-05-22,0.4897
1998-05-26,0.4871
1998-05-27,0.4853
1998-05-28,0.4818
1998-05-29,0.4836
1998-06-01,0.4853
1998-06-02,0.4849
1998-06-03,0.4883
1998-06-04,0.4895
1998-06-05,0.4906
1998-06-08,0.491
1998-06-09,0.491
1998-06-10,0.4856
1998-06-11,0.4811
1998-06-12,0.4813
1998-06-15,0.4778
1998-06-16,0.4816
1998-06-17,0.4825
1998-06-18,0.4861
1998-06-19,0.4839
1998-06-22,0.4819
1998-06-23,0.482
1998-06-24,0.4818
1998-06-25,0.4817
1998-06-26,0.4812
1998-06-29,0.4767
1998-06-30,0.4785
1998-07-01,0.4752
1998-07-02,0.4731
1998-07-03,0.4746
1998-07-06,0.4775
1998-07-07,0.4761
1998-07-08,0.4756
1998-07-09,0.4726
1998-07-10,0.4739
1998-07-13,0.4759
1998-07-14,0.4769
1998-07-15,0.479
1998-07-16,0.4815
1998-07-17,0.4825
1998-07-20,0.485
1998-07-21,0.4837
1998-07-22,0.4823
1998-07-23,0.4831
1998-07-24,0.4851
1998-07-27,0.486
1998-07-28,0.4847
1998-07-29,0.4854
1998-07-30,0.4851
1998-07-31,0.4826
1998-08-03,0.4802
1998-08-04,0.4804
1998-08-05,0.483
1998-08-06,0.4837
1998-08-07,0.492
1998-08-10,0.4845
1998-08-11,0.482
1998-08-12,0.4881
1998-08-13,0.4839
1998-08-14,0.4842
1998-08-17,0.4805
1998-08-18,0.4801
1998-08-19,0.4784
1998-08-20,0.4806
1998-08-21,0.4835
1998-08-24,0.4782
1998-08-25,0.476
1998-08-26,0.4672
1998-08-27,0.4492
1998-08-28,0.4787
1998-08-31,0.4823
1998-09-01,0.4914
1998-09-02,0.4939
1998-09-03,0.4961
1998-09-04,0.498
1998-09-07,0.5019
1998-09-08,0.4969
1998-09-09,0.4963
1998-09-10,0.506
1998-09-11,0.5102
1998-09-14,0.5065
1998-09-15,0.5111
1998-09-16,0.5096
1998-09-17,0.5156
1998-09-18,0.5132
1998-09-23,0.5094
1998-09-24,0.5142
1998-09-25,0.5187
1998-09-28,0.5162
1998-10-01,0.5265
1998-10-02,0.5265
1998-10-06,0.5369
1998-10-07,0.5561
1998-10-08,0.5925
1998-10-09,0.5717
1998-10-13,0.5584
1998-10-14,0.5504
1998-10-15,0.5518
1998-10-16,0.5605
1998-10-19,0.5696
1998-10-20,0.5783
1998-10-21,0.5876
1998-10-22,0.5899
1998-10-23,0.5763
1998-10-26,0.572
1998-10-27,0.568
1998-10-28,0.5679
1998-10-29,0.5828
1998-10-30,0.5775
1998-11-02,0.5861
1998-11-03,0.5814
1998-11-04,0.5802
1998-11-05,0.5838
1998-11-06,0.5874
1998-11-09,0.5805
1998-11-10,0.5753
1998-11-11,0.5702
1998-11-12,0.5667
1998-11-13,0.5608
1998-11-16,0.5598
1998-11-17,0.5592
1998-11-18,0.5578
1998-11-19,0.5587
1998-11-20,0.5598
1998-11-23,0.5586
1998-11-24,0.5564
1998-11-25,0.5551
1998-11-26,0.5549
1998-11-27,0.5616
1998-11-30,0.5584
1998-12-01,0.5608
1998-12-02,0.5624
1998-12-03,0.5628
1998-12-04,0.5666
1998-12-07,0.562
1998-12-08,0.5538
1998-12-09,0.5501
1998-12-10,0.5528
1998-12-11,0.5448
1998-12-14,0.5395
1998-12-15,0.5319
1998-12-16,0.5415
1998-12-17,0.5451
1998-12-18,0.5447
1998-12-21,0.5476
1998-12-22,0.5449
1998-12-23,0.5452
1998-12-24,0.5517
1998-12-28,0.5451
1998-12-29,0.5471
1998-12-30,0.5517
1998-12-31,0.547
1999-01-04,0.5507
1999-01-05,0.552
1999-01-06,0.5468
1999-01-07,0.549
1999-01-08,0.5556
1999-01-11,0.5496
1999-01-12,0.5431
1999-01-13,0.5456
1999-01-14,0.5436
1999-01-15,0.5463
1999-01-18,0.5431
1999-01-19,0.5468
1999-01-20,0.5448
1999-01-21,0.5473
1999-01-22,0.5499
1999-01-25,0.5488
1999-01-26,0.5487
1999-01-27,0.5478
1999-01-28,0.5471
1999-01-29,0.5469
1999-02-01,0.5409
1999-02-02,0.5381
1999-02-03,0.5365
1999-02-04,0.5313
1999-02-05,0.5316
1999-02-08,0.5327
1999-02-09,0.5346
1999-02-10,0.5356
1999-02-11,0.5336
1999-02-12,0.5288
1999-02-15,0.5304
1999-02-16,0.5249
1999-02-17,0.5255
1999-02-18,0.5223
1999-02-19,0.5214
1999-02-22,0.5135
1999-02-23,0.5134
1999-02-24,0.5162
1999-02-25,0.5148
1999-02-26,0.5121
1999-03-01,0.5115
1999-03-04,0.5099
1999-03-05,0.5096
1999-03-08,0.5122
1999-03-09,0.5115
1999-03-10,0.5147
1999-03-11,0.5143
1999-03-12,0.515
1999-03-15,0.5159
1999-03-16,0.5128
1999-03-17,0.5154
1999-03-18,0.5215
1999-03-19,0.5208
1999-03-22,0.5174
1999-03-23,0.5207
1999-03-24,0.5215
1999-03-25,0.523
1999-03-26,0.5248
1999-03-29,0.5159
1999-03-30,0.518
1999-04-06,0.5196
1999-04-08,0.519
1999-04-09,0.5185
1999-04-12,0.521
1999-04-13,0.5202
1999-04-14,0.521
1999-04-15,0.5214
1999-04-16,0.5188
1999-04-19,0.5183
1999-04-20,0.5194
1999-04-22,0.5172
1999-04-23,0.5207
1999-04-26,0.5228
1999-04-27,0.5262
1999-04-28,0.5318
1999-04-29,0.5326
1999-04-30,0.5339
1999-05-03,0.5312
1999-05-04,0.5294
1999-05-05,0.5289
1999-05-06,0.5364
1999-05-07,0.5377
1999-05-10,0.5398
1999-05-11,0.543
1999-05-12,0.5372
1999-05-13,0.5357
1999-05-14,0.5351
1999-05-18,0.5308
1999-05-19,0.5267
1999-05-20,0.5273
1999-05-24,0.5273
1999-05-25,0.5313
1999-05-26,0.5282
1999-05-27,0.5212
1999-05-28,0.5228
1999-06-01,0.5187
1999-06-02,0.5149
1999-06-03,0.5169
1999-06-04,0.5121
1999-06-07,0.5146
1999-06-08,0.519
1999-06-09,0.5207
1999-06-10,0.5215
1999-06-11,0.5233
1999-06-14,0.5201
1999-06-15,0.5168
1999-06-16,0.5162
1999-06-17,0.5162
1999-06-18,0.5167
1999-06-21,0.5214
1999-06-22,0.5217
1999-06-23,0.5234
1999-06-24,0.5251
1999-06-25,0.5285
1999-06-28,0.522
1999-06-29,0.5197
1999-06-30,0.5191
1999-07-01,0.5185
1999-07-02,0.5168
1999-07-05,0.5195
1999-07-06,0.5172
1999-07-07,0.5169
1999-07-08,0.5145
1999-07-09,0.5145
1999-07-12,0.5109
1999-07-13,0.5142
1999-07-14,0.511
1999-07-15,0.5097
1999-07-16,0.5119
1999-07-19,0.5103
1999-07-20,0.5207
1999-07-21,0.5176
1999-07-23,0.5221
1999-07-26,0.5275
1999-07-27,0.525
1999-07-28,0.5236
1999-07-29,0.5284
1999-07-30,0.5345
1999-08-02,0.5379
1999-08-03,0.5367
1999-08-04,0.5401
1999-08-05,0.543
1999-08-06,0.5414
1999-08-09,0.5397
1999-08-10,0.5449
1999-08-11,0.5428
1999-08-12,0.5404
1999-08-13,0.5425
1999-08-16,0.538
1999-08-17,0.5388
1999-08-18,0.538
1999-08-19,0.5393
1999-08-20,0.5476
1999-08-23,0.5423
1999-08-24,0.5371
1999-08-25,0.5377
1999-08-26,0.533
1999-08-27,0.5319
1999-08-30,0.5334
1999-08-31,0.5412
1999-09-01,0.5421
1999-09-02,0.5421
1999-09-03,0.5401
1999-09-06,0.5383
1999-09-07,0.5379
1999-09-08,0.5464
1999-09-09,0.5451
1999-09-13,0.5372
1999-09-14,0.5378
1999-09-15,0.5316
1999-09-16,0.535
1999-09-17,0.5346
1999-09-21,0.5393
1999-09-22,0.544
1999-09-23,0.5433
1999-09-24,0.5496
1999-09-27,0.5452
1999-09-28,0.5481
1999-09-29,0.5495
1999-09-30,0.5528
1999-10-01,0.5557
1999-10-04,0.554
1999-10-05,0.5529
1999-10-06,0.554
1999-10-07,0.5526
1999-10-08,0.5472
1999-10-11,0.5459
1999-10-12,0.5479
1999-10-13,0.5525
1999-10-14,0.5524
1999-10-15,0.5549
1999-10-18,0.5551
1999-10-19,0.5527
1999-10-20,0.5527
1999-10-21,0.5541
1999-10-22,0.5545
1999-10-25,0.5512
1999-10-26,0.547
1999-10-27,0.5459
1999-10-28,0.5445
1999-10-29,0.5389
1999-11-01,0.5429
1999-11-02,0.5386
1999-11-03,0.5382
1999-11-04,0.5349
1999-11-05,0.5323
1999-11-08,0.533
1999-11-09,0.5356
1999-11-10,0.5351
1999-11-11,0.5343
1999-11-12,0.5323
1999-11-15,0.5349
1999-11-16,0.534
1999-11-17,0.534
1999-11-18,0.5364
1999-11-19,0.5324
1999-11-22,0.5345
1999-11-23,0.5349
1999-11-24,0.5284
1999-11-25,0.5296
1999-11-26,0.5284
1999-11-29,0.5264
1999-11-30,0.5253
1999-12-01,0.5251
1999-12-02,0.5233
1999-12-03,0.5225
1999-12-06,0.5286
1999-12-07,0.5336
1999-12-08,0.5343
1999-12-09,0.5305
1999-12-10,0.528
1999-12-13,0.5257
1999-12-14,0.5186
1999-12-15,0.5173
1999-12-16,0.5242
1999-12-17,0.5295
1999-12-20,0.5214
1999-12-21,0.5217
1999-12-22,0.5228
1999-12-23,0.5222
1999-12-24,0.5196
1999-12-27,0.5204
1999-12-28,0.5169
1999-12-29,0.5189
1999-12-30,0.5172
2000-01-03,0.5162
2000-01-04,0.523
2000-01-05,0.524
2000-01-06,0.526
2000-01-07,0.5214
2000-01-10,0.5131
2000-01-11,0.5143
2000-01-12,0.5157
2000-01-13,0.5165
2000-01-14,0.5159
2000-01-17,0.5092
2000-01-18,0.5045
2000-01-19,0.5116
2000-01-20,0.5103
2000-01-21,0.5145
2000-01-24,0.5109
2000-01-25,0.511
2000-01-26,0.5067
2000-01-27,0.5051
2000-01-28,0.4987
2000-01-31,0.4948
2000-02-01,0.4895
2000-02-02,0.493
2000-02-03,0.4909
2000-02-04,0.4964
2000-02-07,0.4935
2000-02-08,0.4991
2000-02-09,0.4988
2000-02-10,0.4973
2000-02-11,0.498
2000-02-14,0.4946
2000-02-15,0.4915
2000-02-16,0.4886
2000-02-17,0.4926
2000-02-18,0.4908
2000-02-21,0.4893
2000-02-22,0.4958
2000-02-23,0.4961
2000-02-24,0.4919
2000-02-25,0.4909
2000-02-28,0.4831
2000-02-29,0.485
2000-03-01,0.4819
2000-03-02,0.4837
2000-03-03,0.4804
2000-03-06,0.4775
2000-03-07,0.4746
2000-03-08,0.4737
2000-03-09,0.4727
2000-03-10,0.4743
2000-03-13,0.475
2000-03-14,0.4702
2000-03-15,0.4711
2000-03-16,0.4717
2000-03-17,0.4716
2000-03-20,0.4738
2000-03-23,0.4823
2000-03-24,0.4826
2000-03-27,0.4812
2000-03-28,0.4755
2000-03-29,0.4758
2000-03-30,0.4758
2000-03-31,0.4761
2000-04-03,0.4778
2000-04-04,0.474
2000-04-05,0.482
2000-04-06,0.4776
2000-04-07,0.4761
2000-04-10,0.474
2000-04-11,0.4742
2000-04-12,0.473
2000-04-13,0.4724
2000-04-14,0.473
2000-04-17,0.4756
2000-04-18,0.4704
2000-04-25,0.4619
2000-04-27,0.4556
2000-04-28,0.45
2000-05-02,0.4572
2000-05-03,0.4514
2000-05-04,0.4521
2000-05-05,0.4532
2000-05-08,0.4521
2000-05-09,0.455
2000-05-11,0.4592
2000-05-12,0.4555
2000-05-15,0.4618
2000-05-16,0.4594
2000-05-17,0.453
2000-05-18,0.4558
2000-05-19,0.4553
2000-05-22,0.459
2000-05-23,0.4618
2000-05-24,0.4611
2000-05-25,0.4551
2000-05-26,0.461
2000-05-30,0.4681
2000-05-31,0.4665
2000-06-01,0.4662
2000-06-02,0.4669
2000-06-05,0.4702
2000-06-06,0.4723
2000-06-07,0.4791
2000-06-08,0.4797
2000-06-12,0.4702
2000-06-13,0.4749
2000-06-14,0.4782
2000-06-15,0.4742
2000-06-16,0.4745
2000-06-19,0.4757
2000-06-20,0.4752
2000-06-21,0.4724
2000-06-22,0.4685
2000-06-23,0.468
2000-06-26,0.4656
2000-06-27,0.4674
2000-06-28,0.4707
2000-06-29,0.4751
2000-06-30,0.4779
2000-07-03,0.4723
2000-07-04,0.4719
2000-07-05,0.4747
2000-07-06,0.476
2000-07-07,0.475
2000-07-10,0.4789
2000-07-11,0.4774
2000-07-12,0.4769
2000-07-13,0.469
2000-07-14,0.4706
2000-07-17,0.4695
2000-07-18,0.4676
2000-07-19,0.4627
2000-07-20,0.4624
2000-07-21,0.4673
2000-07-24,0.4659
2000-07-25,0.4715
2000-07-26,0.4696
2000-07-27,0.4688
2000-07-28,0.4631
2000-07-31,0.4609
2000-08-01,0.461
2000-08-02,0.4559
2000-08-03,0.4516
2000-08-04,0.455
2000-08-07,0.4572
2000-08-08,0.4539
2000-08-09,0.4522
2000-08-11,0.4556
2000-08-14,0.4522
2000-08-15,0.4541
2000-08-16,0.4534
2000-08-17,0.4551
2000-08-18,0.4577
2000-08-21,0.4523
2000-08-22,0.4488
2000-08-23,0.4479
2000-08-24,0.4481
2000-08-25,0.4507
2000-08-28,0.45
2000-08-29,0.4486
2000-08-30,0.4429
2000-08-31,0.4433
2000-09-01,0.4418
2000-09-04,0.4477
2000-09-05,0.4418
2000-09-06,0.4414
2000-09-07,0.4363
2000-09-08,0.4383
2000-09-11,0.4308
2000-09-12,0.4366
2000-09-13,0.435
2000-09-14,0.4358
2000-09-15,0.4355
2000-09-18,0.432
2000-09-19,0.4329
2000-09-20,0.4305
2000-09-21,0.4323
2000-09-22,0.4371
2000-09-25,0.4431
2000-09-26,0.4416
2000-09-27,0.4439
2000-09-28,0.4437
2000-10-02,0.442
2000-10-03,0.441
2000-10-04,0.4396
2000-10-05,0.4396
2000-10-06,0.4405
2000-10-10,0.4427
2000-10-11,0.4401
2000-10-12,0.4442
2000-10-13,0.4434
2000-10-16,0.4375
2000-10-17,0.4384
2000-10-18,0.4356
2000-10-19,0.4327
2000-10-20,0.4352
2000-10-23,0.4373
2000-10-24,0.4388
2000-10-25,0.4338
2000-10-26,0.4305
2000-10-27,0.4332
2000-10-30,0.4424
2000-10-31,0.4419
2000-11-01,0.4471
2000-11-02,0.4472
2000-11-03,0.4463
2000-11-06,0.4469
2000-11-07,0.4423
2000-11-08,0.4427
2000-11-09,0.442
2000-11-10,0.4465
2000-11-13,0.4441
2000-11-14,0.4407
2000-11-15,0.4406
2000-11-16,0.4395
2000-11-17,0.4384
2000-11-20,0.435
2000-11-21,0.4332
2000-11-22,0.4334
2000-11-23,0.4339
2000-11-24,0.431
2000-11-27,0.4299
2000-11-28,0.4376
2000-11-29,0.4412
2000-11-30,0.4414
2000-12-01,0.4441
2000-12-04,0.451
2000-12-05,0.4457
2000-12-06,0.448
2000-12-07,0.451
2000-12-08,0.4462
2000-12-11,0.4455
2000-12-12,0.4453
2000-12-13,0.4416
2000-12-14,0.4463
2000-12-15,0.4514
2000-12-18,0.452
2000-12-19,0.4486
2000-12-20,0.4524
2000-12-21,0.4557
2000-12-22,0.4554
2000-12-27,0.457
2000-12-28,0.4559
2000-12-29,0.4556
2001-01-02,0.4632
2001-01-03,0.4697
2001-01-04,0.4644
2001-01-05,0.4698
2001-01-08,0.4724
2001-01-09,0.4694
2001-01-10,0.4712
2001-01-11,0.4767
2001-01-12,0.4784
2001-01-15,0.4715
2001-01-16,0.4716
2001-01-17,0.4693
2001-01-18,0.4719
2001-01-19,0.4735
2001-01-22,0.4692
2001-01-23,0.471
2001-01-24,0.4671
2001-01-25,0.4595
2001-01-26,0.4675
2001-01-29,0.4657
2001-01-30,0.4668
2001-01-31,0.4683
2001-02-01,0.4759
2001-02-02,0.475
2001-02-05,0.4751
2001-02-07,0.472
2001-02-08,0.4665
2001-02-09,0.4623
2001-02-12,0.4652
2001-02-13,0.4628
2001-02-14,0.4581
2001-02-15,0.4542
2001-02-16,0.4557
2001-02-19,0.4623
2001-02-20,0.4544
2001-02-21,0.4578
2001-02-22,0.4534
2001-02-23,0.452
2001-02-26,0.4576
2001-02-27,0.458
2001-02-28,0.461
2001-03-01,0.4634
2001-03-02,0.4674
2001-03-05,0.4664
2001-03-06,0.4644
2001-03-07,0.4668
2001-03-08,0.4678
2001-03-12,0.4655
2001-03-13,0.462
2001-03-14,0.4635
2001-03-15,0.4625
2001-03-16,0.4565
2001-03-19,0.4622
2001-03-20,0.464
2001-03-21,0.466
2001-03-22,0.461
2001-03-23,0.4657
2001-03-26,0.4618
2001-03-27,0.4629
2001-03-28,0.4623
2001-03-29,0.4628
2001-03-30,0.459
2001-04-02,0.4591
2001-04-03,0.4614
2001-04-04,0.4645
2001-04-05,0.4621
2001-04-06,0.4635
2001-04-09,0.4649
2001-04-10,0.4599
2001-04-11,0.4588
2001-04-12,0.4586
2001-04-16,0.4563
2001-04-17,0.4589
2001-04-18,0.4555
2001-04-19,0.4558
2001-04-20,0.4599
2001-04-23,0.4588
2001-04-24,0.4575
2001-04-25,0.4554
2001-04-27,0.4587
2001-04-30,0.454
2001-05-01,0.4556
2001-05-02,0.4558
2001-05-03,0.4563
2001-05-04,0.4576
2001-05-07,0.4584
2001-05-08,0.4564
2001-05-09,0.4545
2001-05-10,0.457
2001-05-11,0.4534
2001-05-14,0.4545
2001-05-15,0.4545
2001-05-16,0.4567
2001-05-17,0.4556
2001-05-18,0.4557
2001-05-21,0.4569
2001-05-22,0.4531
2001-05-23,0.4468
2001-05-24,0.447
2001-05-25,0.4469
2001-05-29,0.4465
2001-05-30,0.4456
2001-05-31,0.4414
2001-06-01,0.4413
2001-06-04,0.4437
2001-06-05,0.4409
2001-06-06,0.4443
2001-06-07,0.4413
2001-06-08,0.4441
2001-06-11,0.444
2001-06-12,0.4411
2001-06-13,0.4436
2001-06-14,0.4454
2001-06-15,0.4518
2001-06-18,0.4514
2001-06-19,0.4527
2001-06-20,0.4527
2001-06-21,0.4535
2001-06-22,0.4528
2001-06-25,0.4531
2001-06-26,0.4533
2001-06-27,0.4552
2001-06-28,0.4497
2001-06-29,0.4477
2001-07-02,0.4453
2001-07-03,0.4467
2001-07-04,0.446
2001-07-05,0.4458
2001-07-06,0.4453
2001-07-09,0.4493
2001-07-10,0.4515
2001-07-11,0.4526
2001-07-12,0.4501
2001-07-13,0.451
2001-07-16,0.4519
2001-07-17,0.4495
2001-07-18,0.4544
2001-07-19,0.4576
2001-07-20,0.4597
2001-07-23,0.4553
2001-07-24,0.4559
2001-07-25,0.4593
2001-07-26,0.4591
2001-07-27,0.4619
2001-07-30,0.4608
2001-07-31,0.4611
2001-08-01,0.4638
2001-08-02,0.4645
2001-08-03,0.4657
2001-08-06,0.466
2001-08-07,0.4656
2001-08-08,0.4659
2001-08-09,0.4695
2001-08-10,0.473
2001-08-13,0.472
2001-08-14,0.4709
2001-08-15,0.4763
2001-08-16,0.4784
2001-08-17,0.4752
2001-08-20,0.4772
2001-08-21,0.4767
2001-08-22,0.481
2001-08-23,0.4755
2001-08-24,0.4764
2001-08-27,0.4764
2001-08-28,0.4752
2001-08-29,0.4811
2001-08-30,0.4789
2001-08-31,0.4842
2001-09-03,0.4812
2001-09-04,0.4809
2001-09-05,0.4814
2001-09-06,0.4792
2001-09-07,0.482
2001-09-10,0.4877
2001-09-11,0.4899
2001-09-12,0.4916
2001-09-13,0.4914
2001-09-14,0.4931
2001-09-20,0.506
2001-09-21,0.5053
2001-09-24,0.5018
2001-09-25,0.4998
2001-09-28,0.4924
2001-10-01,0.4914
2001-10-03,0.4977
2001-10-04,0.4949
2001-10-05,0.4949
2001-10-08,0.4945
2001-10-10,0.4949
2001-10-11,0.4891
2001-10-12,0.4909
2001-10-15,0.491
2001-10-16,0.4873
2001-10-17,0.4891
2001-10-18,0.4878
2001-10-19,0.4864
2001-10-22,0.482
2001-10-23,0.4796
2001-10-24,0.4839
2001-10-25,0.4836
2001-10-26,0.4819
2001-10-29,0.4847
2001-10-30,0.4884
2001-10-31,0.4838
2001-11-01,0.4872
2001-11-02,0.4847
2001-11-05,0.4798
2001-11-06,0.4823
2001-11-07,0.4833
2001-11-08,0.4815
2001-11-09,0.4786
2001-11-12,0.4769
2001-11-13,0.4733
2001-11-14,0.4749
2001-11-15,0.473
2001-11-16,0.4735
2001-11-19,0.4695
2001-11-20,0.4715
2001-11-21,0.4704
2001-11-22,0.471
2001-11-23,0.4716
2001-11-26,0.4708
2001-11-27,0.4693
2001-11-28,0.4701
2001-11-29,0.4722
2001-11-30,0.4723
2001-12-03,0.4729
2001-12-04,0.4749
2001-12-05,0.4721
2001-12-06,0.4706
2001-12-07,0.4718
2001-12-10,0.4682
2001-12-11,0.4697
2001-12-12,0.4707
2001-12-13,0.473
2001-12-14,0.4767
2001-12-17,0.477
2001-12-18,0.4779
2001-12-19,0.4787
2001-12-20,0.4808
2001-12-21,0.4858
2001-12-24,0.4784
2001-12-26,0.4834
2001-12-27,0.4839
2001-12-28,0.4867
2001-12-31,0.4903
2002-01-02,0.5004
2002-01-03,0.5046
2002-01-04,0.5037
2002-01-07,0.5033
2002-01-08,0.5016
2002-01-09,0.5009
2002-01-10,0.5006
2002-01-11,0.505
2002-01-14,0.504
2002-01-15,0.5057
2002-01-16,0.5051
2002-01-17,0.506
2002-01-18,0.5027
2002-01-21,0.5083
2002-01-22,0.5122
2002-01-23,0.5143
2002-01-24,0.5118
2002-01-25,0.5107
2002-01-28,0.5061
2002-01-29,0.5092
2002-01-30,0.5084
2002-01-31,0.5071
2002-02-01,0.5032
2002-02-04,0.5073
2002-02-05,0.511
2002-02-06,0.5125
2002-02-07,0.5184
2002-02-08,0.5205
2002-02-11,0.532
2002-02-12,0.5277
2002-02-13,0.5195
2002-02-14,0.5179
2002-02-15,0.5198
2002-02-18,0.526
2002-02-19,0.5296
2002-02-20,0.5294
2002-02-21,0.5277
2002-02-22,0.5278
2002-02-25,0.5226
2002-02-28,0.5184
2002-03-01,0.5258
2002-03-04,0.5254
2002-03-05,0.5299
2002-03-06,0.5322
2002-03-07,0.5333
2002-03-08,0.5303
2002-03-11,0.5277
2002-03-12,0.5283
2002-03-13,0.5272
2002-03-14,0.5289
2002-03-15,0.53
2002-03-18,0.5271
2002-03-19,0.5281
2002-03-20,0.5268
2002-03-21,0.5317
2002-03-22,0.5305
2002-03-25,0.5309
2002-03-26,0.5295
2002-04-02,0.5459
2002-04-04,0.5512
2002-04-05,0.5446
2002-04-08,0.5472
2002-04-09,0.5485
2002-04-10,0.5491
2002-04-11,0.5497
2002-04-12,0.5543
2002-04-15,0.5539
2002-04-16,0.5528
2002-04-18,0.5575
2002-04-19,0.5588
2002-04-22,0.5578
2002-04-23,0.5592
2002-04-24,0.5675
2002-04-25,0.5768
2002-04-26,0.5759
2002-04-29,0.5847
2002-04-30,0.5818
2002-05-01,0.5798
2002-05-02,0.5806
2002-05-03,0.5775
2002-05-06,0.5838
2002-05-07,0.5825
2002-05-08,0.5877
2002-05-09,0.588
2002-05-10,0.5954
2002-05-13,0.5957
2002-05-14,0.5885
2002-05-15,0.5863
2002-05-16,0.5897
2002-05-20,0.5916
2002-05-21,0.5953
2002-05-22,0.6002
2002-05-23,0.6047
2002-05-24,0.6055
2002-05-27,0.6029
2002-05-28,0.6174
2002-05-29,0.6254
2002-05-30,0.6226
2002-05-31,0.6178
2002-06-03,0.6168
2002-06-04,0.6264
2002-06-05,0.6302
2002-06-06,0.6313
2002-06-07,0.6336
2002-06-10,0.6341
2002-06-11,0.6343
2002-06-12,0.6348
2002-06-13,0.6303
2002-06-14,0.6316
2002-06-17,0.6295
2002-06-18,0.6294
2002-06-19,0.6408
2002-06-20,0.6502
2002-06-21,0.6525
2002-06-24,0.6539
2002-06-25,0.6497
2002-06-26,0.657
2002-06-27,0.6409
2002-06-28,0.6374
2002-07-01,0.6357
2002-07-02,0.6379
2002-07-03,0.6333
2002-07-04,0.6367
2002-07-05,0.6404
2002-07-08,0.6443
2002-07-09,0.646
2002-07-10,0.643
2002-07-11,0.6373
2002-07-12,0.6377
2002-07-15,0.6363
2002-07-16,0.6435
2002-07-17,0.6355
2002-07-19,0.6372
2002-07-22,0.6256
2002-07-23,0.6129
2002-07-24,0.6164
2002-07-25,0.6257
2002-07-26,0.6235
2002-07-29,0.6192
2002-07-30,0.6164
2002-07-31,0.6166
2002-08-01,0.6146
2002-08-02,0.6198
2002-08-05,0.6175
2002-08-06,0.6069
2002-08-07,0.6088
2002-08-08,0.6087
2002-08-09,0.6093
2002-08-12,0.6124
2002-08-13,0.6167
2002-08-14,0.62
2002-08-15,0.6142
2002-08-16,0.6169
2002-08-19,0.6158
2002-08-20,0.6152
2002-08-21,0.616
2002-08-22,0.6154
2002-08-23,0.6113
2002-08-26,0.6124
2002-08-27,0.618
2002-08-28,0.62
2002-08-29,0.6214
2002-08-30,0.6214
2002-09-02,0.6216
2002-09-03,0.6244
2002-09-04,0.6295
2002-09-05,0.6412
2002-09-09,0.6304
2002-09-10,0.6271
2002-09-11,0.6295
2002-09-12,0.6284
2002-09-13,0.6308
2002-09-17,0.6186
2002-09-18,0.6268
2002-09-19,0.6411
2002-09-20,0.6442
2002-09-23,0.6453
2002-09-24,0.6438
2002-09-25,0.6562
2002-09-26,0.6481
2002-09-27,0.6483
2002-09-30,0.6531
2002-10-01,0.6556
2002-10-02,0.6498
2002-10-03,0.6549
2002-10-04,0.6546
2002-10-07,0.6539
2002-10-08,0.6524
2002-10-09,0.6549
2002-10-10,0.6523
2002-10-11,0.6533
2002-10-14,0.6543
2002-10-15,0.6489
2002-10-16,0.6473
2002-10-17,0.6268
2002-10-18,0.6247
2002-10-21,0.6248
2002-10-22,0.6272
2002-10-23,0.6268
2002-10-24,0.6249
2002-10-25,0.6301
2002-10-28,0.6306
2002-10-29,0.6359
2002-10-30,0.6302
2002-10-31,0.6383
2002-11-01,0.64
2002-11-04,0.6407
2002-11-05,0.6431
2002-11-06,0.636
2002-11-07,0.6391
2002-11-08,0.6492
2002-11-11,0.6506
2002-11-12,0.6498
2002-11-13,0.6452
2002-11-14,0.6424
2002-11-15,0.6403
2002-11-18,0.6427
2002-11-19,0.6467
2002-11-20,0.64
2002-11-21,0.6419
2002-11-22,0.6416
2002-11-25,0.6345
2002-11-26,0.6348
2002-11-27,0.6323
2002-11-28,0.6336
2002-11-29,0.632
2002-12-02,0.6288
2002-12-03,0.636
2002-12-04,0.6409
2002-12-05,0.6397
2002-12-06,0.6466
2002-12-09,0.6481
2002-12-10,0.6451
2002-12-11,0.6401
2002-12-12,0.6452
2002-12-13,0.6491
2002-12-16,0.6468
2002-12-17,0.6571
2002-12-18,0.6538
2002-12-19,0.666
2002-12-20,0.6667
2002-12-23,0.6687
2002-12-24,0.6705
2002-12-26,0.6791
2002-12-27,0.6822
2002-12-30,0.6833
2002-12-31,0.6825
2003-01-02,0.6878
2003-01-03,0.6867
2003-01-06,0.6933
2003-01-07,0.6867
2003-01-08,0.693
2003-01-09,0.7016
2003-01-10,0.6988
2003-01-13,0.6988
2003-01-14,0.6967
2003-01-15,0.6974
2003-01-16,0.7009
2003-01-17,0.709
2003-01-20,0.7066
2003-01-21,0.7069
2003-01-22,0.7102
2003-01-23,0.7096
2003-01-24,0.7058
2003-01-27,0.7126
2003-01-29,0.7118
2003-01-30,0.6989
2003-01-31,0.6991
2003-02-03,0.6938
2003-02-04,0.7036
2003-02-05,0.7067
2003-02-06,0.7
2003-02-07,0.6996
2003-02-10,0.7048
2003-02-11,0.6977
2003-02-12,0.699
2003-02-13,0.703
2003-02-14,0.7063
2003-02-17,0.6919
2003-02-18,0.6895
2003-02-19,0.692
2003-02-20,0.6969
2003-02-21,0.7012
2003-02-24,0.6926
2003-02-25,0.689
2003-02-26,0.6862
2003-02-27,0.6732
2003-02-28,0.6674
2003-03-03,0.6752
2003-03-04,0.679
2003-03-05,0.6854
2003-03-06,0.6766
2003-03-07,0.6798
2003-03-10,0.6732
2003-03-11,0.6761
2003-03-12,0.6774
2003-03-13,0.6657
2003-03-14,0.6627
2003-03-17,0.6658
2003-03-20,0.6388
2003-03-21,0.6398
2003-03-24,0.6388
2003-03-25,0.6415
2003-03-26,0.6396
2003-03-27,0.642
2003-03-28,0.6425
2003-03-31,0.6467
2003-04-01,0.6402
2003-04-02,0.6458
2003-04-03,0.6382
2003-04-04,0.643
2003-04-07,0.6327
2003-04-08,0.6383
2003-04-09,0.6373
2003-04-10,0.6363
2003-04-11,0.6346
2003-04-14,0.6259
2003-04-15,0.6265
2003-04-22,0.6434
2003-04-24,0.6423
2003-04-25,0.6443
2003-04-28,0.6488
2003-04-29,0.6375
2003-05-02,0.6418
2003-05-05,0.6393
2003-05-06,0.6401
2003-05-08,0.6492
2003-05-09,0.6525
2003-05-12,0.656
2003-05-13,0.658
2003-05-14,0.6553
2003-05-19,0.6679
2003-05-20,0.6674
2003-05-21,0.6824
2003-05-22,0.6783
2003-05-23,0.6672
2003-05-27,0.67
2003-05-28,0.6622
2003-05-29,0.6573
2003-05-30,0.6559
2003-06-02,0.6536
2003-06-03,0.6464
2003-06-04,0.6354
2003-06-05,0.6381
2003-06-09,0.6316
2003-06-10,0.6286
2003-06-11,0.6349
2003-06-12,0.6307
2003-06-13,0.6336
2003-06-16,0.6297
2003-06-17,0.6254
2003-06-18,0.6277
2003-06-19,0.6273
2003-06-20,0.628
2003-06-23,0.6196
2003-06-24,0.6185
2003-06-25,0.6135
2003-06-26,0.5993
2003-06-27,0.5955
2003-06-30,0.5939
2003-07-01,0.5993
2003-07-02,0.6017
2003-07-03,0.595
2003-07-04,0.5964
2003-07-07,0.587
2003-07-08,0.5919
2003-07-09,0.5963
2003-07-10,0.5895
2003-07-11,0.5941
2003-07-14,0.5935
2003-07-15,0.5941
2003-07-16,0.5907
2003-07-17,0.5991
2003-07-18,0.594
2003-07-21,0.5976
2003-07-22,0.5975
2003-07-23,0.5994
2003-07-24,0.6084
2003-07-25,0.6131
2003-07-28,0.6124
2003-07-29,0.6103
2003-07-30,0.6138
2003-07-31,0.6131
2003-08-01,0.6048
2003-08-04,0.6178
2003-08-05,0.6143
2003-08-06,0.6161
2003-08-08,0.618
2003-08-11,0.6097
2003-08-12,0.6094
2003-08-13,0.6068
2003-08-14,0.6031
2003-08-15,0.6037
2003-08-18,0.5971
2003-08-19,0.5892
2003-08-20,0.5939
2003-08-21,0.5926
2003-08-22,0.5909
2003-08-25,0.5878
2003-08-26,0.5814
2003-08-27,0.5854
2003-08-28,0.5833
2003-08-29,0.5851
2003-09-01,0.5939
2003-09-02,0.5879
2003-09-03,0.583
2003-09-04,0.5863
2003-09-05,0.5909
2003-09-08,0.6
2003-09-09,0.6
2003-09-10,0.6038
2003-09-11,0.6088
2003-09-12,0.6113
2003-09-15,0.6137
2003-09-16,0.6086
2003-09-17,0.6078
2003-09-18,0.6171
2003-09-19,0.6204
2003-09-22,0.6252
2003-09-23,0.6257
2003-09-24,0.6323
2003-09-25,0.6362
2003-09-29,0.6286
2003-09-30,0.6337
2003-10-01,0.6286
2003-10-02,0.6324
2003-10-03,0.6324
2003-10-07,0.6363
2003-10-08,0.6367
2003-10-09,0.6291
2003-10-10,0.6309
2003-10-13,0.6255
2003-10-14,0.6246
2003-10-15,0.6235
2003-10-16,0.6243
2003-10-17,0.6241
2003-10-20,0.6232
2003-10-21,0.6278
2003-10-22,0.6342
2003-10-23,0.6402
2003-10-24,0.6414
2003-10-27,0.6378
2003-10-28,0.6348
2003-10-29,0.6428
2003-10-30,0.6428
2003-10-31,0.6375
2003-11-03,0.6337
2003-11-04,0.6241
2003-11-05,0.6219
2003-11-06,0.6239
2003-11-07,0.6228
2003-11-10,0.6273
2003-11-11,0.6349
2003-11-12,0.639
2003-11-13,0.6442
2003-11-14,0.6505
2003-11-17,0.651
2003-11-18,0.6483
2003-11-19,0.6542
2003-11-20,0.6522
2003-11-21,0.6538
2003-11-24,0.6492
2003-11-25,0.6455
2003-11-26,0.6477
2003-11-27,0.6484
2003-11-28,0.652
2003-12-01,0.6524
2003-12-02,0.6496
2003-12-03,0.6575
2003-12-04,0.6611
2003-12-05,0.6639
2003-12-08,0.6697
2003-12-09,0.663
2003-12-10,0.6598
2003-12-11,0.6536
2003-12-12,0.6577
2003-12-15,0.6481
2003-12-16,0.6555
2003-12-17,0.6567
2003-12-18,0.6524
2003-12-19,0.653
2003-12-22,0.6543
2003-12-23,0.6467
2003-12-24,0.6431
2003-12-29,0.6476
2003-12-30,0.6467
2003-12-31,0.6592
2004-01-02,0.6635
2004-01-05,0.6639
2004-01-06,0.6517
2004-01-07,0.651
2004-01-08,0.6453
2004-01-09,0.6415
2004-01-12,0.6529
2004-01-13,0.6542
2004-01-14,0.6522
2004-01-15,0.6534
2004-01-16,0.6404
2004-01-19,0.6353
2004-01-20,0.6443
2004-01-21,0.645
2004-01-22,0.663
2004-01-23,0.6579
2004-01-26,0.6506
2004-01-27,0.6506
2004-01-28,0.6494
2004-01-29,0.6404
2004-01-30,0.6332
2004-02-02,0.6452
2004-02-03,0.645
2004-02-04,0.6428
2004-02-05,0.6447
2004-02-06,0.6416
2004-02-09,0.6534
2004-02-10,0.6479
2004-02-11,0.6446
2004-02-12,0.6463
2004-02-13,0.6432
2004-02-16,0.6428
2004-02-17,0.6495
2004-02-18,0.6495
2004-02-19,0.6432
2004-02-20,0.6385
2004-02-23,0.6382
2004-02-24,0.6401
2004-02-25,0.6382
2004-02-26,0.6348
2004-02-27,0.6335
2004-03-01,0.6421
2004-03-02,0.64
2004-03-03,0.6297
2004-03-04,0.6345
2004-03-05,0.6347
2004-03-09,0.6437
2004-03-10,0.638
2004-03-11,0.6369
2004-03-12,0.6449
2004-03-15,0.6508
2004-03-16,0.6536
2004-03-17,0.6496
2004-03-18,0.648
2004-03-19,0.6483
2004-03-22,0.6582
2004-03-23,0.6555
2004-03-24,0.6544
2004-03-25,0.6499
2004-03-26,0.6504
2004-03-29,0.6507
2004-03-30,0.6544
2004-03-31,0.6563
2004-04-01,0.657
2004-04-02,0.6612
2004-04-07,0.6521
2004-04-08,0.659
2004-04-13,0.6522
2004-04-14,0.6496
2004-04-15,0.6534
2004-04-16,0.6571
2004-04-19,0.6586
2004-04-20,0.6558
2004-04-21,0.6531
2004-04-22,0.6578
2004-04-23,0.6586
2004-04-26,0.6564
2004-04-28,0.6671
2004-04-29,0.6632
2004-04-30,0.669
2004-05-03,0.6687
2004-05-04,0.6718
2004-05-05,0.6774
2004-05-06,0.6794
2004-05-07,0.6795
2004-05-10,0.6769
2004-05-11,0.6666
2004-05-12,0.6688
2004-05-13,0.6698
2004-05-14,0.6659
2004-05-17,0.6676
2004-05-18,0.6684
2004-05-19,0.6621
2004-05-20,0.6619
2004-05-21,0.6666
2004-05-24,0.6671
2004-05-25,0.6703
2004-05-28,0.6801
2004-06-01,0.6802
2004-06-02,0.6824
2004-06-03,0.6768
2004-06-04,0.6779
2004-06-07,0.6823
2004-06-08,0.678
2004-06-09,0.6719
2004-06-10,0.6574
2004-06-11,0.6552
2004-06-14,0.6526
2004-06-15,0.6569
2004-06-16,0.655
2004-06-17,0.6496
2004-06-18,0.6438
2004-06-21,0.6498
2004-06-22,0.6514
2004-06-23,0.6508
2004-06-24,0.654
2004-06-25,0.6559
2004-06-28,0.6583
2004-06-29,0.6556
2004-06-30,0.6483
2004-07-01,0.6458
2004-07-02,0.6396
2004-07-05,0.6465
2004-07-06,0.6498
2004-07-07,0.6572
2004-07-08,0.6555
2004-07-09,0.6564
2004-07-12,0.6565
2004-07-13,0.6555
2004-07-14,0.6529
2004-07-15,0.6532
2004-07-16,0.657
2004-07-19,0.6577
2004-07-20,0.6546
2004-07-21,0.6485
2004-07-22,0.6503
2004-07-23,0.6478
2004-07-26,0.6436
2004-07-28,0.6431
2004-07-29,0.643
2004-07-30,0.6466
2004-08-02,0.6463
2004-08-03,0.6456
2004-08-04,0.646
2004-08-05,0.6541
2004-08-06,0.6588
2004-08-09,0.6673
2004-08-10,0.6674
2004-08-11,0.6649
2004-08-12,0.6683
2004-08-13,0.6679
2004-08-16,0.6756
2004-08-17,0.6763
2004-08-18,0.6721
2004-08-19,0.6763
2004-08-20,0.6775
2004-08-23,0.671
2004-08-24,0.6635
2004-08-25,0.6597
2004-08-26,0.6583
2004-08-27,0.656
2004-08-30,0.6537
2004-08-31,0.6532
2004-09-01,0.6562
2004-09-02,0.6578
2004-09-03,0.6609
2004-09-06,0.6549
2004-09-07,0.654
2004-09-08,0.6509
2004-09-09,0.6613
2004-09-10,0.6608
2004-09-13,0.6593
2004-09-14,0.6553
2004-09-20,0.6455
2004-09-23,0.6624
2004-09-27,0.6571
2004-09-28,0.6617
2004-09-29,0.6617
2004-10-01,0.6663
2004-10-04,0.6668
2004-10-05,0.6624
2004-10-06,0.6628
2004-10-08,0.6629
2004-10-11,0.6703
2004-10-12,0.6704
2004-10-13,0.6649
2004-10-14,0.6752
2004-10-15,0.6737
2004-10-18,0.6787
2004-10-19,0.6783
2004-10-20,0.6814
2004-10-21,0.6797
2004-10-22,0.6819
2004-10-25,0.6886
2004-10-26,0.688
2004-10-27,0.6991
2004-10-28,0.6979
2004-10-29,0.699
2004-11-01,0.6964
2004-11-02,0.6918
2004-11-03,0.6936
2004-11-04,0.7007
2004-11-05,0.6971
2004-11-08,0.6994
2004-11-09,0.6946
2004-11-10,0.6987
2004-11-11,0.7006
2004-11-12,0.7038
2004-11-15,0.7064
2004-11-16,0.7025
2004-11-17,0.7028
2004-11-18,0.7033
2004-11-19,0.7034
2004-11-22,0.699
2004-11-23,0.7033
2004-11-24,0.707
2004-11-25,0.711
2004-11-26,0.7113
2004-11-29,0.7183
2004-11-30,0.715
2004-12-01,0.7147
2004-12-02,0.7119
2004-12-03,0.7073
2004-12-06,0.718
2004-12-07,0.7143
2004-12-08,0.7043
2004-12-09,0.7
2004-12-10,0.6994
2004-12-13,0.7052
2004-12-14,0.7023
2004-12-15,0.7035
2004-12-16,0.7079
2004-12-17,0.7032
2004-12-20,0.7042
2004-12-21,0.7036
2004-12-22,0.7012
2004-12-23,0.7044
2004-12-24,0.7082
2004-12-27,0.7093
2004-12-28,0.7147
2004-12-29,0.7191
2004-12-30,0.7164
2004-12-31,0.7131
2005-01-03,0.7164
2005-01-04,0.7097
2005-01-05,0.7031
2005-01-06,0.7028
2005-01-07,0.7032
2005-01-10,0.6956
2005-01-11,0.698
2005-01-12,0.7
2005-01-13,0.7041
2005-01-14,0.6999
2005-01-17,0.6958
2005-01-18,0.6979
2005-01-19,0.7004
2005-01-20,0.6925
2005-01-21,0.6909
2005-01-24,0.6976
2005-01-25,0.6988
2005-01-26,0.698
2005-01-27,0.6972
2005-01-28,0.6959
2005-01-31,0.6921
2005-02-01,0.6895
2005-02-02,0.6949
2005-02-03,0.69
2005-02-04,0.6825
2005-02-07,0.6727
2005-02-08,0.6674
2005-02-09,0.6699
2005-02-10,0.6643
2005-02-11,0.6684
2005-02-14,0.673
2005-02-15,0.6768
2005-02-16,0.6804
2005-02-17,0.6803
2005-02-18,0.6866
2005-02-21,0.6871
2005-02-22,0.6948
2005-02-23,0.6972
2005-02-24,0.7009
2005-02-25,0.698
2005-02-28,0.702
2005-03-01,0.6978
2005-03-02,0.6924
2005-03-03,0.6932
2005-03-04,0.6931
2005-03-07,0.6954
2005-03-08,0.6952
2005-03-09,0.7017
2005-03-10,0.7075
2005-03-11,0.7062
2005-03-14,0.7053
2005-03-15,0.7049
2005-03-16,0.7049
2005-03-17,0.7094
2005-03-18,0.7056
2005-03-21,0.6998
2005-03-22,0.6956
2005-03-23,0.6899
2005-03-24,0.6889
2005-03-28,0.6864
2005-03-29,0.6884
2005-03-30,0.6923
2005-03-31,0.6886
2005-04-01,0.6898
2005-04-04,0.6868
2005-04-05,0.6859
2005-04-06,0.6876
2005-04-07,0.6907
2005-04-08,0.6859
2005-04-11,0.6924
2005-04-12,0.694
2005-04-13,0.6924
2005-04-14,0.6837
2005-04-15,0.6858
2005-04-18,0.6916
2005-04-19,0.6929
2005-04-20,0.696
2005-04-21,0.6997
2005-04-25,0.6951
2005-04-26,0.6956
2005-04-27,0.6943
2005-04-28,0.6923
2005-04-29,0.6946
2005-05-02,0.6912
2005-05-03,0.6904
2005-05-04,0.6965
2005-05-05,0.6957
2005-05-06,0.6962
2005-05-09,0.6887
2005-05-10,0.6904
2005-05-11,0.6954
2005-05-13,0.6856
2005-05-16,0.6808
2005-05-17,0.6833
2005-05-18,0.6806
2005-05-19,0.6791
2005-05-20,0.6792
2005-05-23,0.6768
2005-05-24,0.6827
2005-05-25,0.6828
2005-05-26,0.6863
2005-05-27,0.6902
2005-05-31,0.6852
2005-06-01,0.6829
2005-06-02,0.6836
2005-06-03,0.6841
2005-06-06,0.687
2005-06-07,0.6894
2005-06-08,0.6877
2005-06-09,0.6854
2005-06-10,0.6896
2005-06-14,0.6861
2005-06-15,0.685
2005-06-16,0.6937
2005-06-17,0.6938
2005-06-20,0.7038
2005-06-21,0.6972
2005-06-22,0.6954
2005-06-23,0.6901
2005-06-24,0.6872
2005-06-27,0.6965
2005-06-28,0.6949
2005-06-29,0.6977
2005-06-30,0.6976
2005-07-01,0.7011
2005-07-04,0.6937
2005-07-05,0.6893
2005-07-06,0.6923
2005-07-07,0.6965
2005-07-08,0.6967
2005-07-11,0.6938
2005-07-12,0.6976
2005-07-13,0.6992
2005-07-14,0.691
2005-07-15,0.6921
2005-07-18,0.6921
2005-07-19,0.684
2005-07-20,0.6922
2005-07-21,0.6936
2005-07-22,0.693
2005-07-25,0.6925
2005-07-26,0.6908
2005-07-27,0.6899
2005-07-28,0.6935
2005-07-29,0.6923
2005-08-01,0.7036
2005-08-02,0.7014
2005-08-03,0.7036
2005-08-04,0.7025
2005-08-05,0.7044
2005-08-08,0.7056
2005-08-09,0.7063
2005-08-10,0.7085
2005-08-11,0.7107
2005-08-12,0.7159
2005-08-15,0.7049
2005-08-16,0.7005
2005-08-17,0.696
2005-08-18,0.689
2005-08-19,0.684
2005-08-22,0.6891
2005-08-23,0.6866
2005-08-24,0.6891
2005-08-25,0.6984
2005-08-26,0.7017
2005-08-29,0.7064
2005-08-30,0.701
2005-08-31,0.7046
2005-09-01,0.7104
2005-09-02,0.7267
2005-09-05,0.7177
2005-09-06,0.7159
2005-09-07,0.718
2005-09-08,0.7185
2005-09-09,0.7187
2005-09-12,0.7122
2005-09-13,0.7103
2005-09-14,0.7131
2005-09-15,0.7104
2005-09-16,0.7144
2005-09-19,0.7085
2005-09-20,0.7114
2005-09-21,0.7182
2005-09-22,0.7207
2005-09-23,0.7149
2005-09-26,0.7074
2005-09-27,0.7014
2005-09-28,0.7033
2005-09-29,0.7067
2005-09-30,0.7027
2005-10-06,0.7043
2005-10-07,0.707
2005-10-10,0.7054
2005-10-11,0.7083
2005-10-14,0.7138
2005-10-17,0.7149
2005-10-19,0.7104
2005-10-20,0.7108
2005-10-21,0.7136
2005-10-24,0.7084
2005-10-26,0.7135
2005-10-27,0.7172
2005-10-28,0.7223
2005-10-31,0.7142
2005-11-01,0.7169
2005-11-02,0.7182
2005-11-03,0.72
2005-11-04,0.7165
2005-11-07,0.7119
2005-11-08,0.7065
2005-11-09,0.7103
2005-11-10,0.7149
2005-11-11,0.7129
2005-11-14,0.7133
2005-11-15,0.7088
2005-11-16,0.7087
2005-11-17,0.7039
2005-11-18,0.7023
2005-11-21,0.7077
2005-11-22,0.7073
2005-11-23,0.7081
2005-11-24,0.7045
2005-11-25,0.7002
2005-11-28,0.699
2005-11-29,0.6931
2005-11-30,0.6886
2005-12-01,0.6869
2005-12-02,0.687
2005-12-05,0.692
2005-12-06,0.6924
2005-12-07,0.6831
2005-12-08,0.6881
2005-12-09,0.6881
2005-12-12,0.6878
2005-12-13,0.6896
2005-12-14,0.6941
2005-12-15,0.6896
2005-12-16,0.6896
2005-12-19,0.6868
2005-12-20,0.6848
2005-12-21,0.6766
2005-12-22,0.6814
2005-12-23,0.6774
2005-12-27,0.6813
2005-12-28,0.6815
2005-12-29,0.6776
2005-12-30,0.6809
2006-01-03,0.685
2006-01-04,0.6967
2006-01-05,0.7053
2006-01-06,0.7043
2006-01-09,0.7026
2006-01-10,0.7006
2006-01-11,0.6982
2006-01-12,0.6939
2006-01-13,0.6904
2006-01-16,0.6938
2006-01-17,0.6878
2006-01-18,0.6904
2006-01-19,0.687
2006-01-20,0.6892
2006-01-23,0.7027
2006-01-24,0.704
2006-01-25,0.704
2006-01-26,0.6995
2006-01-27,0.6994
2006-01-30,0.6892
2006-01-31,0.6975
2006-02-01,0.7008
2006-02-02,0.7027
2006-02-03,0.7061
2006-02-06,0.6993
2006-02-07,0.7023
2006-02-08,0.7021
2006-02-09,0.7014
2006-02-10,0.6961
2006-02-13,0.6897
2006-02-14,0.6904
2006-02-15,0.692
2006-02-16,0.6886
2006-02-17,0.6915
2006-02-20,0.6945
2006-02-21,0.6965
2006-02-22,0.6971
2006-02-23,0.6998
2006-02-24,0.6969
2006-02-27,0.6948
2006-02-28,0.6966
2006-03-01,0.6994
2006-03-02,0.7009
2006-03-03,0.7037
2006-03-06,0.7073
2006-03-07,0.7018
2006-03-08,0.7017
2006-03-09,0.7007
2006-03-10,0.7011
2006-03-13,0.7056
2006-03-16,0.7123
2006-03-17,0.7101
2006-03-20,0.713
2006-03-21,0.7108
2006-03-22,0.71
2006-03-23,0.7072
2006-03-24,0.7031
2006-03-27,0.7072
2006-03-29,0.7105
2006-03-30,0.7086
2006-03-31,0.7104
2006-04-03,0.7119
2006-04-04,0.7159
2006-04-05,0.717
2006-04-06,0.7175
2006-04-07,0.7135
2006-04-10,0.7103
2006-04-11,0.7119
2006-04-18,0.7143
2006-04-20,0.7214
2006-04-21,0.7197
2006-04-24,0.7183
2006-04-25,0.7152
2006-04-26,0.7212
2006-04-27,0.7236
2006-04-28,0.728
2006-05-01,0.7285
2006-05-02,0.7251
2006-05-04,0.7314
2006-05-05,0.7297
2006-05-08,0.7276
2006-05-09,0.7228
2006-05-10,0.7289
2006-05-11,0.7285
2006-05-12,0.7353
2006-05-15,0.7342
2006-05-16,0.728
2006-05-17,0.7311
2006-05-18,0.728
2006-05-19,0.7295
2006-05-22,0.7337
2006-05-23,0.738
2006-05-24,0.743
2006-05-25,0.739
2006-05-26,0.7395
2006-05-30,0.7428
2006-05-31,0.7414
2006-06-01,0.7435
2006-06-05,0.7484
2006-06-06,0.7407
2006-06-07,0.733
2006-06-08,0.7289
2006-06-09,0.7256
2006-06-12,0.7236
2006-06-13,0.7265
2006-06-14,0.7207
2006-06-15,0.7168
2006-06-16,0.7156
2006-06-19,0.7128
2006-06-20,0.7098
2006-06-21,0.7124
2006-06-22,0.7076
2006-06-23,0.708
2006-06-26,0.7094
2006-06-27,0.7103
2006-06-28,0.7115
2006-06-29,0.7125
2006-06-30,0.7127
2006-07-03,0.7089
2006-07-04,0.7042
2006-07-05,0.704
2006-07-06,0.7056
2006-07-07,0.7044
2006-07-10,0.7043
2006-07-11,0.699
2006-07-12,0.7098
2006-07-13,0.7197
2006-07-14,0.7242
2006-07-17,0.7126
2006-07-18,0.705
2006-07-19,0.6995
2006-07-20,0.7088
2006-07-21,0.7128
2006-07-24,0.708
2006-07-25,0.705
2006-07-26,0.7039
2006-07-27,0.7109
2006-07-28,0.7132
2006-07-31,0.7121
2006-08-01,0.7136
2006-08-02,0.7163
2006-08-04,0.7156
2006-08-07,0.717
2006-08-08,0.7085
2006-08-09,0.7099
2006-08-10,0.7102
2006-08-11,0.7056
2006-08-14,0.6963
2006-08-15,0.6925
2006-08-16,0.698
2006-08-17,0.6948
2006-08-18,0.6929
2006-08-21,0.6981
2006-08-22,0.6961
2006-08-23,0.6961
2006-08-24,0.6955
2006-08-25,0.6944
2006-08-28,0.7018
2006-08-29,0.6996
2006-08-30,0.6958
2006-08-31,0.6941
2006-09-01,0.6921
2006-09-04,0.6918
2006-09-05,0.6871
2006-09-06,0.6857
2006-09-07,0.6827
2006-09-08,0.6775
2006-09-11,0.6726
2006-09-12,0.6724
2006-09-13,0.6628
2006-09-14,0.6692
2006-09-15,0.6704
2006-09-18,0.6662
2006-09-19,0.6649
2006-09-20,0.6634
2006-09-21,0.665
2006-09-25,0.6579
2006-09-26,0.6598
2006-09-27,0.6599
2006-09-28,0.6642
2006-09-29,0.6631
2006-10-03,0.655
2006-10-04,0.6472
2006-10-05,0.6458
2006-10-06,0.6376
2006-10-09,0.6388
2006-10-10,0.6414
2006-10-11,0.6358
2006-10-12,0.6349
2006-10-13,0.6308
2006-10-16,0.6313
2006-10-17,0.6317
2006-10-18,0.6327
2006-10-19,0.6335
2006-10-20,0.6424
2006-10-23,0.6378
2006-10-24,0.6406
2006-10-25,0.6474
2006-10-26,0.6539
2006-10-27,0.6556
2006-10-30,0.6555
2006-10-31,0.6534
2006-11-01,0.6538
2006-11-02,0.6624
2006-11-03,0.6647
2006-11-06,0.6638
2006-11-07,0.6697
2006-11-08,0.6713
2006-11-09,0.672
2006-11-10,0.6702
2006-11-13,0.672
2006-11-14,0.6702
2006-11-15,0.6661
2006-11-16,0.6726
2006-11-17,0.6674
2006-11-20,0.6692
2006-11-21,0.6706
2006-11-22,0.6745
2006-11-23,0.677
2006-11-24,0.6797
2006-11-27,0.6826
2006-11-28,0.6805
2006-11-30,0.6847
2006-12-01,0.6867
2006-12-04,0.6902
2006-12-05,0.6925
2006-12-06,0.6865
2006-12-07,0.6892
2006-12-08,0.6871
2006-12-11,0.6825
2006-12-12,0.6833
2006-12-13,0.6818
2006-12-14,0.6763
2006-12-15,0.6734
2006-12-18,0.6746
2006-12-19,0.6752
2006-12-20,0.6764
2006-12-21,0.6759
2006-12-22,0.6774
2006-12-26,0.6773
2006-12-27,0.675
2006-12-28,0.673
2006-12-29,0.6728
2007-01-02,0.6802
2007-01-03,0.673
2007-01-04,0.6668
2007-01-05,0.6676
2007-01-08,0.6676
2007-01-09,0.6676
2007-01-10,0.6652
2007-01-11,0.6594
2007-01-12,0.6537
2007-01-15,0.6569
2007-01-16,0.6588
2007-01-17,0.656
2007-01-18,0.6532
2007-01-19,0.655
2007-01-22,0.6546
2007-01-23,0.658
2007-01-24,0.6651
2007-01-25,0.669
2007-01-26,0.6698
2007-01-29,0.6719
2007-01-30,0.6747
2007-01-31,0.677
2007-02-01,0.6795
2007-02-02,0.6798
2007-02-05,0.6773
2007-02-06,0.6781
2007-02-07,0.6801
2007-02-08,0.6793
2007-02-09,0.6799
2007-02-12,0.678
2007-02-13,0.6808
2007-02-14,0.6847
2007-02-15,0.6858
2007-02-16,0.6856
2007-02-19,0.6827
2007-02-20,0.6839
2007-02-21,0.6829
2007-02-22,0.679
2007-02-23,0.6807
2007-02-26,0.6854
2007-02-27,0.6898
2007-02-28,0.685
2007-03-01,0.6884
2007-03-02,0.6832
2007-03-06,0.6781
2007-03-07,0.681
2007-03-08,0.6797
2007-03-09,0.6769
2007-03-12,0.6817
2007-03-13,0.6864
2007-03-14,0.6848
2007-03-15,0.6878
2007-03-16,0.6889
2007-03-19,0.6875
2007-03-20,0.6854
2007-03-21,0.6813
2007-03-22,0.685
2007-03-23,0.6865
2007-03-26,0.6865
2007-03-27,0.6859
2007-03-28,0.6857
2007-03-29,0.6868
2007-03-30,0.6819
2007-04-04,0.6756
2007-04-05,0.6767
2007-04-10,0.6819
2007-04-11,0.6808
2007-04-12,0.6772
2007-04-13,0.6791
2007-04-16,0.6782
2007-04-17,0.6813
2007-04-18,0.6808
2007-04-19,0.6834
2007-04-20,0.6844
2007-04-23,0.6812
2007-04-25,0.6785
2007-04-26,0.6724
2007-04-27,0.6718
2007-04-30,0.674
2007-05-01,0.6784
2007-05-02,0.6792
2007-05-03,0.6776
2007-05-04,0.6747
2007-05-07,0.6702
2007-05-08,0.665
2007-05-09,0.6616
2007-05-10,0.6557
2007-05-11,0.6566
2007-05-14,0.6544
2007-05-15,0.6562
2007-05-16,0.6542
2007-05-17,0.6542
2007-05-18,0.6588
2007-05-21,0.658
2007-05-22,0.6598
2007-05-24,0.6631
2007-05-25,0.668
2007-05-29,0.6701
2007-05-30,0.6703
2007-05-31,0.6672
2007-06-01,0.6744
2007-06-04,0.6752
2007-06-05,0.68
2007-06-06,0.6859
2007-06-07,0.6914
2007-06-08,0.6958
2007-06-11,0.6883
2007-06-12,0.6884
2007-06-13,0.6912
2007-06-14,0.6867
2007-06-15,0.686
2007-06-18,0.6876
2007-06-19,0.6914
2007-06-20,0.6978
2007-06-21,0.7052
2007-06-22,0.7106
2007-06-25,0.7151
2007-06-26,0.7167
2007-06-27,0.722
2007-06-28,0.7211
2007-06-29,0.7195
2007-07-02,0.723
2007-07-03,0.7178
2007-07-04,0.7176
2007-07-05,0.7255
2007-07-06,0.7276
2007-07-09,0.7278
2007-07-10,0.7245
2007-07-11,0.7344
2007-07-12,0.7412
2007-07-13,0.7445
2007-07-16,0.7476
2007-07-17,0.7494
2007-07-18,0.7466
2007-07-19,0.7418
2007-07-20,0.7376
2007-07-23,0.7407
2007-07-25,0.7297
2007-07-26,0.7383
2007-07-27,0.7382
2007-07-30,0.7419
2007-07-31,0.7412
2007-08-01,0.7415
2007-08-02,0.744
2007-08-03,0.7436
2007-08-06,0.7478
2007-08-07,0.7433
2007-08-08,0.7381
2007-08-09,0.7383
2007-08-10,0.7359
2007-08-13,0.7244
2007-08-14,0.7196
2007-08-15,0.7132
2007-08-16,0.7119
2007-08-17,0.7074
2007-08-20,0.7091
2007-08-21,0.7079
2007-08-22,0.7037
2007-08-23,0.7088
2007-08-24,0.7124
2007-08-27,0.7144
2007-08-28,0.7094
2007-08-29,0.7048
2007-08-30,0.7025
2007-08-31,0.7083
2007-09-03,0.71
2007-09-04,0.7085
2007-09-05,0.7072
2007-09-06,0.7146
2007-09-07,0.7143
2007-09-10,0.7226
2007-09-11,0.7217
2007-09-17,0.7281
2007-09-18,0.729
2007-09-19,0.7281
2007-09-20,0.7325
2007-09-24,0.7314
2007-09-25,0.7299
2007-09-26,0.7299
2007-09-28,0.7379
2007-10-01,0.736
2007-10-02,0.7372
2007-10-03,0.739
2007-10-05,0.739
2007-10-08,0.7363
2007-10-09,0.7365
2007-10-10,0.7392
2007-10-11,0.7463
2007-10-12,0.7471
2007-10-15,0.7493
2007-10-16,0.7484
2007-10-17,0.7448
2007-10-18,0.7475
2007-10-19,0.7479
2007-10-22,0.7392
2007-10-23,0.743
2007-10-24,0.7405
2007-10-25,0.7432
2007-10-26,0.7437
2007-10-29,0.7448
2007-10-30,0.742
2007-10-31,0.7414
2007-11-01,0.7321
2007-11-02,0.7328
2007-11-05,0.7329
2007-11-06,0.7375
2007-11-07,0.7435
2007-11-08,0.7415
2007-11-09,0.7439
2007-11-12,0.734
2007-11-13,0.7308
2007-11-14,0.7302
2007-11-15,0.7215
2007-11-16,0.7161
2007-11-19,0.713
2007-11-20,0.7206
2007-11-21,0.7169
2007-11-22,0.7192
2007-11-23,0.711
2007-11-26,0.7159
2007-11-27,0.7121
2007-11-28,0.7041
2007-11-29,0.7004
2007-11-30,0.6957
2007-12-03,0.6945
2007-12-04,0.6971
2007-12-05,0.701
2007-12-06,0.7019
2007-12-07,0.7065
2007-12-10,0.7162
2007-12-11,0.7181
2007-12-12,0.7244
2007-12-13,0.7266
2007-12-14,0.7273
2007-12-17,0.7235
2007-12-18,0.7141
2007-12-19,0.7051
2007-12-20,0.7031
2007-12-21,0.7004
2007-12-24,0.6984
2007-12-26,0.7079
2007-12-27,0.7003
2007-12-28,0.7082
2007-12-31,0.7106
2008-01-02,0.7106
2008-01-03,0.7148
2008-01-04,0.7099
2008-01-07,0.7135
2008-01-08,0.7082
2008-01-09,0.7073
2008-01-10,0.7124
2008-01-11,0.7142
2008-01-14,0.7087
2008-01-15,0.7037
2008-01-16,0.6938
2008-01-17,0.6917
2008-01-18,0.6915
2008-01-21,0.6862
2008-01-22,0.6849
2008-01-23,0.67
2008-01-24,0.6722
2008-01-25,0.6814
2008-01-28,0.6766
2008-01-29,0.6692
2008-01-30,0.6704
2008-01-31,0.6678
2008-02-01,0.6659
2008-02-04,0.6604
2008-02-05,0.661
2008-02-06,0.6586
2008-02-07,0.6616
2008-02-08,0.6502
2008-02-11,0.6554
2008-02-12,0.6494
2008-02-13,0.6587
2008-02-14,0.6647
2008-02-15,0.6638
2008-02-18,0.6674
2008-02-19,0.672
2008-02-20,0.6728
2008-02-21,0.6762
2008-02-22,0.6759
2008-02-25,0.6723
2008-02-26,0.6846
2008-02-27,0.6909
2008-02-28,0.6943
2008-02-29,0.7007
2008-03-03,0.7026
2008-03-04,0.7019
2008-03-05,0.6947
2008-03-06,0.7039
2008-03-07,0.7031
2008-03-10,0.6962
2008-03-11,0.6844
2008-03-12,0.6834
2008-03-13,0.6687
2008-03-14,0.6807
2008-03-17,0.6708
2008-03-18,0.6602
2008-03-19,0.6607
2008-03-20,0.6464
2008-03-24,0.6684
2008-03-25,0.6766
2008-03-26,0.6839
2008-03-27,0.6909
2008-03-28,0.6921
2008-03-31,0.6985
2008-04-01,0.6874
2008-04-02,0.6894
2008-04-03,0.6936
2008-04-04,0.707
2008-04-07,0.7174
2008-04-08,0.7152
2008-04-09,0.7123
2008-04-10,0.7239
2008-04-11,0.719
2008-04-14,0.7115
2008-04-15,0.6976
2008-04-16,0.7011
2008-04-17,0.6988
2008-04-18,0.6898
2008-04-21,0.6895
2008-04-22,0.696
2008-04-23,0.6943
2008-04-24,0.6837
2008-04-25,0.6814
2008-04-28,0.68
2008-04-29,0.6766
2008-04-30,0.6676
2008-05-01,0.6696
2008-05-02,0.6719
2008-05-05,0.6705
2008-05-06,0.672
2008-05-07,0.6783
2008-05-09,0.6809
2008-05-12,0.6812
2008-05-13,0.677
2008-05-14,0.6752
2008-05-15,0.6739
2008-05-16,0.6616
2008-05-19,0.6719
2008-05-20,0.6768
2008-05-21,0.675
2008-05-22,0.6685
2008-05-23,0.6624
2008-05-27,0.657
2008-05-28,0.6558
2008-05-29,0.6448
2008-05-30,0.6309
2008-06-02,0.6371
2008-06-03,0.6402
2008-06-04,0.6441
2008-06-05,0.6517
2008-06-06,0.6549
2008-06-10,0.6569
2008-06-11,0.6597
2008-06-12,0.6602
2008-06-13,0.6547
2008-06-16,0.6574
2008-06-17,0.6447
2008-06-18,0.6445
2008-06-19,0.6488
2008-06-20,0.6488
2008-06-23,0.6538
2008-06-24,0.6579
2008-06-25,0.6622
2008-06-26,0.6669
2008-06-27,0.6679
2008-06-30,0.6603
2008-07-01,0.6596
2008-07-02,0.6455
2008-07-03,0.6424
2008-07-04,0.6432
2008-07-07,0.6383
2008-07-08,0.6395
2008-07-09,0.631
2008-07-10,0.6459
2008-07-11,0.6624
2008-07-14,0.6553
2008-07-15,0.6577
2008-07-16,0.6593
2008-07-17,0.6639
2008-07-18,0.6651
2008-07-21,0.6746
2008-07-22,0.6853
2008-07-23,0.6768
2008-07-24,0.6762
2008-07-25,0.6764
2008-07-28,0.6778
2008-07-29,0.6753
2008-07-30,0.6719
2008-07-31,0.6757
2008-08-01,0.6841
2008-08-04,0.6914
2008-08-05,0.6849
2008-08-06,0.6838
2008-08-07,0.6841
2008-08-08,0.6802
2008-08-11,0.6691
2008-08-12,0.6672
2008-08-13,0.6686
2008-08-14,0.6668
2008-08-15,0.661
2008-08-18,0.6601
2008-08-19,0.6602
2008-08-20,0.6621
2008-08-21,0.6566
2008-08-22,0.6491
2008-08-25,0.654
2008-08-26,0.6519
2008-08-27,0.6637
2008-08-28,0.6677
2008-08-29,0.6687
2008-09-01,0.6648
2008-09-02,0.6587
2008-09-03,0.649
2008-09-04,0.6462
2008-09-05,0.6407
2008-09-08,0.6369
2008-09-09,0.6347
2008-09-10,0.63
2008-09-11,0.6243
2008-09-12,0.6304
2008-09-15,0.623
2008-09-16,0.6109
2008-09-17,0.6101
2008-09-18,0.6117
2008-09-19,0.6079
2008-09-22,0.6236
2008-09-23,0.6124
2008-09-24,0.61
2008-09-25,0.6044
2008-09-26,0.604
2008-10-02,0.5853
2008-10-03,0.5774
2008-10-06,0.5649
2008-10-07,0.5694
2008-10-10,0.5811
2008-10-13,0.5867
2008-10-15,0.5714
2008-10-16,0.5697
2008-10-17,0.5639
2008-10-20,0.574
2008-10-22,0.5499
2008-10-23,0.5415
2008-10-24,0.5478
2008-10-27,0.5387
2008-10-28,0.5551
2008-10-29,0.5624
2008-10-30,0.5618
2008-10-31,0.5665
2008-11-03,0.5687
2008-11-04,0.5631
2008-11-05,0.5697
2008-11-06,0.5644
2008-11-07,0.5602
2008-11-10,0.56
2008-11-11,0.551
2008-11-12,0.5565
2008-11-13,0.5524
2008-11-14,0.5599
2008-11-17,0.562
2008-11-18,0.5636
2008-11-19,0.5633
2008-11-20,0.5635
2008-11-21,0.5669
2008-11-24,0.5686
2008-11-25,0.5632
2008-11-26,0.5569
2008-11-27,0.56
2008-11-28,0.567
2008-12-01,0.5654
2008-12-02,0.5584
2008-12-03,0.5617
2008-12-04,0.5542
2008-12-05,0.5557
2008-12-08,0.556
2008-12-09,0.5528
2008-12-10,0.5539
2008-12-11,0.5618
2008-12-12,0.5659
2008-12-15,0.5607
2008-12-16,0.5516
2008-12-17,0.5517
2008-12-18,0.5489
2008-12-19,0.5372
2008-12-22,0.5461
2008-12-23,0.5488
2008-12-24,0.5475
2008-12-29,0.5528
2008-12-30,0.5397
2008-12-31,0.5431
2009-01-02,0.5411
2009-01-05,0.5542
2009-01-06,0.549
2009-01-07,0.5569
2009-01-08,0.5552
2009-01-09,0.5535
2009-01-12,0.5536
2009-01-13,0.5492
2009-01-14,0.5468
2009-01-15,0.539
2009-01-16,0.5488
2009-01-19,0.5568
2009-01-20,0.5479
2009-01-21,0.556
2009-01-22,0.567
2009-01-23,0.562
2009-01-26,0.5814
2009-01-27,0.591
2009-01-28,0.6006
2009-01-29,0.5982
2009-01-30,0.59
2009-02-02,0.5821
2009-02-03,0.578
2009-02-04,0.5838
2009-02-05,0.5943
2009-02-06,0.5884
2009-02-09,0.6021
2009-02-11,0.6046
2009-02-12,0.5898
2009-02-13,0.5942
2009-02-16,0.59
2009-02-17,0.591
2009-02-18,0.5909
2009-02-19,0.601
2009-02-20,0.5992
2009-02-23,0.6101
2009-02-24,0.6105
2009-02-25,0.6108
2009-02-26,0.6068
2009-02-27,0.5976
2009-03-02,0.586
2009-03-03,0.5876
2009-03-04,0.5893
2009-03-05,0.5953
2009-03-06,0.6006
2009-03-09,0.5977
2009-03-12,0.6045
2009-03-13,0.6133
2009-03-16,0.6135
2009-03-17,0.6061
2009-03-18,0.6153
2009-03-19,0.6356
2009-03-20,0.6366
2009-03-23,0.6373
2009-03-24,0.6407
2009-03-25,0.6417
2009-03-26,0.644
2009-03-27,0.6492
2009-03-30,0.626
2009-03-31,0.6237
2009-04-01,0.6271
2009-04-02,0.6332
2009-04-03,0.6336
2009-04-06,0.6335
2009-04-07,0.6263
2009-04-14,0.6302
2009-04-16,0.6241
2009-04-17,0.6232
2009-04-20,0.6207
2009-04-21,0.6199
2009-04-22,0.6214
2009-04-23,0.6335
2009-04-24,0.6486
2009-04-27,0.6349
2009-04-28,0.6288
2009-04-30,0.6316
2009-05-01,0.6362
2009-05-04,0.6342
2009-05-05,0.6344
2009-05-06,0.6277
2009-05-07,0.639
2009-05-08,0.6346
2009-05-11,0.6398
2009-05-12,0.6401
2009-05-13,0.6338
2009-05-14,0.635
2009-05-15,0.639
2009-05-18,0.6405
2009-05-19,0.6411
2009-05-20,0.6347
2009-05-21,0.6263
2009-05-22,0.6196
2009-05-26,0.6189
2009-05-27,0.6256
2009-05-28,0.6106
2009-06-01,0.6269
2009-06-02,0.6358
2009-06-03,0.6268
2009-06-04,0.628
2009-06-05,0.6238
2009-06-08,0.6186
2009-06-09,0.6159
2009-06-10,0.6229
2009-06-11,0.6172
2009-06-12,0.6199
2009-06-15,0.6161
2009-06-16,0.6123
2009-06-17,0.6148
2009-06-18,0.6216
2009-06-19,0.6188
2009-06-22,0.6084
2009-06-23,0.6074
2009-06-24,0.6113
2009-06-25,0.6086
2009-06-26,0.6159
2009-06-29,0.6093
2009-06-30,0.6131
2009-07-01,0.6087
2009-07-02,0.6072
2009-07-03,0.6037
2009-07-06,0.6003
2009-07-07,0.6052
2009-07-08,0.6069
2009-07-09,0.6078
2009-07-10,0.6092
2009-07-13,0.6144
2009-07-14,0.6126
2009-07-15,0.6117
2009-07-16,0.6126
2009-07-17,0.6108
2009-07-20,0.6163
2009-07-21,0.6173
2009-07-22,0.617
2009-07-23,0.6189
2009-07-24,0.6188
2009-07-27,0.6177
2009-07-28,0.6146
2009-07-29,0.6115
2009-07-31,0.6118
2009-08-03,0.6175
2009-08-04,0.6386
2009-08-05,0.6471
2009-08-06,0.6522
2009-08-07,0.6455
2009-08-10,0.6331
2009-08-11,0.6228
2009-08-12,0.6194
2009-08-13,0.6347
2009-08-14,0.6282
2009-08-17,0.6145
2009-08-18,0.6225
2009-08-19,0.6241
2009-08-20,0.6307
2009-08-21,0.6348
2009-08-24,0.6333
2009-08-25,0.6316
2009-08-26,0.6282
2009-08-27,0.6256
2009-08-28,0.6342
2009-08-31,0.6322
2009-09-01,0.6306
2009-09-02,0.6236
2009-09-03,0.6294
2009-09-04,0.6222
2009-09-07,0.6276
2009-09-08,0.6391
2009-09-09,0.6374
2009-09-10,0.6358
2009-09-11,0.6384
2009-09-14,0.6331
2009-09-15,0.635
2009-09-16,0.6377
2009-09-17,0.6403
2009-09-21,0.6345
2009-09-22,0.6394
2009-09-23,0.6406
2009-09-24,0.6478
2009-09-25,0.6471
2009-09-29,0.6452
2009-09-30,0.6507
2009-10-01,0.6499
2009-10-02,0.6478
2009-10-05,0.6522
2009-10-06,0.6547
2009-10-07,0.6591
2009-10-08,0.6598
2009-10-09,0.6615
2009-10-12,0.6607
2009-10-13,0.6631
2009-10-14,0.6665
2009-10-15,0.6629
2009-10-16,0.6647
2009-10-19,0.6624
2009-10-20,0.6659
2009-10-21,0.6638
2009-10-22,0.6655
2009-10-23,0.6671
2009-10-26,0.6658
2009-10-27,0.6581
2009-10-28,0.655
2009-10-29,0.6594
2009-10-30,0.6618
2009-11-02,0.6613
2009-11-03,0.6539
2009-11-04,0.6618
2009-11-05,0.6653
2009-11-06,0.6657
2009-11-09,0.6659
2009-11-10,0.6713
2009-11-11,0.6741
2009-11-12,0.6715
2009-11-13,0.6702
2009-11-16,0.6732
2009-11-17,0.6717
2009-11-18,0.6752
2009-11-19,0.6706
2009-11-20,0.6753
2009-11-23,0.6794
2009-11-24,0.6732
2009-11-25,0.6732
2009-11-26,0.67
2009-11-27,0.667
2009-11-30,0.6686
2009-12-01,0.6708
2009-12-02,0.6761
2009-12-03,0.6754
2009-12-04,0.6706
2009-12-07,0.666
2009-12-08,0.6608
2009-12-09,0.6603
2009-12-10,0.6599
2009-12-11,0.6584
2009-12-14,0.6531
2009-12-15,0.6487
2009-12-16,0.6542
2009-12-17,0.6498
2009-12-18,0.6495
2009-12-21,0.6527
2009-12-22,0.6487
2009-12-23,0.6474
2009-12-24,0.6559
2009-12-28,0.6543
2009-12-29,0.6564
2009-12-30,0.653
2009-12-31,0.6553
2010-01-04,0.6567
2010-01-05,0.6555
2010-01-06,0.6538
2010-01-07,0.6517
2010-01-08,0.6511
2010-01-11,0.6571
2010-01-12,0.6541
2010-01-13,0.6533
2010-01-14,0.653
2010-01-15,0.6512
2010-01-18,0.651
2010-01-19,0.6474
2010-01-20,0.6434
2010-01-21,0.6419
2010-01-22,0.6444
2010-01-25,0.643
2010-01-26,0.6376
2010-01-27,0.6379
2010-01-28,0.639
2010-01-29,0.6352
2010-02-01,0.6343
2010-02-02,0.6347
2010-02-03,0.6364
2010-02-04,0.6302
2010-02-05,0.6264
2010-02-08,0.6232
2010-02-09,0.6258
2010-02-10,0.6351
2010-02-11,0.6334
2010-02-12,0.6278
2010-02-15,0.634
2010-02-16,0.6344
2010-02-17,0.6389
2010-02-18,0.632
2010-02-19,0.6266
2010-02-22,0.6359
2010-02-23,0.637
2010-02-24,0.6363
2010-02-25,0.6348
2010-02-26,0.6398
2010-03-02,0.6375
2010-03-03,0.6359
2010-03-04,0.6422
2010-03-05,0.6366
2010-03-08,0.6397
2010-03-09,0.6341
2010-03-10,0.6358
2010-03-11,0.6351
2010-03-12,0.637
2010-03-15,0.6353
2010-03-16,0.6365
2010-03-17,0.6388
2010-03-18,0.6372
2010-03-19,0.6381
2010-03-22,0.6271
2010-03-23,0.6273
2010-03-24,0.6246
2010-03-25,0.6202
2010-03-26,0.6185
2010-03-31,0.6216
2010-04-01,0.6233
2010-04-06,0.6194
2010-04-07,0.6222
2010-04-08,0.6182
2010-04-09,0.6225
2010-04-12,0.6263
2010-04-13,0.6259
2010-04-14,0.6306
2010-04-15,0.6285
2010-04-16,0.6308
2010-04-19,0.6271
2010-04-21,0.6304
2010-04-22,0.6313
2010-04-23,0.6299
2010-04-26,0.6311
2010-04-27,0.6337
2010-04-28,0.6285
2010-04-29,0.6288
2010-04-30,0.63
2010-05-03,0.6282
2010-05-04,0.6272
2010-05-05,0.6183
2010-05-06,0.6173
2010-05-07,0.6057
2010-05-10,0.6183
2010-05-11,0.6066
2010-05-12,0.6102
2010-05-13,0.6107
2010-05-14,0.6088
2010-05-17,0.6043
2010-05-18,0.6035
2010-05-20,0.5896
2010-05-21,0.5872
2010-05-24,0.583
2010-05-25,0.5808
2010-05-26,0.59
2010-05-27,0.5891
2010-05-28,0.5979
2010-06-01,0.5926
2010-06-02,0.5936
2010-06-03,0.5988
2010-06-04,0.5989
2010-06-07,0.5843
2010-06-08,0.5773
2010-06-09,0.5834
2010-06-10,0.5888
2010-06-11,0.5945
2010-06-14,0.5987
2010-06-15,0.5954
2010-06-16,0.595
2010-06-17,0.6007
2010-06-18,0.6011
2010-06-21,0.6013
2010-06-22,0.5935
2010-06-23,0.5969
2010-06-24,0.5943
2010-06-25,0.5954
2010-06-28,0.6041
2010-06-29,0.5992
2010-06-30,0.5978
2010-07-01,0.5977
2010-07-02,0.604
2010-07-05,0.6026
2010-07-06,0.606
2010-07-07,0.6062
2010-07-08,0.6061
2010-07-09,0.608
2010-07-12,0.6054
2010-07-13,0.6089
2010-07-14,0.6177
2010-07-15,0.623
2010-07-16,0.6234
2010-07-19,0.614
2010-07-21,0.6161
2010-07-22,0.6234
2010-07-23,0.6262
2010-07-26,0.6217
2010-07-27,0.6196
2010-07-28,0.6185
2010-07-29,0.6208
2010-07-30,0.618
2010-08-02,0.6263
2010-08-03,0.6303
2010-08-04,0.6315
2010-08-05,0.6297
2010-08-06,0.6314
2010-08-09,0.6299
2010-08-10,0.6284
2010-08-11,0.6172
2010-08-12,0.6123
2010-08-13,0.6159
2010-08-16,0.6124
2010-08-17,0.6145
2010-08-18,0.6144
2010-08-19,0.6146
2010-08-20,0.6087
2010-08-23,0.61
2010-08-24,0.6073
2010-08-25,0.6018
2010-08-26,0.606
2010-08-27,0.6091
2010-08-30,0.6095
2010-08-31,0.6051
2010-09-01,0.6104
2010-09-02,0.615
2010-09-03,0.6154
2010-09-06,0.6167
2010-09-07,0.611
2010-09-13,0.6155
2010-09-14,0.6156
2010-09-15,0.6159
2010-09-16,0.612
2010-09-20,0.6116
2010-09-21,0.6155
2010-09-22,0.6243
2010-09-24,0.6235
2010-09-27,0.6255
2010-09-28,0.6223
2010-09-29,0.6257
2010-10-01,0.6241
2010-10-04,0.6194
2010-10-05,0.6194
2010-10-06,0.6197
2010-10-07,0.6222
2010-10-08,0.6185
2010-10-11,0.6175
2010-10-12,0.6161
2010-10-13,0.6164
2010-10-14,0.6252
2010-10-15,0.6221
2010-10-18,0.6101
2010-10-19,0.6091
2010-10-20,0.614
2010-10-21,0.623
2010-10-22,0.6204
2010-10-25,0.6235
2010-10-26,0.623
2010-10-27,0.6181
2010-10-28,0.6202
2010-10-29,0.6114
2010-11-01,0.6216
2010-11-02,0.6204
2010-11-03,0.6182
2010-11-04,0.6263
2010-11-05,0.6228
2010-11-08,0.6224
2010-11-09,0.6252
2010-11-10,0.6211
2010-11-11,0.6191
2010-11-12,0.6168
2010-11-15,0.6151
2010-11-16,0.6126
2010-11-17,0.6079
2010-11-18,0.6113
2010-11-19,0.61
2010-11-22,0.6059
2010-11-23,0.6025
2010-11-24,0.5987
2010-11-25,0.5988
2010-11-26,0.5969
2010-11-29,0.595
2010-11-30,0.5918
2010-12-01,0.5953
2010-12-02,0.5953
2010-12-03,0.6006
2010-12-06,0.6038
2010-12-07,0.6066
2010-12-08,0.6042
2010-12-09,0.6022
2010-12-10,0.6006
2010-12-13,0.604
2010-12-14,0.6113
2010-12-15,0.607
2010-12-16,0.6039
2010-12-17,0.6057
2010-12-20,0.6033
2010-12-21,0.6019
2010-12-22,0.599
2010-12-23,0.6005
2010-12-24,0.6031
2010-12-27,0.6001
2010-12-28,0.6044
2010-12-29,0.6004
2010-12-30,0.6036
2010-12-31,0.6064
2011-01-03,0.6076
2011-01-04,0.6033
2011-01-05,0.6001
2011-01-06,0.6014
2011-01-07,0.6005
2011-01-10,0.5992
2011-01-11,0.595
2011-01-12,0.5941
2011-01-13,0.6033
2011-01-14,0.6058
2011-01-17,0.6071
2011-01-18,0.6052
2011-01-19,0.6099
2011-01-20,0.6164
2011-01-21,0.6214
2011-01-24,0.6224
2011-01-25,0.6273
2011-01-26,0.6267
2011-01-27,0.634
2011-01-28,0.6361
2011-01-31,0.6401
2011-02-01,0.6436
2011-02-02,0.6423
2011-02-03,0.6433
2011-02-04,0.6476
2011-02-07,0.6345
2011-02-08,0.638
2011-02-09,0.6338
2011-02-10,0.6333
2011-02-11,0.6287
2011-02-14,0.626
2011-02-15,0.6298
2011-02-16,0.6231
2011-02-17,0.6273
2011-02-18,0.6346
2011-02-21,0.6334
2011-02-22,0.6409
2011-02-23,0.6448
2011-02-24,0.6515
2011-02-25,0.6509
2011-02-28,0.6466
2011-03-01,0.6483
2011-03-02,0.6524
2011-03-03,0.6491
2011-03-04,0.6479
2011-03-07,0.6489
2011-03-08,0.6423
2011-03-09,0.6406
2011-03-10,0.6342
2011-03-11,0.6323
2011-03-14,0.6332
2011-03-15,0.6258
2011-03-16,0.628
2011-03-17,0.6325
2011-03-18,0.63
2011-03-22,0.6339
2011-03-23,0.6339
2011-03-24,0.6355
2011-03-25,0.6397
2011-03-28,0.6307
2011-03-29,0.6273
2011-03-30,0.6284
2011-03-31,0.6311
2011-04-01,0.6285
2011-04-04,0.6298
2011-04-05,0.6302
2011-04-06,0.636
2011-04-07,0.6293
2011-04-08,0.6353
2011-04-11,0.6364
2011-04-12,0.633
2011-04-13,0.6301
2011-04-14,0.6273
2011-04-15,0.6326
2011-04-20,0.6365
2011-04-21,0.6412
2011-04-26,0.6402
2011-04-27,0.6446
2011-04-28,0.6455
2011-04-29,0.6471
2011-05-02,0.6435
2011-05-03,0.6427
2011-05-04,0.6407
2011-05-05,0.6364
2011-05-06,0.6289
2011-05-09,0.6282
2011-05-11,0.6394
2011-05-12,0.6363
2011-05-13,0.6368
2011-05-16,0.635
2011-05-17,0.6319
2011-05-18,0.6343
2011-05-19,0.632
2011-05-20,0.6338
2011-05-23,0.6284
2011-05-24,0.6273
2011-05-25,0.6289
2011-05-26,0.6305
2011-05-27,0.636
2011-05-31,0.6383
2011-06-01,0.6377
2011-06-02,0.6352
2011-06-03,0.6291
2011-06-06,0.6309
2011-06-07,0.6289
2011-06-09,0.6256
2011-06-10,0.6256
2011-06-13,0.6271
2011-06-14,0.6272
2011-06-15,0.6254
2011-06-16,0.6243
2011-06-17,0.6224
2011-06-20,0.6221
2011-06-21,0.6186
2011-06-22,0.6219
2011-06-23,0.6281
2011-06-24,0.6298
2011-06-27,0.6283
2011-06-28,0.6332
2011-06-29,0.6345
2011-06-30,0.6361
2011-07-01,0.6309
2011-07-04,0.6341
2011-07-05,0.6373
2011-07-06,0.6306
2011-07-07,0.6268
2011-07-08,0.6294
2011-07-11,0.6249
2011-07-12,0.6232
2011-07-13,0.6181
2011-07-14,0.6195
2011-07-15,0.6183
2011-07-18,0.6171
2011-07-19,0.6211
2011-07-20,0.6225
2011-07-21,0.6232
2011-07-22,0.6285
2011-07-25,0.6304
2011-07-26,0.6346
2011-07-27,0.633
2011-07-28,0.6341
2011-07-29,0.6326
2011-08-01,0.6396
2011-08-02,0.6397
2011-08-03,0.6459
2011-08-04,0.6427
2011-08-05,0.6406
2011-08-08,0.649
2011-08-10,0.6482
2011-08-11,0.642
2011-08-12,0.6391
2011-08-15,0.6387
2011-08-16,0.6464
2011-08-17,0.6507
2011-08-18,0.6553
2011-08-19,0.6531
2011-08-22,0.6583
2011-08-23,0.662
2011-08-24,0.6651
2011-08-25,0.6681
2011-08-26,0.6723
2011-08-29,0.6722
2011-08-30,0.6621
2011-08-31,0.6649
2011-09-01,0.6634
2011-09-02,0.6608
2011-09-05,0.669
2011-09-06,0.6764
2011-09-07,0.6852
2011-09-08,0.6834
2011-09-09,0.6815
2011-09-12,0.6702
2011-09-13,0.6588
2011-09-14,0.6572
2011-09-15,0.6576
2011-09-16,0.654
2011-09-19,0.6531
2011-09-20,0.6486
2011-09-21,0.6485
2011-09-22,0.6408
2011-09-23,0.6394
2011-09-26,0.6424
2011-09-27,0.6471
2011-10-03,0.6392
2011-10-04,0.6338
2011-10-05,0.6367
2011-10-06,0.6321
2011-10-10,0.6392
2011-10-11,0.6441
2011-10-12,0.6496
2011-10-14,0.651
2011-10-17,0.6528
2011-10-18,0.6459
2011-10-19,0.6512
2011-10-21,0.6514
2011-10-24,0.6559
2011-10-25,0.6598
2011-10-26,0.6617
2011-10-27,0.6653
2011-10-28,0.6659
2011-10-31,0.6536
2011-11-01,0.6472
2011-11-02,0.6478
2011-11-03,0.6521
2011-11-04,0.6553
2011-11-07,0.6536
2011-11-08,0.6563
2011-11-09,0.6518
2011-11-10,0.6519
2011-11-11,0.6561
2011-11-14,0.655
2011-11-15,0.6466
2011-11-16,0.6456
2011-11-17,0.643
2011-11-18,0.6444
2011-11-21,0.6428
2011-11-22,0.6461
2011-11-23,0.6449
2011-11-24,0.6447
2011-11-25,0.6419
2011-11-28,0.6483
2011-11-29,0.6438
2011-11-30,0.6497
2011-12-01,0.6475
2011-12-02,0.645
2011-12-05,0.6471
2011-12-06,0.6484
2011-12-07,0.6493
2011-12-08,0.6514
2011-12-09,0.6503
2011-12-12,0.6472
2011-12-13,0.6456
2011-12-14,0.6402
2011-12-15,0.6341
2011-12-16,0.6343
2011-12-19,0.6366
2011-12-20,0.6417
2011-12-21,0.636
2011-12-22,0.6363
2011-12-23,0.6371
2011-12-27,0.6322
2011-12-28,0.636
2011-12-29,0.6332
2011-12-30,0.6344
2012-01-03,0.6415
2012-01-04,0.6482
2012-01-05,0.6436
2012-01-06,0.6398
2012-01-09,0.6387
2012-01-10,0.639
2012-01-11,0.6388
2012-01-12,0.6364
2012-01-13,0.6387
2012-01-16,0.6353
2012-01-17,0.6403
2012-01-18,0.6346
2012-01-19,0.6379
2012-01-20,0.6394
2012-01-23,0.64
2012-01-24,0.6444
2012-01-25,0.6388
2012-01-26,0.6458
2012-01-27,0.6458
2012-01-30,0.6438
2012-01-31,0.6427
2012-02-01,0.6414
2012-02-02,0.64
2012-02-03,0.6378
2012-02-06,0.6388
2012-02-07,0.6424
2012-02-08,0.6438
2012-02-09,0.6458
2012-02-10,0.6459
2012-02-13,0.6494
2012-02-14,0.654
2012-02-15,0.6514
2012-02-16,0.6483
2012-02-17,0.6562
2012-02-20,0.6596
2012-02-21,0.6562
2012-02-22,0.6626
2012-02-23,0.6681
2012-02-24,0.6714
2012-02-27,0.6793
2012-02-28,0.6795
2012-02-29,0.6796
2012-03-01,0.6782
2012-03-02,0.6767
2012-03-05,0.6764
2012-03-06,0.6718
2012-03-07,0.6726
2012-03-12,0.6637
2012-03-13,0.6629
2012-03-14,0.6608
2012-03-15,0.6536
2012-03-16,0.6525
2012-03-19,0.6547
2012-03-20,0.6524
2012-03-21,0.6509
2012-03-22,0.6484
2012-03-23,0.6489
2012-03-26,0.6506
2012-03-27,0.6548
2012-03-28,0.6522
2012-03-29,0.6492
2012-03-30,0.6514
2012-04-02,0.6564
2012-04-03,0.6561
2012-04-04,0.6503
2012-04-05,0.6463
2012-04-10,0.6447
2012-04-11,0.6491
2012-04-12,0.6484
2012-04-16,0.6472
2012-04-17,0.6538
2012-04-18,0.6546
2012-04-19,0.6545
2012-04-20,0.654
2012-04-23,0.6546
2012-04-24,0.6554
2012-04-25,0.655
2012-04-27,0.6555
2012-04-30,0.6534
2012-05-01,0.6588
2012-05-02,0.6575
2012-05-03,0.6573
2012-05-04,0.6572
2012-05-07,0.6555
2012-05-08,0.6549
2012-05-09,0.6537
2012-05-10,0.6533
2012-05-11,0.6496
2012-05-14,0.6491
2012-05-15,0.6451
2012-05-16,0.6394
2012-05-17,0.6396
2012-05-18,0.64
2012-05-21,0.6415
2012-05-22,0.6431
2012-05-23,0.6433
2012-05-24,0.6415
2012-05-25,0.6393
2012-05-28,0.6437
2012-05-29,0.646
2012-05-30,0.6424
2012-05-31,0.6406
2012-06-01,0.6381
2012-06-04,0.6358
2012-06-05,0.6377
2012-06-06,0.6395
2012-06-07,0.6404
2012-06-08,0.6363
2012-06-11,0.6406
2012-06-12,0.6446
2012-06-13,0.6466
2012-06-14,0.6492
2012-06-15,0.6504
2012-06-18,0.6471
2012-06-19,0.6476
2012-06-20,0.6533
2012-06-21,0.6563
2012-06-22,0.6542
2012-06-25,0.6525
2012-06-26,0.656
2012-06-27,0.6547
2012-06-28,0.6492
2012-06-29,0.6545
2012-07-02,0.6558
2012-07-03,0.6571
2012-07-04,0.6556
2012-07-05,0.6534
2012-07-06,0.649
2012-07-09,0.6497
2012-07-10,0.6499
2012-07-11,0.6499
2012-07-12,0.6495
2012-07-13,0.6511
2012-07-16,0.6511
2012-07-17,0.6549
2012-07-18,0.6564
2012-07-19,0.6631
2012-07-20,0.6597
2012-07-23,0.6629
2012-07-24,0.667
2012-07-25,0.6683
2012-07-26,0.6738
2012-07-27,0.6789
2012-07-30,0.6653
2012-07-31,0.662
2012-08-01,0.6611
2012-08-02,0.6614
2012-08-03,0.6641
2012-08-06,0.6642
2012-08-07,0.6738
2012-08-08,0.6769
2012-08-09,0.6732
2012-08-10,0.675
2012-08-13,0.6825
2012-08-14,0.682
2012-08-15,0.6787
2012-08-16,0.6772
2012-08-17,0.6763
2012-08-20,0.6782
2012-08-21,0.6824
2012-08-22,0.6828
2012-08-23,0.6838
2012-08-24,0.689
2012-08-27,0.6914
2012-08-28,0.6913
2012-08-29,0.6881
2012-08-30,0.6957
2012-08-31,0.6926
2012-09-03,0.6921
2012-09-04,0.6936
2012-09-05,0.6921
2012-09-06,0.6901
2012-09-07,0.6861
2012-09-10,0.6884
2012-09-11,0.6845
2012-09-12,0.6871
2012-09-13,0.6892
2012-09-14,0.6884
2012-09-19,0.6841
2012-09-20,0.6833
2012-09-21,0.6812
2012-09-24,0.679
2012-09-27,0.6846
2012-09-28,0.6875
2012-10-02,0.6799
2012-10-03,0.6784
2012-10-04,0.676
2012-10-05,0.6783
2012-10-09,0.6746
2012-10-10,0.672
2012-10-11,0.6748
2012-10-12,0.6745
2012-10-15,0.6683
2012-10-16,0.6713
2012-10-17,0.6727
2012-10-18,0.6774
2012-10-19,0.6776
2012-10-22,0.6748
2012-10-23,0.6722
2012-10-24,0.6715
2012-10-25,0.6713
2012-10-26,0.6698
2012-10-29,0.673
2012-10-30,0.678
2012-10-31,0.6818
2012-11-01,0.6802
2012-11-02,0.68
2012-11-05,0.6791
2012-11-06,0.6809
2012-11-07,0.6788
2012-11-08,0.68
2012-11-09,0.6803
2012-11-12,0.6832
2012-11-13,0.6801
2012-11-14,0.6808
2012-11-15,0.6848
2012-11-16,0.6856
2012-11-19,0.6828
2012-11-20,0.6839
2012-11-21,0.6838
2012-11-22,0.6797
2012-11-23,0.6807
2012-11-26,0.683
2012-11-27,0.6799
2012-11-28,0.6789
2012-11-29,0.6782
2012-11-30,0.6719
2012-12-03,0.6738
2012-12-04,0.6797
2012-12-05,0.6761
2012-12-06,0.6784
2012-12-07,0.6762
2012-12-10,0.6757
2012-12-11,0.6735
2012-12-12,0.6722
2012-12-13,0.6721
2012-12-14,0.6747
2012-12-17,0.6739
2012-12-18,0.6729
2012-12-19,0.6742
2012-12-20,0.6748
2012-12-21,0.6724
2012-12-24,0.6734
2012-12-26,0.6722
2012-12-27,0.6706
2012-12-28,0.6664
2012-12-31,0.6688
2013-01-02,0.6724
2013-01-03,0.6717
2013-01-04,0.6747
2013-01-07,0.676
2013-01-08,0.6738
2013-01-09,0.6744
2013-01-10,0.678
2013-01-11,0.6772
2013-01-14,0.6765
2013-01-15,0.6767
2013-01-16,0.669
2013-01-17,0.6716
2013-01-18,0.6673
2013-01-21,0.668
2013-01-23,0.6706
2013-01-24,0.669
2013-01-25,0.6733
2013-01-28,0.6728
2013-01-29,0.6756
2013-01-30,0.678
2013-01-31,0.6793
2013-02-01,0.6757
2013-02-04,0.672
2013-02-05,0.6741
2013-02-06,0.6735
2013-02-07,0.6726
2013-02-08,0.6696
2013-02-11,0.6703
2013-02-12,0.6728
2013-02-13,0.6746
2013-02-14,0.6665
2013-02-15,0.665
2013-02-18,0.6632
2013-02-19,0.6631
2013-02-20,0.6603
2013-02-21,0.6478
2013-02-22,0.6551
2013-02-26,0.6546
2013-02-27,0.6543
2013-02-28,0.6491
2013-03-01,0.65
2013-03-04,0.6516
2013-03-05,0.6534
2013-03-06,0.6541
2013-03-07,0.6535
2013-03-08,0.6504
2013-03-11,0.6443
2013-03-12,0.6429
2013-03-13,0.6434
2013-03-14,0.6362
2013-03-15,0.636
2013-03-18,0.637
2013-03-19,0.6337
2013-03-20,0.6309
2013-03-21,0.6295
2013-03-22,0.6282
2013-03-27,0.6239
2013-03-28,0.6217
2013-04-02,0.6219
2013-04-03,0.6226
2013-04-04,0.6241
2013-04-05,0.6297
2013-04-08,0.632
2013-04-09,0.6325
2013-04-10,0.6338
2013-04-11,0.6347
2013-04-12,0.6345
2013-04-15,0.6315
2013-04-17,0.6298
2013-04-18,0.6256
2013-04-19,0.6241
2013-04-22,0.6222
2013-04-23,0.6139
2013-04-24,0.6138
2013-04-25,0.6159
2013-04-26,0.6152
2013-04-29,0.6174
2013-04-30,0.6164
2013-05-01,0.6234
2013-05-02,0.6209
2013-05-03,0.6151
2013-05-06,0.6133
2013-05-07,0.6111
2013-05-08,0.6105
2013-05-09,0.6192
2013-05-10,0.613
2013-05-13,0.6151
2013-05-14,0.6272
2013-05-16,0.6231
2013-05-17,0.6227
2013-05-20,0.6266
2013-05-21,0.6289
2013-05-22,0.6348
2013-05-23,0.6338
2013-05-24,0.6363
2013-05-28,0.635
2013-05-29,0.6282
2013-05-30,0.6271
2013-05-31,0.6299
2013-06-03,0.6309
2013-06-04,0.6327
2013-06-05,0.6313
2013-06-06,0.6288
2013-06-07,0.6307
2013-06-10,0.63
2013-06-11,0.6303
2013-06-12,0.6275
2013-06-13,0.6266
2013-06-14,0.6272
2013-06-17,0.6297
2013-06-18,0.6245
2013-06-19,0.6265
2013-06-20,0.6109
2013-06-21,0.6072
2013-06-24,0.5958
2013-06-25,0.5922
2013-06-26,0.5923
2013-06-27,0.6009
2013-06-28,0.6
2013-07-01,0.6008
2013-07-02,0.5961
2013-07-03,0.5986
2013-07-04,0.5957
2013-07-05,0.5934
2013-07-08,0.5897
2013-07-09,0.595
2013-07-10,0.5949
2013-07-11,0.5951
2013-07-12,0.596
2013-07-15,0.5915
2013-07-17,0.5963
2013-07-18,0.6015
2013-07-19,0.5991
2013-07-22,0.601
2013-07-23,0.602
2013-07-24,0.609
2013-07-25,0.6068
2013-07-26,0.6068
2013-07-29,0.6074
2013-07-30,0.6015
2013-07-31,0.6001
2013-08-01,0.6007
2013-08-02,0.6014
2013-08-05,0.6018
2013-08-06,0.5992
2013-08-07,0.5984
2013-08-08,0.5994
2013-08-09,0.6018
2013-08-12,0.6039
2013-08-13,0.605
2013-08-14,0.6056
2013-08-15,0.6064
2013-08-16,0.6033
2013-08-19,0.6042
2013-08-20,0.5974
2013-08-21,0.5926
2013-08-22,0.5873
2013-08-23,0.5889
2013-08-26,0.5962
2013-08-27,0.6057
2013-08-28,0.6081
2013-08-29,0.5978
2013-08-30,0.5926
2013-09-02,0.596
2013-09-03,0.5976
2013-09-09,0.5949
2013-09-10,0.6063
2013-09-11,0.6022
2013-09-12,0.6028
2013-09-16,0.5973
2013-09-17,0.6001
2013-09-18,0.5983
2013-09-20,0.6014
2013-09-23,0.5946
2013-09-24,0.5967
2013-09-25,0.5917
2013-09-27,0.5953
2013-09-30,0.5877
2013-10-01,0.5879
2013-10-02,0.5867
2013-10-03,0.5921
2013-10-04,0.5951
2013-10-07,0.5917
2013-10-08,0.5977
2013-10-09,0.5955
2013-10-10,0.5876
2013-10-11,0.5898
2013-10-14,0.5899
2013-10-15,0.5895
2013-10-16,0.5909
2013-10-17,0.5951
2013-10-18,0.5962
2013-10-21,0.5973
2013-10-22,0.593
2013-10-23,0.5951
2013-10-24,0.5991
2013-10-25,0.5986
2013-10-28,0.5994
2013-10-29,0.597
2013-10-30,0.5997
2013-10-31,0.5931
2013-11-01,0.5933
2013-11-04,0.5937
2013-11-05,0.5915
2013-11-06,0.5923
2013-11-07,0.5917
2013-11-08,0.5845
2013-11-11,0.5754
2013-11-12,0.5704
2013-11-13,0.5685
2013-11-14,0.5695
2013-11-15,0.5721
2013-11-18,0.5762
2013-11-19,0.5778
2013-11-20,0.5828
2013-11-21,0.5846
2013-11-22,0.5839
2013-11-25,0.5819
2013-11-26,0.5796
2013-11-27,0.5831
2013-11-28,0.58
2013-11-29,0.5744
2013-12-02,0.5741
2013-12-03,0.5765
2013-12-04,0.5755
2013-12-05,0.5698
2013-12-06,0.5704
2013-12-09,0.57
2013-12-10,0.5697
2013-12-11,0.5727
2013-12-12,0.5691
2013-12-13,0.5656
2013-12-16,0.5717
2013-12-17,0.5709
2013-12-18,0.5755
2013-12-19,0.5748
2013-12-20,0.5713
2013-12-23,0.5684
2013-12-24,0.5647
2013-12-26,0.5668
2013-12-27,0.5713
2013-12-30,0.569
2013-12-31,0.5711
2014-01-02,0.5683
2014-01-03,0.5691
2014-01-06,0.5667
2014-01-07,0.5689
2014-01-08,0.5664
2014-01-09,0.5656
2014-01-10,0.5654
2014-01-13,0.5701
2014-01-14,0.5717
2014-01-15,0.5697
2014-01-16,0.5664
2014-01-17,0.5634
2014-01-20,0.5642
2014-01-21,0.5648
2014-01-22,0.5654
2014-01-23,0.5706
2014-01-24,0.5698
2014-01-27,0.5641
2014-01-28,0.5671
2014-01-29,0.5634
2014-01-30,0.5602
2014-01-31,0.5591
2014-02-03,0.5611
2014-02-04,0.5608
2014-02-05,0.5657
2014-02-06,0.57
2014-02-07,0.5704
2014-02-10,0.575
2014-02-11,0.5743
2014-02-12,0.5753
2014-02-13,0.5761
2014-02-14,0.5748
2014-02-17,0.577
2014-02-18,0.5791
2014-02-19,0.5799
2014-02-20,0.5766
2014-02-21,0.575
2014-02-24,0.5792
2014-02-25,0.5833
2014-02-26,0.5818
2014-02-27,0.5801
2014-02-28,0.5807
2014-03-03,0.5774
2014-03-04,0.581
2014-03-05,0.5818
2014-03-06,0.5808
2014-03-07,0.5799
2014-03-10,0.5817
2014-03-11,0.5835
2014-03-12,0.5802
2014-03-13,0.5858
2014-03-14,0.5804
2014-03-18,0.5798
2014-03-19,0.5798
2014-03-20,0.5738
2014-03-21,0.5724
2014-03-24,0.5746
2014-03-25,0.5782
2014-03-26,0.5772
2014-03-27,0.5834
2014-03-28,0.5828
2014-03-31,0.5827
2014-04-01,0.5825
2014-04-02,0.583
2014-04-03,0.5797
2014-04-04,0.5802
2014-04-07,0.5811
2014-04-08,0.5817
2014-04-09,0.5844
2014-04-10,0.5847
2014-04-11,0.5838
2014-04-16,0.583
2014-04-17,0.5815
2014-04-22,0.5821
2014-04-23,0.5833
2014-04-24,0.5806
2014-04-25,0.579
2014-04-28,0.5807
2014-04-29,0.5796
2014-04-30,0.5808
2014-05-01,0.5811
2014-05-02,0.5804
2014-05-05,0.5807
2014-05-07,0.5837
2014-05-08,0.5873
2014-05-09,0.5862
2014-05-12,0.5841
2014-05-13,0.5828
2014-05-14,0.584
2014-05-15,0.5817
2014-05-16,0.582
2014-05-19,0.5816
2014-05-20,0.5836
2014-05-21,0.5851
2014-05-22,0.5863
2014-05-23,0.5851
2014-05-27,0.5842
2014-05-28,0.5857
2014-05-29,0.5837
2014-05-30,0.5822
2014-06-02,0.5799
2014-06-03,0.5783
2014-06-05,0.5792
2014-06-06,0.5789
2014-06-09,0.5817
2014-06-10,0.5798
2014-06-11,0.5781
2014-06-12,0.5771
2014-06-13,0.5762
2014-06-16,0.5768
2014-06-17,0.5759
2014-06-18,0.5746
2014-06-19,0.5654
2014-06-20,0.5604
2014-06-23,0.5636
2014-06-24,0.5631
2014-06-25,0.56
2014-06-26,0.5577
2014-06-27,0.5608
2014-06-30,0.558
2014-07-01,0.5553
2014-07-02,0.5551
2014-07-03,0.5521
2014-07-04,0.55
2014-07-07,0.5532
2014-07-08,0.5548
2014-07-09,0.5559
2014-07-10,0.5574
2014-07-11,0.5554
2014-07-14,0.5546
2014-07-15,0.5496
2014-07-16,0.5497
2014-07-17,0.5503
2014-07-18,0.5529
2014-07-21,0.5505
2014-07-22,0.5524
2014-07-23,0.5521
2014-07-24,0.5482
2014-07-25,0.552
2014-07-28,0.5507
2014-07-29,0.5501
2014-07-30,0.5481
2014-07-31,0.5461
2014-08-01,0.5429
2014-08-04,0.544
2014-08-06,0.5438
2014-08-07,0.551
2014-08-08,0.5558
2014-08-11,0.5615
2014-08-12,0.5636
2014-08-13,0.5667
2014-08-14,0.5644
2014-08-15,0.5631
2014-08-18,0.57
2014-08-19,0.5731
2014-08-20,0.572
2014-08-21,0.5744
2014-08-22,0.5735
2014-08-25,0.5735
2014-08-26,0.5791
2014-08-27,0.5786
2014-08-28,0.5755
2014-08-29,0.5776
2014-09-01,0.5788
2014-09-02,0.5778
2014-09-03,0.5766
2014-09-04,0.5746
2014-09-05,0.5747
2014-09-08,0.5715
2014-09-09,0.5696
2014-09-10,0.5704
2014-09-11,0.5715
2014-09-12,0.5696
2014-09-15,0.5675
2014-09-16,0.5691
2014-09-17,0.5696
2014-09-18,0.5733
2014-09-19,0.5753
2014-09-22,0.5761
2014-09-23,0.5781
2014-09-29,0.5708
2014-09-30,0.5723
2014-10-01,0.5683
2014-10-02,0.5654
2014-10-06,0.5639
2014-10-07,0.5718
2014-10-08,0.5771
2014-10-10,0.573
2014-10-13,0.5746
2014-10-14,0.5733
2014-10-15,0.563
2014-10-17,0.5653
2014-10-20,0.5698
2014-10-21,0.569
2014-10-22,0.5666
2014-10-23,0.5729
2014-10-24,0.5758
2014-10-27,0.5729
2014-10-28,0.5675
2014-10-29,0.5648
2014-10-30,0.5615
2014-10-31,0.564
2014-11-03,0.5596
2014-11-04,0.5566
2014-11-05,0.5517
2014-11-06,0.5553
2014-11-07,0.5556
2014-11-10,0.5605
2014-11-11,0.5582
2014-11-12,0.5635
2014-11-13,0.5619
2014-11-14,0.5623
2014-11-17,0.5651
2014-11-18,0.5703
2014-11-19,0.5678
2014-11-20,0.5677
2014-11-21,0.5679
2014-11-24,0.5696
2014-11-25,0.567
2014-11-26,0.5671
2014-11-27,0.5624
2014-11-28,0.5557
2014-12-01,0.5619
2014-12-02,0.5659
2014-12-03,0.5684
2014-12-04,0.5646
2014-12-05,0.5568
2014-12-08,0.5555
2014-12-09,0.5525
2014-12-10,0.5504
2014-12-11,0.544
2014-12-12,0.5325
2014-12-15,0.5331
2014-12-16,0.5156
2014-12-17,0.528
2014-12-18,0.5336
2014-12-19,0.5326
2014-12-22,0.5305
2014-12-23,0.5295
2014-12-24,0.5217
2014-12-29,0.5255
2014-12-30,0.5261
2014-12-31,0.5251
2015-01-02,0.5221
2015-01-05,0.5167
2015-01-06,0.512
2015-01-07,0.5122
2015-01-08,0.5179
2015-01-09,0.5187
2015-01-12,0.5112
2015-01-13,0.5097
2015-01-14,0.5117
2015-01-15,0.5126
2015-01-16,0.5082
2015-01-19,0.5175
2015-01-20,0.517
2015-01-21,0.5171
2015-01-22,0.5165
2015-01-23,0.5122
2015-01-26,0.5134
2015-01-27,0.5121
2015-01-28,0.5105
2015-01-29,0.5035
2015-01-30,0.5019
2015-02-02,0.5118
2015-02-03,0.5156
2015-02-04,0.5163
2015-02-05,0.5124
2015-02-06,0.5161
2015-02-09,0.5084
2015-02-10,0.5103
2015-02-11,0.5083
2015-02-12,0.5058
2015-02-13,0.5117
2015-02-16,0.5155
2015-02-17,0.5148
2015-02-18,0.512
2015-02-19,0.506
2015-02-20,0.5084
2015-02-23,0.5047
2015-02-24,0.5193
2015-02-25,0.5185
2015-02-26,0.5215
2015-02-27,0.5198
2015-03-02,0.5204
2015-03-03,0.517
2015-03-04,0.514
2015-03-09,0.509
2015-03-10,0.5025
2015-03-11,0.4958
2015-03-12,0.496
2015-03-13,0.4933
2015-03-16,0.4882
2015-03-18,0.4815
2015-03-19,0.4954
2015-03-20,0.5001
2015-03-23,0.5044
2015-03-24,0.5014
2015-03-25,0.5049
2015-03-26,0.5065
2015-03-27,0.5016
2015-03-30,0.4966
2015-03-31,0.4909
2015-04-01,0.4916
2015-04-02,0.4945
2015-04-07,0.4912
2015-04-08,0.4917
2015-04-09,0.4871
2015-04-13,0.4935
2015-04-14,0.4958
2015-04-15,0.5017
2015-04-16,0.5043
2015-04-17,0.5084
2015-04-20,0.5005
2015-04-21,0.4995
2015-04-22,0.5042
2015-04-24,0.5046
2015-04-27,0.5048
2015-04-28,0.5071
2015-04-29,0.5081
2015-04-30,0.5123
2015-05-01,0.514
2015-05-04,0.5118
2015-05-05,0.5096
2015-05-06,0.515
2015-05-07,0.5243
2015-05-08,0.5175
2015-05-11,0.511
2015-05-12,0.5172
2015-05-13,0.5173
2015-05-14,0.5173
2015-05-15,0.5202
2015-05-18,0.5207
2015-05-19,0.5166
2015-05-20,0.5127
2015-05-21,0.5117
2015-05-22,0.5153
2015-05-26,0.5053
2015-05-27,0.5002
2015-05-28,0.4991
2015-05-29,0.499
2015-06-01,0.4899
2015-06-02,0.4893
2015-06-03,0.4928
2015-06-04,0.4963
2015-06-05,0.4902
2015-06-08,0.4883
2015-06-09,0.4874
2015-06-10,0.4957
2015-06-11,0.4914
2015-06-12,0.4879
2015-06-15,0.493
2015-06-16,0.4935
2015-06-17,0.4959
2015-06-18,0.4936
2015-06-19,0.4919
2015-06-22,0.496
2015-06-23,0.4847
2015-06-24,0.481
2015-06-25,0.4828
2015-06-26,0.4863
2015-06-29,0.4799
2015-06-30,0.4803
2015-07-01,0.4793
2015-07-02,0.4772
2015-07-03,0.4742
2015-07-06,0.4669
2015-07-07,0.4613
2015-07-08,0.4608
2015-07-09,0.4633
2015-07-10,0.4686
2015-07-13,0.4693
2015-07-14,0.4631
2015-07-15,0.4632
2015-07-16,0.4666
2015-07-17,0.4658
2015-07-20,0.4656
2015-07-21,0.4633
2015-07-22,0.468
2015-07-23,0.4685
2015-07-24,0.4663
2015-07-27,0.4655
2015-07-28,0.4623
2015-07-29,0.4658
2015-07-30,0.4629
2015-07-31,0.4615
2015-08-03,0.4589
2015-08-04,0.4598
2015-08-05,0.4593
2015-08-06,0.4606
2015-08-07,0.4601
2015-08-10,0.4617
2015-08-11,0.4649
2015-08-12,0.4673
2015-08-13,0.4662
2015-08-14,0.4607
2015-08-17,0.4611
2015-08-18,0.4634
2015-08-19,0.4669
2015-08-20,0.4699
2015-08-21,0.471
2015-08-24,0.4751
2015-08-25,0.4726
2015-08-26,0.4704
2015-08-27,0.4713
2015-08-28,0.4747
2015-08-31,0.4715
2015-09-01,0.4729
2015-09-02,0.474
2015-09-03,0.476
2015-09-04,0.475
2015-09-07,0.4731
2015-09-08,0.474
2015-09-09,0.4701
2015-09-10,0.4769
2015-09-11,0.4728
2015-09-16,0.4722
2015-09-17,0.4764
2015-09-18,0.4798
2015-09-21,0.4786
2015-09-24,0.4678
2015-09-25,0.4652
2015-09-29,0.4619
2015-09-30,0.4649
2015-10-01,0.4609
2015-10-02,0.4639
2015-10-06,0.4633
2015-10-07,0.4684
2015-10-08,0.4708
2015-10-09,0.4733
2015-10-12,0.4755
2015-10-13,0.4744
2015-10-14,0.4749
2015-10-15,0.4731
2015-10-16,0.4718
2015-10-19,0.4733
2015-10-20,0.4745
2015-10-21,0.4731
2015-10-22,0.47
2015-10-23,0.4682
2015-10-26,0.4661
2015-10-27,0.4599
2015-10-28,0.4555
2015-10-29,0.4529
2015-10-30,0.4512
2015-11-02,0.4571
2015-11-03,0.4556
2015-11-04,0.4549
2015-11-05,0.4538
2015-11-06,0.4541
2015-11-09,0.454
2015-11-10,0.452
2015-11-11,0.4539
2015-11-12,0.4474
2015-11-13,0.4476
2015-11-16,0.4486
2015-11-17,0.4502
2015-11-18,0.4511
2015-11-19,0.4505
2015-11-20,0.4504
2015-11-23,0.4489
2015-11-24,0.4474
2015-11-25,0.4479
2015-11-26,0.4492
2015-11-27,0.4484
2015-11-30,0.4454
2015-12-01,0.4465
2015-12-02,0.4503
2015-12-03,0.448
2015-12-04,0.4519
2015-12-07,0.4463
2015-12-08,0.4442
2015-12-09,0.4457
2015-12-10,0.4475
2015-12-11,0.446
2015-12-14,0.4433
2015-12-15,0.4464
2015-12-16,0.4421
2015-12-17,0.4467
2015-12-18,0.445
2015-12-21,0.4433
2015-12-22,0.4474
2015-12-23,0.4476
2015-12-24,0.4488
2015-12-28,0.4469
2015-12-29,0.4473
2015-12-30,0.4449
2015-12-31,0.4418
2016-01-04,0.4427
2016-01-05,0.4399
2016-01-06,0.4395
2016-01-07,0.4402
2016-01-08,0.4412
2016-01-11,0.4419
2016-01-12,0.4426
2016-01-13,0.4448
2016-01-14,0.4472
2016-01-15,0.4471
2016-01-18,0.4467
2016-01-19,0.4483
2016-01-20,0.4485
2016-01-21,0.4463
2016-01-22,0.4519
2016-01-25,0.4553
2016-01-26,0.4543
2016-01-27,0.4574
2016-01-28,0.4566
2016-01-29,0.4559
2016-02-01,0.4575
2016-02-02,0.4535
2016-02-03,0.4561
2016-02-04,0.4601
2016-02-05,0.456
2016-02-08,0.4516
2016-02-09,0.4513
2016-02-10,0.4534
2016-02-11,0.4541
2016-02-12,0.4512
2016-02-15,0.4515
2016-02-16,0.455
2016-02-17,0.4527
2016-02-18,0.4563
2016-02-19,0.4563
2016-02-22,0.4542
2016-02-23,0.4551
2016-02-24,0.4494
2016-02-25,0.4521
2016-02-26,0.4522
2016-02-29,0.4485
2016-03-01,0.4501
2016-03-02,0.4478
2016-03-03,0.4486
2016-03-04,0.4537
2016-03-07,0.4577
2016-03-08,0.4571
2016-03-09,0.4561
2016-03-10,0.4552
2016-03-11,0.4556
2016-03-14,0.4577
2016-03-15,0.4552
2016-03-16,0.4546
2016-03-17,0.4592
2016-03-18,0.463
2016-03-21,0.4608
2016-03-22,0.4574
2016-03-23,0.4536
2016-03-28,0.4534
2016-03-29,0.4517
2016-03-30,0.4551
2016-03-31,0.4547
2016-04-01,0.4581
2016-04-04,0.4552
2016-04-05,0.4549
2016-04-06,0.4569
2016-04-07,0.456
2016-04-08,0.4572
2016-04-11,0.4586
2016-04-12,0.4597
2016-04-13,0.4581
2016-04-14,0.4593
2016-04-15,0.4591
2016-04-18,0.4574
2016-04-19,0.4612
2016-04-20,0.4628
2016-04-21,0.4631
2016-04-25,0.4582
2016-04-26,0.4592
2016-04-27,0.4621
2016-04-28,0.4624
2016-05-02,0.4647
2016-05-03,0.4662
2016-05-04,0.4632
2016-05-05,0.4649
2016-05-06,0.4621
2016-05-09,0.4619
2016-05-10,0.4594
2016-05-11,0.4594
2016-05-13,0.4613
2016-05-16,0.467
2016-05-17,0.4669
2016-05-18,0.4665
2016-05-19,0.4614
2016-05-20,0.4658
2016-05-23,0.4642
2016-05-24,0.4621
2016-05-25,0.4623
2016-05-26,0.4634
2016-05-27,0.4639
2016-05-31,0.4604
2016-06-01,0.462
2016-06-02,0.4621
2016-06-03,0.4643
2016-06-06,0.4666
2016-06-07,0.4695
2016-06-08,0.4725
2016-06-09,0.4709
2016-06-10,0.4687
2016-06-13,0.4683
2016-06-14,0.4626
2016-06-15,0.4656
2016-06-16,0.461
2016-06-17,0.4609
2016-06-20,0.4656
2016-06-21,0.4657
2016-06-22,0.4643
2016-06-23,0.4674
2016-06-24,0.4574
2016-06-27,0.4574
2016-06-28,0.4591
2016-06-29,0.4576
2016-06-30,0.4587
2016-07-01,0.4592
2016-07-04,0.4632
2016-07-05,0.463
2016-07-06,0.4608
2016-07-07,0.4584
2016-07-08,0.4566
2016-07-11,0.4558
2016-07-12,0.4591
2016-07-13,0.4604
2016-07-14,0.4587
2016-07-15,0.459
2016-07-18,0.456
2016-07-19,0.4555
2016-07-20,0.4542
2016-07-21,0.4545
2016-07-22,0.4513
2016-07-25,0.4491
2016-07-26,0.4479
2016-07-27,0.4472
2016-07-28,0.4495
2016-07-29,0.4472
2016-08-01,0.4495
2016-08-02,0.4517
2016-08-03,0.4535
2016-08-04,0.452
2016-08-05,0.4531
2016-08-08,0.4513
2016-08-09,0.4524
2016-08-10,0.4598
2016-08-11,0.4605
2016-08-12,0.4629
2016-08-15,0.4639
2016-08-16,0.4622
2016-08-17,0.4602
2016-08-18,0.4627
2016-08-19,0.4603
2016-08-22,0.4585
2016-08-23,0.4588
2016-08-24,0.4602
2016-08-25,0.4594
2016-08-26,0.4568
2016-08-29,0.4563
2016-08-30,0.4551
2016-08-31,0.4549
2016-09-01,0.4528
2016-09-02,0.4522
2016-09-05,0.4546
2016-09-06,0.4569
2016-09-07,0.4611
2016-09-08,0.4608
2016-09-09,0.458
2016-09-12,0.4568
2016-09-13,0.4588
2016-09-14,0.4584
2016-09-15,0.4583
2016-09-16,0.4559
2016-09-19,0.4557
2016-09-20,0.4555
2016-09-21,0.456
2016-09-22,0.463
2016-09-23,0.4628
2016-09-26,0.4636
2016-09-27,0.4615
2016-09-28,0.4634
2016-09-29,0.4662
2016-09-30,0.4674
2016-10-05,0.4708
2016-10-06,0.4695
2016-10-07,0.4682
2016-10-10,0.4672
2016-10-13,0.4642
2016-10-14,0.4663
2016-10-18,0.4682
2016-10-19,0.4686
2016-10-20,0.4704
2016-10-21,0.4671
2016-10-25,0.4663
2016-10-26,0.4639
2016-10-27,0.4668
2016-10-28,0.4668
2016-10-31,0.4664
2016-11-01,0.466
2016-11-02,0.4658
2016-11-03,0.4669
2016-11-04,0.4653
2016-11-07,0.4635
2016-11-08,0.4637
2016-11-09,0.4626
2016-11-10,0.4613
2016-11-11,0.4587
2016-11-14,0.4544
2016-11-15,0.4565
2016-11-16,0.4547
2016-11-17,0.4551
2016-11-18,0.4503
2016-11-21,0.4522
2016-11-22,0.4537
2016-11-23,0.4526
2016-11-24,0.4508
2016-11-25,0.4513
2016-11-28,0.4497
2016-11-29,0.449
2016-11-30,0.4528
2016-12-01,0.453
2016-12-02,0.454
2016-12-05,0.4558
2016-12-06,0.4551
2016-12-07,0.4538
2016-12-08,0.4523
2016-12-09,0.4515
2016-12-12,0.4531
2016-12-13,0.451
2016-12-14,0.4488
2016-12-15,0.4458
2016-12-16,0.4446
2016-12-19,0.4456
2016-12-20,0.443
2016-12-21,0.4427
2016-12-22,0.439
2016-12-23,0.4383
2016-12-27,0.4414
2016-12-28,0.4417
2016-12-29,0.4425
2016-12-30,0.4456
2017-01-03,0.4451
2017-01-04,0.4475
2017-01-05,0.4492
2017-01-06,0.4524
2017-01-09,0.4494
2017-01-10,0.4481
2017-01-11,0.4466
2017-01-12,0.4496
2017-01-13,0.4493
2017-01-16,0.4486
2017-01-17,0.4527
2017-01-18,0.4502
2017-01-19,0.4506
2017-01-20,0.451
2017-01-23,0.453
2017-01-24,0.4542
2017-01-25,0.4554
2017-01-26,0.4545
2017-01-27,0.4558
2017-01-30,0.4533
2017-01-31,0.4562
2017-02-01,0.4576
2017-02-02,0.4592
2017-02-03,0.4552
2017-02-06,0.4542
2017-02-07,0.4512
2017-02-08,0.4497
2017-02-09,0.4511
2017-02-10,0.4477
2017-02-13,0.4477
2017-02-14,0.4481
2017-02-15,0.4463
2017-02-16,0.4463
2017-02-17,0.4473
2017-02-20,0.4446
2017-02-21,0.4432
2017-02-22,0.4425
2017-02-23,0.4442
2017-02-24,0.4441
2017-02-27,0.4408
2017-02-28,0.4375
2017-03-01,0.4316
2017-03-02,0.4371
2017-03-03,0.4353
2017-03-06,0.4344
2017-03-07,0.4345
2017-03-08,0.4344
2017-03-09,0.4304
2017-03-10,0.4281
2017-03-14,0.4267
2017-03-15,0.4257
2017-03-16,0.4248
2017-03-17,0.4297
2017-03-20,0.4265
2017-03-21,0.4283
2017-03-22,0.4307
2017-03-23,0.4301
2017-03-24,0.4293
2017-03-27,0.4278
2017-03-28,0.4246
2017-03-29,0.4246
2017-03-30,0.4234
2017-03-31,0.4233
2017-04-03,0.4225
2017-04-04,0.423
2017-04-05,0.4254
2017-04-06,0.4244
2017-04-07,0.4235
2017-04-12,0.4261
2017-04-13,0.4264
2017-04-18,0.4298
2017-04-19,0.4301
2017-04-20,0.4272
2017-04-21,0.427
2017-04-24,0.4285
2017-04-25,0.4263
2017-04-26,0.4238
2017-04-27,0.4257
2017-04-28,0.4235
2017-05-03,0.4195
2017-05-04,0.4187
2017-05-05,0.4157
2017-05-08,0.418
2017-05-09,0.4165
2017-05-10,0.4145
2017-05-11,0.4199
2017-05-12,0.4201
2017-05-15,0.4226
2017-05-16,0.4245
2017-05-17,0.427
2017-05-18,0.4262
2017-05-19,0.4264
2017-05-22,0.4292
2017-05-23,0.4303
2017-05-24,0.4281
2017-05-25,0.4296
2017-05-26,0.4253
2017-05-30,0.4223
2017-06-01,0.4195
2017-06-02,0.4204
2017-06-05,0.4193
2017-06-06,0.4192
2017-06-07,0.4186
2017-06-08,0.4174
2017-06-09,0.4146
2017-06-12,0.4174
2017-06-13,0.419
2017-06-14,0.4199
2017-06-15,0.4148
2017-06-16,0.4156
2017-06-19,0.4173
2017-06-20,0.4156
2017-06-21,0.4145
2017-06-22,0.4175
2017-06-23,0.4183
2017-06-26,0.4172
2017-06-27,0.4155
2017-06-28,0.417
2017-06-29,0.4163
2017-06-30,0.4175
2017-07-03,0.4176
2017-07-04,0.4205
2017-07-05,0.4203
2017-07-06,0.4218
2017-07-07,0.4209
2017-07-10,0.4247
2017-07-11,0.4288
2017-07-12,0.4299
2017-07-13,0.4271
2017-07-14,0.4293
2017-07-17,0.4338
2017-07-18,0.4401
2017-07-19,0.4451
2017-07-20,0.4417
2017-07-21,0.4425
2017-07-24,0.4469
2017-07-25,0.4466
2017-07-26,0.4473
2017-07-27,0.4487
2017-07-28,0.448
2017-07-31,0.447
2017-08-02,0.4522
2017-08-03,0.4537
2017-08-04,0.4573
2017-08-07,0.4559
2017-08-08,0.4565
2017-08-09,0.4521
2017-08-10,0.4516
2017-08-11,0.4491
2017-08-14,0.4522
2017-08-15,0.4506
2017-08-16,0.4561
2017-08-17,0.4553
2017-08-18,0.4563
2017-08-21,0.4587
2017-08-22,0.4578
2017-08-23,0.4582
2017-08-24,0.4584
2017-08-25,0.4593
2017-08-28,0.4609
2017-08-29,0.4635
2017-08-30,0.4606
2017-08-31,0.4591
2017-09-01,0.4597
2017-09-04,0.4593
2017-09-05,0.4572
2017-09-06,0.4577
2017-09-07,0.4543
2017-09-08,0.4535
2017-09-11,0.4523
2017-09-12,0.45
2017-09-13,0.4504
2017-09-14,0.4478
2017-09-15,0.4471
2017-09-18,0.4499
2017-09-19,0.4509
2017-09-25,0.449
2017-09-26,0.4478
2017-09-27,0.4457
2017-09-28,0.4437
2017-10-02,0.4428
2017-10-03,0.441
2017-10-04,0.4422
2017-10-06,0.4389
2017-10-09,0.439
2017-10-10,0.4397
2017-10-11,0.4419
2017-10-13,0.4434
2017-10-16,0.443
2017-10-17,0.4429
2017-10-18,0.4411
2017-10-19,0.4399
2017-10-20,0.4377
2017-10-23,0.4363
2017-10-24,0.4383
2017-10-25,0.4381
2017-10-26,0.4366
2017-10-27,0.4327
2017-10-30,0.4321
2017-10-31,0.4301
2017-11-01,0.4308
2017-11-02,0.4308
2017-11-03,0.431
2017-11-06,0.4308
2017-11-07,0.4299
2017-11-08,0.4294
2017-11-09,0.4322
2017-11-10,0.434
2017-11-13,0.4351
2017-11-14,0.4339
2017-11-15,0.4284
2017-11-16,0.4294
2017-11-17,0.4288
2017-11-20,0.4249
2017-11-21,0.4268
2017-11-22,0.4293
2017-11-23,0.4317
2017-11-24,0.4312
2017-11-27,0.4296
2017-11-28,0.4274
2017-11-29,0.4253
2017-11-30,0.422
2017-12-01,0.4207
2017-12-04,0.4193
2017-12-05,0.4204
2017-12-06,0.4238
2017-12-07,0.4246
2017-12-08,0.4224
2017-12-11,0.4197
2017-12-12,0.4246
2017-12-13,0.4243
2017-12-14,0.4274
2017-12-15,0.4255
2017-12-18,0.4202
2017-12-19,0.4183
2017-12-20,0.4196
2017-12-21,0.4149
2017-12-22,0.4168
2017-12-26,0.4184
2017-12-27,0.4198
2017-12-28,0.4199
2017-12-29,0.4221
2018-01-02,0.4264
2018-01-03,0.4267
2018-01-04,0.4265
2018-01-05,0.426
2018-01-08,0.4263
2018-01-09,0.4251
2018-01-10,0.4261
2018-01-11,0.425
2018-01-12,0.4268
2018-01-15,0.4318
2018-01-16,0.4328
2018-01-17,0.4376
2018-01-18,0.4369
2018-01-19,0.4351
2018-01-22,0.4347
2018-01-23,0.4343
2018-01-24,0.4358
2018-01-25,0.4404
2018-01-26,0.4405
2018-01-29,0.4424
2018-01-30,0.441
2018-01-31,0.443
2018-02-01,0.4457
2018-02-02,0.4477
2018-02-05,0.4456
2018-02-06,0.444
2018-02-07,0.4453
2018-02-08,0.4426
2018-02-09,0.441
2018-02-12,0.4435
2018-02-13,0.4465
2018-02-14,0.4488
2018-02-15,0.4521
2018-02-16,0.4576
2018-02-19,0.4524
2018-02-20,0.4471
2018-02-21,0.4465
2018-02-22,0.4429
2018-02-23,0.442
2018-02-26,0.4478
2018-02-27,0.4446
2018-02-28,0.4423
2018-03-05,0.4417
2018-03-06,0.4459
2018-03-07,0.4444
2018-03-08,0.4405
2018-03-09,0.4434
2018-03-12,0.4418
2018-03-13,0.4444
2018-03-14,0.4435
2018-03-15,0.4464
2018-03-16,0.4479
2018-03-19,0.4484
2018-03-20,0.4508
2018-03-21,0.4516
2018-03-22,0.4509
2018-03-23,0.4495
2018-03-26,0.4535
2018-03-27,0.4526
2018-03-28,0.4502
2018-03-29,0.4475
2018-04-03,0.4474
2018-04-04,0.4501
2018-04-05,0.4531
2018-04-09,0.452
2018-04-10,0.4495
2018-04-11,0.4525
2018-04-12,0.452
2018-04-13,0.4523
2018-04-16,0.4509
2018-04-17,0.453
2018-04-18,0.4524
2018-04-20,0.4522
2018-04-23,0.4505
2018-04-24,0.4516
2018-04-25,0.4512
2018-04-26,0.4502
2018-04-27,0.4486
2018-04-30,0.4487
2018-05-01,0.4489
2018-05-02,0.4465
2018-05-03,0.4508
2018-05-04,0.4499
2018-05-07,0.4486
2018-05-08,0.4445
2018-05-09,0.4444
2018-05-10,0.4448
2018-05-11,0.4471
2018-05-14,0.4473
2018-05-15,0.448
2018-05-16,0.4422
2018-05-17,0.4426
2018-05-18,0.4422
2018-05-21,0.4422
2018-05-22,0.4439
2018-05-23,0.441
2018-05-24,0.4408
2018-05-25,0.4406
2018-05-29,0.4331
2018-05-30,0.4356
2018-05-31,0.4363
2018-06-01,0.4366
2018-06-04,0.4396
2018-06-05,0.4396
2018-06-06,0.4399
2018-06-07,0.4444
2018-06-08,0.442
2018-06-11,0.4431
2018-06-12,0.4465
2018-06-13,0.4474
2018-06-14,0.4495
2018-06-15,0.443
2018-06-18,0.4462
2018-06-19,0.4437
2018-06-20,0.4443
2018-06-21,0.443
2018-06-22,0.4475
2018-06-25,0.4459
2018-06-26,0.4473
2018-06-27,0.4469
2018-06-28,0.4463
2018-06-29,0.4486
2018-07-02,0.4483
2018-07-03,0.4501
2018-07-04,0.4503
2018-07-05,0.4496
2018-07-06,0.4512
2018-07-09,0.4527
2018-07-10,0.4527
2018-07-11,0.4512
2018-07-12,0.45
2018-07-13,0.4477
2018-07-16,0.4502
2018-07-17,0.4483
2018-07-18,0.4455
2018-07-19,0.4426
2018-07-20,0.4434
2018-07-23,0.4454
2018-07-24,0.4467
2018-07-25,0.4459
2018-07-26,0.4464
2018-07-27,0.4466
2018-07-30,0.4498
2018-07-31,0.4511
2018-08-01,0.4503
2018-08-02,0.4488
2018-08-03,0.448
2018-08-06,0.449
2018-08-07,0.4508
2018-08-08,0.4485
2018-08-09,0.4474
2018-08-10,0.4423
2018-08-13,0.4431
2018-08-14,0.4421
2018-08-15,0.4377
2018-08-16,0.4361
2018-08-17,0.4334
2018-08-20,0.4325
2018-08-21,0.4333
2018-08-22,0.4354
2018-08-23,0.4362
2018-08-24,0.435
2018-08-27,0.4357
2018-08-28,0.4358
2018-08-29,0.436
2018-08-30,0.4338
2018-08-31,0.4328
2018-09-03,0.4325
2018-09-04,0.4313
2018-09-05,0.4309
2018-09-06,0.4282
2018-09-07,0.4256
2018-09-12,0.4319
2018-09-13,0.4336
2018-09-14,0.4331
2018-09-17,0.436
2018-09-20,0.4368
2018-09-21,0.4395
2018-09-25,0.4405
2018-09-26,0.4411
2018-09-27,0.443
2018-09-28,0.4446
2018-10-02,0.4449
2018-10-03,0.4456
2018-10-04,0.443
2018-10-05,0.44
2018-10-08,0.4367
2018-10-09,0.4396
2018-10-10,0.4413
2018-10-11,0.4425
2018-10-12,0.4432
2018-10-15,0.4448
2018-10-16,0.4478
2018-10-17,0.4466
2018-10-18,0.4441
2018-10-19,0.4434
2018-10-22,0.4437
2018-10-23,0.4434
2018-10-24,0.4419
2018-10-25,0.4438
2018-10-26,0.4423
2018-10-29,0.4433
2018-10-31,0.441
2018-11-01,0.4428
2018-11-02,0.444
2018-11-05,0.4415
2018-11-06,0.441
2018-11-07,0.4424
2018-11-08,0.4412
2018-11-09,0.4369
2018-11-12,0.4342
2018-11-13,0.4342
2018-11-14,0.4342
2018-11-15,0.4354
2018-11-16,0.4383
2018-11-19,0.4391
2018-11-20,0.4377
2018-11-21,0.4384
2018-11-22,0.4368
2018-11-23,0.4364
2018-11-26,0.4357
2018-11-27,0.4338
2018-11-28,0.434
2018-11-29,0.4344
2018-11-30,0.4322
2018-12-03,0.4349
2018-12-04,0.4407
2018-12-05,0.438
2018-12-06,0.4365
2018-12-07,0.4384
2018-12-10,0.4392
2018-12-11,0.4397
2018-12-12,0.4366
2018-12-13,0.4385
2018-12-14,0.4377
2018-12-17,0.4382
2018-12-18,0.433
2018-12-19,0.4315
2018-12-20,0.4352
2018-12-21,0.436
2018-12-24,0.4313
2018-12-26,0.4284
2018-12-27,0.4318
2018-12-28,0.4313
2018-12-31,0.4315
2019-01-02,0.4326
2019-01-03,0.4277
2019-01-04,0.4297
2019-01-07,0.4312
2019-01-08,0.4333
2019-01-09,0.4318
2019-01-10,0.4337
2019-01-11,0.4343
2019-01-14,0.428
2019-01-15,0.4298
2019-01-16,0.4304
2019-01-17,0.4308
2019-01-18,0.4326
2019-01-21,0.4316
2019-01-22,0.4293
2019-01-23,0.4287
2019-01-24,0.4296
2019-01-25,0.4299
2019-01-28,0.4318
2019-01-29,0.4332
2019-01-30,0.4325
2019-01-31,0.4335
2019-02-01,0.4303
2019-02-04,0.4286
2019-02-05,0.4264
2019-02-06,0.4252
2019-02-07,0.4225
2019-02-08,0.4218
2019-02-11,0.4197
2019-02-12,0.4198
2019-02-13,0.4215
2019-02-14,0.423
2019-02-15,0.4198
2019-02-18,0.4201
2019-02-19,0.4201
2019-02-20,0.4214
2019-02-21,0.4197
2019-02-22,0.4194
2019-02-25,0.4203
2019-02-26,0.4209
2019-02-27,0.4243
2019-02-28,0.4228
2019-03-01,0.423
2019-03-04,0.4208
2019-03-05,0.4183
2019-03-06,0.4161
2019-03-07,0.4167
2019-03-08,0.4124
2019-03-11,0.4168
2019-03-12,0.4186
2019-03-13,0.4199
2019-03-14,0.419
2019-03-15,0.4215
2019-03-18,0.4229
2019-03-19,0.4227
2019-03-20,0.4231
2019-03-25,0.4248
2019-03-26,0.4244
2019-03-27,0.4227
2019-03-28,0.4202
2019-03-29,0.4203
2019-04-01,0.4226
2019-04-02,0.4211
2019-04-03,0.4209
2019-04-04,0.4197
2019-04-05,0.4173
2019-04-08,0.4181
2019-04-10,0.4208
2019-04-11,0.4215
2019-04-12,0.4199
2019-04-15,0.4194
2019-04-16,0.4189
2019-04-17,0.4218
2019-04-18,0.4204
2019-04-23,0.4215
2019-04-24,0.4216
2019-04-25,0.4181
2019-04-29,0.4166
2019-04-30,0.4179
2019-05-01,0.4156
2019-05-02,0.4141
2019-05-03,0.4105
2019-05-06,0.4103
2019-05-07,0.4119
2019-05-08,0.4095
2019-05-10,0.4081
2019-05-13,0.4083
2019-05-14,0.41
2019-05-15,0.4076
2019-05-16,0.41
2019-05-17,0.4083
2019-05-20,0.4069
2019-05-21,0.4096
2019-05-22,0.4131
2019-05-23,0.4129
2019-05-24,0.4131
2019-05-28,0.4156
2019-05-29,0.4132
2019-05-30,0.4134
2019-05-31,0.4141
2019-06-03,0.4157
2019-06-04,0.4154
2019-06-05,0.4158
2019-06-06,0.4132
2019-06-07,0.4141
2019-06-10,0.4141
2019-06-11,0.4146
2019-06-12,0.4146
2019-06-13,0.4148
2019-06-14,0.4148
2019-06-17,0.414
2019-06-18,0.4132
2019-06-19,0.4133
2019-06-20,0.4182
2019-06-21,0.4201
2019-06-24,0.4253
2019-06-25,0.4234
2019-06-26,0.4218
2019-06-27,0.4208
2019-06-28,0.4188
2019-07-01,0.418
2019-07-02,0.4177
2019-07-03,0.417
2019-07-04,0.4181
2019-07-05,0.4167
2019-07-08,0.414
2019-07-09,0.4121
2019-07-10,0.4132
2019-07-11,0.4146
2019-07-12,0.4162
2019-07-15,0.4145
2019-07-16,0.414
2019-07-17,0.4128
2019-07-18,0.4123
2019-07-19,0.4137
2019-07-22,0.4123
2019-07-23,0.4086
2019-07-24,0.4073
2019-07-25,0.4071
2019-07-26,0.4048
2019-07-29,0.4047
2019-07-30,0.4007
2019-07-31,0.3987
2019-08-01,0.3968
2019-08-02,0.3935
2019-08-05,0.3912
2019-08-06,0.3924
2019-08-07,0.3913
2019-08-08,0.3898
2019-08-09,0.3901
2019-08-12,0.3897
2019-08-13,0.3914
2019-08-14,0.3907
2019-08-15,0.3921
2019-08-16,0.3923
2019-08-19,0.3946
2019-08-20,0.3918
2019-08-21,0.3942
2019-08-22,0.3931
2019-08-23,0.391
2019-08-26,0.3917
2019-08-27,0.3913
2019-08-28,0.3908
2019-08-29,0.3885
2019-08-30,0.3886
2019-09-02,0.3885
2019-09-03,0.3875
2019-09-04,0.3892
2019-09-05,0.3911
2019-09-06,0.3907
2019-09-09,0.3946
2019-09-10,0.394
2019-09-11,0.3948
2019-09-12,0.3955
2019-09-13,0.3942
2019-09-16,0.3941
2019-09-18,0.3954
2019-09-19,0.3936
2019-09-20,0.3907
2019-09-23,0.387
2019-09-24,0.3883
2019-09-25,0.3878
2019-09-26,0.3876
2019-09-27,0.3839
2019-10-02,0.381
2019-10-03,0.3824
2019-10-04,0.3817
2019-10-07,0.3823
2019-10-10,0.3842
2019-10-11,0.3854
2019-10-15,0.3849
2019-10-16,0.3852
2019-10-17,0.3862
2019-10-18,0.3843
2019-10-22,0.387
2019-10-23,0.3859
2019-10-24,0.3864
2019-10-25,0.3868
2019-10-28,0.3833
2019-10-29,0.3808
2019-10-30,0.383
2019-10-31,0.383
2019-11-01,0.3847
2019-11-04,0.3874
2019-11-05,0.3829
2019-11-06,0.3821
2019-11-07,0.3833
2019-11-08,0.383
2019-11-11,0.3823
2019-11-12,0.3837
2019-11-13,0.3791
2019-11-14,0.3788
2019-11-15,0.3801
2019-11-18,0.3798
2019-11-19,0.3797
2019-11-20,0.3776
2019-11-21,0.3792
2019-11-22,0.3796
2019-11-25,0.3768
2019-11-26,0.378
2019-11-27,0.3782
2019-11-28,0.3778
2019-11-29,0.3779
2019-12-02,0.3778
2019-12-03,0.3801
2019-12-04,0.3782
2019-12-05,0.3787
2019-12-06,0.3791
2019-12-09,0.3798
2019-12-10,0.3767
2019-12-11,0.3798
2019-12-12,0.3828
2019-12-13,0.3847
2019-12-16,0.3888
2019-12-17,0.3872
2019-12-18,0.3879
2019-12-19,0.3891
2019-12-20,0.3882
2019-12-23,0.3881
2019-12-24,0.3873
2019-12-26,0.3901
2019-12-27,0.3907
2019-12-30,0.3935
2019-12-31,0.3932
2020-01-02,0.3924
2020-01-03,0.3916
2020-01-06,0.395
2020-01-07,0.3938
2020-01-08,0.3911
2020-01-09,0.3902
2020-01-10,0.3907
2020-01-13,0.3899
2020-01-14,0.3903
2020-01-15,0.3899
2020-01-16,0.3897
2020-01-17,0.3886
2020-01-20,0.3877
2020-01-21,0.386
2020-01-22,0.3845
2020-01-23,0.3849
2020-01-24,0.3844
2020-01-27,0.3802
2020-01-28,0.3775
2020-01-29,0.3785
2020-01-30,0.3738
2020-01-31,0.374
2020-02-03,0.3715
2020-02-04,0.3729
2020-02-05,0.3753
2020-02-06,0.3727
2020-02-07,0.3705
2020-02-10,0.3704
2020-02-11,0.3696
2020-02-12,0.3718
2020-02-13,0.3708
2020-02-14,0.3707
2020-02-17,0.37
2020-02-18,0.3668
2020-02-19,0.3686
2020-02-20,0.3688
2020-02-21,0.367
2020-02-24,0.3667
2020-02-25,0.3659
2020-02-26,0.3664
2020-02-27,0.366
2020-02-28,0.3672
2020-03-03,0.3725
2020-03-04,0.374
2020-03-05,0.3744
2020-03-06,0.3768
2020-03-09,0.3685
2020-03-12,0.363
2020-03-13,0.3642
2020-03-16,0.365
2020-03-17,0.3679
2020-03-18,0.3594
2020-03-19,0.3206
2020-03-20,0.3304
2020-03-23,0.3208
2020-03-24,0.3322
2020-03-25,0.3363
2020-03-26,0.3432
2020-03-27,0.3422
2020-03-30,0.3376
2020-03-31,0.3402
2020-04-01,0.3416
2020-04-02,0.3524
2020-04-03,0.3484
2020-04-06,0.3453
2020-04-07,0.3533
2020-04-14,0.347
2020-04-16,0.3415
2020-04-17,0.3429
2020-04-20,0.3449
2020-04-21,0.3341
2020-04-22,0.3327
2020-04-23,0.3333
2020-04-24,0.3301
2020-04-27,0.3328
2020-04-28,0.3324
2020-04-30,0.34
2020-05-01,0.3388
2020-05-04,0.339
2020-05-05,0.3421
2020-05-06,0.342
2020-05-07,0.3423
2020-05-11,0.3439
2020-05-12,0.3442
2020-05-13,0.3483
2020-05-14,0.3454
2020-05-15,0.3483
2020-05-18,0.3482
2020-05-19,0.3529
2020-05-20,0.3521
2020-05-21,0.3544
2020-05-22,0.3498
2020-05-26,0.3532
2020-05-27,0.3555
2020-05-28,0.3543
2020-06-01,0.3616
2020-06-02,0.3649
2020-06-03,0.3636
2020-06-04,0.3674
2020-06-05,0.3719
2020-06-08,0.3729
2020-06-09,0.3691
2020-06-10,0.3719
2020-06-11,0.3665
2020-06-12,0.3628
2020-06-15,0.3599
2020-06-16,0.3648
2020-06-17,0.362
2020-06-18,0.3648
2020-06-19,0.3616
2020-06-22,0.3587
2020-06-23,0.3609
2020-06-24,0.359
2020-06-25,0.3558
2020-06-26,0.3553
2020-06-29,0.3552
2020-06-30,0.3558
2020-07-01,0.36
2020-07-02,0.3643
2020-07-03,0.3605
2020-07-06,0.3668
2020-07-07,0.3657
2020-07-08,0.3643
2020-07-09,0.3671
2020-07-10,0.3643
2020-07-13,0.3658
2020-07-14,0.3646
2020-07-15,0.3687
2020-07-16,0.3677
2020-07-17,0.3708
2020-07-20,0.3704
2020-07-21,0.3734
2020-07-22,0.3755
2020-07-23,0.3734
2020-07-24,0.37
2020-07-27,0.3752
2020-07-28,0.3743
2020-07-29,0.3756
2020-07-31,0.3759
2020-08-03,0.3731
2020-08-04,0.3745
2020-08-05,0.3783
2020-08-06,0.3792
2020-08-07,0.3785
2020-08-10,0.3771
2020-08-11,0.3796
2020-08-12,0.38
2020-08-13,0.3835
2020-08-14,0.3817
2020-08-17,0.3841
2020-08-18,0.3855
2020-08-19,0.385
2020-08-20,0.3806
2020-08-21,0.3814
2020-08-24,0.3794
2020-08-25,0.38
2020-08-26,0.3802
2020-08-27,0.3773
2020-08-28,0.3819
2020-08-31,0.3842
2020-09-01,0.3851
2020-09-02,0.3834
2020-09-03,0.3786
2020-09-04,0.3783
2020-09-07,0.3791
2020-09-08,0.3752
2020-09-09,0.3734
2020-09-10,0.3778
2020-09-11,0.3803
2020-09-14,0.3818
2020-09-15,0.3804
2020-09-16,0.3802
2020-09-17,0.3772
2020-09-21,0.3727
2020-09-22,0.3693
2020-09-23,0.3668
2020-09-24,0.3639
2020-09-25,0.3647
2020-09-29,0.3666
2020-09-30,0.3626
2020-10-01,0.3689
2020-10-02,0.3689
2020-10-05,0.3693
2020-10-06,0.3697
2020-10-07,0.3652
2020-10-08,0.3658
2020-10-09,0.3658
2020-10-12,0.3699
2020-10-13,0.37
2020-10-14,0.3663
2020-10-15,0.3634
2020-10-16,0.3609
2020-10-19,0.3639
2020-10-20,0.3642
2020-10-21,0.367
2020-10-22,0.3664
2020-10-23,0.3666
2020-10-26,0.3653
2020-10-27,0.3682
2020-10-28,0.3637
2020-10-29,0.3584
2020-10-30,0.3583
2020-11-02,0.3561
2020-11-03,0.363
2020-11-04,0.3642
2020-11-05,0.3663
2020-11-06,0.3673
2020-11-09,0.3725
2020-11-10,0.3744
2020-11-11,0.3741
2020-11-12,0.3704
2020-11-13,0.3665
2020-11-16,0.3698
2020-11-17,0.3704
2020-11-18,0.3702
2020-11-19,0.3703
2020-11-20,0.3715
2020-11-23,0.3717
2020-11-24,0.3715
2020-11-25,0.375
2020-11-26,0.3742
2020-11-27,0.3745
2020-11-30,0.3765
2020-12-01,0.3729
2020-12-02,0.3705
2020-12-03,0.3709
2020-12-04,0.3729
2020-12-07,0.3711
2020-12-08,0.3703
2020-12-09,0.3733
2020-12-10,0.3678
2020-12-11,0.3689
2020-12-14,0.3741
2020-12-15,0.3726
2020-12-16,0.3748
2020-12-17,0.3779
2020-12-18,0.3776
2020-12-21,0.3708
2020-12-22,0.3716
2020-12-23,0.3706
2020-12-24,0.3732
2020-12-28,0.371
2020-12-29,0.3729
2020-12-30,0.3744
2020-12-31,0.3767
2021-01-04,0.3778
2021-01-05,0.3753
2021-01-06,0.379
2021-01-07,0.3768
2021-01-08,0.3776
2021-01-11,0.3738
2021-01-12,0.3704
2021-01-13,0.3694
2021-01-14,0.3671
2021-01-15,0.3801
2021-01-18,0.3749
2021-01-19,0.379
2021-01-20,0.3813
2021-01-21,0.3892
2021-01-22,0.3877
2021-01-25,0.3844
2021-01-26,0.3821
2021-01-27,0.3786
2021-01-28,0.3794
2021-01-29,0.3842
2021-02-01,0.3821
2021-02-02,0.3832
2021-02-03,0.3829
2021-02-04,0.3822
2021-02-05,0.3816
2021-02-08,0.3851
2021-02-09,0.3841
2021-02-10,0.3853
2021-02-11,0.3848
2021-02-12,0.3819
2021-02-15,0.386
2021-02-16,0.3868
2021-02-17,0.3847
2021-02-18,0.3857
2021-02-19,0.3867
2021-02-22,0.3852
2021-02-23,0.3843
2021-02-24,0.387
2021-02-25,0.3923
2021-03-01,0.3843
2021-03-02,0.3877
2021-03-03,0.3877
2021-03-04,0.3886
2021-03-05,0.3846
2021-03-08,0.3887
2021-03-09,0.3925
2021-03-10,0.3914
2021-03-11,0.392
2021-03-12,0.3916
2021-03-15,0.3919
2021-03-16,0.3906
2021-03-17,0.3867
2021-03-18,0.3913
2021-03-19,0.3874
2021-03-22,0.3882
2021-03-24,0.3836
2021-03-25,0.3843
2021-03-26,0.3863
2021-03-29,0.3884
2021-03-30,0.389
2021-03-31,0.3911
2021-04-01,0.3897
2021-04-05,0.3884
2021-04-06,0.3877
2021-04-07,0.3901
2021-04-08,0.3872
2021-04-09,0.3859
2021-04-12,0.3882
2021-04-13,0.3863
2021-04-14,0.3901
2021-04-16,0.3906
2021-04-19,0.3937
2021-04-20,0.3917
2021-04-21,0.3896
2021-04-22,0.392
2021-04-23,0.391
2021-04-26,0.3901
2021-04-27,0.3907
2021-04-28,0.3931
2021-04-29,0.3962
2021-04-30,0.3952
2021-05-03,0.3912
2021-05-04,0.3906
2021-05-05,0.3933
2021-05-06,0.3909
2021-05-07,0.3929
2021-05-10,0.3958
2021-05-11,0.3983
2021-05-12,0.3964
2021-05-13,0.3918
2021-05-14,0.3934
2021-05-18,0.3992
2021-05-19,0.3944
2021-05-20,0.3918
2021-05-21,0.391
2021-05-24,0.3898
2021-05-25,0.3893
2021-05-26,0.39
2021-05-27,0.3882
2021-05-28,0.3903
2021-06-01,0.392
2021-06-02,0.39
2021-06-03,0.3909
2021-06-04,0.3881
2021-06-07,0.3934
2021-06-08,0.3932
2021-06-09,0.3935
2021-06-10,0.39
2021-06-11,0.3922
2021-06-14,0.3909
2021-06-15,0.3896
2021-06-16,0.3878
2021-06-17,0.3814
2021-06-18,0.3807
2021-06-21,0.3777
2021-06-22,0.3793
2021-06-23,0.3818
2021-06-24,0.3827
2021-06-25,0.3824
2021-06-28,0.3816
2021-06-29,0.3803
2021-06-30,0.3806
2021-07-01,0.3789
2021-07-02,0.3786
2021-07-05,0.3806
2021-07-06,0.3788
2021-07-07,0.3768
2021-07-08,0.3721
2021-07-09,0.3737
2021-07-12,0.376
2021-07-13,0.3767
2021-07-14,0.374
2021-07-15,0.3719
2021-07-16,0.3725
2021-07-19,0.3682
2021-07-20,0.366
2021-07-21,0.3666
2021-07-22,0.371
2021-07-23,0.3691
2021-07-26,0.3678
2021-07-27,0.368
2021-07-28,0.3657
2021-07-29,0.3705
2021-07-30,0.3692
2021-08-02,0.3664
2021-08-03,0.3669
2021-08-04,0.3649
2021-08-05,0.3642
2021-08-06,0.3641
2021-08-09,0.3612
2021-08-10,0.3611
2021-08-11,0.3608
2021-08-12,0.3645
2021-08-13,0.3642
2021-08-16,0.3639
2021-08-17,0.3648
2021-08-18,0.3635
2021-08-19,0.3599
2021-08-20,0.3568
2021-08-23,0.3609
2021-08-24,0.363
2021-08-25,0.3652
2021-08-26,0.3662
2021-08-27,0.3666
2021-08-30,0.3705
2021-08-31,0.3708
2021-09-01,0.3682
2021-09-02,0.3697
2021-09-03,0.3706
2021-09-09,0.3685
2021-09-10,0.3702
2021-09-13,0.3701
2021-09-14,0.3729
2021-09-17,0.3729
2021-09-20,0.3671
2021-09-22,0.3705
2021-09-23,0.3706
2021-09-24,0.3725
2021-09-27,0.3727
2021-09-29,0.3691
2021-09-30,0.3672
2021-10-01,0.3691
2021-10-04,0.374
2021-10-05,0.3774
2021-10-06,0.3765
2021-10-07,0.375
2021-10-08,0.3758
2021-10-11,0.3778
2021-10-12,0.3779
2021-10-13,0.3796
2021-10-14,0.3818
2021-10-15,0.3824
2021-10-18,0.383
2021-10-19,0.3855
2021-10-20,0.3833
2021-10-21,0.3852
2021-10-22,0.3849
2021-10-25,0.3837
2021-10-26,0.3839
2021-10-27,0.3799
2021-10-28,0.3784
2021-10-29,0.3777
2021-11-01,0.3721
2021-11-02,0.3704
2021-11-03,0.3685
2021-11-04,0.3655
2021-11-05,0.3634
2021-11-08,0.3628
2021-11-09,0.3648
2021-11-10,0.3634
2021-11-11,0.3592
2021-11-12,0.3585
2021-11-15,0.3582
2021-11-16,0.3553
2021-11-17,0.3512
2021-11-18,0.3517
2021-11-19,0.3491
2021-11-22,0.3461
2021-11-23,0.3471
2021-11-24,0.3548
2021-11-25,0.3519
2021-11-26,0.3511
2021-11-29,0.3485
2021-11-30,0.3492
2021-12-01,0.3488
2021-12-02,0.349
2021-12-03,0.3461
2021-12-06,0.3461
2021-12-07,0.3485
2021-12-08,0.3473
2021-12-09,0.3464
2021-12-10,0.3451
2021-12-13,0.345
2021-12-14,0.3436
2021-12-15,0.3438
2021-12-16,0.3462
2021-12-17,0.3465
2021-12-20,0.3482
2021-12-21,0.3518
2021-12-22,0.3555
2021-12-23,0.3559
2021-12-24,0.3566
2021-12-27,0.3533
2021-12-28,0.353
2021-12-29,0.3521
2021-12-30,0.3529
2021-12-31,0.3525
2022-01-03,0.3511
2022-01-04,0.3489
2022-01-05,0.3504
2022-01-06,0.3505
2022-01-07,0.3504
2022-01-10,0.3521
2022-01-11,0.3543
2022-01-12,0.356
2022-01-13,0.3594
2022-01-14,0.3585
2022-01-17,0.3557
2022-01-18,0.3567
2022-01-19,0.3564
2022-01-20,0.3565
2022-01-21,0.3551
2022-01-24,0.3531
2022-01-25,0.3536
2022-01-26,0.3577
2022-01-27,0.3567
2022-01-28,0.3554
2022-01-31,0.3562
2022-02-01,0.3585
2022-02-02,0.36
2022-02-03,0.3613
2022-02-04,0.3666
2022-02-07,0.3635
2022-02-08,0.3655
2022-02-09,0.3657
2022-02-10,0.3651
2022-02-11,0.3656
2022-02-14,0.3648
2022-02-15,0.3624
2022-02-16,0.3579
2022-02-17,0.3585
2022-02-18,0.358
2022-02-21,0.3581
2022-02-22,0.3615
2022-02-23,0.3641
2022-02-24,0.3604
2022-02-25,0.3632
2022-02-28,0.3649
2022-03-01,0.3666
2022-03-02,0.3632
2022-03-03,0.3642
2022-03-04,0.3641
2022-03-07,0.3635
2022-03-08,0.3683
2022-03-09,0.368
2022-03-10,0.3653
2022-03-11,0.3652
2022-03-14,0.363
2022-03-15,0.365
2022-03-16,0.3663
2022-03-21,0.3701
2022-03-22,0.369
2022-03-23,0.3685
2022-03-24,0.374
2022-03-25,0.3712
2022-03-28,0.3735
2022-03-29,0.3728
2022-03-30,0.3682
2022-03-31,0.3635
2022-04-01,0.3648
2022-04-04,0.3686
2022-04-05,0.3683
2022-04-06,0.3689
2022-04-07,0.3675
2022-04-08,0.3674
2022-04-11,0.3669
2022-04-12,0.3654
2022-04-13,0.3641
2022-04-14,0.3658
2022-04-19,0.3673
2022-04-20,0.3678
2022-04-21,0.3667
2022-04-25,0.3636
2022-04-26,0.3586
2022-04-27,0.3597
2022-04-28,0.3532
2022-04-29,0.3579
2022-05-02,0.3556
2022-05-03,0.3566
2022-05-04,0.3574
2022-05-06,0.3575
2022-05-09,0.3607
2022-05-10,0.3578
2022-05-11,0.3549
2022-05-12,0.3518
2022-05-13,0.347
2022-05-16,0.3487
2022-05-17,0.3478
2022-05-18,0.3451
2022-05-19,0.3455
2022-05-20,0.3454
2022-05-23,0.3498
2022-05-24,0.3481
2022-05-25,0.3492
2022-05-26,0.3518
2022-05-27,0.3528
2022-05-30,0.3519
2022-05-31,0.3544
2022-06-01,0.3548
2022-06-02,0.3528
2022-06-06,0.3542
2022-06-07,0.3503
2022-06-08,0.3536
2022-06-09,0.3524
2022-06-10,0.3522
2022-06-13,0.3496
2022-06-14,0.3463
2022-06-15,0.3477
2022-06-16,0.3443
2022-06-17,0.348
2022-06-20,0.3489
2022-06-21,0.3527
2022-06-22,0.3477
2022-06-23,0.3455
2022-06-24,0.346
2022-06-27,0.3452
2022-06-28,0.3508
2022-06-29,0.3519
2022-06-30,0.3516
2022-07-01,0.3547
2022-07-04,0.3547
2022-07-05,0.3536
2022-07-06,0.3477
2022-07-07,0.3463
2022-07-08,0.3426
2022-07-11,0.3405
2022-07-12,0.3403
2022-07-13,0.34
2022-07-14,0.3393
2022-07-15,0.3393
2022-07-18,0.3413
2022-07-19,0.3459
2022-07-20,0.3467
2022-07-21,0.346
2022-07-22,0.3451
2022-07-25,0.3498
2022-07-26,0.3486
2022-07-27,0.3492
2022-07-28,0.3522
2022-07-29,0.351
2022-08-01,0.3513
2022-08-02,0.3476
2022-08-03,0.3469
2022-08-04,0.3444
2022-08-05,0.342
2022-08-08,0.3404
2022-08-09,0.3406
2022-08-10,0.3399
2022-08-11,0.3428
2022-08-12,0.3406
2022-08-15,0.3373
2022-08-16,0.3366
2022-08-17,0.336
2022-08-18,0.3357
2022-08-19,0.3338
2022-08-22,0.3358
2022-08-23,0.3349
2022-08-24,0.3378
2022-08-25,0.3415
2022-08-26,0.3364
2022-08-29,0.3396
2022-08-30,0.3399
2022-08-31,0.3362
2022-09-01,0.3358
2022-09-02,0.3367
2022-09-05,0.3421
2022-09-06,0.3432
2022-09-07,0.3423
2022-09-08,0.3414
2022-09-09,0.3464
2022-09-12,0.3448
2022-09-13,0.3409
2022-09-14,0.3396
2022-09-15,0.3398
2022-09-16,0.3352
2022-09-19,0.3352
2022-09-20,0.335
2022-09-21,0.3352
2022-09-22,0.3355
2022-09-23,0.3336
2022-09-28,0.3245
2022-09-29,0.3277
2022-09-30,0.3323
2022-10-03,0.3314
2022-10-06,0.3355
2022-10-07,0.3294
2022-10-11,0.3336
2022-10-12,0.3316
2022-10-13,0.3329
2022-10-14,0.3347
2022-10-18,0.3341
2022-10-19,0.3328
2022-10-20,0.3343
2022-10-21,0.3336
2022-10-24,0.3363
2022-10-25,0.3374
2022-10-26,0.339
2022-10-27,0.3427
2022-10-28,0.343
2022-10-31,0.3396
2022-11-02,0.3419
2022-11-03,0.3365
2022-11-04,0.3394
2022-11-07,0.3453
2022-11-08,0.3434
2022-11-09,0.3451
2022-11-10,0.3417
2022-11-11,0.3438
2022-11-14,0.3427
2022-11-15,0.3457
2022-11-16,0.3435
2022-11-17,0.3414
2022-11-18,0.3428
2022-11-21,0.3382
2022-11-22,0.3414
2022-11-23,0.3439
2022-11-24,0.3435
2022-11-25,0.3448
2022-11-28,0.3474
2022-11-29,0.3449
2022-11-30,0.3468
2022-12-01,0.3483
2022-12-02,0.347
2022-12-05,0.3468
2022-12-06,0.3426
2022-12-07,0.3437
2022-12-08,0.3446
2022-12-09,0.343
2022-12-12,0.343
2022-12-13,0.3459
2022-12-14,0.35
2022-12-15,0.3502
2022-12-16,0.3498
2022-12-19,0.3477
2022-12-20,0.3497
2022-12-21,0.3543
2022-12-22,0.3554
2022-12-23,0.3543
2022-12-27,0.3566
2022-12-28,0.359
2022-12-29,0.3565
2022-12-30,0.3572
2023-01-03,0.354
2023-01-04,0.3487
2023-01-05,0.3497
2023-01-06,0.346
2023-01-09,0.3524
2023-01-10,0.349
2023-01-11,0.3452
2023-01-12,0.3438
2023-01-13,0.3456
2023-01-16,0.3454
2023-01-17,0.3442
2023-01-18,0.3437
2023-01-19,0.3428
2023-01-20,0.3447
2023-01-23,0.3435
2023-01-24,0.3419
2023-01-25,0.3397
2023-01-26,0.344
2023-01-27,0.3472
2023-01-30,0.3506
2023-01-31,0.3453
2023-02-01,0.3467
2023-02-02,0.3436
2023-02-03,0.3385
2023-02-06,0.3379
2023-02-07,0.3341
2023-02-08,0.3389
2023-02-09,0.3444
2023-02-10,0.3456
2023-02-13,0.3491
2023-02-14,0.3466
2023-02-15,0.3467
2023-02-16,0.3465
2023-02-17,0.345
2023-02-20,0.3476
2023-02-21,0.3553
2023-02-22,0.355
2023-02-23,0.3502
2023-02-24,0.3544
2023-02-27,0.3536
2023-02-28,0.3547
2023-03-01,0.3519
2023-03-02,0.349
2023-03-03,0.3516
2023-03-06,0.3429
2023-03-09,0.338
2023-03-10,0.3361
2023-03-13,0.3401
2023-03-14,0.3442
2023-03-15,0.3403
2023-03-16,0.3405
2023-03-17,0.3434
2023-03-20,0.3449
2023-03-21,0.3471
2023-03-22,0.3461
2023-03-23,0.3481
2023-03-24,0.3479
2023-03-27,0.3387
2023-03-28,0.3393
2023-03-29,0.3422
2023-03-30,0.3438
2023-03-31,0.3465
2023-04-03,0.3463
2023-04-04,0.346
2023-04-11,0.3451
2023-04-13,0.3513
2023-04-14,0.3552
2023-04-17,0.3515
2023-04-18,0.349
2023-04-19,0.3461
2023-04-20,0.3451
2023-04-21,0.343
2023-04-24,0.3459
2023-04-25,0.3447
2023-04-27,0.3425
2023-04-28,0.3391
2023-05-01,0.3382
2023-05-02,0.3379
2023-05-03,0.3377
2023-05-04,0.3404
2023-05-05,0.343
2023-05-08,0.3469
2023-05-09,0.3471
2023-05-10,0.3481
2023-05-11,0.346
2023-05-12,0.341
2023-05-15,0.3419
2023-05-16,0.3435
2023-05-17,0.3384
2023-05-18,0.3353
2023-05-19,0.3355
2023-05-22,0.336
2023-05-23,0.3349
2023-05-24,0.3392
2023-05-25,0.3393
2023-05-30,0.3347
2023-05-31,0.3301
2023-06-01,0.3341
2023-06-02,0.3401
2023-06-05,0.3369
2023-06-06,0.335
2023-06-07,0.3322
2023-06-08,0.3339
2023-06-09,0.3353
2023-06-12,0.3321
2023-06-13,0.3299
2023-06-14,0.3412
2023-06-15,0.3384
2023-06-16,0.3387
2023-06-19,0.3385
2023-06-20,0.337
2023-06-21,0.3353
2023-06-22,0.3434
2023-06-23,0.3346
2023-06-26,0.3369
2023-06-27,0.3385
2023-06-28,0.3414
2023-06-29,0.3435
2023-06-30,0.3437
2023-07-03,0.346
2023-07-04,0.3479
2023-07-05,0.3454
2023-07-06,0.3461
2023-07-07,0.3458
2023-07-10,0.3512
2023-07-11,0.356
2023-07-12,0.3549
2023-07-13,0.3592
2023-07-14,0.362
2023-07-17,0.3624
2023-07-18,0.3614
2023-07-19,0.3562
2023-07-20,0.3608
2023-07-21,0.3596
2023-07-24,0.3585
2023-07-25,0.369
2023-07-26,0.3671
2023-07-28,0.3639
2023-07-31,0.3646
2023-08-01,0.358
2023-08-02,0.359
2023-08-03,0.3579
2023-08-04,0.3614
2023-08-07,0.3621
2023-08-08,0.3595
2023-08-09,0.3643
2023-08-10,0.3666
2023-08-11,0.3599
2023-08-14,0.3568
2023-08-15,0.3586
2023-08-16,0.3572
2023-08-17,0.3577
2023-08-18,0.357
2023-08-21,0.3591
2023-08-22,0.3572
2023-08-23,0.3536
2023-08-24,0.3539
2023-08-25,0.354
2023-08-28,0.3545
2023-08-29,0.3555
2023-08-30,0.3583
2023-08-31,0.3567
2023-09-01,0.3575
2023-09-04,0.3577
2023-09-05,0.3535
2023-09-06,0.3558
2023-09-07,0.3588
2023-09-08,0.3598
2023-09-11,0.3606
2023-09-12,0.3556
2023-09-13,0.3571
2023-09-14,0.3569
2023-09-18,0.3532
2023-09-19,0.354
2023-09-20,0.3553
2023-09-21,0.3526
2023-09-22,0.3544
2023-09-26,0.3536
2023-09-27,0.3566
2023-09-28,0.3585
2023-09-29,0.36
2023-10-02,0.3577
2023-10-03,0.3541
2023-10-04,0.3526
2023-10-05,0.3499
2023-10-06,0.3516
2023-10-09,0.3587
2023-10-10,0.3633
2023-10-11,0.3654
2023-10-12,0.3647
2023-10-13,0.3629
2023-10-16,0.3643
2023-10-17,0.3661
2023-10-18,0.3669
2023-10-19,0.3631
2023-10-20,0.3662
2023-10-23,0.3652
2023-10-24,0.3656
2023-10-25,0.3627
2023-10-26,0.3626
2023-10-27,0.3646
2023-10-30,0.3638
2023-10-31,0.361
2023-11-01,0.3591
2023-11-02,0.3561
2023-11-03,0.357
2023-11-06,0.3522
2023-11-07,0.3461
2023-11-08,0.3443
2023-11-09,0.3447
2023-11-10,0.3473
2023-11-13,0.3474
2023-11-14,0.3441
2023-11-15,0.3477
2023-11-16,0.3492
2023-11-17,0.3416
2023-11-20,0.3471
2023-11-21,0.3478
2023-11-22,0.3472
2023-11-23,0.3482
2023-11-24,0.3472
2023-11-27,0.3491
2023-11-28,0.3478
2023-11-29,0.3456
2023-11-30,0.3457
2023-12-01,0.3477
2023-12-04,0.3451
2023-12-05,0.3428
2023-12-06,0.3384
2023-12-07,0.3388
2023-12-08,0.3403
2023-12-11,0.3396
2023-12-12,0.3402
2023-12-13,0.3376
2023-12-14,0.3491
2023-12-15,0.3494
2023-12-18,0.3511
2023-12-19,0.351
2023-12-20,0.3538
2023-12-21,0.3509
2023-12-22,0.3517
2023-12-26,0.3539
2023-12-27,0.3571
2023-12-28,0.3572
2023-12-29,0.3559
2024-01-02,0.3543
2024-01-03,0.3519
2024-01-04,0.3543
2024-01-05,0.3544
2024-01-08,0.358
2024-01-09,0.3589
2024-01-10,0.3639
2024-01-11,0.3625
2024-01-12,0.3626
2024-01-15,0.3635
2024-01-16,0.3618
2024-01-17,0.3607
2024-01-18,0.3587
2024-01-19,0.3567
2024-01-22,0.3589
2024-01-23,0.3585
2024-01-24,0.3549
2024-01-25,0.354
2024-01-26,0.3549
2024-01-29,0.3536
2024-01-30,0.3499
2024-01-31,0.3475
2024-02-01,0.3478
2024-02-02,0.3486
2024-02-05,0.3445
2024-02-06,0.3409
2024-02-07,0.3439
2024-02-08,0.3454
2024-02-09,0.3479
2024-02-12,0.3502
2024-02-13,0.3474
2024-02-14,0.3454
2024-02-15,0.3431
2024-02-16,0.3429
2024-02-19,0.3451
2024-02-20,0.3489
2024-02-21,0.3508
2024-02-22,0.3484
2024-02-23,0.3447
2024-02-26,0.3465
2024-02-28,0.3405
2024-02-29,0.3377
2024-03-01,0.3359
2024-03-04,0.3393
2024-03-05,0.3397
2024-03-06,0.3417
2024-03-07,0.3433
2024-03-08,0.3449
2024-03-11,0.3456
2024-03-12,0.3487
2024-03-13,0.3485
2024-03-14,0.3458
2024-03-15,0.3447
2024-03-18,0.3451
2024-03-19,0.3434
2024-03-20,0.3444
2024-03-21,0.3405
2024-03-22,0.3371
2024-03-26,0.3415
2024-03-27,0.34
2024-03-28,0.34
2024-04-01,0.3367
2024-04-02,0.3392
2024-04-03,0.3446
2024-04-04,0.3481
2024-04-05,0.3497
2024-04-08,0.3468
2024-04-09,0.3454
2024-04-10,0.3485
2024-04-11,0.3475
2024-04-12,0.3464
2024-04-15,0.3409
2024-04-16,0.3431
2024-04-17,0.3437
2024-04-18,0.3438
2024-04-19,0.3423
2024-04-24,0.3441
2024-04-25,0.3457
2024-04-26,0.3486
2024-04-30,0.3397
2024-05-01,0.3373
2024-05-02,0.3373
2024-05-03,0.3391
2024-05-06,0.3455
2024-05-07,0.3426
2024-05-08,0.3392
2024-05-09,0.3424
2024-05-10,0.3436
2024-05-13,0.3427
2024-05-15,0.3433
2024-05-16,0.3437
2024-05-17,0.3467
2024-05-20,0.3468
2024-05-21,0.3441
2024-05-22,0.3433
2024-05-23,0.3453
2024-05-24,0.3452
2024-05-28,0.3506
2024-05-29,0.3511
2024-05-30,0.3531
2024-05-31,0.3528
2024-06-03,0.3486
2024-06-04,0.3488
2024-06-05,0.351
2024-06-06,0.352
2024-06-07,0.3535
2024-06-10,0.3495
2024-06-11,0.3491
2024-06-13,0.3502
2024-06-14,0.3486
2024-06-17,0.3482
2024-06-18,0.3484
2024-06-19,0.352
2024-06-20,0.3531
2024-06-21,0.3545
2024-06-24,0.3524
2024-06-25,0.3527
2024-06-26,0.3521
2024-06-27,0.3523
2024-06-28,0.3521
2024-07-01,0.3528
2024-07-02,0.3523
2024-07-03,0.3534
2024-07-04,0.3544
2024-07-05,0.3525
2024-07-08,0.3485
2024-07-09,0.3457
2024-07-10,0.3421
2024-07-11,0.3371
2024-07-12,0.34
2024-07-15,0.3352
2024-07-16,0.3363
2024-07-17,0.3374
2024-07-18,0.3385
2024-07-19,0.337
2024-07-22,0.3323
2024-07-23,0.3294
2024-07-24,0.3291
2024-07-25,0.3289
2024-07-26,0.3346
2024-07-29,0.3394
2024-07-30,0.3405
2024-07-31,0.3451
2024-08-01,0.3479
2024-08-02,0.3474
2024-08-05,0.3462
2024-08-06,0.3488
2024-08-07,0.3516
2024-08-08,0.3489
2024-08-09,0.3464
2024-08-12,0.3498
2024-08-14,0.3495
2024-08-15,0.3479
2024-08-16,0.3436
2024-08-19,0.3474
2024-08-20,0.3504
2024-08-21,0.3541
2024-08-22,0.3531
2024-08-23,0.3493
2024-08-26,0.3473
2024-08-27,0.3508
2024-08-28,0.3482
2024-08-29,0.3496
2024-08-30,0.3483
2024-09-02,0.3448
2024-09-03,0.3438
2024-09-04,0.3485
2024-09-05,0.3475
2024-09-06,0.3489
2024-09-09,0.3466
2024-09-10,0.3488
2024-09-11,0.3487
2024-09-12,0.3463
2024-09-13,0.3472
2024-09-16,0.3535
2024-09-17,0.3536
2024-09-18,0.3563
2024-09-19,0.3592
2024-09-20,0.3587
2024-09-23,0.3594
2024-09-24,0.3617
2024-09-25,0.3605
2024-09-26,0.3497
2024-09-27,0.3504
2024-09-30,0.3524
2024-10-01,0.3515
2024-10-07,0.3566
2024-10-08,0.3545
2024-10-09,0.3492
2024-10-10,0.3499
2024-10-14,0.3485
2024-10-15,0.3464
2024-10-16,0.3478
2024-10-18,0.341
2024-10-21,0.3418
2024-10-22,0.3456
2024-10-23,0.3458
2024-10-25,0.3462
2024-10-28,0.3386
2024-10-29,0.3404
2024-10-30,0.3388
2024-10-31,0.3387
2024-11-01,0.3422
2024-11-04,0.3421
2024-11-05,0.3416
2024-11-06,0.3368
2024-11-07,0.3411
2024-11-08,0.3412
2024-11-11,0.3376
2024-11-12,0.3392
2024-11-13,0.338
2024-11-14,0.3352
2024-11-15,0.3364
2024-11-18,0.3362
2024-11-19,0.3389
2024-11-20,0.3384
2024-11-21,0.3384
2024-11-22,0.333
2024-11-25,0.3322
2024-11-26,0.3274
2024-11-27,0.3291
2024-11-28,0.3297
2024-11-29,0.3298
2024-12-02,0.3276
2024-12-03,0.3285
2024-12-04,0.3254
2024-12-05,0.3252
2024-12-06,0.3252
2024-12-09,0.3206
2024-12-10,0.3214
2024-12-11,0.3213
2024-12-12,0.3213
2024-12-13,0.3224
2024-12-16,0.3224
2024-12-17,0.3212
2024-12-18,0.3198
2024-12-19,0.3192
2024-12-20,0.3198
2024-12-23,0.3214
2024-12-24,0.3215
2024-12-26,0.3225
2024-12-27,0.3237
2024-12-30,0.3214
2024-12-31,0.3222
2025-01-02,0.3212
2025-01-03,0.3212
2025-01-06,0.323
2025-01-07,0.3216
2025-01-08,0.3208
2025-01-09,0.3205
2025-01-10,0.3207
2025-01-13,0.3195
2025-01-14,0.3182
2025-01-15,0.3187
2025-01-16,0.3183
2025-01-17,0.3166
2025-01-20,0.3137
2025-01-21,0.3141
2025-01-22,0.3145
2025-01-23,0.3154
2025-01-24,0.3189
2025-01-27,0.3219
2025-01-28,0.3202
2025-01-29,0.3177
2025-01-30,0.3171
2025-01-31,0.3153
2025-02-03,0.3162
2025-02-04,0.3152
2025-02-05,0.3168
2025-02-06,0.3164
2025-02-07,0.3167
2025-02-10,0.3178
2025-02-11,0.3196
2025-02-12,0.3196
2025-02-13,0.3171
2025-02-14,0.3204
2025-02-17,0.3197
2025-02-18,0.3189
2025-02-19,0.3177
2025-02-20,0.3187
2025-02-21,0.3208
2025-02-24,0.3212
2025-02-25,0.3221
2025-02-26,0.3209
2025-02-27,0.3181
2025-02-28,0.3184
2025-03-03,0.3216
2025-03-04,0.3226
2025-03-05,0.3278
2025-03-06,0.3328
2025-03-07,0.3335
2025-03-10,0.3378
2025-03-11,0.3423
2025-03-12,0.3406
2025-03-13,0.3416
2025-03-17,0.3464
2025-03-18,0.3481
2025-03-19,0.3476
2025-03-20,0.3454
2025-03-21,0.3506
2025-03-24,0.353
2025-03-25,0.3499
2025-03-26,0.349
2025-03-27,0.3495
2025-03-28,0.3511
2025-03-31,0.3522
2025-04-01,0.353
2025-04-02,0.3539
2025-04-03,0.36
2025-04-04,0.3532
2025-04-07,0.3463
2025-04-08,0.3433
2025-04-09,0.3466
2025-04-10,0.3459
2025-04-11,0.3478
2025-04-14,0.3494
2025-04-15,0.3481
2025-04-16,0.347
2025-04-17,0.3499
2025-04-21,0.3551
2025-04-22,0.3597
2025-04-23,0.3523
2025-04-24,0.3507
2025-04-25,0.3469
2025-04-28,0.3484
2025-04-29,0.3491
2025-04-30,0.3511
2025-05-02,0.3479
2025-05-05,0.3484
2025-05-06,0.3501
2025-05-07,0.3493
2025-05-08,0.3457
2025-05-09,0.3433
2025-05-12,0.3395
2025-05-13,0.3435
2025-05-14,0.3457
2025-05-15,0.34
2025-05-16,0.3417
2025-05-19,0.3452
2025-05-20,0.3423
2025-05-21,0.3497
2025-05-22,0.3502
2025-05-23,0.356
2025-05-27,0.3489
2025-05-28,0.3489
2025-05-29,0.3449
2025-05-30,0.3459
2025-06-03,0.3484
2025-06-04,0.3474
2025-06-05,0.3463
2025-06-06,0.3474
2025-06-09,0.3454
2025-06-10,0.3469
2025-06-11,0.3465
2025-06-12,0.3582
2025-06-13,0.3617
2025-06-16,0.3571
2025-06-17,0.3545
2025-06-18,0.3516
2025-06-19,0.3462
2025-06-20,0.3463
2025-06-23,0.3414
2025-06-24,0.3373
2025-06-25,0.3361
2025-06-26,0.337
2025-06-27,0.3373
2025-06-30,0.3343
2025-07-01,0.3363
2025-07-02,0.334
2025-07-03,0.3339
2025-07-04,0.3313
2025-07-07,0.3289
2025-07-08,0.3327
2025-07-09,0.3295
2025-07-10,0.3283
2025-07-11,0.3295
2025-07-14,0.333
2025-07-15,0.3289
2025-07-16,0.3258
2025-07-17,0.3248
2025-07-18,0.3282
2025-07-21,0.3295
2025-07-22,0.3299
2025-07-23,0.3306
2025-07-24,0.3307
2025-07-25,0.3306
2025-07-28,0.3291
2025-07-29,0.3292
2025-07-30,0.3297
2025-07-31,0.3291
2025-08-01,0.3303
2025-08-04,0.3315
2025-08-05,0.3354
2025-08-06,0.3378
2025-08-07,0.3352
2025-08-08,0.3358
2025-08-11,0.3336
2025-08-12,0.3348
2025-08-13,0.3324
2025-08-14,0.3323
2025-08-15,0.3318
2025-08-18,0.3331
2025-08-19,0.3312
2025-08-20,0.3313
2025-08-21,0.3358
2025-08-22,0.3335
2025-08-25,0.3346
2025-08-26,0.3313
2025-08-27,0.3288
2025-08-28,0.3302
2025-08-29,0.3315
2025-09-01,0.3349
2025-09-02,0.3385
2025-09-03,0.3359
2025-09-04,0.3334
2025-09-05,0.3326
2025-09-08,0.333
2025-09-09,0.3346
2025-09-10,0.336
2025-09-11,0.3361
2025-09-12,0.3372
2025-09-15,0.3397
2025-09-16,0.3403
2025-09-17,0.34
2025-09-18,0.3417
2025-09-19,0.3373
2025-09-25,0.3359
2025-09-26,0.3352
2025-09-29,0.3337
2025-09-30,0.3311
2025-10-03,0.333
2025-10-06,0.3297
2025-10-08,0.3279
2025-10-09,0.3237
2025-10-10,0.3227
2025-10-13,0.3257
2025-10-15,0.3262
2025-10-16,0.3275
2025-10-17,0.3293
2025-10-20,0.3287
2025-10-21,0.3274
2025-10-22,0.3282
2025-10-23,0.3313
2025-10-24,0.3293
2025-10-27,0.3257
2025-10-28,0.3259
2025-10-29,0.3252
2025-10-30,0.3234
2025-10-31,0.3222
2025-11-03,0.3216
2025-11-04,0.3203
2025-11-05,0.3195
2025-11-06,0.3196
2025-11-07,0.3198
2025-11-10,0.3198
2025-11-11,0.3191
2025-11-12,0.3181
2025-11-13,0.3193
2025-11-14,0.3211
2025-11-17,0.3213
2025-11-18,0.3227
2025-11-19,0.3219
2025-11-20,0.3197
2025-11-21,0.3203
2025-11-24,0.3207
2025-11-25,0.3192
2025-11-26,0.3207
2025-11-27,0.322
2025-11-28,0.321
2025-12-01,0.3224
2025-12-02,0.3206
2025-12-03,0.3204
2025-12-04,0.3209
2025-12-05,0.3195
2025-12-08,0.3173
2025-12-09,0.3174
2025-12-10,0.3181
2025-12-11,0.3179
2025-12-12,0.3172
2025-12-15,0.3165
2025-12-16,0.3161
2025-12-17,0.3153
2025-12-18,0.3153
2025-12-19,0.3153
2025-12-22,0.3167
2025-12-23,0.3174
2025-12-24,0.3188
2025-12-29,0.319
2025-12-30,0.3166
2025-12-31,0.3169
2026-01-02,0.3158
2026-01-05,0.313
2026-01-06,0.3158
2026-01-07,0.3157
2026-01-08,0.3142
2026-01-09,0.315
2026-01-12,0.3132
2026-01-13,0.3124
2026-01-14,0.3128
2026-01-15,0.3131
2026-01-16,0.3104
2026-01-19,0.3134
2026-01-20,0.3166
2026-01-21,0.3191
2026-01-22,0.3175
2026-01-23,0.3178
2026-01-26,0.3207
2026-01-27,0.3191
2026-01-28,0.3213
2026-01-29,0.3223
2026-01-30,0.323
2026-02-02,0.3208
2026-02-03,0.3186
2026-02-04,0.3198
2026-02-05,0.3204
2026-02-06,0.3211
2026-02-09,0.3211
2026-02-10,0.324
2026-02-11,0.3255
2026-02-12,0.3235
2026-02-13,0.3235
2026-02-16,0.3246
2026-02-17,0.3257
2026-02-18,0.327
2026-02-19,0.3284
2026-02-20,0.3261
2026-02-23,0.3264
2026-02-24,0.3257
2026-02-25,0.3224
2026-02-26,0.3253
2026-02-27,0.3281
2026-03-02,0.3225
2026-03-05,0.3185
2026-03-06,0.319
2026-03-09,0.3229
2026-03-10,0.3221
2026-03-11,0.3228
2026-03-12,0.3222
2026-03-13,0.3223
2026-03-16,0.3212
2026-03-17,0.3235
2026-03-18,0.3227
2026-03-19,0.3253
2026-03-20,0.326
2026-03-23,0.3208
2026-03-24,0.3226
2026-03-25,0.3199
2026-03-26,0.3243
2026-03-27,0.3256
2026-03-30,0.3244
2026-03-31,0.3243
2026-04-07,0.3245
2026-04-09,0.3244
2026-04-10,0.3214
2026-04-13,0.3227
2026-04-14,0.3207
2026-04-15,0.3193
2026-04-16,0.3186
2026-04-17,0.32
2026-04-20,0.3215
2026-04-21,0.3201
2026-04-23,0.3222
2026-04-24,0.3211
2026-04-27,0.3214
2026-04-28,0.3215
2026-04-29,0.3189
2026-04-30,0.3175
2026-05-01,0.3181
2026-05-04,0.3199
2026-05-05,0.3177
2026-05-06,0.3128
2026-05-07,0.3149
2026-05-08,0.3144
2026-05-11,0.316
2026-05-12,0.3176
2026-05-13,0.3172
2026-05-14,0.3151
2026-05-15,0.3131
2026-05-18,0.314
2026-05-19,0.3138
2026-05-20,0.3147
2026-05-21,0.3137
2026-05-26,0.3087
2026-05-27,0.3062
2026-05-28,0.3049
2026-05-29,0.3041
2026-06-01,0.3042
2026-06-02,0.3047
2026-06-03,0.3095
2026-06-04,0.3111
2026-06-05,0.3115
2026-06-08,0.3111
2026-06-09,0.3108
2026-06-10,0.3132
2026-06-11,0.3115
2026-06-12,0.3078
2026-06-15,0.3059
2026-06-16,0.3056
2026-06-17,0.3075
2026-06-18,0.3038
2026-06-19,0.3046
2026-06-22,0.3063
2026-06-23,0.3073
2026-06-24,0.3042
2026-06-25,0.3012
2026-06-26,0.3036
2026-06-29,0.3001
2026-06-30,0.3002
2026-07-01,0.3001
2026-07-02,0.3038
2026-07-03,0.3051
2026-07-06,0.3054
2026-07-07,0.3089
2026-07-08,0.3117
2026-07-09,0.3106
2026-07-10,0.3079
2026-07-13,0.3099
2026-07-14,0.3101
2026-07-15,0.3079
2026-07-16,0.311
2026-07-17,0.3155
2026-07-20,0.3159
2026-07-21,0.3169
2026-07-22,0.3188
2026-07-24,0.3188
2026-07-27,0.3151
2026-07-28,0.3158
2026-07-29,0.3161
2026-07-30,0.3208
2026-07-31,0.3204
2026-08-03,0.3203
2026-08-04,0.3181
2026-08-05,0.3155
2026-08-06,0.3162
2026-08-07,0.3156
2026-08-10,0.3154
2026-08-11,0.3167
2026-08-12,0.3151
2026-08-13,0.3136
2026-08-14,0.3122
2026-08-17,0.3131
2026-08-18,0.3167
2026-08-19,0.3178
2026-08-20,0.3208
2026-08-21,0.3217
2026-08-24,0.3211
2026-08-25,0.32
2026-08-26,0.3186
2026-08-27,0.3186
2026-08-28,0.3187
2026-08-31,0.3195
2026-09-01,0.3229
2026-09-02,0.3255
2026-09-03,0.3249
2026-09-04,0.3231
