date,rate
1962-02-10,0.00005813
1967-11-19,0.00006762
1971-08-22,0.00008144
1974-11-10,0.00013755
1975-06-18,0.00015604
1975-08-05,0.00014419
1975-09-09,0.00014456
1975-09-28,0.00015444
1975-11-24,0.00016016
1976-01-04,0.00016349
1976-02-11,0.00016811
1976-03-15,0.00016966
1976-04-19,0.00017242
1976-05-20,0.00017595
1976-06-24,0.0001781
1976-07-19,0.00018093
1976-08-25,0.00018668
1976-09-29,0.00019489
1976-11-01,0.00020378
1976-11-24,0.00020762
1976-12-24,0.00020763
1977-01-17,0.0002116
1977-03-02,0.00021615
1977-03-21,0.00022058
1977-05-25,0.00021578
1977-07-04,0.0002176
1977-07-18,0.00022255
1977-08-01,0.00022596
1977-08-17,0.0002294
1977-09-20,0.00021211
1977-10-17,0.00021692
1977-10-31,0.0003189
1977-11-01,0.0003192
1977-11-02,0.000319
1977-11-03,0.0003189
1977-11-04,0.0003165
1977-11-07,0.0003172
1977-11-08,0.0003165
1977-11-09,0.0003176
1977-11-10,0.0003172
1977-11-11,0.0003178
1977-11-14,0.0003172
1977-11-15,0.000317
1977-11-16,0.0003171
1977-11-17,0.0003177
1977-11-18,0.0003174
1977-11-21,0.0003183
1977-11-22,0.0003184
1977-11-23,0.0003183
1977-11-24,0.0003189
1977-11-25,0.000319
1977-11-28,0.0003188
1977-11-29,0.0003187
1977-11-30,0.0003185
1977-12-01,0.0003186
1977-12-02,0.0003187
1977-12-05,0.0003201
1977-12-06,0.0003218
1977-12-07,0.0003212
1977-12-08,0.0003203
1977-12-09,0.0003187
1977-12-12,0.0003189
1977-12-13,0.0003214
1977-12-14,0.0003226
1977-12-15,0.0003221
1977-12-16,0.0003207
1977-12-19,0.0003228
1977-12-20,0.0003255
1977-12-21,0.0003255
1977-12-22,0.0003228
1977-12-23,0.0003223
1977-12-27,0.0003236
1977-12-28,0.0003271
1977-12-29,0.00033
1977-12-30,0.00033
1978-01-03,0.0003314
1978-01-04,0.0003372
1978-01-05,0.0003279
1978-01-09,0.0003298
1978-01-10,0.0003319
1978-01-11,0.0003375
1978-01-12,0.0003404
1978-01-13,0.0003358
1978-01-16,0.0003374
1978-01-17,0.0003376
1978-01-18,0.0003376
1978-01-19,0.0003386
1978-01-20,0.0003399
1978-01-23,0.0003417
1978-01-24,0.0003428
1978-01-25,0.0003435
1978-01-26,0.0003438
1978-01-27,0.000344
1978-01-30,0.0003441
1978-01-31,0.0003449
1978-02-01,0.0003443
1978-02-02,0.0003433
1978-02-03,0.000344
1978-02-06,0.0003441
1978-02-07,0.0003443
1978-02-08,0.0003442
1978-02-09,0.0003438
1978-02-10,0.0003431
1978-02-13,0.0003411
1978-02-14,0.0003431
1978-02-15,0.0003425
1978-02-16,0.0003436
1978-02-17,0.0003452
1978-02-20,0.000347
1978-02-21,0.0003479
1978-02-22,0.0003483
1978-02-23,0.0003497
1978-02-24,0.0003522
1978-02-27,0.0003525
1978-02-28,0.0003528
1978-03-01,0.0003575
1978-03-02,0.0003566
1978-03-03,0.0003572
1978-03-06,0.0003578
1978-03-07,0.0003547
1978-03-09,0.0003543
1978-03-10,0.0003525
1978-03-13,0.0003502
1978-03-14,0.0003542
1978-03-15,0.0003549
1978-03-16,0.0003576
1978-03-17,0.0003589
1978-03-20,0.0003581
1978-03-21,0.0003584
1978-03-22,0.0003576
1978-03-23,0.0003579
1978-03-28,0.0003583
1978-03-29,0.00035828
1978-03-30,0.0003578
1978-03-31,0.0003581
1978-04-03,0.0003607
1978-04-04,0.0003599
1978-04-05,0.0003575
1978-04-06,0.0003606
1978-04-07,0.0003595
1978-04-10,0.0003589
1978-04-11,0.0003604
1978-04-12,0.0003612
1978-04-13,0.0003603
1978-04-14,0.00036
1978-04-17,0.0003601
1978-04-18,0.0003594
1978-04-19,0.00036
1978-04-20,0.0003595
1978-04-21,0.000359
1978-04-24,0.0003577
1978-04-25,0.0003586
1978-04-26,0.0003595
1978-04-27,0.0003601
1978-05-02,0.0003625
1978-05-03,0.0003613
1978-05-05,0.0003626
1978-05-08,0.0003608
1978-05-09,0.0003605
1978-05-10,0.0003616
1978-05-12,0.0003624
1978-05-16,0.0003629
1978-05-17,0.0003634
1978-05-18,0.0003649
1978-05-19,0.0003664
1978-05-22,0.000366
1978-05-23,0.0003679
1978-05-24,0.0003676
1978-05-25,0.0003682
1978-05-26,0.0003696
1978-05-29,0.0003724
1978-05-30,0.0003738
1978-05-31,0.0003753
1978-06-01,0.0003785
1978-06-02,0.0003772
1978-06-05,0.0003779
1978-06-06,0.0003763
1978-06-07,0.0003754
1978-06-08,0.000376
1978-06-09,0.0003765
1978-06-12,0.0003768
1978-06-13,0.0003772
1978-06-14,0.0003774
1978-06-15,0.0003766
1978-06-16,0.0003766
1978-06-19,0.0003779
1978-06-20,0.0003787
1978-06-21,0.0003814
1978-06-22,0.0003815
1978-06-26,0.0003849
1978-06-27,0.0003852
1978-06-28,0.0003876
1978-06-29,0.0003882
1978-06-30,0.00039
1978-07-03,0.0003926
1978-07-04,0.0003934
1978-07-05,0.0003926
1978-07-06,0.0003917
1978-07-07,0.000389
1978-07-10,0.0003915
1978-07-11,0.0003916
1978-07-12,0.0003912
1978-07-13,0.0003931
1978-07-14,0.0003922
1978-07-17,0.0003322
1978-07-18,0.0003944
1978-07-19,0.0003958
1978-07-20,0.0003972
1978-07-21,0.0003978
1978-07-24,0.0004007
1978-07-25,0.0003999
1978-07-26,0.0003994
1978-07-27,0.0004007
1978-07-28,0.0004011
1978-07-31,0.0004029
1978-08-01,0.0004037
1978-08-02,0.0004027
1978-08-03,0.0004028
1978-08-04,0.0004045
1978-08-07,0.000407
1978-08-08,0.0004105
1978-08-09,0.0004118
1978-08-10,0.0004107
1978-08-11,0.0004126
1978-08-14,0.0004147
1978-08-15,0.0004207
1978-08-16,0.0004174
1978-08-17,0.0004146
1978-08-18,0.0004157
1978-08-21,0.0004106
1978-08-22,0.0004131
1978-08-23,0.0004084
1978-08-24,0.0004107
1978-08-25,0.00041
1978-08-28,0.0004092
1978-08-29,0.0004084
1978-08-30,0.0004143
1978-08-31,0.000414
1978-09-01,0.0004145
1978-09-04,0.000417
1978-09-05,0.0004155
1978-09-06,0.0004129
1978-09-07,0.0004117
1978-09-08,0.0004095
1978-09-11,0.0004081
1978-09-12,0.0004106
1978-09-13,0.0004117
1978-09-14,0.0004147
1978-09-15,0.0004162
1978-09-18,0.0004173
1978-09-19,0.0004182
1978-09-20,0.0004205
1978-09-21,0.0004209
1978-09-22,0.0004173
1978-09-25,0.0004168
1978-09-26,0.0004176
1978-09-27,0.0004142
1978-09-28,0.0004137
1978-09-29,0.0004165
1978-10-04,0.0004199
1978-10-05,0.0004187
1978-10-06,0.0004183
1978-10-09,0.0004185
1978-10-10,0.0004182
1978-10-12,0.0004236
1978-10-13,0.0004215
1978-10-17,0.0004246
1978-10-18,0.0004253
1978-10-19,0.0004266
1978-10-20,0.0004299
1978-10-24,0.0004332
1978-10-25,0.0004396
1978-10-26,0.0004438
1978-10-27,0.0004434
1978-10-30,0.0004479
1978-10-31,0.0004535
1978-11-01,0.000445
1978-11-02,0.0004283
1978-11-03,0.0004245
1978-11-06,0.0004238
1978-11-08,0.0004285
1978-11-09,0.000432
1978-11-10,0.0004298
1978-11-13,0.0004311
1978-11-14,0.0004326
1978-11-15,0.0004321
1978-11-16,0.0004315
1978-11-17,0.0004312
1978-11-20,0.0004257
1978-11-21,0.0004289
1978-11-22,0.000429
1978-11-23,0.0004297
1978-11-24,0.0004305
1978-11-27,0.0004273
1978-11-28,0.0004278
1978-11-29,0.0004255
1978-11-30,0.0004256
1978-12-01,0.0004212
1978-12-04,0.0004216
1978-12-05,0.0004203
1978-12-06,0.0004207
1978-12-07,0.0004219
1978-12-08,0.0004214
1978-12-11,0.0004217
1978-12-12,0.0004251
1978-12-13,0.0004217
1978-12-14,0.000421
1978-12-15,0.0004225
1978-12-18,0.0004266
1978-12-19,0.0004295
1978-12-20,0.0004345
1978-12-21,0.0004342
1978-12-22,0.0004323
1978-12-27,0.0004398
1978-12-28,0.0004427
1978-12-29,0.0004431
1979-01-02,0.0004473
1979-01-03,0.0004434
1979-01-04,0.0004378
1979-01-05,0.000438
1979-01-08,0.0004396
1979-01-09,0.0004339
1979-01-10,0.0004303
1979-01-11,0.0004306
1979-01-12,0.000429
1979-01-15,0.0004315
1979-01-16,0.0004363
1979-01-17,0.0004407
1979-01-18,0.0004406
1979-01-19,0.0004405
1979-01-22,0.0004416
1979-01-23,0.0004406
1979-01-24,0.0004403
1979-01-25,0.0004383
1979-01-26,0.0004365
1979-01-29,0.0004359
1979-01-30,0.0004376
1979-01-31,0.0004371
1979-02-01,0.0004341
1979-02-02,0.000435
1979-02-05,0.0004415
1979-02-06,0.0004442
1979-02-07,0.0004434
1979-02-08,0.0004405
1979-02-09,0.0004388
1979-02-12,0.0004466
1979-02-13,0.0004493
1979-02-14,0.00045
1979-02-15,0.0004538
1979-02-16,0.0004513
1979-02-19,0.000451
1979-02-20,0.000452
1979-02-21,0.0004519
1979-02-22,0.0004515
1979-02-23,0.0004523
1979-02-26,0.0004508
1979-02-27,0.0004449
1979-02-28,0.0004413
1979-03-01,0.0004453
1979-03-02,0.0004407
1979-03-05,0.0004406
1979-03-06,0.000441
1979-03-07,0.0004442
1979-03-08,0.0004505
1979-03-09,0.000454
1979-03-12,0.0004571
1979-03-13,0.0004597
1979-03-15,0.0004623
1979-03-16,0.0004664
1979-03-19,0.000469
1979-03-20,0.0004713
1979-03-21,0.000473
1979-03-22,0.0004757
1979-03-23,0.0004776
1979-03-26,0.0004795
1979-03-27,0.000485
1979-03-28,0.0004861
1979-03-29,0.0004883
1979-03-30,0.0004898
1979-04-02,0.0004885
1979-04-03,0.0004896
1979-04-04,0.0004919
1979-04-05,0.0004923
1979-04-06,0.000493
1979-04-09,0.0004923
1979-04-10,0.0004966
1979-04-11,0.000499
1979-04-17,0.0005031
1979-04-19,0.0005077
1979-04-20,0.0005072
1979-04-23,0.0005069
1979-04-24,0.0005096
1979-04-25,0.0005107
1979-04-26,0.0005117
1979-04-27,0.0005136
1979-04-30,0.0005133
1979-05-03,0.0005193
1979-05-04,0.000519
1979-05-07,0.0005201
1979-05-08,0.0005238
1979-05-09,0.0005251
1979-05-10,0.0005273
1979-05-11,0.0005304
1979-05-14,0.0005337
1979-05-15,0.0005337
1979-05-16,0.0005347
1979-05-17,0.0005412
1979-05-18,0.0005429
1979-05-21,0.0005455
1979-05-22,0.0005485
1979-05-23,0.0005478
1979-05-25,0.0005539
1979-05-28,0.0005539
1979-05-29,0.0005533
1979-05-30,0.0005522
1979-05-31,0.0005513
1979-06-05,0.0005503
1979-06-06,0.0005483
1979-06-07,0.0005483
1979-06-08,0.0005493
1979-06-11,0.000553
1979-06-12,0.0005564
1979-06-13,0.0005581
1979-06-14,0.0005604
1979-06-15,0.0005641
1979-06-18,0.0005699
1979-06-19,0.0005741
1979-06-20,0.0005801
1979-06-21,0.0005811
1979-06-25,0.000591
1979-06-26,0.0005936
1979-06-27,0.0005919
1979-06-28,0.0005938
1979-06-29,0.0005889
1979-07-02,0.0005928
1979-07-03,0.0005899
1979-07-04,0.0005936
1979-07-05,0.0005971
1979-07-06,0.000597
1979-07-09,0.0005968
1979-07-10,0.000598
1979-07-11,0.0006029
1979-07-12,0.0006054
1979-07-13,0.0006042
1979-07-16,0.0006065
1979-07-17,0.0006106
1979-07-18,0.0006145
1979-07-19,0.0006128
1979-07-20,0.0006146
1979-07-23,0.0006162
1979-07-24,0.000619
1979-07-25,0.0006186
1979-07-26,0.0006169
1979-07-27,0.0006153
1979-07-30,0.0006182
1979-07-31,0.0006146
1979-08-01,0.0006126
1979-08-03,0.0006133
1979-08-06,0.0006155
1979-08-07,0.0006164
1979-08-08,0.0006173
1979-08-09,0.0006183
1979-08-10,0.0006232
1979-08-13,0.0006275
1979-08-14,0.0006264
1979-08-15,0.0006276
1979-08-16,0.0006299
1979-08-17,0.0006316
1979-08-20,0.0006359
1979-08-21,0.000638
1979-08-22,0.0006387
1979-08-23,0.0006387
1979-08-24,0.0006403
1979-08-27,0.0006432
1979-08-28,0.000643
1979-08-29,0.0006426
1979-08-30,0.0006432
1979-08-31,0.0006438
1979-09-03,0.0006461
1979-09-04,0.0006482
1979-09-05,0.0006489
1979-09-06,0.0006528
1979-09-07,0.0006537
1979-09-10,0.0006564
1979-09-11,0.0006599
1979-09-12,0.0006597
1979-09-13,0.0006611
1979-09-14,0.0006662
1979-09-17,0.0006719
1979-09-18,0.0006768
1979-09-19,0.0006803
1979-09-20,0.0006904
1979-09-21,0.0006976
1979-09-24,0.0006953
1979-09-25,0.0006953
1979-09-26,0.0006948
1979-09-27,0.0007014
1979-09-28,0.0007011
1979-10-02,0.000704
1979-10-03,0.0007025
1979-10-04,0.0007048
1979-10-05,0.0007025
1979-10-08,0.0007021
1979-10-09,0.0006967
1979-10-10,0.0007062
1979-10-11,0.0007086
1979-10-12,0.000704
1979-10-15,0.0007069
1979-10-16,0.0007065
1979-10-17,0.0007075
1979-10-18,0.0007088
1979-10-19,0.0007099
1979-10-22,0.0007122
1979-10-23,0.0007138
1979-10-24,0.0007119
1979-10-25,0.000716
1979-10-26,0.0007184
1979-10-29,0.0007177
1979-10-30,0.00072
1979-10-31,0.0007189
1979-11-01,0.0007199
1979-11-02,0.0007225
1979-11-05,0.0007321
1979-11-06,0.0007382
1979-11-07,0.0007441
1979-11-08,0.0007413
1979-11-09,0.0007351
1979-11-12,0.0007376
1979-11-13,0.0007377
1979-11-14,0.0007409
1979-11-15,0.0007404
1979-11-16,0.0007469
1979-11-19,0.0007561
1979-11-20,0.0007579
1979-11-21,0.0007654
1979-11-22,0.00077
1979-11-23,0.0007727
1979-11-26,0.0007716
1979-11-27,0.0007795
1979-11-28,0.0007826
1979-11-29,0.0007824
1979-11-30,0.0007863
1979-12-03,0.0007971
1979-12-04,0.0007981
1979-12-05,0.0007944
1979-12-06,0.0007963
1979-12-07,0.0007938
1979-12-10,0.0007988
1979-12-11,0.000804
1979-12-12,0.0008096
1979-12-13,0.0008098
1979-12-14,0.000808
1979-12-17,0.0008105
1979-12-18,0.0008164
1979-12-19,0.000817
1979-12-20,0.0008209
1979-12-21,0.0008227
1979-12-27,0.0008414
1979-12-28,0.0008471
1980-01-02,0.0008541
1980-01-03,0.000863
1980-01-04,0.0008585
1980-01-06,0.8585
1980-01-07,0.0008658
1980-01-08,0.0008666
1980-01-09,0.0008696
1980-01-10,0.0008705
1980-01-11,0.0008746
1980-01-13,0.8746
1980-01-14,0.0008762
1980-01-15,0.0008792
1980-01-16,0.0008761
1980-01-17,0.0008783
1980-01-18,0.0008806
1980-01-20,0.8806
1980-01-21,0.000884
1980-01-22,0.000881
1980-01-23,0.0008827
1980-01-24,0.0008873
1980-01-25,0.0008879
1980-01-27,0.8879
1980-01-28,0.0008905
1980-01-29,0.0008885
1980-01-30,0.0008885
1980-01-31,0.000889
1980-02-01,0.0008898
1980-02-03,0.8898
1980-02-04,0.0008941
1980-02-05,0.000899
1980-02-06,0.0009012
1980-02-07,0.0009059
1980-02-08,0.0009082
1980-02-10,0.9082
1980-02-11,0.0009115
1980-02-12,0.0009103
1980-02-13,0.0009128
1980-02-14,0.0009146
1980-02-15,0.0009154
1980-02-17,0.9154
1980-02-18,0.000921
1980-02-19,0.0009252
1980-02-20,0.0009279
1980-02-21,0.0009325
1980-02-22,0.0009319
1980-02-24,0.9319
1980-02-25,0.0009496
1980-02-26,0.0009497
1980-02-27,0.0009414
1980-02-28,0.0009425
1980-02-29,0.0009391
1980-03-04,0.0009311
1980-03-05,0.0009261
1980-03-06,0.000925
1980-03-07,0.0009237
1980-03-09,0.9237
1980-03-10,0.0009237
1980-03-11,0.0009232
1980-03-12,0.0009328
1980-03-13,0.0009361
1980-03-14,0.0009322
1980-03-16,0.9322
1980-03-17,0.0009299
1980-03-18,0.000926
1980-03-19,0.0009308
1980-03-20,0.0009341
1980-03-21,0.0009328
1980-03-23,0.9328
1980-03-24,0.0009305
1980-03-25,0.0009329
1980-03-26,0.0009365
1980-03-27,0.0009316
1980-03-28,0.0009274
1980-03-30,0.9274
1980-03-31,0.0009302
1980-04-02,0.0009267
1980-04-03,0.0009345
1980-04-04,0.9345
1980-04-06,0.9345
1980-04-08,0.0009353
1980-04-09,0.0009652
1980-04-10,0.0009779
1980-04-11,0.0009772
1980-04-13,0.9772
1980-04-14,0.0009801
1980-04-15,0.0009745
1980-04-16,0.0009731
1980-04-17,0.0009848
1980-04-18,0.0009921
1980-04-20,0.9921
1980-04-22,0.0009932
1980-04-23,0.0009985
1980-04-24,0.0010099
1980-04-25,0.0010112
1980-04-27,1.0112
1980-04-28,0.0010186
1980-04-29,0.0010144
1980-04-30,0.0010181
1980-05-01,1.0181
1980-05-02,0.0010233
1980-05-04,1.0233
1980-05-05,0.0010253
1980-05-06,0.0010372
1980-05-07,0.0010373
1980-05-08,0.0010392
1980-05-09,0.0010384
1980-05-11,1.0384
1980-05-12,0.0010445
1980-05-13,0.0010508
1980-05-14,0.0010523
1980-05-15,1.0523
1980-05-16,0.001065
1980-05-18,1.065
1980-05-19,0.0010755
1980-05-20,0.0010721
1980-05-22,0.0010804
1980-05-23,0.00109
1980-05-25,1.09
1980-05-26,1.09
1980-05-27,0.0011148
1980-05-28,0.0011081
1980-05-29,0.0011049
1980-05-30,0.0010943
1980-06-01,1.0943
1980-06-02,0.0011023
1980-06-03,0.0010957
1980-06-04,0.0011065
1980-06-05,0.0011114
1980-06-06,0.0011213
1980-06-08,1.1213
1980-06-09,0.001134
1980-06-10,0.0011364
1980-06-11,0.0011383
1980-06-12,0.0011421
1980-06-13,0.0011465
1980-06-15,1.1465
1980-06-16,0.0011483
1980-06-17,0.0011469
1980-06-18,0.0011529
1980-06-19,0.0011562
1980-06-20,1.1562
1980-06-22,1.1562
1980-06-23,0.0011692
1980-06-24,0.0011708
1980-06-25,0.0011785
1980-06-26,0.0011837
1980-06-27,0.0011901
1980-06-29,1.1901
1980-06-30,0.0011986
1980-07-01,0.001197
1980-07-02,0.0012012
1980-07-03,0.0012062
1980-07-04,0.0012116
1980-07-06,1.2116
1980-07-07,0.0012184
1980-07-08,0.0012309
1980-07-09,0.0012288
1980-07-10,0.00123
1980-07-11,0.0012298
1980-07-13,1.2298
1980-07-14,0.0012323
1980-07-15,0.0012371
1980-07-16,0.0012376
1980-07-17,0.0012508
1980-07-18,0.0012537
1980-07-20,1.2537
1980-07-21,0.0012539
1980-07-23,0.0012534
1980-07-24,0.0012522
1980-07-25,0.0012544
1980-07-27,1.2544
1980-07-28,0.0012571
1980-07-29,0.0012561
1980-07-30,0.0012569
1980-07-31,0.0012545
1980-08-01,0.0012578
1980-08-03,1.2578
1980-08-04,0.0012681
1980-08-05,0.0012666
1980-08-06,0.0012717
1980-08-07,0.001275
1980-08-08,0.0012776
1980-08-10,1.2776
1980-08-11,0.0012765
1980-08-12,0.0012789
1980-08-13,0.001286
1980-08-14,0.0012805
1980-08-15,0.0012828
1980-08-17,1.2828
1980-08-18,0.0012883
1980-08-19,0.0012967
1980-08-20,0.0013093
1980-08-21,0.0013136
1980-08-22,0.0013163
1980-08-24,1.3163
1980-08-25,0.0013217
1980-08-26,0.0013252
1980-08-27,0.0013364
1980-08-28,0.0013384
1980-08-29,0.0013372
1980-08-31,1.3372
1980-09-01,0.001343
1980-09-02,0.001347
1980-09-03,0.0013484
1980-09-04,0.0013477
1980-09-05,0.0013494
1980-09-07,1.3494
1980-09-08,0.0013631
1980-09-09,0.0013694
1980-09-10,0.0013722
1980-09-14,1.3722
1980-09-15,0.0013774
1980-09-16,0.0013827
1980-09-17,0.0013878
1980-09-18,0.0013939
1980-09-19,0.0013969
1980-09-21,1.3969
1980-09-22,0.0014015
1980-09-23,0.0014024
1980-09-24,0.0014105
1980-09-26,0.0014216
1980-09-28,1.4216
1980-09-29,0.0014187
1980-10-03,0.0014246
1980-10-05,1.4246
1980-10-06,0.0014327
1980-10-07,0.0014362
1980-10-08,0.0014404
1980-10-09,0.0014437
1980-10-10,0.0014467
1980-10-12,1.4467
1980-10-13,0.0014518
1980-10-14,0.0014525
1980-10-15,0.0014504
1980-10-16,0.0014511
1980-10-17,0.0014528
1980-10-19,1.4528
1980-10-20,0.0014572
1980-10-21,0.0014603
1980-10-22,0.0014603
1980-10-23,0.0014665
1980-10-24,0.0014747
1980-10-26,1.4747
1980-10-27,0.0014843
1980-10-28,0.0014804
1980-10-29,0.0014817
1980-10-30,0.0014941
1980-10-31,0.0014948
1980-11-02,1.4948
1980-11-03,0.0014907
1980-11-04,0.0014959
1980-11-05,0.0014958
1980-11-06,0.0015063
1980-11-07,0.0015146
1980-11-09,1.5146
1980-11-10,0.0015226
1980-11-11,0.0015577
1980-11-12,0.0015441
1980-11-13,0.0015513
1980-11-14,0.0015524
1980-11-16,1.5524
1980-11-17,0.0015572
1980-11-18,0.001563
1980-11-19,0.0015694
1980-11-20,0.0015742
1980-11-21,0.0015758
1980-11-23,1.5758
1980-11-24,0.0015914
1980-11-25,0.0015968
1980-11-26,0.0016049
1980-11-27,0.0016138
1980-11-28,0.0016109
1980-11-30,1.6109
1980-12-01,0.0015973
1980-12-02,0.0016172
1980-12-03,0.0016228
1980-12-04,0.0016193
1980-12-05,0.0016202
1980-12-07,1.6202
1980-12-08,0.001642
1980-12-09,0.0016526
1980-12-10,0.0016562
1980-12-11,0.0016465
1980-12-12,0.0016533
1980-12-14,1.6533
1980-12-15,0.001689
1980-12-16,0.0016873
1980-12-17,0.0016997
1980-12-18,0.0016938
1980-12-19,0.0017145
1980-12-21,1.7145
1980-12-22,0.0017306
1980-12-23,0.0017274
1980-12-24,1.7274
1980-12-26,1.7274
1980-12-28,1.7274
1980-12-29,0.001755
1980-12-30,0.001734
1980-12-31,1.734
1981-01-02,0.0017331
1981-01-04,1.7331
1981-01-05,0.0017516
1981-01-06,1.7516
1981-01-07,0.0017697
1981-01-08,0.0017546
1981-01-09,0.0017518
1981-01-11,1.7518
1981-01-12,0.0017662
1981-01-13,0.0017427
1981-01-14,0.0017738
1981-01-15,0.0017813
1981-01-16,0.0017731
1981-01-18,1.7731
1981-01-19,0.0018036
1981-01-20,0.0018057
1981-01-21,0.0018138
1981-01-22,0.0018172
1981-01-23,0.0018154
1981-01-25,1.8154
1981-01-26,0.0018317
1981-01-27,0.0017926
1981-01-28,0.001778
1981-01-29,0.0017726
1981-01-30,0.0017638
1981-02-01,1.7638
1981-02-02,0.0017875
1981-02-03,0.0017582
1981-02-04,0.0017575
1981-02-05,0.0017683
1981-02-06,0.0017705
1981-02-08,1.7705
1981-02-09,0.0018003
1981-02-10,0.0017995
1981-02-11,0.0017908
1981-02-12,0.0017952
1981-02-13,0.0018796
1981-02-15,1.8796
1981-02-16,0.001804
1981-02-17,0.0018318
1981-02-18,0.001855
1981-02-19,0.0018599
1981-02-20,0.001896
1981-02-22,1.896
1981-02-23,0.0018825
1981-02-24,0.0018677
1981-02-25,0.0018723
1981-02-26,0.0018594
1981-02-27,0.001865
1981-03-01,1.865
1981-03-02,0.0018531
1981-03-03,0.0018543
1981-03-04,0.0018722
1981-03-05,0.001893
1981-03-06,0.0018704
1981-03-08,1.8704
1981-03-09,0.0018765
1981-03-10,0.0019064
1981-03-11,0.0019121
1981-03-12,0.001898
1981-03-13,0.0019033
1981-03-15,1.9033
1981-03-16,0.0019111
1981-03-17,0.0019315
1981-03-18,0.0019499
1981-03-19,0.001965
1981-03-20,0.0019509
1981-03-23,0.0019461
1981-03-24,0.0019528
1981-03-25,0.0019532
1981-03-26,0.0019406
1981-03-27,0.0019231
1981-03-29,1.9231
1981-03-30,0.0019271
1981-03-31,0.0019314
1981-04-01,0.0019373
1981-04-02,0.0019503
1981-04-03,0.0019453
1981-04-05,1.9453
1981-04-06,0.0019509
1981-04-07,0.0019635
1981-04-08,0.0019826
1981-04-09,0.0019841
1981-04-10,0.00198
1981-04-12,1.98
1981-04-13,0.0019629
1981-04-14,0.0019617
1981-04-15,0.001966
1981-04-16,0.0019523
1981-04-17,1.9523
1981-04-20,1.9523
1981-04-21,0.0019693
1981-04-22,0.00199
1981-04-23,0.0019811
1981-04-24,0.0019827
1981-04-26,1.9827
1981-04-27,0.0020029
1981-04-28,0.0019951
1981-04-29,0.001997
1981-04-30,0.0019935
1981-05-01,1.9935
1981-05-03,1.9935
1981-05-04,0.002003
1981-05-05,0.0019973
1981-05-06,0.0020241
1981-05-08,0.0020308
1981-05-10,2.0308
1981-05-11,0.0020391
1981-05-12,0.0020319
1981-05-13,0.0020383
1981-05-14,0.0020279
1981-05-15,0.0020332
1981-05-17,2.0332
1981-05-18,0.0020689
1981-05-19,0.0021088
1981-05-20,0.002123
1981-05-21,0.0021383
1981-05-22,0.0021341
1981-05-24,2.1341
1981-05-25,0.0021538
1981-05-26,0.0021461
1981-05-27,0.0021519
1981-05-28,2.1519
1981-05-29,0.0021871
1981-05-31,2.1871
1981-06-01,0.0021997
1981-06-02,0.0021756
1981-06-03,0.0022074
1981-06-04,0.0022083
1981-06-05,0.0021808
1981-06-07,2.1808
1981-06-09,0.0022141
1981-06-10,0.002252
1981-06-11,0.0022409
1981-06-12,0.0022409
1981-06-14,2.2409
1981-06-15,0.0022694
1981-06-16,0.0022958
1981-06-17,0.0023001
1981-06-18,0.0022819
1981-06-19,2.2819
1981-06-21,2.2819
1981-06-22,0.0022993
1981-06-23,0.002317
1981-06-24,0.002304
1981-06-25,0.0023005
1981-06-26,0.0022802
1981-06-28,2.2802
1981-06-29,0.0023073
1981-07-01,0.0022979
1981-07-02,0.0022938
1981-07-03,0.0023214
1981-07-05,2.3214
1981-07-06,0.0023154
1981-07-07,0.0023215
1981-07-08,0.0023201
1981-07-09,0.0023236
1981-07-10,0.0023318
1981-07-12,2.3318
1981-07-13,0.0023424
1981-07-14,0.0023233
1981-07-15,0.0023319
1981-07-16,0.00234
1981-07-17,0.0023302
1981-07-19,2.3302
1981-07-20,0.0023193
1981-07-21,0.0023155
1981-07-22,0.0023158
1981-07-23,0.0023388
1981-07-24,0.0023325
1981-07-26,2.3325
1981-07-27,0.0023449
1981-07-28,0.0023367
1981-07-29,0.002337
1981-07-30,0.0023224
1981-07-31,0.0023229
1981-08-02,2.3229
1981-08-03,0.0023138
1981-08-04,0.0023032
1981-08-05,0.0023163
1981-08-06,0.0023169
1981-08-07,0.0022945
1981-08-10,0.0022702
1981-08-11,0.0022902
1981-08-12,0.0023144
1981-08-13,0.0023339
1981-08-14,0.0023223
1981-08-16,2.3223
1981-08-17,0.0023405
1981-08-18,0.0023905
1981-08-19,0.0023845
1981-08-20,0.0023914
1981-08-21,0.0023991
1981-08-23,2.3991
1981-08-24,0.0024033
1981-08-25,0.0023775
1981-08-26,0.0023866
1981-08-27,0.0024189
1981-08-28,0.0024247
1981-08-30,2.4247
1981-08-31,0.0024448
1981-09-01,0.0024193
1981-09-02,0.002432
1981-09-03,0.0024324
1981-09-04,0.0024259
1981-09-06,2.4259
1981-09-07,0.002481
1981-09-08,0.0025105
1981-09-09,0.0025287
1981-09-10,0.002548
1981-09-11,0.0025661
1981-09-13,2.5661
1981-09-14,0.0023274
1981-09-15,0.002346
1981-09-16,0.0023661
1981-09-17,0.0023944
1981-09-18,0.0023901
1981-09-20,2.3901
1981-09-21,0.0024102
1981-09-22,0.002388
1981-09-23,0.0023901
1981-09-24,0.0023695
1981-09-25,0.0023793
1981-09-27,2.3793
1981-09-28,0.0023775
1981-10-01,0.0024072
1981-10-02,0.0024235
1981-10-04,2.4235
1981-10-05,0.0024757
1981-10-06,0.0024811
1981-10-07,0.0024937
1981-10-09,0.0025065
1981-10-11,2.5065
1981-10-12,0.0024998
1981-10-14,0.0024728
1981-10-15,0.0024985
1981-10-16,0.00248
1981-10-18,2.48
1981-10-19,0.002492
1981-10-21,0.002483
1981-10-22,0.0024771
1981-10-23,0.0024734
1981-10-25,2.4734
1981-10-26,0.0024638
1981-10-28,0.0024802
1981-10-29,0.0024936
1981-10-30,0.0025375
1981-11-01,2.5375
1981-11-02,0.0025833
1981-11-03,0.0025694
1981-11-04,0.0025774
1981-11-05,0.0025823
1981-11-06,0.0025771
1981-11-08,2.5771
1981-11-09,0.0026146
1981-11-10,0.0025995
1981-11-11,0.0026003
1981-11-12,0.0026183
1981-11-13,0.002627
1981-11-15,2.627
1981-11-16,0.0026296
1981-11-17,0.0026384
1981-11-18,0.0026485
1981-11-19,0.0026757
1981-11-20,0.0026644
1981-11-22,2.6644
1981-11-23,0.0026789
1981-11-24,0.0027108
1981-11-25,0.0027168
1981-11-26,0.0027396
1981-11-27,0.0027482
1981-11-29,2.7482
1981-11-30,0.002757
1981-12-01,0.0027532
1981-12-02,0.0027392
1981-12-03,0.0027398
1981-12-04,0.0027507
1981-12-06,2.7507
1981-12-07,0.002759
1981-12-08,0.0027544
1981-12-09,0.0027497
1981-12-10,0.0027383
1981-12-11,0.002728
1981-12-13,2.728
1981-12-14,0.002716
1981-12-15,0.0027312
1981-12-16,0.0027521
1981-12-17,0.0027524
1981-12-18,0.0027306
1981-12-20,2.7306
1981-12-21,0.0027589
1981-12-22,0.0027829
1981-12-23,0.0027878
1981-12-24,2.7878
1981-12-27,2.7878
1981-12-28,0.0028012
1981-12-29,0.0027947
1981-12-30,0.0028
1981-12-31,2.8
1982-01-03,2.8
1982-01-04,0.0028386
1982-01-05,0.0028209
1982-01-06,2.8209
1982-01-07,0.0028442
1982-01-08,0.0028559
1982-01-10,2.8559
1982-01-11,0.0028633
1982-01-12,0.0028394
1982-01-13,0.0028592
1982-01-14,0.0028512
1982-01-15,0.0028515
1982-01-17,2.8515
1982-01-18,0.0028535
1982-01-19,0.0029015
1982-01-20,0.0028926
1982-01-21,0.0029032
1982-01-22,0.0029093
1982-01-24,2.9093
1982-01-25,0.0029163
1982-01-26,0.0029141
1982-01-27,0.002941
1982-01-28,0.0029261
1982-01-29,0.0029625
1982-01-31,2.9625
1982-02-01,0.0029532
1982-02-02,0.0029356
1982-02-03,0.0029628
1982-02-04,0.0029633
1982-02-05,0.0029844
1982-02-07,2.9844
1982-02-08,0.0029898
1982-02-09,0.0029842
1982-02-10,0.0029908
1982-02-11,0.0030045
1982-02-12,0.00299
1982-02-14,2.99
1982-02-15,0.0029995
1982-02-16,0.0030217
1982-02-17,0.0030391
1982-02-18,0.0030642
1982-02-19,0.0030944
1982-02-21,3.0944
1982-02-22,0.0031248
1982-02-23,0.0031221
1982-02-24,0.0031361
1982-02-25,0.0031227
1982-02-26,0.0031232
1982-02-28,3.1232
1982-03-01,0.0031196
1982-03-02,0.0031508
1982-03-03,0.0031608
1982-03-04,0.003159
1982-03-05,0.00319
1982-03-07,3.19
1982-03-08,0.0032159
1982-03-11,0.0031896
1982-03-12,0.0031967
1982-03-14,3.1967
1982-03-15,0.0032128
1982-03-16,0.0032156
1982-03-17,0.0032272
1982-03-18,0.0032354
1982-03-19,0.0032216
1982-03-21,3.2216
1982-03-22,0.0032406
1982-03-23,0.0032335
1982-03-24,0.0032657
1982-03-25,0.0032436
1982-03-26,0.0032227
1982-03-28,3.2227
1982-03-29,0.0032217
1982-03-30,0.0032202
1982-03-31,0.0032227
1982-04-01,0.0032446
1982-04-02,0.0032649
1982-04-04,3.2649
1982-04-05,0.0032748
1982-04-06,0.0032733
1982-04-07,0.0032999
1982-04-09,3.2999
1982-04-11,3.2999
1982-04-12,3.2999
1982-04-13,0.0033432
1982-04-15,0.0033408
1982-04-16,0.0033532
1982-04-18,3.3532
1982-04-19,0.003382
1982-04-20,0.0034122
1982-04-21,0.0034205
1982-04-22,0.0034128
1982-04-23,0.0034199
1982-04-25,3.4199
1982-04-26,0.0034661
1982-04-27,0.0034684
1982-04-29,0.0035023
1982-04-30,0.0035336
1982-05-02,3.5336
1982-05-03,0.0035516
1982-05-04,0.0035428
1982-05-05,0.0035543
1982-05-06,0.0035757
1982-05-07,0.0035994
1982-05-09,3.5994
1982-05-10,0.0036227
1982-05-11,0.0036318
1982-05-12,0.0036312
1982-05-13,0.0036318
1982-05-14,0.0036443
1982-05-16,3.6443
1982-05-17,0.003663
1982-05-18,0.003669
1982-05-19,0.0036781
1982-05-20,3.6781
1982-05-21,0.0037241
1982-05-23,3.7241
1982-05-24,0.0037408
1982-05-25,0.0037425
1982-05-26,0.0037209
1982-05-27,0.0037136
1982-05-30,3.7136
1982-05-31,3.7136
1982-06-01,0.0037437
1982-06-02,0.003747
1982-06-03,0.0037545
1982-06-04,0.0037633
1982-06-06,3.7633
1982-06-07,0.0037576
1982-06-08,0.0037684
1982-06-09,0.0037514
1982-06-10,0.0037627
1982-06-11,0.0038037
1982-06-13,3.8037
1982-06-14,0.0038006
1982-06-15,0.0038287
1982-06-16,0.003845
1982-06-17,0.0038667
1982-06-18,0.0038678
1982-06-20,3.8678
1982-06-21,0.0038642
1982-06-22,0.0038841
1982-06-23,0.003894
1982-06-24,0.0039199
1982-06-25,3.9199
1982-06-27,3.9199
1982-06-28,0.0039111
1982-06-29,0.0039318
1982-06-30,0.0039514
1982-07-01,0.003965
1982-07-02,0.0039673
1982-07-04,3.9673
1982-07-05,0.0040033
1982-07-06,0.0040257
1982-07-07,0.0040252
1982-07-08,0.0040415
1982-07-09,0.0040663
1982-07-11,4.0663
1982-07-12,0.0041511
1982-07-13,0.0041352
1982-07-14,0.0041158
1982-07-15,0.0041053
1982-07-16,0.0041291
1982-07-18,4.1291
1982-07-19,0.0041771
1982-07-20,0.0041554
1982-07-21,0.0041829
1982-07-22,0.0041675
1982-07-23,0.0041931
1982-07-25,4.1931
1982-07-26,0.0042363
1982-07-27,0.0042454
1982-07-28,0.004234
1982-07-30,0.0042456
1982-08-01,4.2456
1982-08-02,0.0043139
1982-08-03,0.0043577
1982-08-04,0.0043215
1982-08-05,0.0043535
1982-08-06,0.0043368
1982-08-08,4.3368
1982-08-09,0.0043307
1982-08-10,0.0043879
1982-08-11,0.0043551
1982-08-12,0.0043441
1982-08-13,0.0043724
1982-08-15,4.3724
1982-08-16,0.0043796
1982-08-17,0.0043764
1982-08-18,0.0043877
1982-08-19,0.0043515
1982-08-20,0.004427
1982-08-22,4.427
1982-08-23,0.0044277
1982-08-24,0.0044608
1982-08-25,0.0044647
1982-08-26,0.0044578
1982-08-27,0.0044686
1982-08-29,4.4686
1982-08-30,0.0044421
1982-08-31,0.0044567
1982-09-01,0.0044909
1982-09-02,0.00451
1982-09-03,0.0046019
1982-09-05,4.6019
1982-09-06,0.0046247
1982-09-07,0.0046727
1982-09-08,0.004657
1982-09-09,0.0046627
1982-09-10,0.0046308
1982-09-12,4.6308
1982-09-13,0.0046081
1982-09-14,0.0046159
1982-09-15,0.0046131
1982-09-16,0.0045854
1982-09-17,0.0046353
1982-09-20,0.0046739
1982-09-21,0.0046639
1982-09-22,0.0046601
1982-09-23,0.0046481
1982-09-24,0.0046412
1982-09-26,4.6412
1982-09-28,0.0046316
1982-09-29,0.0046558
1982-09-30,0.0046215
1982-10-01,0.0046675
1982-10-03,4.6675
1982-10-04,0.004657
1982-10-05,0.0046658
1982-10-06,0.0046464
1982-10-07,0.0046251
1982-10-08,0.0040137
1982-10-10,4.0137
1982-10-11,0.0040259
1982-10-12,0.0040304
1982-10-13,0.004044
1982-10-14,0.0040869
1982-10-15,0.0040411
1982-10-17,4.0411
1982-10-18,0.0040752
1982-10-19,0.0040593
1982-10-20,0.0040306
1982-10-21,0.0040092
1982-10-22,0.0040474
1982-10-24,4.0474
1982-10-25,0.0040363
1982-10-26,0.0040597
1982-10-27,0.0040949
1982-10-28,0.0040894
1982-10-29,0.0041009
1982-10-31,4.1009
1982-11-01,0.0041103
1982-11-02,0.0041333
1982-11-03,0.0041318
1982-11-04,0.0041412
1982-11-05,0.0041383
1982-11-07,4.1383
1982-11-08,0.0041212
1982-11-09,0.0041295
1982-11-10,0.0041379
1982-11-11,0.0041183
1982-11-12,0.0041251
1982-11-14,4.1251
1982-11-15,0.0041414
1982-11-16,0.0041442
1982-11-17,0.0041575
1982-11-18,0.0041283
1982-11-19,0.0041585
1982-11-21,4.1585
1982-11-22,0.0041818
1982-11-23,0.0041694
1982-11-24,0.0041866
1982-11-25,0.0042181
1982-11-26,0.0042122
1982-11-28,4.2122
1982-11-29,0.0043004
1982-11-30,0.0042915
1982-12-01,0.0043733
1982-12-02,0.0043696
1982-12-03,0.0044114
1982-12-05,4.4114
1982-12-06,0.0043999
1982-12-07,0.0044429
1982-12-08,0.0044157
1982-12-09,0.0044142
1982-12-10,0.0044317
1982-12-12,4.4317
1982-12-13,0.0044304
1982-12-14,0.0044451
1982-12-15,0.0044508
1982-12-16,0.0044725
1982-12-17,0.0045071
1982-12-19,4.5071
1982-12-20,0.0044728
1982-12-21,0.0044942
1982-12-22,0.0044923
1982-12-23,0.0044875
1982-12-24,4.4875
1982-12-26,4.4875
1982-12-27,0.0045333
1982-12-28,0.0045788
1982-12-29,0.0046068
1982-12-30,0.004584
1982-12-31,4.584
1983-01-03,0.004615
1983-01-04,0.0046457
1983-01-05,0.0046705
1983-01-06,4.6705
1983-01-07,0.0046871
1983-01-09,4.6871
1983-01-10,0.0047501
1983-01-11,0.0047479
1983-01-12,0.0047497
1983-01-13,0.0047684
1983-01-14,0.0047798
1983-01-16,4.7798
1983-01-17,0.0048031
1983-01-18,0.004791
1983-01-19,0.0047719
1983-01-20,0.0047607
1983-01-21,0.0047811
1983-01-23,4.7811
1983-01-24,0.0047287
1983-01-25,0.0047432
1983-01-26,0.004801
1983-01-27,0.0047876
1983-01-28,0.004807
1983-01-30,4.807
1983-01-31,0.0048048
1983-02-01,0.0047876
1983-02-02,0.0047875
1983-02-03,0.0048051
1983-02-04,0.0048126
1983-02-06,4.8126
1983-02-07,0.0048585
1983-02-08,0.0048971
1983-02-09,0.0049489
1983-02-10,0.004979
1983-02-11,0.0049699
1983-02-13,4.9699
1983-02-14,0.0049361
1983-02-15,0.0049974
1983-02-16,0.0049854
1983-02-17,0.0050132
1983-02-18,0.0050203
1983-02-20,5.0203
1983-02-21,0.0050353
1983-02-22,0.0050481
1983-02-23,0.0050121
1983-02-24,0.0050599
1983-02-25,0.0050613
1983-03-01,0.005039
1983-03-02,0.0050542
1983-03-03,0.0050874
1983-03-04,0.0051063
1983-03-06,5.1063
1983-03-07,0.0051364
1983-03-08,0.0051403
1983-03-09,0.0051118
1983-03-10,0.0051336
1983-03-11,0.0051325
1983-03-13,5.1325
1983-03-14,0.0051623
1983-03-15,0.0052085
1983-03-16,0.0052195
1983-03-17,0.0052398
1983-03-18,0.0052085
1983-03-20,5.2085
1983-03-21,0.0052132
1983-03-22,0.0052209
1983-03-23,0.0052051
1983-03-24,0.0052197
1983-03-25,0.0052502
1983-03-27,5.2502
1983-03-28,0.0052441
1983-03-30,0.0052632
1983-03-31,0.0052781
1983-04-01,5.2781
1983-04-03,5.2781
1983-04-05,0.0053336
1983-04-06,0.0053927
1983-04-07,0.0054044
1983-04-08,0.0053639
1983-04-10,5.3639
1983-04-11,0.0053924
1983-04-12,0.0054309
1983-04-13,0.0054293
1983-04-14,0.0054223
1983-04-15,0.0054583
1983-04-17,5.4583
1983-04-19,0.0054776
1983-04-20,0.0054866
1983-04-21,0.0055063
1983-04-22,0.0055173
1983-04-24,5.5173
1983-04-25,0.0055328
1983-04-26,0.0055455
1983-04-27,0.0055709
1983-04-28,0.0055775
1983-04-29,0.005596
1983-05-01,5.596
1983-05-02,0.0055967
1983-05-03,0.0056504
1983-05-04,0.0056765
1983-05-05,0.0056771
1983-05-06,0.0056732
1983-05-08,5.6732
1983-05-09,0.0057331
1983-05-10,0.005743
1983-05-11,0.0057736
1983-05-12,5.7736
1983-05-13,0.0057765
1983-05-15,5.7765
1983-05-16,0.0057891
1983-05-17,0.0057979
1983-05-19,0.0058161
1983-05-20,0.0058404
1983-05-22,5.8404
1983-05-23,5.8404
1983-05-24,0.0058223
1983-05-25,0.0058586
1983-05-26,0.0058824
1983-05-27,0.005885
1983-05-29,5.885
1983-05-30,0.0059085
1983-05-31,0.0059257
1983-06-01,0.0059169
1983-06-02,0.0059051
1983-06-03,0.0059249
1983-06-05,5.9249
1983-06-06,0.005906
1983-06-07,0.0059095
1983-06-08,0.0058911
1983-06-09,0.0059305
1983-06-10,0.0059514
1983-06-12,5.9514
1983-06-13,0.0059924
1983-06-14,0.0059972
1983-06-15,0.0059719
1983-06-16,0.0060013
1983-06-17,0.0060233
1983-06-19,6.0233
1983-06-20,0.0060465
1983-06-21,0.0060522
1983-06-22,0.0061186
1983-06-23,0.006139
1983-06-24,6.139
1983-06-26,6.139
1983-06-27,0.0061948
1983-06-28,0.0061686
1983-06-29,0.0062105
1983-06-30,0.0062184
1983-07-01,0.0062279
1983-07-03,6.2279
1983-07-04,0.0062242
1983-07-05,0.0062484
1983-07-06,0.0062553
1983-07-07,0.0063197
1983-07-08,0.0063046
1983-07-10,6.3046
1983-07-11,0.0063418
1983-07-12,0.0063653
1983-07-13,0.0064014
1983-07-14,0.0064409
1983-07-15,0.006443
1983-07-17,6.443
1983-07-18,0.006468
1983-07-20,0.0065018
1983-07-21,0.0065409
1983-07-22,0.0065487
1983-07-24,6.5487
1983-07-25,0.0065104
1983-07-26,0.0065265
1983-07-27,0.0065452
1983-07-28,0.006548
1983-07-29,0.0065657
1983-07-31,6.5657
1983-08-01,0.0065807
1983-08-02,0.0066183
1983-08-03,0.0066466
1983-08-04,0.0066705
1983-08-05,0.0066527
1983-08-07,6.6527
1983-08-08,0.006684
1983-08-09,0.0067428
1983-08-10,0.007189
1983-08-11,0.0071568
1983-08-12,0.0071944
1983-08-14,7.1944
1983-08-15,0.0072264
1983-08-16,0.0073067
1983-08-17,0.0073137
1983-08-18,0.0074003
1983-08-19,0.0073627
1983-08-21,7.3627
1983-08-22,0.0074256
1983-08-23,0.0074423
1983-08-24,0.0074284
1983-08-25,0.0073893
1983-08-26,0.0073825
1983-08-28,7.3825
1983-08-29,0.0074053
1983-08-30,0.0074205
1983-08-31,0.0074025
1983-09-01,0.0074418
1983-09-02,0.0074448
1983-09-04,7.4448
1983-09-05,0.0075072
1983-09-06,0.0075862
1983-09-07,0.0075858
1983-09-11,7.5858
1983-09-12,0.0076765
1983-09-13,0.0077083
1983-09-14,0.0077236
1983-09-15,0.0077255
1983-09-16,0.007773
1983-09-18,7.773
1983-09-19,0.0078204
1983-09-20,0.0078962
1983-09-21,0.0078952
1983-09-23,0.0079087
1983-09-25,7.9087
1983-09-26,0.0080069
1983-09-27,0.0080484
1983-09-28,0.0081234
1983-09-30,0.0081436
1983-10-02,8.1436
1983-10-03,0.0082427
1983-10-04,0.0082556
1983-10-05,0.0083505
1983-10-06,0.0083959
1983-10-07,0.0084712
1983-10-09,8.4712
1983-10-10,0.0089588
1983-10-11,0.0104268
1983-10-12,0.0103606
1983-10-13,0.0104034
1983-10-14,0.0104164
1983-10-16,10.4164
1983-10-17,0.0104794
1983-10-18,0.0105574
1983-10-19,0.0105643
1983-10-20,0.0104918
1983-10-21,0.0105155
1983-10-23,10.5155
1983-10-24,0.0105101
1983-10-26,0.0105871
1983-10-27,0.0105859
1983-10-28,0.0106315
1983-10-30,10.6315
1983-10-31,0.0107126
1983-11-01,0.0107352
1983-11-02,0.0107748
1983-11-03,0.0108857
1983-11-04,0.0109415
1983-11-06,10.9415
1983-11-07,0.0109639
1983-11-08,0.011001
1983-11-09,0.0110505
1983-11-10,0.0111162
1983-11-11,0.0111197
1983-11-13,11.1197
1983-11-14,0.0111771
1983-11-15,0.011218
1983-11-16,0.0113422
1983-11-17,0.0113338
1983-11-18,0.0114127
1983-11-20,11.4127
1983-11-21,0.0114435
1983-11-22,0.0114712
1983-11-23,0.0116002
1983-11-24,0.0116251
1983-11-25,0.011696
1983-11-27,11.696
1983-11-28,0.0118201
1983-11-29,0.0118694
1983-11-30,0.0120126
1983-12-01,0.0120972
1983-12-02,0.0121347
1983-12-04,12.1347
1983-12-05,0.0121582
1983-12-06,0.0121737
1983-12-07,0.0122189
1983-12-08,0.01229
1983-12-09,0.0122434
1983-12-11,12.2434
1983-12-12,0.0123377
1983-12-13,0.0123701
1983-12-14,0.0123737
1983-12-15,0.0124004
1983-12-16,0.0124106
1983-12-18,12.4106
1983-12-19,0.0125465
1983-12-20,0.0125779
1983-12-21,0.0126742
1983-12-22,0.0128243
1983-12-23,0.0129435
1983-12-25,12.9435
1983-12-27,0.0131551
1983-12-28,0.0133064
1983-12-29,0.0133951
1983-12-30,0.0134687
1984-01-02,0.0135976
1984-01-03,0.0136134
1984-01-04,0.0135731
1984-01-05,0.0135937
1984-01-06,13.5937
1984-01-08,13.5937
1984-01-09,0.0136637
1984-01-10,0.0137611
1984-01-11,0.013866
1984-01-12,0.013879
1984-01-13,0.013907
1984-01-15,13.907
1984-01-16,0.014108
1984-01-17,0.014288
1984-01-18,0.014253
1984-01-19,0.014355
1984-01-20,0.014443
1984-01-22,14.443
1984-01-23,0.014549
1984-01-24,0.014645
1984-01-25,0.014812
1984-01-26,0.015004
1984-01-27,0.015072
1984-01-29,15.072
1984-01-30,0.015124
1984-01-31,0.015125
1984-02-01,0.015198
1984-02-02,0.015322
1984-02-03,0.015342
1984-02-05,15.342
1984-02-06,0.015488
1984-02-07,0.015513
1984-02-08,0.015623
1984-02-09,0.015702
1984-02-10,0.015768
1984-02-12,15.768
1984-02-13,0.015895
1984-02-14,0.015945
1984-02-15,0.016056
1984-02-16,0.016269
1984-02-17,0.016386
1984-02-19,16.386
1984-02-20,0.016386
1984-02-21,0.016463
1984-02-22,0.016665
1984-02-23,0.016821
1984-02-24,0.017035
1984-02-26,17.035
1984-02-27,0.017211
1984-02-28,0.017539
1984-02-29,0.017592
1984-03-01,0.017712
1984-03-02,0.017927
1984-03-04,17.927
1984-03-05,0.01821
1984-03-06,0.018325
1984-03-07,0.018657
1984-03-08,0.018558
1984-03-09,0.018733
1984-03-11,18.733
1984-03-12,0.018565
1984-03-13,0.018777
1984-03-14,0.019081
1984-03-15,0.018991
1984-03-16,0.019018
1984-03-20,0.019019
1984-03-21,0.018949
1984-03-22,0.019009
1984-03-23,0.019136
1984-03-25,19.136
1984-03-26,0.019421
1984-03-27,0.019667
1984-03-28,0.019571
1984-03-29,0.019871
1984-03-30,0.019819
1984-04-01,19.819
1984-04-02,0.020097
1984-04-03,0.020102
1984-04-04,0.020248
1984-04-05,0.020433
1984-04-06,0.020501
1984-04-08,20.501
1984-04-09,0.02082
1984-04-10,0.020964
1984-04-11,0.021211
1984-04-12,0.021278
1984-04-13,0.021448
1984-04-15,21.448
1984-04-16,0.021682
1984-04-18,0.021825
1984-04-19,0.021923
1984-04-20,21.923
1984-04-22,21.923
1984-04-24,0.022319
1984-04-25,0.022344
1984-04-26,0.022439
1984-04-27,0.022569
1984-04-29,22.569
1984-04-30,0.02259
1984-05-01,22.59
1984-05-02,0.02277
1984-05-03,0.02304
1984-05-04,0.023293
1984-05-06,23.293
1984-05-08,0.022995
1984-05-09,0.02313
1984-05-10,0.023206
1984-05-11,0.023279
1984-05-13,23.279
1984-05-14,0.023388
1984-05-15,0.023595
1984-05-16,0.023825
1984-05-17,0.023797
1984-05-18,0.02374
1984-05-20,23.74
1984-05-21,0.023944
1984-05-22,0.024118
1984-05-23,0.02432
1984-05-24,0.024208
1984-05-25,0.02446
1984-05-27,24.46
1984-05-28,0.024671
1984-05-29,0.024771
1984-05-30,0.0249
1984-05-31,24.9
1984-06-01,0.025221
1984-06-03,25.221
1984-06-04,0.025762
1984-06-05,0.025863
1984-06-07,0.025905
1984-06-08,0.025981
1984-06-10,25.981
1984-06-11,25.981
1984-06-12,0.026178
1984-06-13,0.026282
1984-06-14,0.026325
1984-06-15,0.026357
1984-06-17,26.357
1984-06-18,0.026639
1984-06-19,0.026649
1984-06-20,0.026763
1984-06-21,0.026815
1984-06-22,26.815
1984-06-24,26.815
1984-06-25,0.027723
1984-06-26,0.028103
1984-06-27,0.028418
1984-06-28,0.028541
1984-06-29,0.028886
1984-07-01,28.886
1984-07-02,0.029091
1984-07-03,0.029257
1984-07-04,0.029422
1984-07-05,0.029453
1984-07-06,0.029664
1984-07-08,29.664
1984-07-09,0.029957
1984-07-10,0.030239
1984-07-11,0.030122
1984-07-12,0.030264
1984-07-13,0.030604
1984-07-15,30.604
1984-07-16,0.030907
1984-07-17,0.031203
1984-07-18,0.031404
1984-07-19,0.031668
1984-07-20,0.032002
1984-07-22,32.002
1984-07-25,0.032363
1984-07-26,0.032931
1984-07-27,0.033174
1984-07-29,33.174
1984-07-30,0.033328
1984-07-31,0.033648
1984-08-01,0.033894
1984-08-02,0.034209
1984-08-03,0.034848
1984-08-05,34.848
1984-08-06,0.034951
1984-08-08,0.034757
1984-08-09,0.035155
1984-08-10,0.035732
1984-08-12,35.732
1984-08-13,0.035695
1984-08-14,0.036127
1984-08-15,0.036604
1984-08-16,0.036811
1984-08-17,0.036992
1984-08-19,36.992
1984-08-20,0.037157
1984-08-21,0.037238
1984-08-22,0.037858
1984-08-23,0.038117
1984-08-24,0.038283
1984-08-26,38.283
1984-08-27,0.038471
1984-08-28,0.038536
1984-08-29,0.038952
1984-08-30,0.039059
1984-08-31,0.039365
1984-09-02,39.365
1984-09-03,0.03963
1984-09-04,0.03993
1984-09-05,0.040135
1984-09-06,0.040382
1984-09-07,0.040906
1984-09-09,40.906
1984-09-10,0.041193
1984-09-11,0.041481
1984-09-12,0.041651
1984-09-13,0.041729
1984-09-14,0.042529
1984-09-16,42.529
1984-09-17,0.045857
1984-09-18,0.045315
1984-09-19,0.04502
1984-09-20,0.045384
1984-09-21,0.045207
1984-09-23,45.207
1984-09-24,0.046288
1984-09-25,0.046338
1984-09-26,0.046078
1984-09-30,46.078
1984-10-01,0.047114
1984-10-02,0.047918
1984-10-03,0.048911
1984-10-04,0.049383
1984-10-05,0.049863
1984-10-07,49.863
1984-10-08,0.0503
1984-10-09,0.050116
1984-10-10,0.04994
1984-10-12,0.050213
1984-10-14,50.213
1984-10-15,0.050808
1984-10-16,0.051227
1984-10-17,0.051993
1984-10-19,0.053224
1984-10-21,53.224
1984-10-22,0.05412
1984-10-23,0.055225
1984-10-24,0.056478
1984-10-25,0.057119
1984-10-26,0.058111
1984-10-28,58.111
1984-10-29,0.057968
1984-10-30,0.058445
1984-10-31,0.059376
1984-11-01,0.059984
1984-11-02,0.062216
1984-11-04,62.216
1984-11-05,0.062332
1984-11-06,0.062764
1984-11-07,0.063169
1984-11-08,0.063123
1984-11-09,0.063136
1984-11-11,63.136
1984-11-12,0.063494
1984-11-13,0.064048
1984-11-14,0.063889
1984-11-15,0.064077
1984-11-16,0.064571
1984-11-18,64.571
1984-11-19,0.064633
1984-11-20,0.064588
1984-11-21,0.064803
1984-11-22,0.065442
1984-11-23,0.065709
1984-11-25,65.709
1984-11-26,0.065433
1984-11-27,0.065655
1984-11-28,0.065796
1984-11-29,0.066207
1984-11-30,0.066599
1984-12-02,66.599
1984-12-03,0.066452
1984-12-04,0.067049
1984-12-05,0.067428
1984-12-06,0.067261
1984-12-07,0.067917
1984-12-09,67.917
1984-12-10,0.06789
1984-12-11,0.068187
1984-12-12,0.068217
1984-12-13,0.068539
1984-12-14,0.068411
1984-12-16,68.411
1984-12-17,0.068838
1984-12-18,0.068691
1984-12-19,0.068924
1984-12-20,0.068798
1984-12-21,0.06905
1984-12-23,69.05
1984-12-24,69.05
1984-12-26,69.05
1984-12-27,0.070156
1984-12-28,0.070488
1984-12-30,70.488
1984-12-31,70.488
1985-01-02,0.070694
1985-01-03,0.071286
1985-01-04,0.071863
1985-01-06,71.863
1985-01-07,0.072121
1985-01-08,0.072788
1985-01-09,0.072764
1985-01-10,0.073164
1985-01-11,0.073225
1985-01-13,73.225
1985-01-14,0.073337
1985-01-15,0.072505
1985-01-16,0.072536
1985-01-17,0.072592
1985-01-18,0.073029
1985-01-20,73.029
1985-01-21,0.073373
1985-01-22,0.073507
1985-01-23,0.073909
1985-01-24,0.074143
1985-01-25,0.074676
1985-01-27,74.676
1985-01-28,0.074814
1985-01-29,0.074861
1985-01-30,0.074961
1985-01-31,0.075276
1985-02-01,0.075924
1985-02-03,75.924
1985-02-04,0.076336
1985-02-05,0.075898
1985-02-06,0.075563
1985-02-07,0.075765
1985-02-08,0.076102
1985-02-10,76.102
1985-02-11,0.076202
1985-02-12,0.07595
1985-02-13,0.076226
1985-02-14,0.076596
1985-02-15,0.07681
1985-02-17,76.81
1985-02-18,0.077397
1985-02-19,0.077626
1985-02-20,0.078007
1985-02-21,0.07806
1985-02-22,0.078524
1985-02-24,78.524
1985-02-25,0.078654
1985-02-26,0.078009
1985-02-27,0.080237
1985-02-28,0.081516
1985-03-01,0.081054
1985-03-03,81.054
1985-03-04,0.081567
1985-03-05,0.081101
1985-03-06,0.08118
1985-03-08,0.082151
1985-03-10,82.151
1985-03-11,0.083797
1985-03-12,0.084578
1985-03-13,0.084468
1985-03-14,0.08408
1985-03-15,0.084949
1985-03-17,84.949
1985-03-18,0.085531
1985-03-19,0.087358
1985-03-20,0.088704
1985-03-21,0.088148
1985-03-22,0.090234
1985-03-24,90.234
1985-03-25,0.090695
1985-03-26,0.091058
1985-03-27,0.092878
1985-03-28,0.095158
1985-03-29,0.096407
1985-03-31,96.407
1985-04-01,0.096415
1985-04-02,0.09585
1985-04-03,0.097072
1985-04-04,0.096872
1985-04-05,96.872
1985-04-07,96.872
1985-04-08,97.67
1985-04-09,0.099051
1985-04-10,0.09928
1985-04-11,0.101
1985-04-14,101.0
1985-04-15,0.10303
1985-04-16,0.10413
1985-04-17,0.10437
1985-04-18,0.10408
1985-04-19,0.10622
1985-04-21,106.22
1985-04-22,0.10608
1985-04-23,0.10556
1985-04-24,0.10434
1985-04-26,0.1035
1985-04-28,103.5
1985-04-29,0.10522
1985-04-30,0.10578
1985-05-01,105.5
1985-05-02,0.10403
1985-05-03,0.1043
1985-05-05,104.3
1985-05-06,0.10336
1985-05-07,0.10441
1985-05-08,0.10442
1985-05-09,0.10567
1985-05-10,0.10645
1985-05-12,106.45
1985-05-13,0.10873
1985-05-14,0.11031
1985-05-15,0.11021
1985-05-16,111.95
1985-05-17,0.11266
1985-05-19,112.66
1985-05-20,0.11479
1985-05-21,0.11432
1985-05-22,0.11347
1985-05-23,0.11297
1985-05-24,0.11412
1985-05-27,114.12
1985-05-28,0.11566
1985-05-29,0.11646
1985-05-30,0.11801
1985-05-31,0.11818
1985-06-02,118.18
1985-06-03,0.12053
1985-06-04,0.12099
1985-06-05,0.12079
1985-06-06,0.12131
1985-06-07,0.12298
1985-06-09,122.98
1985-06-10,0.1228
1985-06-11,0.12359
1985-06-12,0.12514
1985-06-13,0.12574
1985-06-14,0.12649
1985-06-16,126.49
1985-06-17,0.12799
1985-06-18,0.12939
1985-06-19,0.1318
1985-06-20,0.13183
1985-06-21,131.83
1985-06-23,131.83
1985-06-24,0.13319
1985-06-25,0.1346
1985-06-26,0.1368
1985-06-27,0.13994
1985-06-28,0.14345
1985-06-30,143.45
1985-07-01,0.17161
1985-07-03,0.17122
1985-07-04,0.17154
1985-07-05,0.17154
1985-07-07,171.54
1985-07-08,0.17154
1985-07-09,0.17377
1985-07-10,0.17608
1985-07-11,0.17515
1985-07-12,0.17659
1985-07-14,176.59
1985-07-15,0.17684
1985-07-16,0.17636
1985-07-17,0.17766
1985-07-18,0.17682
1985-07-19,0.17605
1985-07-21,176.05
1985-07-22,0.1753
1985-07-23,0.17628
1985-07-24,0.17531
1985-07-25,0.17588
1985-07-26,0.1757
1985-07-29,0.17891
1985-07-30,0.17835
1985-07-31,0.17895
1985-08-01,0.17784
1985-08-02,0.17584
1985-08-04,175.84
1985-08-05,0.176
1985-08-06,0.17641
1985-08-07,0.17482
1985-08-08,0.17684
1985-08-09,0.17595
1985-08-11,175.95
1985-08-12,0.17848
1985-08-13,0.18001
1985-08-14,0.17826
1985-08-15,0.17958
1985-08-16,0.1794
1985-08-18,179.4
1985-08-19,0.17945
1985-08-20,0.17903
1985-08-21,0.17981
1985-08-22,0.18
1985-08-23,0.18021
1985-08-25,180.21
1985-08-26,0.18133
1985-08-27,0.18019
1985-08-28,0.18102
1985-08-29,0.18
1985-08-30,0.18086
1985-09-01,180.86
1985-09-02,0.17959
1985-09-03,0.1791
1985-09-04,0.1792
1985-09-05,0.1786
1985-09-06,0.1754
1985-09-08,0.1754
1985-09-09,0.173
1985-09-10,0.1723
1985-09-11,0.1724
1985-09-12,0.1719
1985-09-13,0.1734
1985-09-15,0.1734
1985-09-18,0.1748
1985-09-19,0.1747
1985-09-20,0.1745
1985-09-22,0.1745
1985-09-23,0.1815
1985-09-24,0.1821
1985-09-26,0.1841
1985-09-27,0.1851
1985-09-29,0.1851
1985-10-01,0.1851
1985-10-02,0.1859
1985-10-03,0.185
1985-10-04,0.1869
1985-10-06,0.1869
1985-10-08,0.1864
1985-10-09,0.1855
1985-10-10,0.1847
1985-10-11,0.1845
1985-10-13,0.1845
1985-10-14,0.1844
1985-10-15,0.1842
1985-10-16,0.1834
1985-10-17,0.1855
1985-10-18,0.1859
1985-10-20,0.1859
1985-10-21,0.1862
1985-10-22,0.1857
1985-10-23,0.1854
1985-10-24,0.1853
1985-10-25,0.1869
1985-10-27,0.1869
1985-10-28,0.1873
1985-10-29,0.188
1985-10-30,0.1882
1985-10-31,0.1891
1985-11-01,0.1897
1985-11-03,0.1897
1985-11-04,0.1896
1985-11-05,0.1887
1985-11-06,0.1897
1985-11-07,0.1889
1985-11-08,0.1874
1985-11-10,0.1874
1985-11-11,0.1873
1985-11-12,0.1866
1985-11-13,0.188
1985-11-14,0.1878
1985-11-15,0.1875
1985-11-17,0.1875
1985-11-18,0.1878
1985-11-19,0.1879
1985-11-20,0.1881
1985-11-21,0.1888
1985-11-22,0.1902
1985-11-24,0.1902
1985-11-25,0.1915
1985-11-26,0.1913
1985-11-27,0.1921
1985-11-28,0.1925
1985-11-29,0.1944
1985-12-01,0.1944
1985-12-02,0.195
1985-12-03,0.1939
1985-12-04,0.1944
1985-12-05,0.1932
1985-12-06,0.1933
1985-12-08,0.1933
1985-12-09,0.1936
1985-12-10,0.1923
1985-12-11,0.1916
1985-12-12,0.1936
1985-12-13,0.1935
1985-12-15,0.1935
1985-12-16,0.1926
1985-12-17,0.1938
1985-12-18,0.193
1985-12-19,0.192
1985-12-20,0.1919
1985-12-22,0.1919
1985-12-23,0.1931
1985-12-24,0.1924
1985-12-26,0.1924
1985-12-27,0.1945
1985-12-29,0.1945
1985-12-30,0.1961
1985-12-31,0.197
1986-01-03,0.1969
1986-01-05,0.1969
1986-01-06,0.1969
1986-01-07,0.1973
1986-01-08,0.1965
1986-01-09,0.1956
1986-01-10,0.197
1986-01-12,0.197
1986-01-13,0.1956
1986-01-14,0.1947
1986-01-15,0.1947
1986-01-16,0.1953
1986-01-17,0.1945
1986-01-19,0.1945
1986-01-20,0.1939
1986-01-21,0.1954
1986-01-22,0.1943
1986-01-23,0.1943
1986-01-24,0.1959
1986-01-26,0.1959
1986-01-27,0.1974
1986-01-28,0.1975
1986-01-29,0.1979
1986-01-30,0.197
1986-01-31,0.1974
1986-02-02,0.1974
1986-02-03,0.1984
1986-02-04,0.1958
1986-02-05,0.1964
1986-02-06,0.1975
1986-02-07,0.1972
1986-02-09,0.1972
1986-02-10,0.1989
1986-02-11,0.1987
1986-02-12,0.1988
1986-02-13,0.1995
1986-02-14,0.1992
1986-02-16,0.1992
1986-02-17,0.1995
1986-02-18,0.2001
1986-02-19,0.2016
1986-02-20,0.2016
1986-02-21,0.2003
1986-02-23,0.2003
1986-02-24,0.204
1986-02-25,0.205
1986-02-26,0.2048
1986-02-27,0.2075
1986-02-28,0.2061
1986-03-02,0.2061
1986-03-03,0.2055
1986-03-04,0.2074
1986-03-05,0.207
1986-03-06,0.2046
1986-03-07,0.2052
1986-03-09,0.2052
1986-03-10,0.2042
1986-03-11,0.2034
1986-03-12,0.2045
1986-03-13,0.203
1986-03-14,0.2062
1986-03-16,0.2062
1986-03-17,0.2076
1986-03-18,0.2073
1986-03-19,0.2068
1986-03-20,0.2074
1986-03-21,0.2073
1986-03-23,0.2073
1986-03-24,0.2055
1986-03-26,0.2019
1986-03-27,0.2044
1986-03-28,0.2048
1986-03-30,0.2048
1986-03-31,0.2048
1986-04-01,0.2028
1986-04-02,0.2014
1986-04-03,0.2003
1986-04-04,0.1999
1986-04-06,0.1999
1986-04-07,0.1995
1986-04-08,0.2013
1986-04-09,0.2013
1986-04-10,0.2008
1986-04-11,0.2029
1986-04-13,0.2029
1986-04-14,0.2024
1986-04-15,0.2009
1986-04-16,0.2043
1986-04-17,0.206
1986-04-18,0.2067
1986-04-20,0.2067
1986-04-21,0.2074
1986-04-22,0.2086
1986-04-23,0.2085
1986-04-25,0.2094
1986-04-27,0.2094
1986-04-28,0.2112
1986-04-29,0.2106
1986-05-01,0.2105
1986-05-02,0.2083
1986-05-04,0.2083
1986-05-05,0.21
1986-05-06,0.2077
1986-05-07,0.2084
1986-05-08,0.2084
1986-05-09,0.2097
1986-05-11,0.2097
1986-05-12,0.2098
1986-05-13,0.2095
1986-05-15,0.2098
1986-05-16,0.2071
1986-05-18,0.2071
1986-05-19,0.2071
1986-05-20,0.2083
1986-05-21,0.2055
1986-05-22,0.2043
1986-05-23,0.204
1986-05-25,0.204
1986-05-26,0.2035
1986-05-27,0.204
1986-05-28,0.2044
1986-05-29,0.2047
1986-05-30,0.2023
1986-06-01,0.2023
1986-06-02,0.2024
1986-06-03,0.2042
1986-06-04,0.2048
1986-06-05,0.2063
1986-06-06,0.2071
1986-06-08,0.2071
1986-06-09,0.2074
1986-06-10,0.2083
1986-06-11,0.2097
1986-06-12,0.2093
1986-06-15,0.2093
1986-06-16,0.2098
1986-06-17,0.208
1986-06-18,0.2074
1986-06-19,0.2074
1986-06-20,0.2071
1986-06-22,0.2071
1986-06-23,0.2058
1986-06-24,0.2075
1986-06-25,0.2087
1986-06-26,0.2079
1986-06-27,0.2088
1986-06-29,0.2088
1986-06-30,0.2101
1986-07-01,0.2106
1986-07-02,0.2104
1986-07-03,0.2118
1986-07-04,0.212
1986-07-06,0.212
1986-07-07,0.2116
1986-07-08,0.2105
1986-07-09,0.2118
1986-07-10,0.2102
1986-07-11,0.2102
1986-07-13,0.2102
1986-07-14,0.2095
1986-07-15,0.2107
1986-07-16,0.2113
1986-07-17,0.2119
1986-07-18,0.212
1986-07-20,0.212
1986-07-21,0.2126
1986-07-22,0.2125
1986-07-23,0.2128
1986-07-24,0.2119
1986-07-25,0.211
1986-07-27,0.211
1986-07-28,0.2122
1986-07-29,0.2127
1986-07-30,0.2128
1986-07-31,0.2147
1986-08-01,0.2143
1986-08-03,0.2143
1986-08-04,0.215
1986-08-05,0.2137
1986-08-06,0.2141
1986-08-07,0.2147
1986-08-08,0.2141
1986-08-10,0.2141
1986-08-11,0.2149
1986-08-12,0.2146
1986-08-13,0.2141
1986-08-15,0.2155
1986-08-17,0.2155
1986-08-18,0.2148
1986-08-19,0.2149
1986-08-20,0.2168
1986-08-21,0.2158
1986-08-22,0.2163
1986-08-24,0.2163
1986-08-25,0.2164
1986-08-26,0.2152
1986-08-27,0.2145
1986-08-28,0.2153
1986-08-29,0.2151
1986-08-31,0.2151
1986-09-01,0.2162
1986-09-02,0.2174
1986-09-03,0.2158
1986-09-04,0.2164
1986-09-05,0.2163
1986-09-07,0.2163
1986-09-08,0.2146
1986-09-09,0.2143
1986-09-10,0.2145
1986-09-11,0.2138
1986-09-12,0.2129
1986-09-14,0.2129
1986-09-15,0.2152
1986-09-16,0.2146
1986-09-17,0.2158
1986-09-18,0.2169
1986-09-19,0.2176
1986-09-21,0.2176
1986-09-22,0.2159
1986-09-23,0.2144
1986-09-24,0.2142
1986-09-25,0.2141
1986-09-26,0.214
1986-09-28,0.214
1986-09-29,0.2149
1986-09-30,0.216
1986-10-01,0.2149
1986-10-02,0.2149
1986-10-03,0.2161
1986-10-06,0.217
1986-10-07,0.2165
1986-10-08,0.2159
1986-10-09,0.2162
1986-10-10,0.216
1986-10-14,0.2175
1986-10-15,0.2173
1986-10-16,0.2177
1986-10-17,0.2177
1986-10-19,0.2177
1986-10-20,0.2167
1986-10-21,0.2157
1986-10-22,0.2164
1986-10-23,0.2166
1986-10-24,0.215
1986-10-26,0.215
1986-10-27,0.2137
1986-10-28,0.2146
1986-10-29,0.2147
1986-10-30,0.2146
1986-10-31,0.2124
1986-11-02,0.2124
1986-11-03,0.2122
1986-11-04,0.213
1986-11-05,0.214
1986-11-06,0.2127
1986-11-07,0.2132
1986-11-09,0.2132
1986-11-10,0.214
1986-11-11,0.2142
1986-11-12,0.2156
1986-11-13,0.2147
1986-11-14,0.2152
1986-11-16,0.2152
1986-11-17,0.2156
1986-11-18,0.2143
1986-11-19,0.2146
1986-11-20,0.2156
1986-11-21,0.2146
1986-11-23,0.2146
1986-11-24,0.2145
1986-11-25,0.215
1986-11-26,0.2161
1986-11-27,0.2161
1986-11-28,0.2168
1986-11-30,0.2168
1986-12-01,0.2167
1986-12-02,0.216
1986-12-03,0.2153
1986-12-04,0.2157
1986-12-05,0.2152
1986-12-07,0.2152
1986-12-08,0.2143
1986-12-09,0.215
1986-12-10,0.2142
1986-12-11,0.2148
1986-12-12,0.2142
1986-12-14,0.2142
1986-12-15,0.2139
1986-12-16,0.2137
1986-12-17,0.2148
1986-12-18,0.2139
1986-12-19,0.2151
1986-12-21,0.2151
1986-12-22,0.2161
1986-12-23,0.2164
1986-12-24,0.2161
1986-12-26,0.2161
1986-12-28,0.2161
1986-12-29,0.2175
1986-12-30,0.2181
1986-12-31,0.2192
1987-01-02,0.2202
1987-01-04,0.2202
1987-01-05,0.2188
1987-01-06,0.2191
1987-01-07,0.2187
1987-01-08,0.2191
1987-01-09,0.2196
1987-01-11,0.2196
1987-01-12,0.2222
1987-01-13,0.2457
1987-01-14,0.2462
1987-01-15,0.2471
1987-01-16,0.247
1987-01-18,0.247
1987-01-19,0.248
1987-01-20,0.2474
1987-01-21,0.2469
1987-01-22,0.2479
1987-01-23,0.2478
1987-01-25,0.2478
1987-01-26,0.2486
1987-01-27,0.248
1987-01-28,0.2498
1987-01-29,0.2498
1987-01-30,0.2496
1987-02-01,0.2496
1987-02-02,0.2483
1987-02-03,0.2493
1987-02-04,0.2484
1987-02-05,0.2473
1987-02-06,0.2459
1987-02-08,0.2459
1987-02-09,0.2457
1987-02-10,0.2478
1987-02-11,0.2479
1987-02-12,0.2476
1987-02-13,0.247
1987-02-15,0.247
1987-02-16,0.2483
1987-02-17,0.2483
1987-02-18,0.2482
1987-02-19,0.2469
1987-02-20,0.2484
1987-02-22,0.2484
1987-02-23,0.2486
1987-02-24,0.2483
1987-02-25,0.2497
1987-02-26,0.2501
1987-02-27,0.25
1987-03-01,0.25
1987-03-02,0.2507
1987-03-03,0.2502
1987-03-04,0.251
1987-03-05,0.2505
1987-03-06,0.2516
1987-03-08,0.2516
1987-03-09,0.2508
1987-03-10,0.2504
1987-03-11,0.2508
1987-03-12,0.2507
1987-03-13,0.251
1987-03-16,0.2526
1987-03-17,0.2526
1987-03-18,0.2527
1987-03-19,0.2528
1987-03-20,0.2531
1987-03-22,0.2531
1987-03-23,0.2535
1987-03-24,0.2541
1987-03-25,0.2529
1987-03-26,0.2522
1987-03-27,0.2533
1987-03-29,0.2533
1987-03-30,0.2553
1987-03-31,0.2541
1987-04-01,0.253
1987-04-02,0.2524
1987-04-03,0.2536
1987-04-05,0.2536
1987-04-06,0.2529
1987-04-07,0.2528
1987-04-08,0.2519
1987-04-09,0.2522
1987-04-10,0.2531
1987-04-12,0.2531
1987-04-13,0.254
1987-04-15,0.2536
1987-04-16,0.2538
1987-04-17,0.2535
1987-04-19,0.2535
1987-04-21,0.2541
1987-04-22,0.2526
1987-04-23,0.2531
1987-04-24,0.2541
1987-04-26,0.2541
1987-04-27,0.2551
1987-04-28,0.2545
1987-04-29,0.2531
1987-04-30,0.2546
1987-05-01,0.2539
1987-05-03,0.2539
1987-05-05,0.2559
1987-05-06,0.2551
1987-05-07,0.255
1987-05-08,0.2544
1987-05-10,0.2544
1987-05-11,0.2538
1987-05-12,0.2539
1987-05-13,0.2535
1987-05-14,0.2532
1987-05-15,0.2546
1987-05-17,0.2546
1987-05-18,0.2548
1987-05-19,0.2537
1987-05-20,0.2546
1987-05-21,0.2544
1987-05-22,0.2544
1987-05-24,0.2544
1987-05-25,0.2541
1987-05-26,0.2535
1987-05-27,0.2508
1987-05-28,0.2524
1987-05-29,0.252
1987-05-31,0.252
1987-06-01,0.2512
1987-06-02,0.2522
1987-06-04,0.2526
1987-06-05,0.2533
1987-06-07,0.2533
1987-06-08,0.2536
1987-06-09,0.2541
1987-06-10,0.2546
1987-06-11,0.2543
1987-06-12,0.255
1987-06-14,0.255
1987-06-15,0.2531
1987-06-16,0.2527
1987-06-17,0.2524
1987-06-18,0.2525
1987-06-19,0.2522
1987-06-21,0.2522
1987-06-22,0.2517
1987-06-23,0.2509
1987-06-24,0.2518
1987-06-25,0.2516
1987-06-26,0.2517
1987-06-28,0.2517
1987-06-29,0.2514
1987-06-30,0.2517
1987-07-01,0.2523
1987-07-02,0.2516
1987-07-03,0.251
1987-07-05,0.251
1987-07-06,0.2509
1987-07-07,0.2512
1987-07-08,0.2508
1987-07-09,0.2511
1987-07-10,0.25
1987-07-12,0.25
1987-07-13,0.2504
1987-07-14,0.2504
1987-07-15,0.2505
1987-07-16,0.2515
1987-07-17,0.2508
1987-07-19,0.2508
1987-07-20,0.2496
1987-07-21,0.2499
1987-07-22,0.2499
1987-07-23,0.25
1987-07-24,0.2499
1987-07-26,0.2499
1987-07-27,0.2504
1987-07-28,0.2501
1987-07-29,0.2498
1987-07-30,0.2496
1987-07-31,0.2499
1987-08-02,0.2499
1987-08-03,0.2489
1987-08-05,0.2471
1987-08-06,0.2466
1987-08-07,0.2466
1987-08-09,0.2466
1987-08-10,0.2462
1987-08-11,0.2461
1987-08-12,0.2462
1987-08-13,0.2478
1987-08-14,0.2474
1987-08-16,0.2474
1987-08-17,0.2485
1987-08-18,0.2493
1987-08-19,0.2507
1987-08-20,0.2507
1987-08-21,0.2515
1987-08-23,0.2515
1987-08-24,0.2516
1987-08-25,0.2514
1987-08-26,0.2504
1987-08-27,0.2506
1987-08-28,0.251
1987-08-30,0.251
1987-08-31,0.2507
1987-09-01,0.2509
1987-09-02,0.2511
1987-09-03,0.251
1987-09-04,0.2519
1987-09-06,0.2519
1987-09-07,0.2516
1987-09-08,0.2518
1987-09-09,0.2511
1987-09-10,0.2504
1987-09-11,0.2504
1987-09-13,0.2504
1987-09-14,0.25
1987-09-15,0.2503
1987-09-16,0.2505
1987-09-17,0.2503
1987-09-18,0.2511
1987-09-20,0.2511
1987-09-21,0.2509
1987-09-22,0.2503
1987-09-23,0.25
1987-09-27,0.25
1987-09-28,0.2506
1987-09-29,0.2492
1987-09-30,0.25
1987-10-01,0.249
1987-10-04,0.249
1987-10-05,0.2491
1987-10-06,0.2503
1987-10-07,0.2506
1987-10-09,0.251
1987-10-11,0.251
1987-10-12,0.251
1987-10-13,0.251
1987-10-14,0.2508
1987-10-16,0.2517
1987-10-18,0.2517
1987-10-19,0.253
1987-10-20,0.2515
1987-10-21,0.2508
1987-10-22,0.2505
1987-10-23,0.2511
1987-10-25,0.2511
1987-10-26,0.2527
1987-10-27,0.2523
1987-10-28,0.2536
1987-10-29,0.254
1987-10-30,0.2529
1987-11-01,0.2529
1987-11-02,0.2541
1987-11-03,0.2551
1987-11-04,0.2555
1987-11-05,0.2563
1987-11-06,0.2581
1987-11-08,0.2581
1987-11-09,0.2585
1987-11-10,0.2596
1987-11-11,0.2589
1987-11-12,0.258
1987-11-13,0.2575
1987-11-15,0.2575
1987-11-16,0.2563
1987-11-17,0.2584
1987-11-18,0.2585
1987-11-19,0.2601
1987-11-20,0.2606
1987-11-22,0.2606
1987-11-23,0.2604
1987-11-24,0.2598
1987-11-25,0.2603
1987-11-26,0.2599
1987-11-27,0.2599
1987-11-29,0.2599
1987-11-30,0.2614
1987-12-01,0.2606
1987-12-02,0.2601
1987-12-03,0.2608
1987-12-04,0.2606
1987-12-06,0.2606
1987-12-07,0.26
1987-12-08,0.2598
1987-12-09,0.2606
1987-12-10,0.2605
1987-12-11,0.2621
1987-12-13,0.2621
1987-12-14,0.2624
1987-12-15,0.2621
1987-12-16,0.2614
1987-12-17,0.2623
1987-12-18,0.262
1987-12-20,0.262
1987-12-21,0.2618
1987-12-22,0.2616
1987-12-23,0.2612
1987-12-24,0.2616
1987-12-27,0.2616
1987-12-28,0.2628
1987-12-29,0.2635
1987-12-30,0.2634
1987-12-31,0.2655
1988-01-03,0.2655
1988-01-04,0.2656
1988-01-05,0.2642
1988-01-06,0.2641
1988-01-07,0.2634
1988-01-08,0.2624
1988-01-10,0.2624
1988-01-11,0.264
1988-01-12,0.263
1988-01-13,0.2637
1988-01-14,0.2631
1988-01-15,0.2634
1988-01-17,0.2634
1988-01-18,0.2609
1988-01-19,0.2614
1988-01-20,0.2624
1988-01-21,0.2624
1988-01-22,0.2626
1988-01-24,0.2626
1988-01-25,0.2623
1988-01-26,0.2621
1988-01-27,0.2625
1988-01-28,0.2626
1988-01-29,0.2626
1988-01-31,0.2626
1988-02-01,0.2615
1988-02-02,0.2616
1988-02-03,0.2618
1988-02-04,0.2615
1988-02-05,0.262
1988-02-07,0.262
1988-02-08,0.2617
1988-02-09,0.2615
1988-02-10,0.2624
1988-02-11,0.2623
1988-02-12,0.2617
1988-02-14,0.2617
1988-02-15,0.261
1988-02-16,0.2611
1988-02-17,0.2614
1988-02-18,0.2622
1988-02-19,0.2621
1988-02-21,0.2621
1988-02-22,0.2624
1988-02-23,0.2631
1988-02-24,0.2633
1988-02-25,0.2634
1988-02-26,0.2644
1988-02-28,0.2644
1988-02-29,0.2641
1988-03-01,0.2639
1988-03-02,0.2639
1988-03-04,0.2632
1988-03-06,0.2632
1988-03-07,0.2643
1988-03-08,0.2647
1988-03-09,0.2648
1988-03-10,0.2651
1988-03-11,0.2651
1988-03-13,0.2651
1988-03-14,0.2653
1988-03-15,0.2646
1988-03-16,0.264
1988-03-17,0.2639
1988-03-18,0.2637
1988-03-20,0.2637
1988-03-21,0.2642
1988-03-22,0.2636
1988-03-23,0.2639
1988-03-24,0.2646
1988-03-25,0.265
1988-03-27,0.265
1988-03-28,0.2658
1988-03-29,0.2656
1988-03-30,0.2649
1988-03-31,0.2651
1988-04-01,0.2654
1988-04-03,0.2654
1988-04-04,0.2664
1988-04-05,0.2656
1988-04-06,0.2654
1988-04-07,0.2652
1988-04-10,0.2652
1988-04-11,0.2654
1988-04-12,0.2652
1988-04-13,0.2648
1988-04-14,0.2649
1988-04-15,0.2667
1988-04-17,0.2667
1988-04-18,0.2669
1988-04-19,0.2669
1988-04-20,0.2673
1988-04-22,0.2669
1988-04-24,0.2669
1988-04-25,0.2664
1988-04-26,0.2669
1988-04-27,0.2664
1988-04-28,0.2668
1988-04-29,0.2673
1988-05-01,0.2673
1988-05-02,0.267
1988-05-03,0.2668
1988-05-04,0.2668
1988-05-05,0.2668
1988-05-06,0.267
1988-05-08,0.267
1988-05-09,0.2667
1988-05-10,0.2666
1988-05-11,0.2668
1988-05-12,0.2668
1988-05-13,0.2667
1988-05-15,0.2667
1988-05-16,0.2664
1988-05-17,0.2665
1988-05-18,0.2658
1988-05-19,0.2659
1988-05-20,0.2662
1988-05-23,0.2662
1988-05-24,0.2662
1988-05-25,0.2659
1988-05-26,0.2658
1988-05-27,0.2657
1988-05-29,0.2657
1988-05-30,0.2648
1988-05-31,0.2653
1988-06-01,0.2639
1988-06-02,0.2629
1988-06-03,0.2636
1988-06-05,0.2636
1988-06-06,0.2637
1988-06-07,0.264
1988-06-08,0.2649
1988-06-09,0.2642
1988-06-10,0.265
1988-06-12,0.265
1988-06-13,0.2635
1988-06-14,0.2637
1988-06-15,0.2625
1988-06-16,0.2623
1988-06-17,0.2631
1988-06-19,0.2631
1988-06-20,0.2623
1988-06-21,0.262
1988-06-22,0.2616
1988-06-23,0.2602
1988-06-24,0.2599
1988-06-26,0.2599
1988-06-27,0.2587
1988-06-28,0.2604
1988-06-29,0.259
1988-06-30,0.2592
1988-07-01,0.2581
1988-07-03,0.2581
1988-07-04,0.2578
1988-07-05,0.2589
1988-07-06,0.2587
1988-07-07,0.2585
1988-07-08,0.2585
1988-07-10,0.2585
1988-07-11,0.2576
1988-07-12,0.2574
1988-07-13,0.2575
1988-07-14,0.2573
1988-07-15,0.2568
1988-07-17,0.2568
1988-07-18,0.2547
1988-07-19,0.2556
1988-07-20,0.2566
1988-07-21,0.2561
1988-07-22,0.2576
1988-07-25,0.2573
1988-07-26,0.2565
1988-07-27,0.2556
1988-07-28,0.2564
1988-07-29,0.2551
1988-07-31,0.2551
1988-08-01,0.2548
1988-08-02,0.2548
1988-08-03,0.2541
1988-08-04,0.2546
1988-08-05,0.2544
1988-08-07,0.2544
1988-08-08,0.2536
1988-08-09,0.2532
1988-08-10,0.2521
1988-08-11,0.2529
1988-08-12,0.254
1988-08-14,0.254
1988-08-15,0.2536
1988-08-16,0.2529
1988-08-17,0.2532
1988-08-18,0.2529
1988-08-19,0.2533
1988-08-21,0.2533
1988-08-22,0.2519
1988-08-23,0.2524
1988-08-24,0.2527
1988-08-25,0.254
1988-08-26,0.2544
1988-08-28,0.2544
1988-08-29,0.2543
1988-08-30,0.2538
1988-08-31,0.2538
1988-09-01,0.2537
1988-09-02,0.2538
1988-09-04,0.2538
1988-09-05,0.2543
1988-09-06,0.255
1988-09-07,0.2556
1988-09-08,0.2546
1988-09-09,0.2551
1988-09-11,0.2551
1988-09-14,0.255
1988-09-15,0.2537
1988-09-16,0.254
1988-09-18,0.254
1988-09-19,0.2559
1988-09-22,0.2552
1988-09-23,0.2548
1988-09-25,0.2548
1988-09-27,0.2544
1988-09-28,0.2548
1988-09-29,0.2551
1988-09-30,0.2555
1988-10-02,0.2555
1988-10-04,0.2566
1988-10-05,0.2561
1988-10-06,0.257
1988-10-07,0.2563
1988-10-09,0.2563
1988-10-10,0.2567
1988-10-11,0.2571
1988-10-12,0.2576
1988-10-13,0.2584
1988-10-14,0.2586
1988-10-16,0.2586
1988-10-17,0.2593
1988-10-18,0.2593
1988-10-19,0.2594
1988-10-20,0.2596
1988-10-21,0.2598
1988-10-23,0.2598
1988-10-24,0.2596
1988-10-25,0.259
1988-10-26,0.2588
1988-10-27,0.2595
1988-10-28,0.2595
1988-10-30,0.2595
1988-10-31,0.2599
1988-11-02,0.2597
1988-11-03,0.2604
1988-11-04,0.2597
1988-11-06,0.2597
1988-11-07,0.2591
1988-11-08,0.2598
1988-11-09,0.2604
1988-11-10,0.2612
1988-11-11,0.2621
1988-11-13,0.2621
1988-11-14,0.2617
1988-11-15,0.2618
1988-11-16,0.2615
1988-11-17,0.2628
1988-11-18,0.2614
1988-11-20,0.2614
1988-11-21,0.2622
1988-11-22,0.2626
1988-11-23,0.263
1988-11-24,0.2633
1988-11-25,0.2633
1988-11-27,0.2633
1988-11-28,0.262
1988-11-29,0.2623
1988-11-30,0.2632
1988-12-01,0.2628
1988-12-02,0.2629
1988-12-04,0.2629
1988-12-05,0.2633
1988-12-06,0.2633
1988-12-07,0.2623
1988-12-08,0.262
1988-12-09,0.2627
1988-12-11,0.2627
1988-12-12,0.2629
1988-12-13,0.2624
1988-12-14,0.2622
1988-12-15,0.2629
1988-12-16,0.2623
1988-12-18,0.2623
1988-12-19,0.2617
1988-12-20,0.2601
1988-12-21,0.2607
1988-12-22,0.2607
1988-12-23,0.2611
1988-12-25,0.2611
1988-12-27,0.2741
1988-12-28,0.2734
1988-12-29,0.2736
1988-12-30,0.2973
1989-01-03,0.2973
1989-01-04,0.2954
1989-01-05,0.2942
1989-01-06,0.2936
1989-01-08,0.2936
1989-01-09,0.292
1989-01-10,0.2915
1989-01-11,0.2904
1989-01-12,0.2908
1989-01-13,0.2895
1989-01-15,0.2895
1989-01-16,0.2884
1989-01-17,0.2889
1989-01-18,0.2883
1989-01-19,0.2879
1989-01-20,0.2892
1989-01-22,0.2892
1989-01-23,0.289
1989-01-24,0.2903
1989-01-25,0.289
1989-01-26,0.2886
1989-01-27,0.288
1989-01-29,0.288
1989-01-30,0.2868
1989-01-31,0.2867
1989-02-01,0.2862
1989-02-02,0.2858
1989-02-03,0.2849
1989-02-05,0.2849
1989-02-06,0.2844
1989-02-07,0.2851
1989-02-08,0.285
1989-02-09,0.2857
1989-02-10,0.287
1989-02-12,0.287
1989-02-13,0.2853
1989-02-14,0.2856
1989-02-15,0.286
1989-02-16,0.2854
1989-02-17,0.2854
1989-02-19,0.2854
1989-02-20,0.2851
1989-02-21,0.2843
1989-02-22,0.2844
1989-02-23,0.2854
1989-02-24,0.2852
1989-02-26,0.2852
1989-02-27,0.2853
1989-03-01,0.2843
1989-03-02,0.2842
1989-03-03,0.2837
1989-03-05,0.2837
1989-03-06,0.2839
1989-03-07,0.2839
1989-03-08,0.284
1989-03-09,0.2834
1989-03-10,0.2842
1989-03-12,0.2842
1989-03-13,0.2835
1989-03-14,0.2831
1989-03-15,0.2835
1989-03-16,0.283
1989-03-17,0.2826
1989-03-19,0.2826
1989-03-20,0.2833
1989-03-22,0.2846
1989-03-23,0.2845
1989-03-24,0.2851
1989-03-26,0.2851
1989-03-27,0.2834
1989-03-28,0.283
1989-03-29,0.2829
1989-03-30,0.2827
1989-03-31,0.2829
1989-04-02,0.2829
1989-04-03,0.2828
1989-04-04,0.2842
1989-04-05,0.2844
1989-04-06,0.2848
1989-04-07,0.284
1989-04-09,0.284
1989-04-10,0.2843
1989-04-11,0.2845
1989-04-12,0.2838
1989-04-13,0.2842
1989-04-14,0.2843
1989-04-16,0.2843
1989-04-17,0.2861
1989-04-18,0.2852
1989-04-19,0.2856
1989-04-21,0.2872
1989-04-23,0.2872
1989-04-24,0.287
1989-04-25,0.2869
1989-04-27,0.2869
1989-04-28,0.2857
1989-04-30,0.2857
1989-05-01,0.2861
1989-05-02,0.2869
1989-05-03,0.2868
1989-05-04,0.2865
1989-05-05,0.2861
1989-05-07,0.2861
1989-05-08,0.2861
1989-05-09,0.2858
1989-05-11,0.2858
1989-05-12,0.2857
1989-05-14,0.2857
1989-05-15,0.2846
1989-05-16,0.2845
1989-05-17,0.2846
1989-05-18,0.2833
1989-05-19,0.2835
1989-05-21,0.2835
1989-05-22,0.2815
1989-05-23,0.2822
1989-05-24,0.2827
1989-05-25,0.284
1989-05-26,0.2863
1989-05-28,0.2863
1989-05-29,0.2839
1989-05-30,0.285
1989-05-31,0.2856
1989-06-01,0.2863
1989-06-02,0.2872
1989-06-04,0.2872
1989-06-05,0.2877
1989-06-06,0.286
1989-06-07,0.2867
1989-06-08,0.2872
1989-06-11,0.2872
1989-06-12,0.2845
1989-06-13,0.2855
1989-06-14,0.2858
1989-06-15,0.285
1989-06-16,0.2879
1989-06-18,0.2879
1989-06-19,0.2885
1989-06-20,0.2898
1989-06-21,0.2887
1989-06-22,0.2923
1989-06-23,0.3044
1989-06-25,0.3044
1989-06-26,0.3046
1989-06-27,0.3038
1989-06-28,0.3023
1989-06-29,0.3034
1989-06-30,0.3025
1989-07-02,0.3025
1989-07-03,0.3033
1989-07-04,0.3036
1989-07-05,0.3039
1989-07-06,0.3051
1989-07-07,0.3051
1989-07-09,0.3051
1989-07-10,0.306
1989-07-11,0.3055
1989-07-12,0.3054
1989-07-13,0.306
1989-07-14,0.305
1989-07-16,0.305
1989-07-17,0.3043
1989-07-18,0.304
1989-07-19,0.3045
1989-07-20,0.3037
1989-07-21,0.3055
1989-07-23,0.3055
1989-07-24,0.3057
1989-07-25,0.3066
1989-07-26,0.3072
1989-07-27,0.3081
1989-07-28,0.308
1989-07-30,0.308
1989-07-31,0.3077
1989-08-01,0.3076
1989-08-02,0.3087
1989-08-03,0.3085
1989-08-04,0.3076
1989-08-06,0.3076
1989-08-07,0.306
1989-08-08,0.3063
1989-08-09,0.3066
1989-08-11,0.3052
1989-08-13,0.3052
1989-08-14,0.304
1989-08-15,0.3031
1989-08-16,0.3031
1989-08-17,0.3023
1989-08-18,0.3017
1989-08-20,0.3017
1989-08-21,0.3023
1989-08-22,0.3028
1989-08-23,0.3036
1989-08-24,0.3031
1989-08-25,0.3036
1989-08-27,0.3036
1989-08-28,0.3044
1989-08-29,0.3057
1989-08-30,0.3067
1989-08-31,0.3041
1989-09-01,0.3025
1989-09-03,0.3025
1989-09-04,0.3006
1989-09-05,0.301
1989-09-06,0.3032
1989-09-07,0.303
1989-09-08,0.3022
1989-09-10,0.3022
1989-09-11,0.3008
1989-09-12,0.303
1989-09-13,0.3031
1989-09-14,0.3045
1989-09-15,0.3046
1989-09-17,0.3046
1989-09-18,0.3051
1989-09-19,0.3061
1989-09-20,0.307
1989-09-21,0.3074
1989-09-22,0.307
1989-09-24,0.307
1989-09-25,0.3081
1989-09-26,0.3078
1989-09-27,0.3088
1989-09-28,0.3089
1989-09-29,0.3097
1989-10-02,0.3095
1989-10-03,0.3099
1989-10-04,0.3101
1989-10-05,0.3098
1989-10-06,0.3098
1989-10-10,0.3109
1989-10-11,0.3087
1989-10-12,0.308
1989-10-13,0.308
1989-10-15,0.308
1989-10-16,0.3104
1989-10-17,0.3093
1989-10-18,0.3096
1989-10-19,0.3099
1989-10-20,0.3105
1989-10-22,0.3105
1989-10-23,0.3097
1989-10-24,0.3111
1989-10-25,0.3111
1989-10-26,0.3122
1989-10-27,0.3121
1989-10-29,0.3121
1989-10-30,0.3129
1989-10-31,0.3109
1989-11-01,0.309
1989-11-02,0.309
1989-11-03,0.3094
1989-11-05,0.3094
1989-11-06,0.3094
1989-11-07,0.31
1989-11-08,0.3116
1989-11-09,0.3102
1989-11-10,0.3099
1989-11-12,0.3099
1989-11-13,0.3109
1989-11-14,0.309
1989-11-15,0.3102
1989-11-16,0.309
1989-11-17,0.3087
1989-11-19,0.3087
1989-11-20,0.31
1989-11-21,0.3086
1989-11-22,0.3096
1989-11-23,0.3095
1989-11-24,0.3101
1989-11-26,0.3101
1989-11-27,0.3108
1989-11-28,0.3093
1989-11-29,0.3093
1989-11-30,0.3068
1989-12-01,0.3076
1989-12-03,0.3076
1989-12-04,0.3089
1989-12-05,0.3082
1989-12-06,0.3101
1989-12-07,0.3098
1989-12-08,0.3112
1989-12-10,0.3112
1989-12-11,0.3116
1989-12-12,0.3107
1989-12-13,0.3121
1989-12-14,0.3111
1989-12-15,0.3109
1989-12-17,0.3109
1989-12-18,0.3107
1989-12-19,0.3099
1989-12-20,0.3117
1989-12-21,0.311
1989-12-22,0.3119
1989-12-24,0.3119
1989-12-27,0.3157
1989-12-28,0.3157
1989-12-29,0.3156
1989-12-31,0.3156
1990-01-02,0.315
1990-01-03,0.3127
1990-01-04,0.3125
1990-01-05,0.3148
1990-01-07,0.3148
1990-01-08,0.3135
1990-01-09,0.3143
1990-01-10,0.3153
1990-01-11,0.3155
1990-01-12,0.3164
1990-01-14,0.3164
1990-01-15,0.3163
1990-01-16,0.3145
1990-01-17,0.3159
1990-01-18,0.3152
1990-01-19,0.3149
1990-01-21,0.3149
1990-01-22,0.3141
1990-01-23,0.3139
1990-01-24,0.3158
1990-01-25,0.3158
1990-01-26,0.3165
1990-01-28,0.3165
1990-01-29,0.317
1990-01-30,0.3174
1990-01-31,0.3168
1990-02-01,0.3159
1990-02-02,0.316
1990-02-04,0.316
1990-02-05,0.316
1990-02-06,0.316
1990-02-07,0.316
1990-02-08,0.316
1990-02-09,0.316
1990-02-11,0.316
1990-02-12,0.316
1990-02-13,0.316
1990-02-14,0.316
1990-02-15,0.316
1990-02-16,0.316
1990-02-18,0.316
1990-02-19,0.3167
1990-02-20,0.3176
1990-02-21,0.3194
1990-02-22,0.3205
1990-02-23,0.3214
1990-02-25,0.3214
1990-02-26,0.3206
1990-02-27,0.3191
1990-02-28,0.32
1990-03-01,0.3191
1990-03-02,0.3251
1990-03-04,0.3251
1990-03-05,0.332
1990-03-06,0.3294
1990-03-07,0.328
1990-03-08,0.3253
1990-03-09,0.3267
1990-03-12,0.3268
1990-03-13,0.3269
1990-03-14,0.3268
1990-03-15,0.3254
1990-03-16,0.3261
1990-03-18,0.3261
1990-03-19,0.3276
1990-03-20,0.3271
1990-03-21,0.3277
1990-03-22,0.3266
1990-03-23,0.3284
1990-03-25,0.3284
1990-03-26,0.3268
1990-03-27,0.3265
1990-03-28,0.3259
1990-03-29,0.3252
1990-03-30,0.3256
1990-04-01,0.3256
1990-04-02,0.3251
1990-04-03,0.3257
1990-04-04,0.3265
1990-04-05,0.3253
1990-04-06,0.3255
1990-04-08,0.3255
1990-04-09,0.3272
1990-04-11,0.3287
1990-04-12,0.3284
1990-04-13,0.3284
1990-04-15,0.3284
1990-04-17,0.3293
1990-04-18,0.3283
1990-04-19,0.3289
1990-04-20,0.3293
1990-04-22,0.3293
1990-04-23,0.3294
1990-04-24,0.329
1990-04-25,0.3296
1990-04-26,0.3298
1990-04-27,0.3293
1990-04-29,0.3293
1990-05-01,0.3294
1990-05-02,0.3307
1990-05-03,0.3301
1990-05-04,0.3316
1990-05-06,0.3316
1990-05-07,0.333
1990-05-08,0.3326
1990-05-09,0.334
1990-05-10,0.3339
1990-05-11,0.3351
1990-05-13,0.3351
1990-05-14,0.3339
1990-05-15,0.3353
1990-05-16,0.3349
1990-05-17,0.3346
1990-05-18,0.3359
1990-05-20,0.3359
1990-05-21,0.336
1990-05-22,0.3342
1990-05-23,0.3351
1990-05-24,0.3328
1990-05-25,0.333
1990-05-27,0.333
1990-05-28,0.3321
1990-05-29,0.3348
1990-05-31,0.3325
1990-06-01,0.3299
1990-06-03,0.3299
1990-06-04,0.329
1990-06-05,0.3309
1990-06-06,0.3343
1990-06-07,0.3361
1990-06-08,0.3379
1990-06-10,0.3379
1990-06-11,0.3381
1990-06-12,0.3374
1990-06-13,0.3386
1990-06-15,0.3374
1990-06-17,0.3374
1990-06-18,0.3373
1990-06-19,0.3365
1990-06-20,0.3378
1990-06-21,0.3387
1990-06-22,0.3404
1990-06-24,0.3404
1990-06-25,0.3454
1990-06-26,0.3455
1990-06-27,0.3468
1990-06-28,0.3411
1990-06-29,0.3436
1990-07-01,0.3436
1990-07-02,0.342
1990-07-03,0.3447
1990-07-04,0.345
1990-07-05,0.3459
1990-07-06,0.3461
1990-07-08,0.3461
1990-07-09,0.345
1990-07-10,0.3458
1990-07-11,0.3461
1990-07-12,0.3438
1990-07-13,0.3435
1990-07-15,0.3435
1990-07-16,0.3452
1990-07-17,0.3441
1990-07-18,0.3449
1990-07-19,0.3461
1990-07-20,0.348
1990-07-22,0.348
1990-07-23,0.3487
1990-07-24,0.3503
1990-07-25,0.3499
1990-07-26,0.3502
1990-07-27,0.3492
1990-07-29,0.3492
1990-07-30,0.3489
1990-08-01,0.3492
1990-08-02,0.3477
1990-08-03,0.3474
1990-08-05,0.3474
1990-08-06,0.3484
1990-08-07,0.3503
1990-08-08,0.3502
1990-08-09,0.3482
1990-08-10,0.3493
1990-08-12,0.3493
1990-08-13,0.351
1990-08-14,0.3486
1990-08-15,0.3479
1990-08-16,0.3493
1990-08-17,0.3519
1990-08-19,0.3519
1990-08-20,0.3518
1990-08-21,0.3517
1990-08-22,0.3515
1990-08-23,0.3526
1990-08-24,0.3526
1990-08-26,0.3526
1990-08-27,0.3561
1990-08-28,0.3589
1990-08-29,0.3591
1990-08-30,0.3583
1990-08-31,0.355
1990-09-02,0.355
1990-09-03,0.3514
1990-09-04,0.35
1990-09-05,0.3518
1990-09-06,0.3527
1990-09-07,0.3522
1990-09-09,0.3522
1990-09-10,0.3597
1990-09-11,0.3576
1990-09-12,0.3566
1990-09-13,0.3559
1990-09-14,0.3569
1990-09-16,0.3569
1990-09-17,0.3582
1990-09-18,0.3581
1990-09-19,0.3581
1990-09-23,0.3581
1990-09-24,0.3573
1990-09-25,0.3573
1990-09-26,0.3564
1990-09-27,0.3566
1990-09-30,0.3566
1990-10-01,0.3577
1990-10-02,0.3571
1990-10-03,0.3577
1990-10-05,0.3588
1990-10-07,0.3588
1990-10-08,0.3582
1990-10-09,0.3594
1990-10-10,0.3594
1990-10-12,0.3602
1990-10-14,0.3602
1990-10-15,0.3584
1990-10-16,0.3584
1990-10-17,0.3592
1990-10-18,0.3593
1990-10-19,0.3606
1990-10-21,0.3606
1990-10-22,0.3602
1990-10-23,0.3593
1990-10-24,0.3602
1990-10-25,0.3602
1990-10-26,0.3604
1990-10-28,0.3604
1990-10-29,0.3596
1990-10-30,0.3579
1990-10-31,0.3586
1990-11-01,0.358
1990-11-02,0.3593
1990-11-04,0.3593
1990-11-05,0.3603
1990-11-06,0.3609
1990-11-07,0.3613
1990-11-08,0.3606
1990-11-09,0.3606
1990-11-11,0.3606
1990-11-12,0.3614
1990-11-13,0.3615
1990-11-14,0.3612
1990-11-15,0.3612
1990-11-16,0.3609
1990-11-18,0.3609
1990-11-19,0.3618
1990-11-20,0.3614
1990-11-21,0.3614
1990-11-22,0.3611
1990-11-23,0.3621
1990-11-25,0.3621
1990-11-26,0.3611
1990-11-27,0.3628
1990-11-28,0.3619
1990-11-29,0.3602
1990-11-30,0.3586
1990-12-02,0.3586
1990-12-03,0.359
1990-12-04,0.3588
1990-12-05,0.3594
1990-12-06,0.3596
1990-12-07,0.3601
1990-12-09,0.3601
1990-12-10,0.3613
1990-12-11,0.3624
1990-12-12,0.3625
1990-12-13,0.3621
1990-12-14,0.362
1990-12-16,0.362
1990-12-17,0.3607
1990-12-18,0.3607
1990-12-19,0.3615
1990-12-20,0.3634
1990-12-21,0.3609
1990-12-23,0.3609
1990-12-24,0.362
1990-12-27,0.3631
1990-12-28,0.3635
1990-12-30,0.3635
1990-12-31,0.3628
1991-01-02,0.3625
1991-01-03,0.3613
1991-01-04,0.3619
1991-01-06,0.3619
1991-01-07,0.3585
1991-01-08,0.3569
1991-01-09,0.3561
1991-01-10,0.3576
1991-01-11,0.3583
1991-01-13,0.3583
1991-01-14,0.3565
1991-01-15,0.3566
1991-01-16,0.3562
1991-01-17,0.3586
1991-01-18,0.3593
1991-01-20,0.3593
1991-01-21,0.3601
1991-01-22,0.3624
1991-01-23,0.3614
1991-01-24,0.3623
1991-01-25,0.3621
1991-01-27,0.3621
1991-01-28,0.3619
1991-01-29,0.3619
1991-01-30,0.3615
1991-01-31,0.3617
1991-02-01,0.3627
1991-02-03,0.3627
1991-02-04,0.3633
1991-02-05,0.3643
1991-02-06,0.3656
1991-02-07,0.3656
1991-02-08,0.3646
1991-02-10,0.3646
1991-02-11,0.3648
1991-02-12,0.3651
1991-02-13,0.3642
1991-02-14,0.3637
1991-02-15,0.364
1991-02-17,0.364
1991-02-18,0.3628
1991-02-19,0.3621
1991-02-20,0.362
1991-02-21,0.3622
1991-02-22,0.3638
1991-02-24,0.3638
1991-02-25,0.3612
1991-02-26,0.3615
1991-02-27,0.3597
1991-03-01,0.3583
1991-03-03,0.3583
1991-03-04,0.3575
1991-03-05,0.3597
1991-03-06,0.3587
1991-03-07,0.3585
1991-03-08,0.3572
1991-03-10,0.3572
1991-03-11,0.3753
1991-03-12,0.3769
1991-03-13,0.3766
1991-03-14,0.3766
1991-03-15,0.3755
1991-03-17,0.3755
1991-03-18,0.3746
1991-03-19,0.3723
1991-03-20,0.3711
1991-03-21,0.3721
1991-03-22,0.3722
1991-03-24,0.3722
1991-03-25,0.3706
1991-03-26,0.3675
1991-03-27,0.368
1991-03-28,0.3659
1991-03-31,0.3659
1991-04-02,0.3697
1991-04-03,0.3699
1991-04-04,0.3686
1991-04-07,0.3686
1991-04-08,0.3684
1991-04-09,0.3689
1991-04-10,0.3694
1991-04-11,0.3694
1991-04-12,0.3702
1991-04-14,0.3702
1991-04-15,0.3697
1991-04-16,0.3711
1991-04-17,0.371
1991-04-19,0.3679
1991-04-21,0.3679
1991-04-22,0.3665
1991-04-23,0.3662
1991-04-24,0.3694
1991-04-25,0.3679
1991-04-26,0.3697
1991-04-28,0.3697
1991-04-29,0.3696
1991-04-30,0.371
1991-05-01,0.3729
1991-05-02,0.371
1991-05-03,0.3728
1991-05-05,0.3728
1991-05-06,0.3732
1991-05-07,0.3763
1991-05-08,0.3841
1991-05-09,0.3776
1991-05-10,0.3822
1991-05-12,0.3822
1991-05-13,0.3828
1991-05-14,0.3862
1991-05-15,0.3872
1991-05-16,0.3883
1991-05-17,0.3887
1991-05-20,0.3826
1991-05-21,0.3878
1991-05-22,0.3903
1991-05-23,0.3906
1991-05-24,0.3942
1991-05-26,0.3942
1991-05-27,0.3933
1991-05-28,0.3917
1991-05-29,0.3925
1991-05-30,0.3863
1991-05-31,0.3861
1991-06-02,0.3861
1991-06-03,0.3853
1991-06-04,0.3848
1991-06-05,0.3823
1991-06-06,0.3817
1991-06-07,0.3791
1991-06-09,0.3791
1991-06-10,0.3778
1991-06-11,0.3784
1991-06-12,0.3773
1991-06-13,0.3732
1991-06-14,0.3693
1991-06-16,0.3693
1991-06-17,0.3694
1991-06-18,0.3682
1991-06-19,0.3661
1991-06-20,0.3701
1991-06-21,0.3676
1991-06-23,0.3676
1991-06-24,0.3658
1991-06-25,0.3686
1991-06-26,0.3682
1991-06-27,0.3683
1991-06-28,0.3667
1991-06-30,0.3667
1991-07-01,0.3668
1991-07-02,0.364
1991-07-03,0.3629
1991-07-04,0.3615
1991-07-05,0.3612
1991-07-07,0.3612
1991-07-08,0.3648
1991-07-09,0.3635
1991-07-10,0.3626
1991-07-11,0.3639
1991-07-12,0.3617
1991-07-14,0.3617
1991-07-15,0.3664
1991-07-16,0.3666
1991-07-17,0.3663
1991-07-18,0.3686
1991-07-19,0.3713
1991-07-22,0.3733
1991-07-23,0.371
1991-07-24,0.373
1991-07-25,0.3728
1991-07-26,0.3734
1991-07-28,0.3734
1991-07-29,0.3715
1991-07-30,0.3723
1991-07-31,0.373
1991-08-01,0.3704
1991-08-02,0.3684
1991-08-04,0.3684
1991-08-05,0.3727
1991-08-06,0.375
1991-08-07,0.3745
1991-08-08,0.3749
1991-08-09,0.3717
1991-08-11,0.3717
1991-08-12,0.371
1991-08-13,0.3709
1991-08-14,0.3675
1991-08-15,0.3668
1991-08-16,0.3671
1991-08-18,0.3671
1991-08-19,0.3613
1991-08-20,0.3619
1991-08-21,0.3638
1991-08-22,0.3697
1991-08-23,0.371
1991-08-25,0.371
1991-08-26,0.369
1991-08-27,0.369
1991-08-28,0.3681
1991-08-29,0.3698
1991-08-30,0.369
1991-09-01,0.369
1991-09-02,0.3673
1991-09-03,0.3692
1991-09-04,0.3689
1991-09-05,0.3684
1991-09-06,0.3676
1991-09-08,0.3676
1991-09-11,0.3737
1991-09-12,0.3755
1991-09-13,0.3742
1991-09-15,0.3742
1991-09-16,0.3764
1991-09-19,0.3783
1991-09-20,0.379
1991-09-22,0.379
1991-09-24,0.3828
1991-09-25,0.3837
1991-09-26,0.3833
1991-09-27,0.3892
1991-09-29,0.3892
1991-10-01,0.3914
1991-10-02,0.3923
1991-10-03,0.393
1991-10-04,0.3933
1991-10-06,0.3933
1991-10-07,0.3907
1991-10-08,0.3905
1991-10-09,0.3876
1991-10-10,0.3904
1991-10-11,0.3909
1991-10-13,0.3909
1991-10-14,0.3918
1991-10-15,0.391
1991-10-16,0.392
1991-10-17,0.393
1991-10-18,0.3944
1991-10-20,0.3944
1991-10-21,0.3961
1991-10-22,0.396
1991-10-23,0.3951
1991-10-24,0.3959
1991-10-25,0.3968
1991-10-27,0.3968
1991-10-28,0.3935
1991-10-29,0.3906
1991-10-30,0.3928
1991-10-31,0.3936
1991-11-01,0.3932
1991-11-03,0.3932
1991-11-04,0.3961
1991-11-05,0.3961
1991-11-06,0.3962
1991-11-07,0.3969
1991-11-08,0.3949
1991-11-10,0.3949
1991-11-11,0.3936
1991-11-12,0.3954
1991-11-13,0.3941
1991-11-14,0.3942
1991-11-15,0.3935
1991-11-17,0.3935
1991-11-18,0.3962
1991-11-19,0.3969
1991-11-20,0.3976
1991-11-21,0.3968
1991-11-22,0.3974
1991-11-24,0.3974
1991-11-25,0.3995
1991-11-26,0.3987
1991-11-27,0.3969
1991-11-28,0.3955
1991-11-29,0.3938
1991-12-01,0.3938
1991-12-02,0.3959
1991-12-03,0.3956
1991-12-04,0.3965
1991-12-05,0.3976
1991-12-06,0.3991
1991-12-08,0.3991
1991-12-09,0.4011
1991-12-10,0.4018
1991-12-11,0.3984
1991-12-12,0.4015
1991-12-13,0.4008
1991-12-15,0.4008
1991-12-16,0.4003
1991-12-17,0.4015
1991-12-18,0.4032
1991-12-19,0.4031
1991-12-20,0.405
1991-12-22,0.405
1991-12-23,0.4095
1991-12-24,0.4105
1991-12-27,0.413
1991-12-29,0.413
1991-12-30,0.4118
1991-12-31,0.4112
1992-01-02,0.411
1992-01-03,0.4089
1992-01-05,0.4089
1992-01-06,0.4086
1992-01-07,0.4111
1992-01-08,0.4108
1992-01-09,0.4084
1992-01-10,0.4032
1992-01-12,0.4032
1992-01-13,0.4002
1992-01-14,0.4006
1992-01-15,0.3953
1992-01-16,0.3943
1992-01-17,0.3917
1992-01-19,0.3917
1992-01-20,0.3971
1992-01-21,0.3982
1992-01-22,0.3987
1992-01-23,0.3982
1992-01-24,0.3951
1992-01-26,0.3951
1992-01-27,0.397
1992-01-28,0.3965
1992-01-29,0.3995
1992-01-30,0.3967
1992-01-31,0.3951
1992-02-02,0.3951
1992-02-03,0.3962
1992-02-04,0.3974
1992-02-05,0.3987
1992-02-06,0.4004
1992-02-07,0.3997
1992-02-09,0.3997
1992-02-10,0.4031
1992-02-11,0.4012
1992-02-12,0.3992
1992-02-13,0.3983
1992-02-14,0.3947
1992-02-16,0.3947
1992-02-17,0.3962
1992-02-18,0.3925
1992-02-19,0.3927
1992-02-20,0.3927
1992-02-21,0.3949
1992-02-23,0.3949
1992-02-24,0.393
1992-02-25,0.3962
1992-02-26,0.3951
1992-02-27,0.3972
1992-02-28,0.399
1992-03-01,0.399
1992-03-02,0.3979
1992-03-03,0.3967
1992-03-04,0.3965
1992-03-05,0.396
1992-03-06,0.3963
1992-03-08,0.3963
1992-03-09,0.3971
1992-03-10,0.3982
1992-03-11,0.3964
1992-03-12,0.3972
1992-03-13,0.3962
1992-03-15,0.3962
1992-03-16,0.3977
1992-03-17,0.3997
1992-03-18,0.4007
1992-03-22,0.4007
1992-03-23,0.3985
1992-03-24,0.4003
1992-03-25,0.4019
1992-03-26,0.4017
1992-03-27,0.4006
1992-03-29,0.4006
1992-03-30,0.4039
1992-03-31,0.4029
1992-04-01,0.3998
1992-04-02,0.3988
1992-04-03,0.4011
1992-04-05,0.4011
1992-04-06,0.4044
1992-04-07,0.4051
1992-04-08,0.4051
1992-04-09,0.4031
1992-04-10,0.4046
1992-04-12,0.4046
1992-04-13,0.4031
1992-04-14,0.4026
1992-04-15,0.4016
1992-04-16,0.4005
1992-04-19,0.4005
1992-04-21,0.4014
1992-04-22,0.4022
1992-04-23,0.4039
1992-04-26,0.4039
1992-04-27,0.4054
1992-04-28,0.4056
1992-04-29,0.4066
1992-04-30,0.4053
1992-05-01,0.4067
1992-05-03,0.4067
1992-05-04,0.4081
1992-05-05,0.4094
1992-05-06,0.4109
1992-05-08,0.4114
1992-05-10,0.4114
1992-05-11,0.4116
1992-05-12,0.4142
1992-05-13,0.4161
1992-05-14,0.419
1992-05-15,0.4176
1992-05-17,0.4176
1992-05-18,0.421
1992-05-19,0.4215
1992-05-20,0.4209
1992-05-21,0.4204
1992-05-22,0.4207
1992-05-24,0.4207
1992-05-25,0.4211
1992-05-26,0.4225
1992-05-27,0.4206
1992-05-28,0.421
1992-05-29,0.4246
1992-05-31,0.4246
1992-06-01,0.4262
1992-06-02,0.4236
1992-06-03,0.4234
1992-06-04,0.4245
1992-06-05,0.4257
1992-06-08,0.426
1992-06-09,0.4273
1992-06-10,0.426
1992-06-11,0.4276
1992-06-12,0.4302
1992-06-14,0.4302
1992-06-15,0.4323
1992-06-16,0.4305
1992-06-17,0.4328
1992-06-18,0.4307
1992-06-19,0.433
1992-06-21,0.433
1992-06-22,0.4334
1992-06-24,0.4357
1992-06-25,0.4391
1992-06-26,0.4406
1992-06-28,0.4406
1992-06-29,0.4429
1992-06-30,0.4439
1992-07-01,0.4453
1992-07-02,0.4445
1992-07-03,0.446
1992-07-05,0.446
1992-07-06,0.4448
1992-07-07,0.4474
1992-07-08,0.4522
1992-07-09,0.4524
1992-07-10,0.4479
1992-07-12,0.4479
1992-07-13,0.4522
1992-07-14,0.4533
1992-07-15,0.4541
1992-07-16,0.4551
1992-07-17,0.4562
1992-07-19,0.4562
1992-07-20,0.4605
1992-07-21,0.4538
1992-07-22,0.4541
1992-07-23,0.4541
1992-07-24,0.4556
1992-07-26,0.4556
1992-07-27,0.4547
1992-07-28,0.4568
1992-07-29,0.4583
1992-07-30,0.4555
1992-07-31,0.4562
1992-08-02,0.4562
1992-08-03,0.4574
1992-08-04,0.4568
1992-08-05,0.457
1992-08-06,0.456
1992-08-07,0.4574
1992-08-10,0.4589
1992-08-11,0.4602
1992-08-12,0.4593
1992-08-13,0.4603
1992-08-14,0.4607
1992-08-16,0.4607
1992-08-17,0.4578
1992-08-18,0.46
1992-08-19,0.4597
1992-08-20,0.461
1992-08-21,0.4615
1992-08-23,0.4615
1992-08-24,0.467
1992-08-25,0.4696
1992-08-26,0.4691
1992-08-27,0.4682
1992-08-28,0.4688
1992-08-30,0.4688
1992-08-31,0.4686
1992-09-01,0.4703
1992-09-02,0.4715
1992-09-03,0.4711
1992-09-04,0.466
1992-09-06,0.466
1992-09-07,0.4697
1992-09-08,0.4712
1992-09-09,0.4691
1992-09-10,0.4658
1992-09-11,0.4644
1992-09-13,0.4644
1992-09-14,0.4538
1992-09-15,0.4543
1992-09-16,0.4507
1992-09-17,0.4432
1992-09-18,0.4445
1992-09-20,0.4445
1992-09-21,0.4467
1992-09-22,0.447
1992-09-23,0.444
1992-09-24,0.4457
1992-09-25,0.4481
1992-09-27,0.4481
1992-09-30,0.4601
1992-10-01,0.4605
1992-10-02,0.4586
1992-10-04,0.4586
1992-10-05,0.4583
1992-10-08,0.45
1992-10-09,0.4482
1992-10-11,0.4482
1992-10-13,0.4478
1992-10-14,0.4516
1992-10-15,0.4515
1992-10-16,0.4498
1992-10-18,0.4498
1992-10-20,0.4433
1992-10-21,0.441
1992-10-22,0.4404
1992-10-23,0.4433
1992-10-25,0.4433
1992-10-26,0.4379
1992-10-27,0.4393
1992-10-28,0.4395
1992-10-29,0.4396
1992-10-30,0.4414
1992-11-01,0.4414
1992-11-02,0.4422
1992-11-03,0.44
1992-11-04,0.4416
1992-11-05,0.4418
1992-11-06,0.44
1992-11-08,0.44
1992-11-09,0.4397
1992-11-10,0.4401
1992-11-11,0.442
1992-11-12,0.4428
1992-11-13,0.4434
1992-11-15,0.4434
1992-11-16,0.4424
1992-11-17,0.4406
1992-11-18,0.4429
1992-11-19,0.4441
1992-11-20,0.3944
1992-11-22,0.3944
1992-11-23,0.3971
1992-11-24,0.3977
1992-11-25,0.4033
1992-11-26,0.4
1992-11-27,0.3945
1992-11-29,0.3945
1992-11-30,0.3938
1992-12-01,0.3924
1992-12-02,0.3952
1992-12-03,0.393
1992-12-04,0.3966
1992-12-06,0.3966
1992-12-07,0.3947
1992-12-08,0.3976
1992-12-09,0.3955
1992-12-10,0.3935
1992-12-11,0.3942
1992-12-13,0.3942
1992-12-14,0.3962
1992-12-15,0.3953
1992-12-16,0.3944
1992-12-17,0.3922
1992-12-18,0.3827
1992-12-20,0.3827
1992-12-21,0.3879
1992-12-22,0.3884
1992-12-23,0.3863
1992-12-24,0.3853
1992-12-27,0.3853
1992-12-28,0.3858
1992-12-29,0.3877
1992-12-30,0.393
1992-12-31,0.3918
1993-01-03,0.3918
1993-01-04,0.3914
1993-01-05,0.3864
1993-01-06,0.3853
1993-01-07,0.3845
1993-01-08,0.3726
1993-01-10,0.3726
1993-01-11,0.3795
1993-01-12,0.3771
1993-01-13,0.3733
1993-01-14,0.3807
1993-01-15,0.3859
1993-01-17,0.3859
1993-01-18,0.3832
1993-01-19,0.3841
1993-01-20,0.3874
1993-01-21,0.3861
1993-01-22,0.3854
1993-01-24,0.3854
1993-01-25,0.3874
1993-01-26,0.3897
1993-01-27,0.39
1993-01-28,0.387
1993-01-29,0.3843
1993-01-31,0.3843
1993-02-01,0.3757
1993-02-02,0.3778
1993-02-03,0.3762
1993-02-04,0.3739
1993-02-05,0.3762
1993-02-07,0.3762
1993-02-08,0.3776
1993-02-09,0.375
1993-02-10,0.3787
1993-02-11,0.3765
1993-02-12,0.3777
1993-02-14,0.3777
1993-02-15,0.3759
1993-02-16,0.3762
1993-02-17,0.375
1993-02-18,0.3737
1993-02-19,0.3677
1993-02-21,0.3677
1993-02-22,0.3679
1993-02-23,0.3668
1993-02-24,0.3619
1993-02-25,0.3585
1993-02-26,0.3571
1993-02-28,0.3571
1993-03-01,0.3585
1993-03-02,0.3622
1993-03-03,0.3628
1993-03-04,0.3627
1993-03-05,0.3642
1993-03-08,0.3637
1993-03-09,0.3685
1993-03-10,0.3687
1993-03-11,0.3613
1993-03-12,0.3626
1993-03-14,0.3626
1993-03-15,0.3555
1993-03-16,0.355
1993-03-17,0.3613
1993-03-18,0.3576
1993-03-19,0.357
1993-03-21,0.357
1993-03-22,0.3613
1993-03-23,0.3599
1993-03-24,0.3586
1993-03-25,0.3566
1993-03-26,0.3576
1993-03-28,0.3576
1993-03-29,0.3597
1993-03-30,0.3599
1993-03-31,0.3576
1993-04-01,0.3552
1993-04-02,0.3628
1993-04-04,0.3628
1993-04-05,0.3643
1993-04-07,0.3612
1993-04-08,0.3624
1993-04-11,0.3624
1993-04-13,0.3647
1993-04-14,0.3718
1993-04-15,0.3684
1993-04-16,0.3677
1993-04-18,0.3677
1993-04-19,0.3671
1993-04-20,0.3729
1993-04-21,0.3715
1993-04-22,0.3699
1993-04-23,0.3717
1993-04-25,0.3717
1993-04-27,0.3776
1993-04-28,0.3754
1993-04-29,0.3775
1993-04-30,0.3742
1993-05-02,0.3742
1993-05-03,0.3728
1993-05-04,0.3729
1993-05-05,0.3726
1993-05-06,0.3729
1993-05-07,0.3733
1993-05-09,0.3733
1993-05-10,0.3733
1993-05-11,0.3705
1993-05-12,0.3699
1993-05-13,0.3712
1993-05-14,0.3725
1993-05-16,0.3725
1993-05-17,0.3727
1993-05-18,0.3731
1993-05-19,0.3734
1993-05-20,0.3739
1993-05-21,0.3747
1993-05-23,0.3747
1993-05-24,0.3752
1993-05-25,0.3761
1993-05-27,0.3751
1993-05-28,0.3758
1993-05-30,0.3758
1993-06-01,0.3791
1993-06-02,0.3798
1993-06-03,0.3798
1993-06-04,0.3787
1993-06-06,0.3787
1993-06-07,0.377
1993-06-08,0.3783
1993-06-09,0.3783
1993-06-10,0.3778
1993-06-11,0.3798
1993-06-13,0.3798
1993-06-14,0.3808
1993-06-15,0.3793
1993-06-16,0.3757
1993-06-17,0.3717
1993-06-18,0.3693
1993-06-20,0.3693
1993-06-21,0.3701
1993-06-22,0.371
1993-06-23,0.368
1993-06-24,0.3631
1993-06-25,0.3612
1993-06-27,0.3612
1993-06-28,0.3578
1993-06-29,0.3605
1993-06-30,0.3647
1993-07-01,0.3642
1993-07-02,0.3643
1993-07-04,0.3643
1993-07-05,0.364
1993-07-06,0.3616
1993-07-07,0.3596
1993-07-08,0.3565
1993-07-09,0.3546
1993-07-11,0.3546
1993-07-12,0.351
1993-07-13,0.3534
1993-07-14,0.3541
1993-07-15,0.3548
1993-07-16,0.3511
1993-07-18,0.3511
1993-07-19,0.3541
1993-07-20,0.3531
1993-07-21,0.3519
1993-07-22,0.3487
1993-07-23,0.3464
1993-07-25,0.3464
1993-07-26,0.3534
1993-07-28,0.3544
1993-07-29,0.3545
1993-07-30,0.3486
1993-08-01,0.3486
1993-08-02,0.3486
1993-08-03,0.3556
1993-08-04,0.3566
1993-08-05,0.3573
1993-08-06,0.3569
1993-08-08,0.3569
1993-08-09,0.3596
1993-08-10,0.3588
1993-08-11,0.3566
1993-08-12,0.3547
1993-08-13,0.3477
1993-08-15,0.3477
1993-08-16,0.3496
1993-08-17,0.3538
1993-08-18,0.3571
1993-08-19,0.3588
1993-08-20,0.3577
1993-08-22,0.3577
1993-08-23,0.355
1993-08-24,0.3536
1993-08-25,0.3546
1993-08-26,0.3545
1993-08-27,0.3537
1993-08-29,0.3537
1993-08-30,0.3573
1993-08-31,0.3548
1993-09-01,0.351
1993-09-02,0.351
1993-09-03,0.3528
1993-09-05,0.3528
1993-09-06,0.3581
1993-09-07,0.3591
1993-09-08,0.3582
1993-09-09,0.3574
1993-09-10,0.3611
1993-09-12,0.3611
1993-09-13,0.3628
1993-09-14,0.3618
1993-09-15,0.3591
1993-09-19,0.3591
1993-09-20,0.3538
1993-09-21,0.3525
1993-09-22,0.3493
1993-09-23,0.358
1993-09-26,0.358
1993-09-27,0.3575
1993-09-28,0.3573
1993-09-29,0.3564
1993-10-01,0.3539
1993-10-03,0.3539
1993-10-04,0.3528
1993-10-05,0.3555
1993-10-06,0.3569
1993-10-08,0.3552
1993-10-10,0.3552
1993-10-11,0.3578
1993-10-12,0.3593
1993-10-13,0.3632
1993-10-14,0.3628
1993-10-15,0.3613
1993-10-17,0.3613
1993-10-18,0.365
1993-10-19,0.3644
1993-10-20,0.366
1993-10-21,0.363
1993-10-22,0.3616
1993-10-24,0.3616
1993-10-25,0.3608
1993-10-26,0.3604
1993-10-27,0.3602
1993-10-28,0.3594
1993-10-29,0.3601
1993-10-31,0.3601
1993-11-01,0.3586
1993-11-02,0.3591
1993-11-03,0.3601
1993-11-04,0.3602
1993-11-05,0.3597
1993-11-07,0.3597
1993-11-08,0.3623
1993-11-09,0.3611
1993-11-10,0.3596
1993-11-11,0.3566
1993-11-12,0.3563
1993-11-14,0.3563
1993-11-15,0.3575
1993-11-16,0.3586
1993-11-17,0.3573
1993-11-18,0.3569
1993-11-19,0.3555
1993-11-21,0.3555
1993-11-22,0.3547
1993-11-23,0.353
1993-11-24,0.3523
1993-11-25,0.352
1993-11-26,0.3529
1993-11-28,0.3529
1993-11-29,0.3527
1993-11-30,0.3508
1993-12-01,0.3501
1993-12-02,0.3515
1993-12-03,0.3515
1993-12-05,0.3515
1993-12-06,0.3542
1993-12-07,0.357
1993-12-08,0.3557
1993-12-09,0.3569
1993-12-10,0.3572
1993-12-12,0.3572
1993-12-13,0.3532
1993-12-14,0.3523
1993-12-15,0.3522
1993-12-16,0.3523
1993-12-17,0.3533
1993-12-19,0.3533
1993-12-20,0.354
1993-12-21,0.3548
1993-12-22,0.3569
1993-12-23,0.361
1993-12-24,0.3622
1993-12-26,0.3622
1993-12-27,0.3608
1993-12-28,0.359
1993-12-29,0.3623
1993-12-30,0.3607
1993-12-31,0.3585
1994-01-02,0.3585
1994-01-03,0.3578
1994-01-04,0.3581
1994-01-05,0.3622
1994-01-06,0.363
1994-01-07,0.3638
1994-01-09,0.3638
1994-01-10,0.3652
1994-01-11,0.3654
1994-01-12,0.3642
1994-01-13,0.364
1994-01-14,0.3641
1994-01-16,0.3641
1994-01-17,0.363
1994-01-18,0.3677
1994-01-19,0.3676
1994-01-20,0.3675
1994-01-21,0.3699
1994-01-23,0.3699
1994-01-24,0.3707
1994-01-25,0.3712
1994-01-26,0.3746
1994-01-27,0.3752
1994-01-28,0.3777
1994-01-30,0.3777
1994-01-31,0.3753
1994-02-01,0.3778
1994-02-02,0.3776
1994-02-03,0.3758
1994-02-04,0.3769
1994-02-06,0.3769
1994-02-07,0.3743
1994-02-08,0.3744
1994-02-09,0.3706
1994-02-10,0.372
1994-02-11,0.3671
1994-02-13,0.3671
1994-02-14,0.3698
1994-02-15,0.3696
1994-02-16,0.3683
1994-02-17,0.3691
1994-02-18,0.3722
1994-02-20,0.3722
1994-02-21,0.3729
1994-02-22,0.3735
1994-02-23,0.3751
1994-02-24,0.377
1994-02-27,0.377
1994-02-28,0.3706
1994-03-01,0.3715
1994-03-02,0.3681
1994-03-03,0.3693
1994-03-04,0.3714
1994-03-06,0.3714
1994-03-07,0.3724
1994-03-08,0.3723
1994-03-09,0.3719
1994-03-10,0.3741
1994-03-11,0.3772
1994-03-13,0.3772
1994-03-14,0.3771
1994-03-15,0.3789
1994-03-16,0.3775
1994-03-17,0.379
1994-03-18,0.3776
1994-03-20,0.3776
1994-03-21,0.3776
1994-03-22,0.3777
1994-03-23,0.3787
1994-03-24,0.3769
1994-03-25,0.3779
1994-03-28,0.3762
1994-03-29,0.3773
1994-03-30,0.3774
1994-03-31,0.3792
1994-04-03,0.3792
1994-04-05,0.3761
1994-04-06,0.3758
1994-04-07,0.378
1994-04-08,0.3787
1994-04-10,0.3787
1994-04-11,0.3797
1994-04-12,0.3791
1994-04-13,0.3792
1994-04-15,0.3771
1994-04-17,0.3771
1994-04-18,0.379
1994-04-19,0.3778
1994-04-20,0.3752
1994-04-21,0.3762
1994-04-22,0.3801
1994-04-24,0.3801
1994-04-25,0.3804
1994-04-26,0.3829
1994-04-27,0.3851
1994-04-28,0.3869
1994-04-29,0.3882
1994-05-01,0.3882
1994-05-02,0.3926
1994-05-03,0.3928
1994-05-04,0.3949
1994-05-05,0.391
1994-05-06,0.3906
1994-05-08,0.3906
1994-05-09,0.3919
1994-05-10,0.3911
1994-05-11,0.3895
1994-05-12,0.3898
1994-05-13,0.3884
1994-05-15,0.3884
1994-05-17,0.3866
1994-05-18,0.3894
1994-05-19,0.3915
1994-05-20,0.3916
1994-05-22,0.3916
1994-05-23,0.3926
1994-05-24,0.3921
1994-05-25,0.3887
1994-05-26,0.3886
1994-05-27,0.3919
1994-05-29,0.3919
1994-05-30,0.3934
1994-05-31,0.3903
1994-06-01,0.3888
1994-06-02,0.3861
1994-06-03,0.3862
1994-06-05,0.3862
1994-06-06,0.3868
1994-06-07,0.3844
1994-06-08,0.3848
1994-06-09,0.3845
1994-06-10,0.3858
1994-06-12,0.3858
1994-06-13,0.3877
1994-06-14,0.3847
1994-06-15,0.3855
1994-06-16,0.385
1994-06-17,0.3884
1994-06-19,0.3884
1994-06-20,0.3923
1994-06-21,0.3949
1994-06-22,0.3968
1994-06-23,0.3973
1994-06-24,0.3984
1994-06-26,0.3984
1994-06-27,0.3986
1994-06-28,0.3998
1994-06-29,0.3991
1994-06-30,0.3955
1994-07-01,0.3886
1994-07-03,0.3886
1994-07-04,0.3857
1994-07-05,0.3873
1994-07-06,0.3833
1994-07-07,0.3827
1994-07-08,0.3848
1994-07-10,0.3848
1994-07-11,0.3888
1994-07-12,0.396
1994-07-13,0.3971
1994-07-14,0.3926
1994-07-15,0.3869
1994-07-18,0.3914
1994-07-19,0.3912
1994-07-20,0.3911
1994-07-21,0.3926
1994-07-22,0.3883
1994-07-24,0.3883
1994-07-25,0.3889
1994-07-26,0.3911
1994-07-27,0.3937
1994-07-28,0.3929
1994-07-29,0.3935
1994-07-31,0.3935
1994-08-01,0.3934
1994-08-02,0.3928
1994-08-03,0.3946
1994-08-04,0.3954
1994-08-05,0.3916
1994-08-07,0.3916
1994-08-08,0.3936
1994-08-09,0.3914
1994-08-10,0.3908
1994-08-11,0.3898
1994-08-12,0.3878
1994-08-14,0.3878
1994-08-15,0.3895
1994-08-16,0.3884
1994-08-17,0.3851
1994-08-18,0.3838
1994-08-19,0.3919
1994-08-21,0.3919
1994-08-22,0.3978
1994-08-23,0.3987
1994-08-24,0.394
1994-08-25,0.3945
1994-08-26,0.3973
1994-08-28,0.3973
1994-08-29,0.3933
1994-08-30,0.3919
1994-08-31,0.3914
1994-09-01,0.3928
1994-09-02,0.3933
1994-09-04,0.3933
1994-09-05,0.394
1994-09-08,0.3982
1994-09-09,0.3958
1994-09-11,0.3958
1994-09-12,0.4016
1994-09-13,0.4035
1994-09-16,0.4039
1994-09-18,0.4039
1994-09-19,0.4035
1994-09-21,0.4056
1994-09-22,0.4044
1994-09-23,0.4051
1994-09-25,0.4051
1994-09-26,0.4057
1994-09-28,0.4076
1994-09-29,0.4044
1994-09-30,0.402
1994-10-02,0.402
1994-10-03,0.4027
1994-10-04,0.4062
1994-10-05,0.4086
1994-10-06,0.4094
1994-10-07,0.4112
1994-10-09,0.4112
1994-10-10,0.4091
1994-10-11,0.4073
1994-10-12,0.4086
1994-10-13,0.4094
1994-10-14,0.414
1994-10-16,0.414
1994-10-17,0.4162
1994-10-18,0.4195
1994-10-19,0.4184
1994-10-20,0.42
1994-10-21,0.4257
1994-10-23,0.4257
1994-10-24,0.4239
1994-10-25,0.4278
1994-10-26,0.4269
1994-10-27,0.4245
1994-10-28,0.4216
1994-10-30,0.4216
1994-10-31,0.4164
1994-11-01,0.42
1994-11-02,0.418
1994-11-03,0.4136
1994-11-04,0.4084
1994-11-06,0.4084
1994-11-07,0.4084
1994-11-08,0.4086
1994-11-09,0.4105
1994-11-10,0.4102
1994-11-11,0.4136
1994-11-13,0.4136
1994-11-14,0.4149
1994-11-15,0.4108
1994-11-16,0.4042
1994-11-17,0.4078
1994-11-18,0.4108
1994-11-20,0.4108
1994-11-21,0.4123
1994-11-22,0.4128
1994-11-23,0.4107
1994-11-24,0.4091
1994-11-25,0.4091
1994-11-27,0.4091
1994-11-28,0.408
1994-11-29,0.4023
1994-11-30,0.4009
1994-12-01,0.4022
1994-12-02,0.4005
1994-12-04,0.4005
1994-12-05,0.403
1994-12-06,0.4018
1994-12-07,0.4006
1994-12-08,0.4023
1994-12-09,0.4007
1994-12-11,0.4007
1994-12-12,0.4012
1994-12-13,0.4002
1994-12-14,0.3989
1994-12-15,0.3995
1994-12-16,0.4005
1994-12-18,0.4005
1994-12-19,0.3998
1994-12-20,0.4031
1994-12-21,0.408
1994-12-22,0.407
1994-12-23,0.407
1994-12-25,0.407
1994-12-27,0.4057
1994-12-28,0.4045
1994-12-29,0.4051
1994-12-30,0.4045
1995-01-01,0.4045
1995-01-03,0.4057
1995-01-04,0.4067
1995-01-05,0.4062
1995-01-06,0.403
1995-01-08,0.403
1995-01-09,0.4025
1995-01-10,0.4028
1995-01-11,0.4012
1995-01-12,0.4021
1995-01-13,0.4027
1995-01-15,0.4027
1995-01-16,0.4033
1995-01-17,0.4042
1995-01-18,0.4046
1995-01-19,0.4021
1995-01-20,0.4035
1995-01-22,0.4035
1995-01-23,0.4037
1995-01-24,0.4025
1995-01-25,0.4032
1995-01-26,0.4008
1995-01-27,0.4026
1995-01-29,0.4026
1995-01-30,0.4038
1995-01-31,0.4035
1995-02-01,0.403
1995-02-02,0.4046
1995-02-03,0.404
1995-02-05,0.404
1995-02-06,0.404
1995-02-07,0.4063
1995-02-08,0.4055
1995-02-09,0.4049
1995-02-10,0.4064
1995-02-12,0.4064
1995-02-13,0.4071
1995-02-14,0.4075
1995-02-15,0.409
1995-02-16,0.4074
1995-02-17,0.4087
1995-02-19,0.4087
1995-02-20,0.4111
1995-02-21,0.4125
1995-02-22,0.4092
1995-02-23,0.4123
1995-02-24,0.4118
1995-02-26,0.4118
1995-02-27,0.4096
1995-02-28,0.4054
1995-03-01,0.406
1995-03-02,0.4086
1995-03-03,0.4082
1995-03-05,0.4082
1995-03-06,0.4099
1995-03-07,0.411
1995-03-08,0.4156
1995-03-09,0.4167
1995-03-10,0.4176
1995-03-12,0.4176
1995-03-13,0.4113
1995-03-14,0.4104
1995-03-15,0.4096
1995-03-19,0.4096
1995-03-20,0.4102
1995-03-21,0.4088
1995-03-22,0.4083
1995-03-23,0.408
1995-03-24,0.4088
1995-03-26,0.4088
1995-03-27,0.4095
1995-03-28,0.4084
1995-03-29,0.4056
1995-03-30,0.4022
1995-03-31,0.3996
1995-04-02,0.3996
1995-04-03,0.4007
1995-04-04,0.4004
1995-04-05,0.4016
1995-04-06,0.3996
1995-04-07,0.4027
1995-04-09,0.4027
1995-04-10,0.4021
1995-04-11,0.405
1995-04-12,0.4058
1995-04-13,0.4043
1995-04-16,0.4043
1995-04-18,0.4053
1995-04-19,0.4052
1995-04-20,0.4038
1995-04-23,0.4038
1995-04-24,0.3984
1995-04-25,0.4003
1995-04-26,0.4016
1995-04-27,0.4106
1995-04-28,0.4099
1995-04-30,0.4099
1995-05-01,0.4082
1995-05-02,0.4089
1995-05-03,0.4053
1995-05-05,0.4101
1995-05-07,0.4101
1995-05-08,0.4133
1995-05-09,0.4125
1995-05-10,0.417
1995-05-11,0.4144
1995-05-12,0.4101
1995-05-14,0.4101
1995-05-15,0.4131
1995-05-16,0.4113
1995-05-17,0.4103
1995-05-18,0.4099
1995-05-19,0.4104
1995-05-21,0.4104
1995-05-22,0.4125
1995-05-23,0.4108
1995-05-24,0.4101
1995-05-25,0.4126
1995-05-26,0.4182
1995-05-28,0.4182
1995-05-30,0.4122
1995-05-31,0.415
1995-06-01,0.4104
1995-06-02,0.4113
1995-06-05,0.4124
1995-06-06,0.4162
1995-06-07,0.4152
1995-06-08,0.4135
1995-06-09,0.4134
1995-06-11,0.4134
1995-06-12,0.4118
1995-06-13,0.4124
1995-06-14,0.4107
1995-06-15,0.4077
1995-06-16,0.4074
1995-06-18,0.4074
1995-06-19,0.408
1995-06-20,0.4099
1995-06-21,0.409
1995-06-22,0.4105
1995-06-23,0.4077
1995-06-25,0.4077
1995-06-26,0.4099
1995-06-27,0.4098
1995-06-28,0.4082
1995-06-29,0.4077
1995-06-30,0.4066
1995-07-02,0.4066
1995-07-03,0.4066
1995-07-04,0.4081
1995-07-05,0.4074
1995-07-06,0.4068
1995-07-07,0.4079
1995-07-09,0.4079
1995-07-10,0.4078
1995-07-11,0.4079
1995-07-12,0.409
1995-07-13,0.4088
1995-07-14,0.4098
1995-07-16,0.4098
1995-07-17,0.4099
1995-07-18,0.4087
1995-07-19,0.4104
1995-07-20,0.4115
1995-07-21,0.4122
1995-07-23,0.4122
1995-07-24,0.4118
1995-07-25,0.4148
1995-07-26,0.4191
1995-07-27,0.421
1995-07-28,0.4251
1995-07-30,0.4251
1995-07-31,0.4246
1995-08-01,0.4224
1995-08-02,0.4235
1995-08-03,0.4255
1995-08-04,0.4256
1995-08-07,0.4263
1995-08-08,0.423
1995-08-09,0.4219
1995-08-10,0.4238
1995-08-11,0.4235
1995-08-13,0.4235
1995-08-14,0.4214
1995-08-15,0.4171
1995-08-16,0.4156
1995-08-17,0.4151
1995-08-18,0.4151
1995-08-20,0.4151
1995-08-21,0.4129
1995-08-22,0.4137
1995-08-23,0.4152
1995-08-24,0.4158
1995-08-25,0.4177
1995-08-27,0.4177
1995-08-28,0.417
1995-08-29,0.4165
1995-08-30,0.4154
1995-08-31,0.4168
1995-09-01,0.4159
1995-09-03,0.4159
1995-09-04,0.4174
1995-09-05,0.4165
1995-09-06,0.4172
1995-09-07,0.418
1995-09-08,0.4217
1995-09-10,0.4217
1995-09-11,0.426
1995-09-12,0.4276
1995-09-13,0.428
1995-09-14,0.4252
1995-09-15,0.4246
1995-09-17,0.4246
1995-09-18,0.4236
1995-09-19,0.4236
1995-09-20,0.4287
1995-09-21,0.4301
1995-09-22,0.43
1995-09-24,0.43
1995-09-27,0.4295
1995-09-28,0.4281
1995-09-29,0.4329
1995-10-01,0.4329
1995-10-02,0.4324
1995-10-05,0.4332
1995-10-06,0.4303
1995-10-08,0.4303
1995-10-10,0.4311
1995-10-11,0.4312
1995-10-12,0.4314
1995-10-13,0.4306
1995-10-15,0.4306
1995-10-17,0.4335
1995-10-18,0.4343
1995-10-19,0.4411
1995-10-20,0.4459
1995-10-22,0.4459
1995-10-23,0.4476
1995-10-24,0.4524
1995-10-25,0.4601
1995-10-26,0.4587
1995-10-27,0.4606
1995-10-29,0.4606
1995-10-30,0.4584
1995-10-31,0.4546
1995-11-01,0.4572
1995-11-02,0.453
1995-11-03,0.4554
1995-11-05,0.4554
1995-11-06,0.4527
1995-11-07,0.4518
1995-11-08,0.4531
1995-11-09,0.4511
1995-11-10,0.4528
1995-11-12,0.4528
1995-11-13,0.4523
1995-11-14,0.4514
1995-11-15,0.4549
1995-11-16,0.4577
1995-11-17,0.4638
1995-11-19,0.4638
1995-11-20,0.4721
1995-11-21,0.4697
1995-11-22,0.4691
1995-11-23,0.4692
1995-11-24,0.4718
1995-11-26,0.4718
1995-11-27,0.4766
1995-11-28,0.471
1995-11-29,0.4719
1995-11-30,0.4697
1995-12-01,0.472
1995-12-03,0.472
1995-12-04,0.4707
1995-12-05,0.4716
1995-12-06,0.4707
1995-12-07,0.4683
1995-12-08,0.4657
1995-12-10,0.4657
1995-12-11,0.4639
1995-12-12,0.4645
1995-12-13,0.4641
1995-12-14,0.4669
1995-12-15,0.4695
1995-12-17,0.4695
1995-12-18,0.4722
1995-12-19,0.4744
1995-12-20,0.4719
1995-12-21,0.4775
1995-12-22,0.4773
1995-12-24,0.4773
1995-12-27,0.4732
1995-12-28,0.4727
1995-12-29,0.4706
1995-12-31,0.4706
1996-01-02,0.4735
1996-01-03,0.4738
1996-01-04,0.4728
1996-01-05,0.4725
1996-01-07,0.4725
1996-01-08,0.4733
1996-01-09,0.4731
1996-01-10,0.4744
1996-01-11,0.475
1996-01-12,0.4727
1996-01-14,0.4727
1996-01-15,0.4743
1996-01-16,0.4709
1996-01-17,0.469
1996-01-18,0.4662
1996-01-19,0.4639
1996-01-21,0.4639
1996-01-22,0.4594
1996-01-23,0.4557
1996-01-24,0.4557
1996-01-25,0.4527
1996-01-26,0.4568
1996-01-28,0.4568
1996-01-29,0.4485
1996-01-30,0.4519
1996-01-31,0.4515
1996-02-01,0.4513
1996-02-02,0.4504
1996-02-04,0.4504
1996-02-05,0.4498
1996-02-06,0.4479
1996-02-07,0.4449
1996-02-08,0.4446
1996-02-09,0.4468
1996-02-11,0.4468
1996-02-12,0.448
1996-02-13,0.448
1996-02-14,0.4465
1996-02-15,0.4469
1996-02-16,0.4485
1996-02-18,0.4485
1996-02-19,0.4498
1996-02-20,0.447
1996-02-21,0.4577
1996-02-22,0.4608
1996-02-23,0.4605
1996-02-25,0.4605
1996-02-26,0.4619
1996-02-27,0.4625
1996-02-28,0.4633
1996-02-29,0.4609
1996-03-01,0.4591
1996-03-03,0.4591
1996-03-04,0.4574
1996-03-07,0.4545
1996-03-08,0.455
1996-03-10,0.455
1996-03-11,0.4521
1996-03-12,0.4531
1996-03-13,0.4556
1996-03-14,0.4558
1996-03-15,0.4561
1996-03-17,0.4561
1996-03-18,0.4589
1996-03-19,0.4596
1996-03-20,0.4664
1996-03-21,0.4677
1996-03-22,0.4656
1996-03-24,0.4656
1996-03-25,0.4664
1996-03-26,0.4698
1996-03-27,0.4703
1996-03-28,0.4694
1996-03-29,0.4675
1996-03-31,0.4675
1996-04-01,0.4669
1996-04-02,0.4684
1996-04-07,0.4684
1996-04-09,0.4688
1996-04-11,0.4695
1996-04-12,0.4711
1996-04-14,0.4711
1996-04-15,0.4684
1996-04-16,0.4708
1996-04-17,0.4703
1996-04-18,0.4736
1996-04-19,0.4765
1996-04-21,0.4765
1996-04-22,0.4741
1996-04-23,0.4722
1996-04-25,0.4693
1996-04-26,0.4655
1996-04-28,0.4655
1996-04-29,0.4735
1996-04-30,0.4706
1996-05-01,0.47
1996-05-02,0.4675
1996-05-03,0.469
1996-05-05,0.469
1996-05-06,0.4766
1996-05-07,0.4808
1996-05-08,0.4768
1996-05-09,0.4766
1996-05-10,0.4788
1996-05-12,0.4788
1996-05-13,0.4742
1996-05-14,0.4767
1996-05-15,0.4792
1996-05-16,0.4807
1996-05-17,0.481
1996-05-19,0.481
1996-05-20,0.4842
1996-05-21,0.4828
1996-05-22,0.4795
1996-05-23,0.4777
1996-05-26,0.4777
1996-05-28,0.4822
1996-05-30,0.487
1996-05-31,0.4885
1996-06-02,0.4885
1996-06-03,0.4889
1996-06-04,0.491
1996-06-05,0.4867
1996-06-06,0.4857
1996-06-07,0.485
1996-06-09,0.485
1996-06-10,0.4812
1996-06-11,0.4836
1996-06-12,0.4873
1996-06-13,0.4866
1996-06-14,0.4884
1996-06-16,0.4884
1996-06-17,0.4875
1996-06-18,0.4904
1996-06-19,0.4919
1996-06-20,0.4937
1996-06-21,0.4927
1996-06-23,0.4927
1996-06-24,0.4859
1996-06-25,0.4872
1996-06-26,0.487
1996-06-27,0.4823
1996-06-28,0.4819
1996-06-30,0.4819
1996-07-01,0.4818
1996-07-02,0.4785
1996-07-03,0.4771
1996-07-04,0.4803
1996-07-05,0.4797
1996-07-07,0.4797
1996-07-08,0.4754
1996-07-09,0.4741
1996-07-10,0.4752
1996-07-11,0.4778
1996-07-12,0.4762
1996-07-14,0.4762
1996-07-15,0.472
1996-07-16,0.4758
1996-07-18,0.4786
1996-07-19,0.4801
1996-07-21,0.4801
1996-07-22,0.4805
1996-07-23,0.4828
1996-07-24,0.4829
1996-07-26,0.482
1996-07-28,0.482
1996-07-29,0.4812
1996-07-30,0.4796
1996-07-31,0.4784
1996-08-01,0.4776
1996-08-02,0.4771
1996-08-04,0.4771
1996-08-05,0.4767
1996-08-06,0.4771
1996-08-07,0.4753
1996-08-08,0.474
1996-08-09,0.4726
1996-08-11,0.4726
1996-08-12,0.4714
1996-08-13,0.4726
1996-08-14,0.4737
1996-08-15,0.4753
1996-08-16,0.4746
1996-08-18,0.4746
1996-08-19,0.4754
1996-08-20,0.4766
1996-08-21,0.4763
1996-08-22,0.4762
1996-08-23,0.4769
1996-08-25,0.4769
1996-08-26,0.4769
1996-08-27,0.4759
1996-08-28,0.4742
1996-08-29,0.4739
1996-08-30,0.475
1996-09-01,0.475
1996-09-02,0.4744
1996-09-03,0.4731
1996-09-04,0.4736
1996-09-05,0.4744
1996-09-06,0.4744
1996-09-08,0.4744
1996-09-09,0.4745
1996-09-10,0.4719
1996-09-11,0.4709
1996-09-12,0.4737
1996-09-16,0.4772
1996-09-17,0.4791
1996-09-18,0.478
1996-09-19,0.479
1996-09-20,0.48
1996-09-24,0.4821
1996-09-25,0.4829
1996-09-26,0.479
1996-09-27,0.4803
1996-09-29,0.4803
1996-09-30,0.4856
1996-10-01,0.4812
1996-10-02,0.4826
1996-10-03,0.4816
1996-10-04,0.4818
1996-10-06,0.4818
1996-10-07,0.4826
1996-10-08,0.4828
1996-10-09,0.4846
1996-10-10,0.4835
1996-10-11,0.4841
1996-10-13,0.4841
1996-10-14,0.4844
1996-10-15,0.4823
1996-10-16,0.4839
1996-10-17,0.4869
1996-10-18,0.4917
1996-10-20,0.4917
1996-10-21,0.4941
1996-10-22,0.4919
1996-10-23,0.4955
1996-10-24,0.4984
1996-10-25,0.4972
1996-10-27,0.4972
1996-10-28,0.4941
1996-10-29,0.4957
1996-10-30,0.4983
1996-10-31,0.4986
1996-11-01,0.496
1996-11-03,0.496
1996-11-04,0.4925
1996-11-05,0.4906
1996-11-06,0.4899
1996-11-07,0.4922
1996-11-08,0.4899
1996-11-10,0.4899
1996-11-11,0.4906
1996-11-12,0.4915
1996-11-13,0.4869
1996-11-14,0.4887
1996-11-15,0.4896
1996-11-17,0.4896
1996-11-18,0.487
1996-11-19,0.4888
1996-11-20,0.4892
1996-11-21,0.4919
1996-11-22,0.4899
1996-11-24,0.4899
1996-11-25,0.4895
1996-11-26,0.486
1996-11-27,0.4875
1996-11-28,0.4863
1996-11-29,0.4854
1996-12-01,0.4854
1996-12-02,0.4876
1996-12-03,0.4848
1996-12-04,0.485
1996-12-05,0.4807
1996-12-06,0.4827
1996-12-08,0.4827
1996-12-09,0.4808
1996-12-10,0.4802
1996-12-11,0.484
1996-12-12,0.4818
1996-12-13,0.4811
1996-12-15,0.4811
1996-12-16,0.4798
1996-12-17,0.4804
1996-12-18,0.4791
1996-12-19,0.4782
1996-12-20,0.4774
1996-12-22,0.4774
1996-12-23,0.4782
1996-12-24,0.4755
1996-12-25,0.4755
1996-12-26,0.4755
1996-12-27,0.4752
1996-12-29,0.4752
1996-12-31,0.4728
1997-01-02,0.4717
1997-01-03,0.4721
1997-01-05,0.4721
1997-01-06,0.4666
1997-01-07,0.4658
1997-01-08,0.4648
1997-01-09,0.4686
1997-01-10,0.4721
1997-01-13,0.4717
1997-01-14,0.4691
1997-01-15,0.4691
1997-01-16,0.4701
1997-01-17,0.4683
1997-01-20,0.4663
1997-01-21,0.464
1997-01-22,0.4614
1997-01-23,0.4575
1997-01-24,0.4568
1997-01-27,0.4556
1997-01-28,0.4543
1997-01-29,0.455
1997-01-30,0.4575
1997-01-31,0.4586
1997-02-03,0.4544
1997-02-04,0.4542
1997-02-05,0.4492
1997-02-06,0.4495
1997-02-07,0.4487
1997-02-10,0.4529
1997-02-11,0.4503
1997-02-12,0.4488
1997-02-13,0.4534
1997-02-17,0.4523
1997-02-18,0.4506
1997-02-19,0.4502
1997-02-20,0.4513
1997-02-24,0.4527
1997-02-25,0.4518
1997-02-26,0.4496
1997-02-27,0.4472
1997-03-03,0.4441
1997-03-04,0.4412
1997-03-05,0.4387
1997-03-06,0.4391
1997-03-07,0.4405
1997-03-10,0.4409
1997-03-11,0.4429
1997-03-12,0.4396
1997-03-13,0.441
1997-03-14,0.4349
1997-03-17,0.4361
1997-03-18,0.4349
1997-03-19,0.4387
1997-03-20,0.4416
1997-03-21,0.4408
1997-03-25,0.4403
1997-03-26,0.439
1997-03-27,0.4437
1997-04-01,0.4433
1997-04-02,0.4419
1997-04-03,0.4401
1997-04-04,0.4416
1997-04-07,0.4396
1997-04-08,0.4419
1997-04-09,0.4419
1997-04-10,0.4415
1997-04-11,0.4413
1997-04-14,0.4458
1997-04-15,0.4427
1997-04-16,0.4421
1997-04-17,0.4412
1997-04-18,0.4425
1997-04-23,0.4428
1997-04-24,0.4442
1997-04-25,0.442
1997-04-29,0.434
1997-04-30,0.4356
1997-05-01,0.4346
1997-05-02,0.4361
1997-05-05,0.4321
1997-05-06,0.4327
1997-05-07,0.4388
1997-05-08,0.4408
1997-05-09,0.4426
1997-05-13,0.442
1997-05-14,0.444
1997-05-15,0.4486
1997-05-16,0.4456
1997-05-19,0.4448
1997-05-20,0.447
1997-05-21,0.4515
1997-05-22,0.4496
1997-05-23,0.4475
1997-05-27,0.444
1997-05-28,0.4424
1997-05-29,0.4393
1997-05-30,0.4391
1997-06-02,0.4386
1997-06-03,0.4378
1997-06-04,0.4397
1997-06-05,0.4404
1997-06-06,0.4399
1997-06-09,0.4377
1997-06-10,0.4377
1997-06-12,0.4384
1997-06-13,0.4384
1997-06-16,0.4404
1997-06-17,0.4401
1997-06-18,0.4423
1997-06-19,0.4422
1997-06-20,0.4452
1997-06-23,0.4524
1997-06-24,0.454
1997-06-25,0.4577
1997-06-26,0.4653
1997-06-27,0.4677
1997-06-30,0.4635
1997-07-01,0.4585
1997-07-02,0.4514
1997-07-03,0.4519
1997-07-04,0.4618
1997-07-07,0.4637
1997-07-08,0.4598
1997-07-09,0.4603
1997-07-10,0.4612
1997-07-11,0.46
1997-07-14,0.4557
1997-07-15,0.4565
1997-07-16,0.454
1997-07-17,0.4559
1997-07-18,0.4533
1997-07-21,0.4542
1997-07-22,0.4513
1997-07-23,0.4484
1997-07-24,0.4475
1997-07-25,0.4494
1997-07-28,0.447
1997-07-29,0.4457
1997-07-30,0.4441
1997-07-31,0.4446
1997-08-01,0.4427
1997-08-04,0.4385
1997-08-05,0.4365
1997-08-06,0.437
1997-08-07,0.4357
1997-08-08,0.439
1997-08-11,0.4438
1997-08-13,0.4413
1997-08-14,0.4397
1997-08-15,0.4383
1997-08-18,0.4422
1997-08-19,0.4391
1997-08-20,0.4382
1997-08-21,0.44
1997-08-22,0.442
1997-08-25,0.4436
1997-08-26,0.4463
1997-08-27,0.4481
1997-08-28,0.4471
1997-08-29,0.4498
1997-09-01,0.4441
1997-09-02,0.4452
1997-09-03,0.4466
1997-09-04,0.4465
1997-09-05,0.4495
1997-09-08,0.454
1997-09-09,0.4501
1997-09-10,0.4498
1997-09-11,0.4489
1997-09-12,0.4522
1997-09-15,0.462
1997-09-16,0.4563
1997-09-17,0.4589
1997-09-18,0.4618
1997-09-19,0.46
1997-09-22,0.4574
1997-09-23,0.4575
1997-09-24,0.4633
1997-09-25,0.4632
1997-09-26,0.4686
1997-09-29,0.4626
1997-09-30,0.4612
1997-10-06,0.4664
1997-10-07,0.4635
1997-10-08,0.4618
1997-10-09,0.4621
1997-10-13,0.4615
1997-10-14,0.4627
1997-10-15,0.4646
1997-10-17,0.4647
1997-10-20,0.4632
1997-10-21,0.4626
1997-10-22,0.4601
1997-10-24,0.4684
1997-10-27,0.4677
1997-10-28,0.4732
1997-10-29,0.4704
1997-10-30,0.4729
1997-10-31,0.4705
1997-11-03,0.468
1997-11-04,0.4719
1997-11-05,0.4691
1997-11-06,0.4677
1997-11-07,0.4744
1997-11-10,0.4716
1997-11-11,0.4733
1997-11-12,0.4719
1997-11-13,0.4706
1997-11-14,0.4696
1997-11-17,0.4656
1997-11-18,0.4678
1997-11-19,0.4642
1997-11-20,0.4683
1997-11-21,0.4656
1997-11-24,0.4672
1997-11-25,0.4643
1997-11-26,0.4597
1997-11-27,0.4554
1997-11-28,0.4563
1997-12-01,0.4524
1997-12-02,0.4549
1997-12-08,0.4532
1997-12-09,0.4526
1997-12-10,0.4531
1997-12-11,0.4548
1997-12-12,0.4552
1997-12-15,0.4553
1997-12-16,0.4554
1997-12-17,0.4577
1997-12-18,0.4566
1997-12-19,0.4576
1997-12-22,0.4539
1997-12-23,0.4541
1997-12-24,0.4547
1997-12-29,0.4525
1997-12-30,0.4472
1997-12-31,0.447
1998-01-02,0.4453
1998-01-05,0.4446
1998-01-06,0.4428
1998-01-07,0.4423
1998-01-08,0.4427
1998-01-09,0.4454
1998-01-12,0.4443
1998-01-13,0.4436
1998-01-14,0.446
1998-01-15,0.448
1998-01-16,0.451
1998-01-19,0.4468
1998-01-20,0.446
1998-01-21,0.4444
1998-01-22,0.4486
1998-01-23,0.4519
1998-01-26,0.4533
1998-01-27,0.4516
1998-01-28,0.4466
1998-01-29,0.4458
1998-01-30,0.4455
1998-02-02,0.4423
1998-02-03,0.4444
1998-02-04,0.4445
1998-02-05,0.4461
1998-02-06,0.4466
1998-02-09,0.4425
1998-02-10,0.4428
1998-02-11,0.4425
1998-02-12,0.4443
1998-02-13,0.4443
1998-02-16,0.444
1998-02-17,0.4444
1998-02-18,0.443
1998-02-19,0.446
1998-02-20,0.448
1998-02-23,0.4468
1998-02-24,0.4484
1998-02-25,0.4477
1998-02-26,0.4449
1998-02-27,0.4469
1998-03-02,0.4489
1998-03-03,0.4472
1998-03-04,0.448
1998-03-05,0.4498
1998-03-06,0.4459
1998-03-09,0.4467
1998-03-10,0.4475
1998-03-11,0.4472
1998-03-16,0.4506
1998-03-17,0.4498
1998-03-18,0.4503
1998-03-19,0.4495
1998-03-20,0.4505
1998-03-23,0.4533
1998-03-24,0.4535
1998-03-25,0.4514
1998-03-26,0.4522
1998-03-27,0.4553
1998-03-30,0.4559
1998-03-31,0.4517
1998-04-01,0.4504
1998-04-02,0.4497
1998-04-03,0.453
1998-04-06,0.462
1998-04-07,0.4614
1998-04-08,0.4632
1998-04-09,0.4674
1998-04-14,0.4787
1998-04-15,0.4796
1998-04-16,0.4795
1998-04-20,0.4819
1998-04-21,0.4892
1998-04-22,0.4899
1998-04-23,0.4878
1998-04-24,0.4867
1998-04-27,0.4796
1998-04-28,0.4809
1998-04-29,0.4772
1998-05-04,0.4803
1998-05-05,0.4844
1998-05-06,0.4857
1998-05-07,0.4873
1998-05-08,0.4827
1998-05-11,0.4823
1998-05-12,0.4837
1998-05-13,0.4785
1998-05-14,0.4768
1998-05-15,0.4756
1998-05-18,0.47
1998-05-19,0.471
1998-05-20,0.4721
1998-05-21,0.4741
1998-05-22,0.4748
1998-05-26,0.4709
1998-05-27,0.471
1998-05-28,0.4648
1998-05-29,0.4654
1998-06-01,0.4665
1998-06-02,0.4672
1998-06-03,0.4701
1998-06-04,0.4705
1998-06-05,0.4701
1998-06-08,0.4664
1998-06-09,0.4681
1998-06-10,0.462
1998-06-11,0.4608
1998-06-12,0.4604
1998-06-15,0.4562
1998-06-16,0.4583
1998-06-17,0.4592
1998-06-18,0.4655
1998-06-19,0.4621
1998-06-22,0.4603
1998-06-23,0.4613
1998-06-24,0.463
1998-06-25,0.4653
1998-06-26,0.4644
1998-06-29,0.4585
1998-06-30,0.4602
1998-07-01,0.4558
1998-07-02,0.4544
1998-07-03,0.4564
1998-07-06,0.4558
1998-07-07,0.4538
1998-07-08,0.4551
1998-07-09,0.4534
1998-07-10,0.4525
1998-07-13,0.4544
1998-07-14,0.4536
1998-07-15,0.4555
1998-07-16,0.4584
1998-07-17,0.4597
1998-07-20,0.4618
1998-07-21,0.4598
1998-07-22,0.4587
1998-07-23,0.4598
1998-07-24,0.4627
1998-07-27,0.4649
1998-07-28,0.463
1998-07-29,0.4634
1998-07-30,0.4615
1998-07-31,0.4597
1998-08-03,0.4565
1998-08-04,0.4567
1998-08-05,0.4593
1998-08-06,0.4595
1998-08-07,0.4656
1998-08-10,0.4553
1998-08-11,0.4513
1998-08-12,0.4556
1998-08-13,0.4543
1998-08-14,0.4542
1998-08-17,0.4504
1998-08-18,0.4514
1998-08-19,0.4519
1998-08-20,0.4562
1998-08-21,0.4572
1998-08-24,0.4547
1998-08-25,0.4514
1998-08-26,0.4466
1998-08-27,0.4464
1998-08-28,0.4703
1998-08-31,0.4691
1998-09-01,0.4788
1998-09-02,0.4801
1998-09-03,0.4871
1998-09-04,0.486
1998-09-07,0.488
1998-09-08,0.4814
1998-09-09,0.4789
1998-09-10,0.4867
1998-09-11,0.4856
1998-09-14,0.4858
1998-09-15,0.4932
1998-09-16,0.4908
1998-09-17,0.4953
1998-09-18,0.4922
1998-09-23,0.485
1998-09-24,0.4859
1998-09-25,0.4885
1998-09-28,0.4876
1998-10-01,0.4946
1998-10-02,0.4977
1998-10-06,0.5012
1998-10-07,0.5214
1998-10-08,0.5574
1998-10-09,0.5383
1998-10-13,0.5318
1998-10-14,0.529
1998-10-15,0.5288
1998-10-16,0.5353
1998-10-19,0.5456
1998-10-20,0.5525
1998-10-21,0.5605
1998-10-22,0.5618
1998-10-23,0.5507
1998-10-26,0.5454
1998-10-27,0.5402
1998-10-28,0.5344
1998-10-29,0.5533
1998-10-30,0.5438
1998-11-02,0.553
1998-11-03,0.5489
1998-11-04,0.5489
1998-11-05,0.5535
1998-11-06,0.556
1998-11-09,0.5489
1998-11-10,0.542
1998-11-11,0.5331
1998-11-12,0.5281
1998-11-13,0.5202
1998-11-16,0.5152
1998-11-17,0.5184
1998-11-18,0.5169
1998-11-19,0.518
1998-11-20,0.5194
1998-11-23,0.5146
1998-11-24,0.5126
1998-11-25,0.5126
1998-11-26,0.5108
1998-11-27,0.5173
1998-11-30,0.5159
1998-12-01,0.5164
1998-12-02,0.5172
1998-12-03,0.5191
1998-12-04,0.5243
1998-12-07,0.5151
1998-12-08,0.5127
1998-12-09,0.5173
1998-12-10,0.5156
1998-12-11,0.5142
1998-12-14,0.5185
1998-12-15,0.5165
1998-12-16,0.5194
1998-12-17,0.5183
1998-12-18,0.5228
1998-12-21,0.5238
1998-12-22,0.5228
1998-12-23,0.5236
1998-12-24,0.5202
1998-12-28,0.5174
1998-12-29,0.515
1998-12-30,0.5178
1998-12-31,0.5126
1999-01-04,0.5164
1999-01-05,0.5142
1999-01-06,0.5133
1999-01-07,0.516
1999-01-08,0.5215
1999-01-11,0.5167
1999-01-12,0.5143
1999-01-13,0.524
1999-01-14,0.5185
1999-01-15,0.5206
1999-01-18,0.5152
1999-01-19,0.5242
1999-01-20,0.5239
1999-01-21,0.5268
1999-01-22,0.5275
1999-01-25,0.5282
1999-01-26,0.5297
1999-01-27,0.5286
1999-01-28,0.5274
1999-01-29,0.5278
1999-02-01,0.5219
1999-02-02,0.5204
1999-02-03,0.5191
1999-02-04,0.5163
1999-02-05,0.5214
1999-02-08,0.5184
1999-02-09,0.5189
1999-02-10,0.5173
1999-02-11,0.5171
1999-02-12,0.5104
1999-02-15,0.5132
1999-02-16,0.511
1999-02-17,0.5132
1999-02-18,0.5117
1999-02-19,0.5099
1999-02-22,0.5015
1999-02-23,0.5
1999-02-24,0.5011
1999-02-25,0.4986
1999-02-26,0.495
1999-03-01,0.4933
1999-03-04,0.4901
1999-03-05,0.4891
1999-03-08,0.491
1999-03-09,0.49
1999-03-10,0.4942
1999-03-11,0.4945
1999-03-12,0.4955
1999-03-15,0.4953
1999-03-16,0.4894
1999-03-17,0.4901
1999-03-18,0.4954
1999-03-19,0.4946
1999-03-22,0.489
1999-03-23,0.4912
1999-03-24,0.4913
1999-03-25,0.492
1999-03-26,0.4909
1999-03-29,0.4823
1999-03-30,0.4835
1999-04-06,0.4888
1999-04-08,0.4868
1999-04-09,0.4876
1999-04-12,0.4857
1999-04-13,0.4859
1999-04-14,0.4866
1999-04-15,0.487
1999-04-16,0.4837
1999-04-19,0.4825
1999-04-20,0.4823
1999-04-22,0.4799
1999-04-23,0.4844
1999-04-26,0.486
1999-04-27,0.4893
1999-04-28,0.4961
1999-04-29,0.4947
1999-04-30,0.495
1999-05-03,0.4916
1999-05-04,0.4878
1999-05-05,0.4862
1999-05-06,0.493
1999-05-07,0.4958
1999-05-10,0.4962
1999-05-11,0.4992
1999-05-12,0.4923
1999-05-13,0.4906
1999-05-14,0.4892
1999-05-18,0.4841
1999-05-19,0.4821
1999-05-20,0.485
1999-05-24,0.4844
1999-05-25,0.4884
1999-05-26,0.4842
1999-05-27,0.4788
1999-05-28,0.4792
1999-06-01,0.476
1999-06-02,0.4725
1999-06-03,0.4769
1999-06-04,0.4729
1999-06-07,0.4738
1999-06-08,0.4776
1999-06-09,0.4789
1999-06-10,0.4797
1999-06-11,0.4824
1999-06-14,0.4799
1999-06-15,0.4778
1999-06-16,0.4784
1999-06-17,0.4785
1999-06-18,0.4812
1999-06-21,0.4838
1999-06-22,0.4873
1999-06-23,0.4868
1999-06-24,0.4875
1999-06-25,0.4918
1999-06-28,0.485
1999-06-29,0.4824
1999-06-30,0.4811
1999-07-01,0.4806
1999-07-02,0.4793
1999-07-05,0.4814
1999-07-06,0.4794
1999-07-07,0.4805
1999-07-08,0.4791
1999-07-09,0.4794
1999-07-12,0.475
1999-07-13,0.4779
1999-07-14,0.4756
1999-07-15,0.4743
1999-07-16,0.4759
1999-07-19,0.4745
1999-07-20,0.4865
1999-07-21,0.488
1999-07-23,0.4907
1999-07-26,0.4973
1999-07-27,0.4972
1999-07-28,0.496
1999-07-29,0.5023
1999-07-30,0.5079
1999-08-02,0.509
1999-08-03,0.5062
1999-08-04,0.5122
1999-08-05,0.5142
1999-08-06,0.5099
1999-08-09,0.5083
1999-08-10,0.5121
1999-08-11,0.5069
1999-08-12,0.5068
1999-08-13,0.509
1999-08-16,0.5046
1999-08-17,0.5061
1999-08-18,0.5053
1999-08-19,0.5064
1999-08-20,0.5154
1999-08-23,0.5108
1999-08-24,0.5073
1999-08-25,0.5104
1999-08-26,0.5098
1999-08-27,0.5074
1999-08-30,0.5079
1999-08-31,0.5157
1999-09-01,0.5158
1999-09-02,0.5181
1999-09-03,0.5171
1999-09-06,0.5156
1999-09-07,0.5158
1999-09-08,0.5213
1999-09-09,0.5204
1999-09-13,0.5111
1999-09-14,0.5118
1999-09-15,0.508
1999-09-16,0.5091
1999-09-17,0.51
1999-09-21,0.514
1999-09-22,0.5184
1999-09-23,0.5177
1999-09-24,0.5221
1999-09-27,0.5186
1999-09-28,0.5194
1999-09-29,0.5197
1999-09-30,0.5236
1999-10-01,0.5246
1999-10-04,0.522
1999-10-05,0.5243
1999-10-06,0.5251
1999-10-07,0.5241
1999-10-08,0.5222
1999-10-11,0.5225
1999-10-12,0.5234
1999-10-13,0.5271
1999-10-14,0.5251
1999-10-15,0.5278
1999-10-18,0.5243
1999-10-19,0.5234
1999-10-20,0.522
1999-10-21,0.5246
1999-10-22,0.526
1999-10-25,0.5249
1999-10-26,0.5208
1999-10-27,0.5208
1999-10-28,0.5201
1999-10-29,0.5139
1999-11-01,0.5169
1999-11-02,0.5133
1999-11-03,0.5128
1999-11-04,0.5081
1999-11-05,0.5045
1999-11-08,0.5059
1999-11-09,0.5073
1999-11-10,0.5062
1999-11-11,0.5063
1999-11-12,0.5065
1999-11-15,0.5067
1999-11-16,0.5066
1999-11-17,0.5056
1999-11-18,0.5095
1999-11-19,0.507
1999-11-22,0.5074
1999-11-23,0.508
1999-11-24,0.5025
1999-11-25,0.5025
1999-11-26,0.5015
1999-11-29,0.4979
1999-11-30,0.499
1999-12-01,0.4964
1999-12-02,0.4935
1999-12-03,0.4918
1999-12-06,0.4992
1999-12-07,0.5024
1999-12-08,0.5062
1999-12-09,0.5018
1999-12-10,0.4996
1999-12-13,0.4968
1999-12-14,0.4894
1999-12-15,0.4873
1999-12-16,0.4942
1999-12-17,0.4979
1999-12-20,0.4897
1999-12-21,0.4903
1999-12-22,0.4905
1999-12-23,0.4923
1999-12-24,0.4923
1999-12-27,0.4921
1999-12-28,0.4877
1999-12-29,0.4889
1999-12-30,0.4877
2000-01-03,0.4867
2000-01-04,0.4946
2000-01-05,0.4978
2000-01-06,0.4987
2000-01-07,0.4945
2000-01-10,0.4863
2000-01-11,0.4869
2000-01-12,0.4887
2000-01-13,0.4885
2000-01-14,0.4871
2000-01-17,0.4816
2000-01-18,0.4775
2000-01-19,0.4813
2000-01-20,0.4805
2000-01-21,0.4843
2000-01-24,0.4799
2000-01-25,0.4827
2000-01-26,0.4786
2000-01-27,0.4783
2000-01-28,0.4716
2000-01-31,0.4653
2000-02-01,0.4597
2000-02-02,0.4638
2000-02-03,0.4655
2000-02-04,0.4735
2000-02-07,0.4701
2000-02-08,0.4756
2000-02-09,0.4739
2000-02-10,0.4738
2000-02-11,0.4737
2000-02-14,0.471
2000-02-15,0.4666
2000-02-16,0.4637
2000-02-17,0.4682
2000-02-18,0.4678
2000-02-21,0.4661
2000-02-22,0.4722
2000-02-23,0.4733
2000-02-24,0.4681
2000-02-25,0.468
2000-02-28,0.4628
2000-02-29,0.4651
2000-03-01,0.4625
2000-03-02,0.4632
2000-03-03,0.4579
2000-03-06,0.457
2000-03-07,0.4545
2000-03-08,0.4543
2000-03-09,0.4545
2000-03-10,0.4555
2000-03-13,0.4578
2000-03-14,0.4547
2000-03-15,0.4557
2000-03-16,0.4563
2000-03-17,0.457
2000-03-20,0.4597
2000-03-23,0.4667
2000-03-24,0.4683
2000-03-27,0.4689
2000-03-28,0.4661
2000-03-29,0.4652
2000-03-30,0.4651
2000-03-31,0.464
2000-04-03,0.4671
2000-04-04,0.4634
2000-04-05,0.4719
2000-04-06,0.468
2000-04-07,0.4676
2000-04-10,0.4667
2000-04-11,0.4689
2000-04-12,0.4651
2000-04-13,0.4639
2000-04-14,0.4636
2000-04-17,0.4684
2000-04-18,0.4634
2000-04-25,0.4574
2000-04-27,0.4545
2000-04-28,0.4507
2000-05-02,0.4571
2000-05-03,0.4518
2000-05-04,0.4512
2000-05-05,0.453
2000-05-08,0.452
2000-05-09,0.4546
2000-05-11,0.458
2000-05-12,0.4538
2000-05-15,0.4576
2000-05-16,0.4554
2000-05-17,0.4514
2000-05-18,0.4543
2000-05-19,0.4544
2000-05-22,0.454
2000-05-23,0.4586
2000-05-24,0.4582
2000-05-25,0.4514
2000-05-26,0.457
2000-05-30,0.4644
2000-05-31,0.4622
2000-06-01,0.464
2000-06-02,0.4647
2000-06-05,0.4673
2000-06-06,0.4694
2000-06-07,0.4757
2000-06-08,0.4772
2000-06-12,0.4699
2000-06-13,0.4745
2000-06-14,0.481
2000-06-15,0.474
2000-06-16,0.4726
2000-06-19,0.4737
2000-06-20,0.4738
2000-06-21,0.4706
2000-06-22,0.4655
2000-06-23,0.462
2000-06-26,0.4598
2000-06-27,0.459
2000-06-28,0.4594
2000-06-29,0.4616
2000-06-30,0.4645
2000-07-03,0.4607
2000-07-04,0.4607
2000-07-05,0.4623
2000-07-06,0.4615
2000-07-07,0.4602
2000-07-10,0.4629
2000-07-11,0.4633
2000-07-12,0.4632
2000-07-13,0.4573
2000-07-14,0.4591
2000-07-17,0.4587
2000-07-18,0.4565
2000-07-19,0.4502
2000-07-20,0.4501
2000-07-21,0.4554
2000-07-24,0.4531
2000-07-25,0.4594
2000-07-26,0.4583
2000-07-27,0.4556
2000-07-28,0.4481
2000-07-31,0.4454
2000-08-01,0.4461
2000-08-02,0.441
2000-08-03,0.4368
2000-08-04,0.44
2000-08-07,0.4427
2000-08-08,0.4409
2000-08-09,0.4388
2000-08-11,0.4425
2000-08-14,0.4393
2000-08-15,0.4415
2000-08-16,0.4377
2000-08-17,0.4366
2000-08-18,0.4395
2000-08-21,0.4327
2000-08-22,0.431
2000-08-23,0.4313
2000-08-24,0.4347
2000-08-25,0.4355
2000-08-28,0.4315
2000-08-29,0.4289
2000-08-30,0.4236
2000-08-31,0.4253
2000-09-01,0.4255
2000-09-04,0.4313
2000-09-05,0.4257
2000-09-06,0.4229
2000-09-07,0.4188
2000-09-08,0.4219
2000-09-11,0.4129
2000-09-12,0.4165
2000-09-13,0.4162
2000-09-14,0.4161
2000-09-15,0.4162
2000-09-18,0.4117
2000-09-19,0.4137
2000-09-20,0.4095
2000-09-21,0.4116
2000-09-22,0.4174
2000-09-25,0.4207
2000-09-26,0.4177
2000-09-27,0.4198
2000-09-28,0.4169
2000-10-02,0.4168
2000-10-03,0.4153
2000-10-04,0.4121
2000-10-05,0.413
2000-10-06,0.4148
2000-10-10,0.4152
2000-10-11,0.4133
2000-10-12,0.4179
2000-10-13,0.4178
2000-10-16,0.4121
2000-10-17,0.4133
2000-10-18,0.4108
2000-10-19,0.4074
2000-10-20,0.4102
2000-10-23,0.4095
2000-10-24,0.4127
2000-10-25,0.4073
2000-10-26,0.402
2000-10-27,0.4053
2000-10-30,0.4136
2000-10-31,0.41
2000-11-01,0.4155
2000-11-02,0.4167
2000-11-03,0.4163
2000-11-06,0.4159
2000-11-07,0.4105
2000-11-08,0.4108
2000-11-09,0.4095
2000-11-10,0.4161
2000-11-13,0.4116
2000-11-14,0.4082
2000-11-15,0.4096
2000-11-16,0.4073
2000-11-17,0.4049
2000-11-20,0.4015
2000-11-21,0.3999
2000-11-22,0.3999
2000-11-23,0.4013
2000-11-24,0.3973
2000-11-27,0.3965
2000-11-28,0.4032
2000-11-29,0.4077
2000-11-30,0.4095
2000-12-01,0.4115
2000-12-04,0.4239
2000-12-05,0.4204
2000-12-06,0.4219
2000-12-07,0.4239
2000-12-08,0.4195
2000-12-11,0.4217
2000-12-12,0.4226
2000-12-13,0.4185
2000-12-14,0.4223
2000-12-15,0.4285
2000-12-18,0.4226
2000-12-19,0.4175
2000-12-20,0.4237
2000-12-21,0.4272
2000-12-22,0.4262
2000-12-27,0.4255
2000-12-28,0.425
2000-12-29,0.4253
2001-01-02,0.4329
2001-01-03,0.4365
2001-01-04,0.431
2001-01-05,0.4368
2001-01-08,0.4383
2001-01-09,0.4337
2001-01-10,0.4337
2001-01-11,0.4405
2001-01-12,0.4421
2001-01-15,0.4365
2001-01-16,0.4338
2001-01-17,0.4321
2001-01-18,0.4348
2001-01-19,0.4372
2001-01-22,0.432
2001-01-23,0.4346
2001-01-24,0.4331
2001-01-25,0.4249
2001-01-26,0.4318
2001-01-29,0.4305
2001-01-30,0.4322
2001-01-31,0.4351
2001-02-01,0.4386
2001-02-02,0.4378
2001-02-05,0.4362
2001-02-07,0.4333
2001-02-08,0.43
2001-02-09,0.4244
2001-02-12,0.4264
2001-02-13,0.4231
2001-02-14,0.4168
2001-02-15,0.4137
2001-02-16,0.4173
2001-02-19,0.4216
2001-02-20,0.4163
2001-02-21,0.4188
2001-02-22,0.4136
2001-02-23,0.4124
2001-02-26,0.4166
2001-02-27,0.417
2001-02-28,0.4194
2001-03-01,0.4211
2001-03-02,0.4251
2001-03-05,0.4233
2001-03-06,0.423
2001-03-07,0.4234
2001-03-08,0.4249
2001-03-12,0.4199
2001-03-13,0.4144
2001-03-14,0.4147
2001-03-15,0.4141
2001-03-16,0.4092
2001-03-19,0.4107
2001-03-20,0.4117
2001-03-21,0.4121
2001-03-22,0.4049
2001-03-23,0.4087
2001-03-26,0.4087
2001-03-27,0.4103
2001-03-28,0.4083
2001-03-29,0.4057
2001-03-30,0.4034
2001-04-02,0.4046
2001-04-03,0.4076
2001-04-04,0.4121
2001-04-05,0.4112
2001-04-06,0.4131
2001-04-09,0.4161
2001-04-10,0.4095
2001-04-11,0.4119
2001-04-12,0.4102
2001-04-16,0.4098
2001-04-17,0.4081
2001-04-18,0.4057
2001-04-19,0.4067
2001-04-20,0.4106
2001-04-23,0.409
2001-04-24,0.4063
2001-04-25,0.4051
2001-04-27,0.4106
2001-04-30,0.4033
2001-05-01,0.4039
2001-05-02,0.403
2001-05-03,0.4048
2001-05-04,0.4052
2001-05-07,0.4062
2001-05-08,0.4035
2001-05-09,0.4008
2001-05-10,0.4071
2001-05-11,0.404
2001-05-14,0.4036
2001-05-15,0.4047
2001-05-16,0.4044
2001-05-17,0.4034
2001-05-18,0.4037
2001-05-21,0.404
2001-05-22,0.4008
2001-05-23,0.3919
2001-05-24,0.3937
2001-05-25,0.3914
2001-05-29,0.3895
2001-05-30,0.389
2001-05-31,0.3841
2001-06-01,0.3828
2001-06-04,0.3836
2001-06-05,0.3798
2001-06-06,0.3836
2001-06-07,0.3773
2001-06-08,0.379
2001-06-11,0.3793
2001-06-12,0.378
2001-06-13,0.3832
2001-06-14,0.3828
2001-06-15,0.3939
2001-06-18,0.3931
2001-06-19,0.3931
2001-06-20,0.3896
2001-06-21,0.3909
2001-06-22,0.3886
2001-06-25,0.3931
2001-06-26,0.3909
2001-06-27,0.3902
2001-06-28,0.3857
2001-06-29,0.3836
2001-07-02,0.3826
2001-07-03,0.3843
2001-07-04,0.384
2001-07-05,0.3825
2001-07-06,0.3811
2001-07-09,0.3823
2001-07-10,0.3854
2001-07-11,0.3882
2001-07-12,0.3871
2001-07-13,0.3883
2001-07-16,0.3911
2001-07-17,0.3896
2001-07-18,0.3937
2001-07-19,0.3961
2001-07-20,0.3973
2001-07-23,0.3916
2001-07-24,0.3917
2001-07-25,0.3936
2001-07-26,0.3955
2001-07-27,0.3971
2001-07-30,0.3972
2001-07-31,0.397
2001-08-01,0.3987
2001-08-02,0.4027
2001-08-03,0.4046
2001-08-06,0.4054
2001-08-07,0.4036
2001-08-08,0.4051
2001-08-09,0.4085
2001-08-10,0.4137
2001-08-13,0.4134
2001-08-14,0.4121
2001-08-15,0.4182
2001-08-16,0.4177
2001-08-17,0.4155
2001-08-20,0.4109
2001-08-21,0.4106
2001-08-22,0.4118
2001-08-23,0.4085
2001-08-24,0.4101
2001-08-27,0.4112
2001-08-28,0.409
2001-08-29,0.4121
2001-08-30,0.4074
2001-08-31,0.4103
2001-09-03,0.4065
2001-09-04,0.4012
2001-09-05,0.4012
2001-09-06,0.4026
2001-09-07,0.404
2001-09-10,0.4089
2001-09-11,0.4104
2001-09-12,0.4099
2001-09-13,0.4097
2001-09-14,0.4113
2001-09-20,0.4102
2001-09-21,0.4035
2001-09-24,0.4034
2001-09-25,0.4074
2001-09-28,0.409
2001-10-01,0.4093
2001-10-03,0.412
2001-10-04,0.4118
2001-10-05,0.4088
2001-10-08,0.4089
2001-10-10,0.4096
2001-10-11,0.4068
2001-10-12,0.4095
2001-10-15,0.4114
2001-10-16,0.4094
2001-10-17,0.4124
2001-10-18,0.4091
2001-10-19,0.4103
2001-10-22,0.4044
2001-10-23,0.4015
2001-10-24,0.4051
2001-10-25,0.4066
2001-10-26,0.4067
2001-10-29,0.4077
2001-10-30,0.406
2001-10-31,0.4024
2001-11-01,0.4061
2001-11-02,0.4051
2001-11-05,0.4009
2001-11-06,0.4035
2001-11-07,0.406
2001-11-08,0.4058
2001-11-09,0.4005
2001-11-12,0.4
2001-11-13,0.3985
2001-11-14,0.3991
2001-11-15,0.4001
2001-11-16,0.4007
2001-11-19,0.3968
2001-11-20,0.3984
2001-11-21,0.3949
2001-11-22,0.3956
2001-11-23,0.3971
2001-11-26,0.4
2001-11-27,0.3989
2001-11-28,0.3968
2001-11-29,0.3964
2001-11-30,0.3969
2001-12-03,0.3956
2001-12-04,0.3997
2001-12-05,0.4002
2001-12-06,0.401
2001-12-07,0.4028
2001-12-10,0.4002
2001-12-11,0.4017
2001-12-12,0.4023
2001-12-13,0.4058
2001-12-14,0.4056
2001-12-17,0.4043
2001-12-18,0.4039
2001-12-19,0.4019
2001-12-20,0.4039
2001-12-21,0.4083
2001-12-24,0.402
2001-12-26,0.4047
2001-12-27,0.4086
2001-12-28,0.4138
2001-12-31,0.4219
2002-01-02,0.4324
2002-01-03,0.4373
2002-01-04,0.436
2002-01-07,0.436
2002-01-08,0.4327
2002-01-09,0.4302
2002-01-10,0.4337
2002-01-11,0.4381
2002-01-14,0.4353
2002-01-15,0.4355
2002-01-16,0.4343
2002-01-17,0.4311
2002-01-18,0.4295
2002-01-21,0.4369
2002-01-22,0.4384
2002-01-23,0.4396
2002-01-24,0.4364
2002-01-25,0.4355
2002-01-28,0.4295
2002-01-29,0.4333
2002-01-30,0.4334
2002-01-31,0.4336
2002-02-01,0.4306
2002-02-04,0.4315
2002-02-05,0.4338
2002-02-06,0.4358
2002-02-07,0.4383
2002-02-08,0.4412
2002-02-11,0.4504
2002-02-12,0.4468
2002-02-13,0.4402
2002-02-14,0.4382
2002-02-15,0.4388
2002-02-18,0.4434
2002-02-19,0.4462
2002-02-20,0.447
2002-02-21,0.4473
2002-02-22,0.4463
2002-02-25,0.4448
2002-02-28,0.4412
2002-03-01,0.4472
2002-03-04,0.4458
2002-03-05,0.4504
2002-03-06,0.4543
2002-03-07,0.4541
2002-03-08,0.4519
2002-03-11,0.4489
2002-03-12,0.449
2002-03-13,0.4475
2002-03-14,0.4498
2002-03-15,0.4504
2002-03-18,0.4503
2002-03-19,0.4508
2002-03-20,0.4504
2002-03-21,0.4545
2002-03-22,0.4533
2002-03-25,0.4538
2002-03-26,0.4529
2002-04-02,0.465
2002-04-04,0.4644
2002-04-05,0.4617
2002-04-08,0.4616
2002-04-09,0.4614
2002-04-10,0.4614
2002-04-11,0.4611
2002-04-12,0.4641
2002-04-15,0.4632
2002-04-16,0.4619
2002-04-18,0.4652
2002-04-19,0.4647
2002-04-22,0.4614
2002-04-23,0.4619
2002-04-24,0.4713
2002-04-25,0.4749
2002-04-26,0.4747
2002-04-29,0.4794
2002-04-30,0.4759
2002-05-01,0.4747
2002-05-02,0.4731
2002-05-03,0.4717
2002-05-06,0.4771
2002-05-07,0.4738
2002-05-08,0.4783
2002-05-09,0.479
2002-05-10,0.4825
2002-05-13,0.4814
2002-05-14,0.478
2002-05-15,0.4794
2002-05-16,0.4812
2002-05-20,0.4848
2002-05-21,0.489
2002-05-22,0.4913
2002-05-23,0.4958
2002-05-24,0.4957
2002-05-27,0.4907
2002-05-28,0.5005
2002-05-29,0.5056
2002-05-30,0.5077
2002-05-31,0.5055
2002-06-03,0.5053
2002-06-04,0.5095
2002-06-05,0.5109
2002-06-06,0.5101
2002-06-07,0.5112
2002-06-10,0.5113
2002-06-11,0.514
2002-06-12,0.5119
2002-06-13,0.5115
2002-06-14,0.511
2002-06-17,0.5135
2002-06-18,0.515
2002-06-19,0.5216
2002-06-20,0.5275
2002-06-21,0.5315
2002-06-24,0.5318
2002-06-25,0.5282
2002-06-26,0.5326
2002-06-27,0.523
2002-06-28,0.5205
2002-07-01,0.5197
2002-07-02,0.5179
2002-07-03,0.512
2002-07-04,0.5108
2002-07-05,0.512
2002-07-08,0.5141
2002-07-09,0.5139
2002-07-10,0.5069
2002-07-11,0.5
2002-07-12,0.5052
2002-07-15,0.5065
2002-07-16,0.51
2002-07-17,0.5028
2002-07-19,0.5063
2002-07-22,0.4937
2002-07-23,0.4895
2002-07-24,0.4869
2002-07-25,0.502
2002-07-26,0.5014
2002-07-29,0.5008
2002-07-30,0.5019
2002-07-31,0.4958
2002-08-01,0.4908
2002-08-02,0.491
2002-08-05,0.4916
2002-08-06,0.4866
2002-08-07,0.4908
2002-08-08,0.4886
2002-08-09,0.4895
2002-08-12,0.4928
2002-08-13,0.4958
2002-08-14,0.4973
2002-08-15,0.4941
2002-08-16,0.4957
2002-08-19,0.493
2002-08-20,0.4923
2002-08-21,0.4943
2002-08-22,0.4972
2002-08-23,0.4916
2002-08-26,0.4963
2002-08-27,0.4996
2002-08-28,0.5013
2002-08-29,0.5015
2002-08-30,0.5006
2002-09-02,0.4981
2002-09-03,0.5
2002-09-04,0.5013
2002-09-05,0.5089
2002-09-09,0.5036
2002-09-10,0.5025
2002-09-11,0.507
2002-09-12,0.5045
2002-09-13,0.5023
2002-09-17,0.5004
2002-09-18,0.5056
2002-09-19,0.5163
2002-09-20,0.5214
2002-09-23,0.5256
2002-09-24,0.5193
2002-09-25,0.5267
2002-09-26,0.5205
2002-09-27,0.5209
2002-09-30,0.5252
2002-10-01,0.5266
2002-10-02,0.5237
2002-10-03,0.5265
2002-10-04,0.5262
2002-10-07,0.5242
2002-10-08,0.5186
2002-10-09,0.5195
2002-10-10,0.5207
2002-10-11,0.5222
2002-10-14,0.5235
2002-10-15,0.5221
2002-10-16,0.5217
2002-10-17,0.5104
2002-10-18,0.5087
2002-10-21,0.5093
2002-10-22,0.5112
2002-10-23,0.5068
2002-10-24,0.5051
2002-10-25,0.5072
2002-10-28,0.5114
2002-10-29,0.5165
2002-10-30,0.5133
2002-10-31,0.517
2002-11-01,0.5193
2002-11-04,0.5166
2002-11-05,0.5182
2002-11-06,0.5128
2002-11-07,0.5145
2002-11-08,0.5214
2002-11-11,0.523
2002-11-12,0.5226
2002-11-13,0.521
2002-11-14,0.5176
2002-11-15,0.5152
2002-11-18,0.5181
2002-11-19,0.5223
2002-11-20,0.5167
2002-11-21,0.5183
2002-11-22,0.521
2002-11-25,0.5143
2002-11-26,0.511
2002-11-27,0.5079
2002-11-28,0.5092
2002-11-29,0.5081
2002-12-02,0.5077
2002-12-03,0.5121
2002-12-04,0.5143
2002-12-05,0.5137
2002-12-06,0.5196
2002-12-09,0.5224
2002-12-10,0.5196
2002-12-11,0.5171
2002-12-12,0.5205
2002-12-13,0.5215
2002-12-16,0.5186
2002-12-17,0.5271
2002-12-18,0.5267
2002-12-19,0.5343
2002-12-20,0.5329
2002-12-23,0.533
2002-12-24,0.5344
2002-12-26,0.5391
2002-12-27,0.5447
2002-12-30,0.5434
2002-12-31,0.5426
2003-01-02,0.5476
2003-01-03,0.5461
2003-01-06,0.5522
2003-01-07,0.5471
2003-01-08,0.5518
2003-01-09,0.5565
2003-01-10,0.5536
2003-01-13,0.5557
2003-01-14,0.5576
2003-01-15,0.5552
2003-01-16,0.5549
2003-01-17,0.5618
2003-01-20,0.5623
2003-01-21,0.565
2003-01-22,0.567
2003-01-23,0.5687
2003-01-24,0.5704
2003-01-27,0.5745
2003-01-29,0.5765
2003-01-30,0.5642
2003-01-31,0.5658
2003-02-03,0.5615
2003-02-04,0.5704
2003-02-05,0.577
2003-02-06,0.572
2003-02-07,0.5714
2003-02-10,0.5743
2003-02-11,0.5685
2003-02-12,0.571
2003-02-13,0.5785
2003-02-14,0.5836
2003-02-17,0.5712
2003-02-18,0.5691
2003-02-19,0.5719
2003-02-20,0.5767
2003-02-21,0.5797
2003-02-24,0.5731
2003-02-25,0.5769
2003-02-26,0.574
2003-02-27,0.5752
2003-02-28,0.5664
2003-03-03,0.5678
2003-03-04,0.5735
2003-03-05,0.5801
2003-03-06,0.5752
2003-03-07,0.5792
2003-03-10,0.5786
2003-03-11,0.5773
2003-03-12,0.5725
2003-03-13,0.5621
2003-03-14,0.5605
2003-03-17,0.5633
2003-03-20,0.5481
2003-03-21,0.5484
2003-03-24,0.5464
2003-03-25,0.5439
2003-03-26,0.5424
2003-03-27,0.5448
2003-03-28,0.547
2003-03-31,0.5513
2003-04-01,0.5487
2003-04-02,0.5482
2003-04-03,0.5428
2003-04-04,0.5443
2003-04-07,0.5359
2003-04-08,0.5407
2003-04-09,0.5448
2003-04-10,0.5471
2003-04-11,0.5506
2003-04-14,0.5404
2003-04-15,0.5393
2003-04-22,0.5512
2003-04-24,0.5514
2003-04-25,0.5532
2003-04-28,0.5525
2003-04-29,0.5425
2003-05-02,0.5522
2003-05-05,0.5537
2003-05-06,0.5558
2003-05-08,0.5594
2003-05-09,0.5616
2003-05-12,0.5623
2003-05-13,0.5642
2003-05-14,0.5617
2003-05-19,0.5743
2003-05-20,0.5775
2003-05-21,0.5827
2003-05-22,0.5829
2003-05-23,0.5737
2003-05-27,0.5736
2003-05-28,0.57
2003-05-29,0.5647
2003-05-30,0.5666
2003-06-02,0.5644
2003-06-03,0.5624
2003-06-04,0.5626
2003-06-05,0.568
2003-06-09,0.5649
2003-06-10,0.5678
2003-06-11,0.5692
2003-06-12,0.569
2003-06-13,0.5708
2003-06-16,0.5688
2003-06-17,0.5661
2003-06-18,0.5664
2003-06-19,0.5618
2003-06-20,0.5651
2003-06-23,0.5577
2003-06-24,0.5528
2003-06-25,0.5495
2003-06-26,0.5394
2003-06-27,0.5394
2003-06-30,0.5332
2003-07-01,0.5414
2003-07-02,0.5407
2003-07-03,0.5363
2003-07-04,0.5381
2003-07-07,0.5282
2003-07-08,0.5349
2003-07-09,0.5401
2003-07-10,0.537
2003-07-11,0.5419
2003-07-14,0.5411
2003-07-15,0.5431
2003-07-16,0.5396
2003-07-17,0.5428
2003-07-18,0.5391
2003-07-21,0.5389
2003-07-22,0.538
2003-07-23,0.5394
2003-07-24,0.5472
2003-07-25,0.549
2003-07-28,0.5479
2003-07-29,0.5475
2003-07-30,0.549
2003-07-31,0.5443
2003-08-01,0.5359
2003-08-04,0.5454
2003-08-05,0.5482
2003-08-06,0.549
2003-08-08,0.5458
2003-08-11,0.5424
2003-08-12,0.5428
2003-08-13,0.5417
2003-08-14,0.5434
2003-08-15,0.5432
2003-08-18,0.5377
2003-08-19,0.5289
2003-08-20,0.5326
2003-08-21,0.5324
2003-08-22,0.5328
2003-08-25,0.5277
2003-08-26,0.5212
2003-08-27,0.5275
2003-08-28,0.5241
2003-08-29,0.5267
2003-09-01,0.532
2003-09-02,0.5267
2003-09-03,0.5253
2003-09-04,0.5264
2003-09-05,0.5334
2003-09-08,0.5421
2003-09-09,0.5423
2003-09-10,0.5449
2003-09-11,0.5525
2003-09-12,0.5553
2003-09-15,0.5533
2003-09-16,0.5506
2003-09-17,0.5531
2003-09-18,0.5582
2003-09-19,0.5603
2003-09-22,0.563
2003-09-23,0.564
2003-09-24,0.5714
2003-09-25,0.5756
2003-09-29,0.5708
2003-09-30,0.5782
2003-10-01,0.5704
2003-10-02,0.5756
2003-10-03,0.5747
2003-10-07,0.5834
2003-10-08,0.5823
2003-10-09,0.578
2003-10-10,0.5775
2003-10-13,0.5722
2003-10-14,0.5737
2003-10-15,0.5749
2003-10-16,0.5759
2003-10-17,0.5729
2003-10-20,0.5689
2003-10-21,0.5742
2003-10-22,0.579
2003-10-23,0.5846
2003-10-24,0.584
2003-10-27,0.5801
2003-10-28,0.5782
2003-10-29,0.5845
2003-10-30,0.5866
2003-10-31,0.5775
2003-11-03,0.5748
2003-11-04,0.5676
2003-11-05,0.5679
2003-11-06,0.5706
2003-11-07,0.5718
2003-11-10,0.5756
2003-11-11,0.5806
2003-11-12,0.5844
2003-11-13,0.588
2003-11-14,0.5954
2003-11-17,0.5958
2003-11-18,0.5917
2003-11-19,0.5953
2003-11-20,0.5944
2003-11-21,0.5943
2003-11-24,0.5917
2003-11-25,0.5868
2003-11-26,0.587
2003-11-27,0.5861
2003-11-28,0.5909
2003-12-01,0.5906
2003-12-02,0.5885
2003-12-03,0.5956
2003-12-04,0.5978
2003-12-05,0.5982
2003-12-08,0.6058
2003-12-09,0.6021
2003-12-10,0.6004
2003-12-11,0.5942
2003-12-12,0.5995
2003-12-15,0.5908
2003-12-16,0.5966
2003-12-17,0.5973
2003-12-18,0.5987
2003-12-19,0.6007
2003-12-22,0.6001
2003-12-23,0.5943
2003-12-24,0.596
2003-12-29,0.6006
2003-12-30,0.6006
2003-12-31,0.6096
2004-01-02,0.6152
2004-01-05,0.6156
2004-01-06,0.6113
2004-01-07,0.6125
2004-01-08,0.6103
2004-01-09,0.6114
2004-01-12,0.6175
2004-01-13,0.6136
2004-01-14,0.6091
2004-01-15,0.6088
2004-01-16,0.5976
2004-01-19,0.5963
2004-01-20,0.6047
2004-01-21,0.6084
2004-01-22,0.622
2004-01-23,0.62
2004-01-26,0.6119
2004-01-27,0.6105
2004-01-28,0.6173
2004-01-29,0.611
2004-01-30,0.6044
2004-02-02,0.6078
2004-02-03,0.6101
2004-02-04,0.61
2004-02-05,0.6141
2004-02-06,0.613
2004-02-09,0.6243
2004-02-10,0.6263
2004-02-11,0.624
2004-02-12,0.6259
2004-02-13,0.6225
2004-02-16,0.6171
2004-02-17,0.6218
2004-02-18,0.6196
2004-02-19,0.6164
2004-02-20,0.6134
2004-02-23,0.6102
2004-02-24,0.6114
2004-02-25,0.6101
2004-02-26,0.6049
2004-02-27,0.6025
2004-03-01,0.6053
2004-03-02,0.6014
2004-03-03,0.5918
2004-03-04,0.5946
2004-03-05,0.5968
2004-03-09,0.6071
2004-03-10,0.6025
2004-03-11,0.5993
2004-03-12,0.5992
2004-03-15,0.5971
2004-03-16,0.5998
2004-03-17,0.5952
2004-03-18,0.5949
2004-03-19,0.5975
2004-03-22,0.6028
2004-03-23,0.5993
2004-03-24,0.5967
2004-03-25,0.5909
2004-03-26,0.592
2004-03-29,0.5933
2004-03-30,0.5945
2004-03-31,0.598
2004-04-01,0.6029
2004-04-02,0.6022
2004-04-07,0.5947
2004-04-08,0.6009
2004-04-13,0.5919
2004-04-14,0.5877
2004-04-15,0.5889
2004-04-16,0.5916
2004-04-19,0.5931
2004-04-20,0.5914
2004-04-21,0.5918
2004-04-22,0.5938
2004-04-23,0.5946
2004-04-26,0.5937
2004-04-28,0.6009
2004-04-29,0.5948
2004-04-30,0.6008
2004-05-03,0.6004
2004-05-04,0.6055
2004-05-05,0.6062
2004-05-06,0.6092
2004-05-07,0.609
2004-05-10,0.6008
2004-05-11,0.5958
2004-05-12,0.5983
2004-05-13,0.5989
2004-05-14,0.5949
2004-05-17,0.6013
2004-05-18,0.602
2004-05-19,0.6031
2004-05-20,0.6039
2004-05-21,0.6047
2004-05-24,0.6023
2004-05-25,0.6044
2004-05-28,0.6148
2004-06-01,0.6117
2004-06-02,0.6122
2004-06-03,0.6074
2004-06-04,0.6063
2004-06-07,0.6112
2004-06-08,0.6096
2004-06-09,0.605
2004-06-10,0.5948
2004-06-11,0.5932
2004-06-14,0.5932
2004-06-15,0.5957
2004-06-16,0.5942
2004-06-17,0.5925
2004-06-18,0.5896
2004-06-21,0.594
2004-06-22,0.5928
2004-06-23,0.5928
2004-06-24,0.5965
2004-06-25,0.5965
2004-06-28,0.5978
2004-06-29,0.5987
2004-06-30,0.5976
2004-07-01,0.5951
2004-07-02,0.5929
2004-07-05,0.598
2004-07-06,0.5993
2004-07-07,0.604
2004-07-08,0.604
2004-07-09,0.6041
2004-07-12,0.6035
2004-07-13,0.6025
2004-07-14,0.6033
2004-07-15,0.6049
2004-07-16,0.6045
2004-07-19,0.6055
2004-07-20,0.6035
2004-07-21,0.601
2004-07-22,0.5993
2004-07-23,0.5977
2004-07-26,0.5945
2004-07-28,0.5909
2004-07-29,0.5897
2004-07-30,0.5898
2004-08-02,0.5916
2004-08-03,0.5905
2004-08-04,0.5916
2004-08-05,0.5963
2004-08-06,0.5977
2004-08-09,0.6042
2004-08-10,0.6048
2004-08-11,0.6027
2004-08-12,0.6043
2004-08-13,0.601
2004-08-16,0.6058
2004-08-17,0.6062
2004-08-18,0.606
2004-08-19,0.6088
2004-08-20,0.6084
2004-08-23,0.6041
2004-08-24,0.5998
2004-08-25,0.5986
2004-08-26,0.6007
2004-08-27,0.6019
2004-08-30,0.5986
2004-08-31,0.6003
2004-09-01,0.6014
2004-09-02,0.6017
2004-09-03,0.6015
2004-09-06,0.5968
2004-09-07,0.5972
2004-09-08,0.5957
2004-09-09,0.603
2004-09-10,0.6046
2004-09-13,0.6053
2004-09-14,0.6026
2004-09-20,0.5984
2004-09-23,0.6097
2004-09-27,0.6076
2004-09-28,0.6103
2004-09-29,0.6098
2004-10-01,0.6155
2004-10-04,0.6122
2004-10-05,0.606
2004-10-06,0.6067
2004-10-08,0.6073
2004-10-11,0.6095
2004-10-12,0.6063
2004-10-13,0.6038
2004-10-14,0.608
2004-10-15,0.6076
2004-10-18,0.6145
2004-10-19,0.6156
2004-10-20,0.618
2004-10-21,0.6163
2004-10-22,0.6163
2004-10-25,0.6238
2004-10-26,0.6268
2004-10-27,0.631
2004-10-28,0.6302
2004-10-29,0.6291
2004-11-01,0.626
2004-11-02,0.6256
2004-11-03,0.6262
2004-11-04,0.6294
2004-11-05,0.6264
2004-11-08,0.6297
2004-11-09,0.6271
2004-11-10,0.6306
2004-11-11,0.6317
2004-11-12,0.6376
2004-11-15,0.6375
2004-11-16,0.6346
2004-11-17,0.6373
2004-11-18,0.6376
2004-11-19,0.6356
2004-11-22,0.6368
2004-11-23,0.6406
2004-11-24,0.644
2004-11-25,0.647
2004-11-26,0.6454
2004-11-29,0.6497
2004-11-30,0.6495
2004-12-01,0.6501
2004-12-02,0.6478
2004-12-03,0.6454
2004-12-06,0.657
2004-12-07,0.6531
2004-12-08,0.6449
2004-12-09,0.6418
2004-12-10,0.6369
2004-12-13,0.6453
2004-12-14,0.6428
2004-12-15,0.6437
2004-12-16,0.6462
2004-12-17,0.6419
2004-12-20,0.6458
2004-12-21,0.6474
2004-12-22,0.6445
2004-12-23,0.6466
2004-12-24,0.6492
2004-12-27,0.65
2004-12-28,0.6577
2004-12-29,0.6625
2004-12-30,0.656
2004-12-31,0.6515
2005-01-03,0.6557
2005-01-04,0.6473
2005-01-05,0.6446
2005-01-06,0.6417
2005-01-07,0.6406
2005-01-10,0.6331
2005-01-11,0.6346
2005-01-12,0.6339
2005-01-13,0.6372
2005-01-14,0.6326
2005-01-17,0.6308
2005-01-18,0.6299
2005-01-19,0.6326
2005-01-20,0.6279
2005-01-21,0.6267
2005-01-24,0.6309
2005-01-25,0.6324
2005-01-26,0.633
2005-01-27,0.6333
2005-01-28,0.6312
2005-01-31,0.6276
2005-02-01,0.628
2005-02-02,0.6322
2005-02-03,0.6281
2005-02-04,0.6228
2005-02-07,0.6188
2005-02-08,0.6165
2005-02-09,0.6167
2005-02-10,0.616
2005-02-11,0.6201
2005-02-14,0.6226
2005-02-15,0.625
2005-02-16,0.6265
2005-02-17,0.6249
2005-02-18,0.6258
2005-02-21,0.6254
2005-02-22,0.6321
2005-02-23,0.6332
2005-02-24,0.6365
2005-02-25,0.6346
2005-02-28,0.6377
2005-03-01,0.6333
2005-03-02,0.6268
2005-03-03,0.6299
2005-03-04,0.6299
2005-03-07,0.6325
2005-03-08,0.6297
2005-03-09,0.634
2005-03-10,0.6379
2005-03-11,0.6369
2005-03-14,0.6352
2005-03-15,0.6344
2005-03-16,0.6348
2005-03-17,0.6341
2005-03-18,0.6308
2005-03-21,0.6236
2005-03-22,0.6219
2005-03-23,0.6197
2005-03-24,0.6204
2005-03-28,0.6178
2005-03-29,0.62
2005-03-30,0.6206
2005-03-31,0.6174
2005-04-01,0.6175
2005-04-04,0.6142
2005-04-05,0.6103
2005-04-06,0.6132
2005-04-07,0.6163
2005-04-08,0.612
2005-04-11,0.6174
2005-04-12,0.62
2005-04-13,0.6197
2005-04-14,0.6143
2005-04-15,0.6151
2005-04-18,0.6195
2005-04-19,0.6177
2005-04-20,0.6205
2005-04-21,0.621
2005-04-25,0.6188
2005-04-26,0.6196
2005-04-27,0.6173
2005-04-28,0.6173
2005-04-29,0.6172
2005-05-02,0.6114
2005-05-03,0.6096
2005-05-04,0.6163
2005-05-05,0.616
2005-05-06,0.6158
2005-05-09,0.6094
2005-05-10,0.6074
2005-05-11,0.6095
2005-05-13,0.6032
2005-05-16,0.5994
2005-05-17,0.5996
2005-05-18,0.5981
2005-05-19,0.5998
2005-05-20,0.6002
2005-05-23,0.5986
2005-05-24,0.6015
2005-05-25,0.6006
2005-05-26,0.5977
2005-05-27,0.6
2005-05-31,0.594
2005-06-01,0.5918
2005-06-02,0.5917
2005-06-03,0.5934
2005-06-06,0.5929
2005-06-07,0.593
2005-06-08,0.59
2005-06-09,0.5891
2005-06-10,0.5882
2005-06-14,0.5822
2005-06-15,0.5834
2005-06-16,0.5882
2005-06-17,0.5898
2005-06-20,0.6009
2005-06-21,0.5944
2005-06-22,0.5904
2005-06-23,0.5834
2005-06-24,0.5821
2005-06-27,0.5893
2005-06-28,0.5878
2005-06-29,0.5837
2005-06-30,0.5858
2005-07-01,0.584
2005-07-04,0.5771
2005-07-05,0.5789
2005-07-06,0.5847
2005-07-07,0.5844
2005-07-08,0.5821
2005-07-11,0.5798
2005-07-12,0.5823
2005-07-13,0.5886
2005-07-14,0.5839
2005-07-15,0.5857
2005-07-18,0.5866
2005-07-19,0.5819
2005-07-20,0.5856
2005-07-21,0.5832
2005-07-22,0.5828
2005-07-25,0.5823
2005-07-26,0.5777
2005-07-27,0.5781
2005-07-28,0.5832
2005-07-29,0.5829
2005-08-01,0.5878
2005-08-02,0.5873
2005-08-03,0.5888
2005-08-04,0.5922
2005-08-05,0.5938
2005-08-08,0.6001
2005-08-09,0.5976
2005-08-10,0.5981
2005-08-11,0.6014
2005-08-12,0.6076
2005-08-15,0.6018
2005-08-16,0.5985
2005-08-17,0.5903
2005-08-18,0.5865
2005-08-19,0.5833
2005-08-22,0.5873
2005-08-23,0.5869
2005-08-24,0.5877
2005-08-25,0.5935
2005-08-26,0.597
2005-08-29,0.5996
2005-08-30,0.5949
2005-08-31,0.593
2005-09-01,0.5976
2005-09-02,0.6081
2005-09-05,0.6046
2005-09-06,0.6018
2005-09-07,0.6014
2005-09-08,0.6014
2005-09-09,0.5987
2005-09-12,0.5983
2005-09-13,0.5969
2005-09-14,0.5968
2005-09-15,0.5935
2005-09-16,0.5953
2005-09-19,0.5916
2005-09-20,0.5925
2005-09-21,0.5993
2005-09-22,0.5987
2005-09-23,0.5944
2005-09-26,0.5915
2005-09-27,0.5844
2005-09-28,0.5863
2005-09-29,0.5895
2005-09-30,0.5931
2005-10-06,0.5957
2005-10-07,0.5984
2005-10-10,0.5935
2005-10-11,0.595
2005-10-14,0.5937
2005-10-17,0.5902
2005-10-19,0.5867
2005-10-20,0.5845
2005-10-21,0.5863
2005-10-24,0.5808
2005-10-26,0.5871
2005-10-27,0.5894
2005-10-28,0.5926
2005-10-31,0.584
2005-11-01,0.5822
2005-11-02,0.5814
2005-11-03,0.5849
2005-11-04,0.5815
2005-11-07,0.5768
2005-11-08,0.5755
2005-11-09,0.5762
2005-11-10,0.5761
2005-11-11,0.5745
2005-11-14,0.5806
2005-11-15,0.5735
2005-11-16,0.5758
2005-11-17,0.5749
2005-11-18,0.575
2005-11-21,0.5833
2005-11-22,0.5818
2005-11-23,0.585
2005-11-24,0.5829
2005-11-25,0.5811
2005-11-28,0.5805
2005-11-29,0.5802
2005-11-30,0.576
2005-12-01,0.5758
2005-12-02,0.5776
2005-12-05,0.58
2005-12-06,0.5809
2005-12-07,0.5777
2005-12-08,0.5788
2005-12-09,0.579
2005-12-12,0.5804
2005-12-13,0.5813
2005-12-14,0.5843
2005-12-15,0.5838
2005-12-16,0.5794
2005-12-19,0.5829
2005-12-20,0.5857
2005-12-21,0.5782
2005-12-22,0.5791
2005-12-23,0.5763
2005-12-27,0.5769
2005-12-28,0.5797
2005-12-29,0.578
2005-12-30,0.5785
2006-01-03,0.5833
2006-01-04,0.5918
2006-01-05,0.6
2006-01-06,0.599
2006-01-09,0.5969
2006-01-10,0.5977
2006-01-11,0.5997
2006-01-12,0.6006
2006-01-13,0.5998
2006-01-16,0.5983
2006-01-17,0.597
2006-01-18,0.6008
2006-01-19,0.5981
2006-01-20,0.5987
2006-01-23,0.61
2006-01-24,0.6113
2006-01-25,0.6095
2006-01-26,0.6105
2006-01-27,0.6119
2006-01-30,0.6077
2006-01-31,0.6103
2006-02-01,0.6112
2006-02-02,0.6096
2006-02-03,0.6087
2006-02-06,0.6052
2006-02-07,0.6072
2006-02-08,0.6068
2006-02-09,0.6073
2006-02-10,0.6069
2006-02-13,0.5988
2006-02-14,0.6013
2006-02-15,0.6026
2006-02-16,0.5945
2006-02-17,0.5932
2006-02-20,0.5971
2006-02-21,0.5977
2006-02-22,0.5986
2006-02-23,0.5977
2006-02-24,0.5957
2006-02-27,0.5918
2006-02-28,0.5917
2006-03-01,0.5938
2006-03-02,0.5929
2006-03-03,0.597
2006-03-06,0.5968
2006-03-07,0.5919
2006-03-08,0.5934
2006-03-09,0.5953
2006-03-10,0.5984
2006-03-13,0.6005
2006-03-16,0.6053
2006-03-17,0.6072
2006-03-20,0.6078
2006-03-21,0.6037
2006-03-22,0.6014
2006-03-23,0.6024
2006-03-24,0.5988
2006-03-27,0.6022
2006-03-29,0.5997
2006-03-30,0.6
2006-03-31,0.6021
2006-04-03,0.5981
2006-04-04,0.6017
2006-04-05,0.6036
2006-04-06,0.6067
2006-04-07,0.6009
2006-04-10,0.5958
2006-04-11,0.5967
2006-04-18,0.6032
2006-04-20,0.6055
2006-04-21,0.6049
2006-04-24,0.6024
2006-04-25,0.6014
2006-04-26,0.6057
2006-04-27,0.6033
2006-04-28,0.6077
2006-05-01,0.6091
2006-05-02,0.6075
2006-05-04,0.6079
2006-05-05,0.6072
2006-05-08,0.6085
2006-05-09,0.6053
2006-05-10,0.6069
2006-05-11,0.6053
2006-05-12,0.6096
2006-05-15,0.6093
2006-05-16,0.6069
2006-05-17,0.6098
2006-05-18,0.607
2006-05-19,0.6089
2006-05-22,0.612
2006-05-23,0.6198
2006-05-24,0.6236
2006-05-25,0.6202
2006-05-26,0.6211
2006-05-30,0.6272
2006-05-31,0.6261
2006-06-01,0.6251
2006-06-05,0.6318
2006-06-06,0.6247
2006-06-07,0.6197
2006-06-08,0.619
2006-06-09,0.614
2006-06-12,0.6117
2006-06-13,0.6121
2006-06-14,0.6099
2006-06-15,0.6064
2006-06-16,0.6059
2006-06-19,0.6026
2006-06-20,0.6068
2006-06-21,0.6126
2006-06-22,0.6102
2006-06-23,0.6082
2006-06-26,0.6103
2006-06-27,0.6114
2006-06-28,0.6091
2006-06-29,0.6074
2006-06-30,0.6118
2006-07-03,0.6134
2006-07-04,0.611
2006-07-05,0.6103
2006-07-06,0.6108
2006-07-07,0.6116
2006-07-10,0.6128
2006-07-11,0.6082
2006-07-12,0.6158
2006-07-13,0.6221
2006-07-14,0.6225
2006-07-17,0.61
2006-07-18,0.6039
2006-07-19,0.6018
2006-07-20,0.6086
2006-07-21,0.6125
2006-07-24,0.6086
2006-07-25,0.6048
2006-07-26,0.6043
2006-07-27,0.6089
2006-07-28,0.6082
2006-07-31,0.607
2006-08-01,0.6101
2006-08-02,0.6132
2006-08-04,0.6108
2006-08-07,0.6153
2006-08-08,0.6106
2006-08-09,0.6139
2006-08-10,0.614
2006-08-11,0.61
2006-08-14,0.605
2006-08-15,0.6033
2006-08-16,0.6063
2006-08-17,0.6109
2006-08-18,0.6096
2006-08-21,0.6104
2006-08-22,0.6084
2006-08-23,0.6087
2006-08-24,0.6111
2006-08-25,0.6078
2006-08-28,0.6096
2006-08-29,0.609
2006-08-30,0.6068
2006-08-31,0.6055
2006-09-01,0.6017
2006-09-04,0.6029
2006-09-05,0.5994
2006-09-06,0.6004
2006-09-07,0.5986
2006-09-08,0.5963
2006-09-11,0.6031
2006-09-12,0.6042
2006-09-13,0.6004
2006-09-14,0.6026
2006-09-15,0.6001
2006-09-18,0.5998
2006-09-19,0.5997
2006-09-20,0.5965
2006-09-21,0.5974
2006-09-25,0.5938
2006-09-26,0.5906
2006-09-27,0.5882
2006-09-28,0.5898
2006-09-29,0.5886
2006-10-03,0.5868
2006-10-04,0.5823
2006-10-05,0.5819
2006-10-06,0.5798
2006-10-09,0.5788
2006-10-10,0.5773
2006-10-11,0.5774
2006-10-12,0.5796
2006-10-13,0.5755
2006-10-16,0.5773
2006-10-17,0.577
2006-10-18,0.5788
2006-10-19,0.5803
2006-10-20,0.5857
2006-10-23,0.5838
2006-10-24,0.5837
2006-10-25,0.5856
2006-10-26,0.5874
2006-10-27,0.5903
2006-10-30,0.5929
2006-10-31,0.5906
2006-11-01,0.5905
2006-11-02,0.5956
2006-11-03,0.5963
2006-11-06,0.5981
2006-11-07,0.6041
2006-11-08,0.6057
2006-11-09,0.6064
2006-11-10,0.6067
2006-11-13,0.6054
2006-11-14,0.606
2006-11-15,0.6044
2006-11-16,0.6098
2006-11-17,0.6075
2006-11-20,0.6096
2006-11-21,0.61
2006-11-22,0.6117
2006-11-23,0.6167
2006-11-24,0.6206
2006-11-27,0.6235
2006-11-28,0.6223
2006-11-30,0.6181
2006-12-01,0.6203
2006-12-04,0.6234
2006-12-05,0.6223
2006-12-06,0.615
2006-12-07,0.6176
2006-12-08,0.6161
2006-12-11,0.6114
2006-12-12,0.6134
2006-12-13,0.6137
2006-12-14,0.6082
2006-12-15,0.6064
2006-12-18,0.6071
2006-12-19,0.6099
2006-12-20,0.6135
2006-12-21,0.6139
2006-12-22,0.616
2006-12-26,0.6168
2006-12-27,0.6165
2006-12-28,0.6128
2006-12-29,0.615
2007-01-02,0.6187
2007-01-03,0.614
2007-01-04,0.6086
2007-01-05,0.6098
2007-01-08,0.6088
2007-01-09,0.6058
2007-01-10,0.6051
2007-01-11,0.6011
2007-01-12,0.5979
2007-01-15,0.6016
2007-01-16,0.6033
2007-01-17,0.6023
2007-01-18,0.5995
2007-01-19,0.6003
2007-01-22,0.5994
2007-01-23,0.6043
2007-01-24,0.6066
2007-01-25,0.605
2007-01-26,0.6029
2007-01-29,0.6054
2007-01-30,0.6096
2007-01-31,0.6094
2007-02-01,0.6109
2007-02-02,0.6101
2007-02-05,0.6041
2007-02-06,0.6023
2007-02-07,0.604
2007-02-08,0.6038
2007-02-09,0.605
2007-02-12,0.6025
2007-02-13,0.6028
2007-02-14,0.6049
2007-02-15,0.6011
2007-02-16,0.5969
2007-02-19,0.5942
2007-02-20,0.5944
2007-02-21,0.592
2007-02-22,0.5879
2007-02-23,0.5912
2007-02-26,0.5953
2007-02-27,0.6006
2007-02-28,0.599
2007-03-01,0.602
2007-03-02,0.5955
2007-03-06,0.5964
2007-03-07,0.5984
2007-03-08,0.5963
2007-03-09,0.5925
2007-03-12,0.5949
2007-03-13,0.598
2007-03-14,0.5973
2007-03-15,0.6005
2007-03-16,0.6052
2007-03-19,0.6019
2007-03-20,0.6018
2007-03-21,0.5998
2007-03-22,0.6018
2007-03-23,0.5995
2007-03-26,0.5991
2007-03-27,0.5985
2007-03-28,0.5986
2007-03-29,0.5961
2007-03-30,0.5933
2007-04-04,0.592
2007-04-05,0.5943
2007-04-10,0.596
2007-04-11,0.5955
2007-04-12,0.5908
2007-04-13,0.5933
2007-04-16,0.5944
2007-04-17,0.5967
2007-04-18,0.5992
2007-04-19,0.6006
2007-04-20,0.6028
2007-04-23,0.6001
2007-04-25,0.599
2007-04-26,0.5966
2007-04-27,0.5976
2007-04-30,0.5985
2007-05-01,0.6028
2007-05-02,0.6026
2007-05-03,0.6015
2007-05-04,0.5993
2007-05-07,0.5936
2007-05-08,0.5889
2007-05-09,0.5855
2007-05-10,0.5812
2007-05-11,0.5817
2007-05-14,0.5811
2007-05-15,0.5843
2007-05-16,0.5811
2007-05-17,0.5804
2007-05-18,0.5853
2007-05-21,0.583
2007-05-22,0.5834
2007-05-24,0.5849
2007-05-25,0.5887
2007-05-29,0.5871
2007-05-30,0.5856
2007-05-31,0.5839
2007-06-01,0.5882
2007-06-04,0.5871
2007-06-05,0.5895
2007-06-06,0.5931
2007-06-07,0.5992
2007-06-08,0.6018
2007-06-11,0.5988
2007-06-12,0.5952
2007-06-13,0.5945
2007-06-14,0.5914
2007-06-15,0.5897
2007-06-18,0.5887
2007-06-19,0.5931
2007-06-20,0.6047
2007-06-21,0.6119
2007-06-22,0.6129
2007-06-25,0.6191
2007-06-26,0.6184
2007-06-27,0.6213
2007-06-28,0.6203
2007-06-29,0.6181
2007-07-02,0.6223
2007-07-03,0.6171
2007-07-04,0.6209
2007-07-05,0.6278
2007-07-06,0.6294
2007-07-09,0.6281
2007-07-10,0.628
2007-07-11,0.6383
2007-07-12,0.6433
2007-07-13,0.6434
2007-07-16,0.6458
2007-07-17,0.6451
2007-07-18,0.6444
2007-07-19,0.6389
2007-07-20,0.6365
2007-07-23,0.6373
2007-07-25,0.6299
2007-07-26,0.6364
2007-07-27,0.6415
2007-07-30,0.6453
2007-07-31,0.6419
2007-08-01,0.6397
2007-08-02,0.6428
2007-08-03,0.641
2007-08-06,0.6435
2007-08-07,0.6423
2007-08-08,0.6376
2007-08-09,0.6328
2007-08-10,0.6329
2007-08-13,0.6209
2007-08-14,0.6148
2007-08-15,0.6102
2007-08-16,0.6063
2007-08-17,0.606
2007-08-20,0.607
2007-08-21,0.6036
2007-08-22,0.5995
2007-08-23,0.6031
2007-08-24,0.6037
2007-08-27,0.6067
2007-08-28,0.6015
2007-08-29,0.598
2007-08-30,0.5967
2007-08-31,0.6015
2007-09-03,0.6004
2007-09-04,0.5984
2007-09-05,0.5955
2007-09-06,0.604
2007-09-07,0.6061
2007-09-10,0.6084
2007-09-11,0.6074
2007-09-17,0.6117
2007-09-18,0.612
2007-09-19,0.6118
2007-09-20,0.6186
2007-09-24,0.6199
2007-09-25,0.6176
2007-09-26,0.6168
2007-09-28,0.6179
2007-10-01,0.6164
2007-10-02,0.6168
2007-10-03,0.6172
2007-10-05,0.6162
2007-10-08,0.6146
2007-10-09,0.6198
2007-10-10,0.6214
2007-10-11,0.6294
2007-10-12,0.6262
2007-10-15,0.631
2007-10-16,0.6258
2007-10-17,0.625
2007-10-18,0.6266
2007-10-19,0.6255
2007-10-22,0.6205
2007-10-23,0.6222
2007-10-24,0.6228
2007-10-25,0.6235
2007-10-26,0.6228
2007-10-29,0.6252
2007-10-30,0.6236
2007-10-31,0.6225
2007-11-01,0.6208
2007-11-02,0.622
2007-11-05,0.6186
2007-11-06,0.6195
2007-11-07,0.6239
2007-11-08,0.6214
2007-11-09,0.624
2007-11-12,0.6187
2007-11-13,0.6222
2007-11-14,0.6248
2007-11-15,0.6228
2007-11-16,0.6187
2007-11-19,0.6203
2007-11-20,0.6205
2007-11-21,0.6185
2007-11-22,0.6185
2007-11-23,0.6136
2007-11-26,0.6175
2007-11-27,0.6166
2007-11-28,0.611
2007-11-29,0.6053
2007-11-30,0.6016
2007-12-03,0.5999
2007-12-04,0.5994
2007-12-05,0.6021
2007-12-06,0.6016
2007-12-07,0.6031
2007-12-10,0.6082
2007-12-11,0.6115
2007-12-12,0.6127
2007-12-13,0.6109
2007-12-14,0.6137
2007-12-17,0.6112
2007-12-18,0.6063
2007-12-19,0.5989
2007-12-20,0.5975
2007-12-21,0.5957
2007-12-24,0.5901
2007-12-26,0.597
2007-12-27,0.5936
2007-12-28,0.597
2007-12-31,0.6008
2008-01-02,0.6016
2008-01-03,0.6021
2008-01-04,0.5982
2008-01-07,0.6
2008-01-08,0.5959
2008-01-09,0.5928
2008-01-10,0.5934
2008-01-11,0.5941
2008-01-14,0.5895
2008-01-15,0.5875
2008-01-16,0.5856
2008-01-17,0.584
2008-01-18,0.5867
2008-01-21,0.5809
2008-01-22,0.5808
2008-01-23,0.5688
2008-01-24,0.5705
2008-01-25,0.5775
2008-01-28,0.5758
2008-01-29,0.5691
2008-01-30,0.5712
2008-01-31,0.5695
2008-02-01,0.5648
2008-02-04,0.5634
2008-02-05,0.5636
2008-02-06,0.562
2008-02-07,0.5657
2008-02-08,0.554
2008-02-11,0.5592
2008-02-12,0.5524
2008-02-13,0.5628
2008-02-14,0.5667
2008-02-15,0.5642
2008-02-18,0.5669
2008-02-19,0.5676
2008-02-20,0.5693
2008-02-21,0.5711
2008-02-22,0.573
2008-02-25,0.5693
2008-02-26,0.5806
2008-02-27,0.5814
2008-02-28,0.5834
2008-02-29,0.5886
2008-03-03,0.5934
2008-03-04,0.5892
2008-03-05,0.5829
2008-03-06,0.5893
2008-03-07,0.5901
2008-03-10,0.5847
2008-03-11,0.5748
2008-03-12,0.5739
2008-03-13,0.5608
2008-03-14,0.5725
2008-03-17,0.57
2008-03-18,0.5643
2008-03-19,0.5634
2008-03-20,0.5575
2008-03-24,0.5765
2008-03-25,0.5811
2008-03-26,0.5867
2008-03-27,0.5891
2008-03-28,0.5907
2008-03-31,0.5982
2008-04-01,0.5905
2008-04-02,0.594
2008-04-03,0.5943
2008-04-04,0.6056
2008-04-07,0.6112
2008-04-08,0.6084
2008-04-09,0.6041
2008-04-10,0.6114
2008-04-11,0.6071
2008-04-14,0.6009
2008-04-15,0.5868
2008-04-16,0.5893
2008-04-17,0.5874
2008-04-18,0.58
2008-04-21,0.5824
2008-04-22,0.5896
2008-04-23,0.5905
2008-04-24,0.5841
2008-04-25,0.5839
2008-04-28,0.5791
2008-04-29,0.577
2008-04-30,0.5688
2008-05-01,0.5688
2008-05-02,0.5715
2008-05-05,0.5686
2008-05-06,0.5668
2008-05-07,0.5732
2008-05-09,0.5758
2008-05-12,0.575
2008-05-13,0.5721
2008-05-14,0.569
2008-05-15,0.5687
2008-05-16,0.557
2008-05-19,0.565
2008-05-20,0.5711
2008-05-21,0.5691
2008-05-22,0.5651
2008-05-23,0.5634
2008-05-27,0.5568
2008-05-28,0.5528
2008-05-29,0.5443
2008-05-30,0.5354
2008-06-02,0.5419
2008-06-03,0.5457
2008-06-04,0.5504
2008-06-05,0.5576
2008-06-06,0.5577
2008-06-10,0.5629
2008-06-11,0.5635
2008-06-12,0.5644
2008-06-13,0.5618
2008-06-16,0.5635
2008-06-17,0.5524
2008-06-18,0.5523
2008-06-19,0.5542
2008-06-20,0.5549
2008-06-23,0.5579
2008-06-24,0.5579
2008-06-25,0.5613
2008-06-26,0.5636
2008-06-27,0.5665
2008-06-30,0.5582
2008-07-01,0.5579
2008-07-02,0.5489
2008-07-03,0.5467
2008-07-04,0.5463
2008-07-07,0.541
2008-07-08,0.5441
2008-07-09,0.5369
2008-07-10,0.5514
2008-07-11,0.5629
2008-07-14,0.5575
2008-07-15,0.5572
2008-07-16,0.5592
2008-07-17,0.5642
2008-07-18,0.5655
2008-07-21,0.5746
2008-07-22,0.5823
2008-07-23,0.5784
2008-07-24,0.5777
2008-07-25,0.5783
2008-07-28,0.579
2008-07-29,0.5767
2008-07-30,0.5711
2008-07-31,0.5727
2008-08-01,0.5802
2008-08-04,0.5846
2008-08-05,0.5817
2008-08-06,0.5819
2008-08-07,0.5818
2008-08-08,0.5789
2008-08-11,0.5703
2008-08-12,0.5693
2008-08-13,0.5703
2008-08-14,0.5699
2008-08-15,0.5644
2008-08-18,0.5616
2008-08-19,0.5611
2008-08-20,0.5602
2008-08-21,0.5561
2008-08-22,0.5502
2008-08-25,0.5547
2008-08-26,0.5497
2008-08-27,0.5603
2008-08-28,0.5608
2008-08-29,0.561
2008-09-01,0.5594
2008-09-02,0.5573
2008-09-03,0.5489
2008-09-04,0.5464
2008-09-05,0.5404
2008-09-08,0.5388
2008-09-09,0.5377
2008-09-10,0.5341
2008-09-11,0.531
2008-09-12,0.5367
2008-09-15,0.5332
2008-09-16,0.5222
2008-09-17,0.5257
2008-09-18,0.5309
2008-09-19,0.525
2008-09-22,0.535
2008-09-23,0.5238
2008-09-24,0.5208
2008-09-25,0.5164
2008-09-26,0.518
2008-10-02,0.4986
2008-10-03,0.495
2008-10-06,0.4838
2008-10-07,0.4943
2008-10-10,0.5045
2008-10-13,0.5121
2008-10-15,0.5018
2008-10-16,0.5028
2008-10-17,0.4983
2008-10-20,0.5114
2008-10-22,0.4896
2008-10-23,0.4903
2008-10-24,0.4863
2008-10-27,0.4712
2008-10-28,0.4779
2008-10-29,0.4883
2008-10-30,0.4934
2008-10-31,0.4894
2008-11-03,0.4892
2008-11-04,0.4883
2008-11-05,0.4974
2008-11-06,0.4912
2008-11-07,0.4889
2008-11-10,0.4877
2008-11-11,0.4829
2008-11-12,0.4846
2008-11-13,0.486
2008-11-14,0.4925
2008-11-17,0.4949
2008-11-18,0.492
2008-11-19,0.4934
2008-11-20,0.4881
2008-11-21,0.4898
2008-11-24,0.4887
2008-11-25,0.493
2008-11-26,0.4882
2008-11-27,0.4874
2008-11-28,0.4879
2008-12-01,0.4857
2008-12-02,0.4754
2008-12-03,0.4817
2008-12-04,0.4749
2008-12-05,0.481
2008-12-08,0.4847
2008-12-09,0.4813
2008-12-10,0.4782
2008-12-11,0.4885
2008-12-12,0.4903
2008-12-15,0.4839
2008-12-16,0.476
2008-12-17,0.4769
2008-12-18,0.4832
2008-12-19,0.4823
2008-12-22,0.4949
2008-12-23,0.4894
2008-12-24,0.4833
2008-12-29,0.5008
2008-12-30,0.4875
2008-12-31,0.487
2009-01-02,0.4858
2009-01-05,0.4877
2009-01-06,0.4869
2009-01-07,0.4947
2009-01-08,0.4921
2009-01-09,0.4921
2009-01-12,0.486
2009-01-13,0.4766
2009-01-14,0.4706
2009-01-15,0.4625
2009-01-16,0.4701
2009-01-19,0.4722
2009-01-20,0.4633
2009-01-21,0.4705
2009-01-22,0.4803
2009-01-23,0.4743
2009-01-26,0.4891
2009-01-27,0.4996
2009-01-28,0.5035
2009-01-29,0.5008
2009-01-30,0.493
2009-02-02,0.4879
2009-02-03,0.4869
2009-02-04,0.4884
2009-02-05,0.491
2009-02-06,0.488
2009-02-09,0.5003
2009-02-11,0.4874
2009-02-12,0.4813
2009-02-13,0.4847
2009-02-16,0.4781
2009-02-17,0.475
2009-02-18,0.4699
2009-02-19,0.4803
2009-02-20,0.4735
2009-02-23,0.4785
2009-02-24,0.471
2009-02-25,0.4727
2009-02-26,0.4715
2009-02-27,0.4614
2009-03-02,0.4582
2009-03-03,0.4598
2009-03-04,0.4584
2009-03-05,0.463
2009-03-06,0.4569
2009-03-09,0.4618
2009-03-12,0.4764
2009-03-13,0.4886
2009-03-16,0.4901
2009-03-17,0.4862
2009-03-18,0.4928
2009-03-19,0.507
2009-03-20,0.5009
2009-03-23,0.4987
2009-03-24,0.506
2009-03-25,0.505
2009-03-26,0.5172
2009-03-27,0.5267
2009-03-30,0.5093
2009-03-31,0.5094
2009-04-01,0.5108
2009-04-02,0.5156
2009-04-03,0.5181
2009-04-06,0.5186
2009-04-07,0.5078
2009-04-14,0.5095
2009-04-16,0.5045
2009-04-17,0.4988
2009-04-20,0.4908
2009-04-21,0.4891
2009-04-22,0.4935
2009-04-23,0.5025
2009-04-24,0.519
2009-04-27,0.5177
2009-04-28,0.5177
2009-04-30,0.5162
2009-05-01,0.5182
2009-05-04,0.5175
2009-05-05,0.521
2009-05-06,0.5179
2009-05-07,0.5271
2009-05-08,0.523
2009-05-11,0.5303
2009-05-12,0.5276
2009-05-13,0.5266
2009-05-14,0.5234
2009-05-15,0.5274
2009-05-18,0.5292
2009-05-19,0.5367
2009-05-20,0.5329
2009-05-21,0.5291
2009-05-22,0.5264
2009-05-26,0.526
2009-05-27,0.5207
2009-05-28,0.5079
2009-06-01,0.521
2009-06-02,0.5242
2009-06-03,0.5205
2009-06-04,0.5171
2009-06-05,0.5126
2009-06-08,0.5073
2009-06-09,0.5067
2009-06-10,0.5124
2009-06-11,0.5111
2009-06-12,0.514
2009-06-15,0.5063
2009-06-16,0.5033
2009-06-17,0.5032
2009-06-18,0.5014
2009-06-19,0.5003
2009-06-22,0.4941
2009-06-23,0.4985
2009-06-24,0.4988
2009-06-25,0.4992
2009-06-26,0.5046
2009-06-29,0.5078
2009-06-30,0.511
2009-07-01,0.5093
2009-07-02,0.5022
2009-07-03,0.4973
2009-07-06,0.4985
2009-07-07,0.5001
2009-07-08,0.4979
2009-07-09,0.5021
2009-07-10,0.5029
2009-07-13,0.504
2009-07-14,0.5048
2009-07-15,0.5012
2009-07-16,0.5015
2009-07-17,0.4981
2009-07-20,0.5051
2009-07-21,0.5059
2009-07-22,0.51
2009-07-23,0.5138
2009-07-24,0.5174
2009-07-27,0.5168
2009-07-28,0.5108
2009-07-29,0.5076
2009-07-31,0.5133
2009-08-03,0.5202
2009-08-04,0.5392
2009-08-05,0.5458
2009-08-06,0.5497
2009-08-07,0.5469
2009-08-10,0.5402
2009-08-11,0.5313
2009-08-12,0.5304
2009-08-13,0.534
2009-08-14,0.5314
2009-08-17,0.5203
2009-08-18,0.5279
2009-08-19,0.5276
2009-08-20,0.5317
2009-08-21,0.535
2009-08-24,0.5392
2009-08-25,0.5393
2009-08-26,0.5336
2009-08-27,0.5329
2009-08-28,0.5385
2009-08-31,0.5324
2009-09-01,0.5314
2009-09-02,0.5251
2009-09-03,0.5275
2009-09-04,0.5214
2009-09-07,0.529
2009-09-08,0.5378
2009-09-09,0.5367
2009-09-10,0.5371
2009-09-11,0.5423
2009-09-14,0.5357
2009-09-15,0.5362
2009-09-16,0.5411
2009-09-17,0.5464
2009-09-21,0.5412
2009-09-22,0.5462
2009-09-23,0.5467
2009-09-24,0.5455
2009-09-25,0.5437
2009-09-29,0.5372
2009-09-30,0.5394
2009-10-01,0.539
2009-10-02,0.5351
2009-10-05,0.5345
2009-10-06,0.536
2009-10-07,0.5365
2009-10-08,0.5363
2009-10-09,0.5343
2009-10-12,0.5342
2009-10-13,0.5334
2009-10-14,0.5363
2009-10-15,0.5345
2009-10-16,0.5343
2009-10-19,0.5321
2009-10-20,0.5329
2009-10-21,0.5366
2009-10-22,0.5369
2009-10-23,0.5428
2009-10-26,0.5444
2009-10-27,0.5376
2009-10-28,0.5306
2009-10-29,0.5358
2009-10-30,0.5343
2009-11-02,0.5367
2009-11-03,0.5324
2009-11-04,0.5365
2009-11-05,0.5373
2009-11-06,0.5415
2009-11-09,0.5448
2009-11-10,0.5477
2009-11-11,0.5513
2009-11-12,0.5491
2009-11-13,0.5503
2009-11-16,0.5512
2009-11-17,0.5496
2009-11-18,0.5525
2009-11-19,0.5476
2009-11-20,0.5515
2009-11-23,0.5528
2009-11-24,0.5476
2009-11-25,0.5478
2009-11-26,0.5442
2009-11-27,0.5429
2009-11-30,0.5444
2009-12-01,0.5461
2009-12-02,0.5503
2009-12-03,0.5533
2009-12-04,0.5488
2009-12-07,0.541
2009-12-08,0.5355
2009-12-09,0.5342
2009-12-10,0.5351
2009-12-11,0.5335
2009-12-14,0.5309
2009-12-15,0.5265
2009-12-16,0.5295
2009-12-17,0.524
2009-12-18,0.5226
2009-12-21,0.5243
2009-12-22,0.521
2009-12-23,0.519
2009-12-24,0.5258
2009-12-28,0.5249
2009-12-29,0.5278
2009-12-30,0.5277
2009-12-31,0.5304
2010-01-04,0.5318
2010-01-05,0.528
2010-01-06,0.5255
2010-01-07,0.5234
2010-01-08,0.5217
2010-01-11,0.5243
2010-01-12,0.524
2010-01-13,0.5241
2010-01-14,0.5241
2010-01-15,0.5231
2010-01-18,0.5236
2010-01-19,0.5214
2010-01-20,0.5179
2010-01-21,0.5159
2010-01-22,0.518
2010-01-25,0.5169
2010-01-26,0.512
2010-01-27,0.5128
2010-01-28,0.5128
2010-01-29,0.5085
2010-02-01,0.5112
2010-02-02,0.5117
2010-02-03,0.5139
2010-02-04,0.5085
2010-02-05,0.503
2010-02-08,0.5005
2010-02-09,0.5039
2010-02-10,0.5136
2010-02-11,0.5152
2010-02-12,0.5125
2010-02-15,0.5168
2010-02-16,0.5165
2010-02-17,0.5221
2010-02-18,0.5198
2010-02-19,0.5153
2010-02-22,0.521
2010-02-23,0.5221
2010-02-24,0.522
2010-02-25,0.5233
2010-02-26,0.5297
2010-03-02,0.5284
2010-03-03,0.5249
2010-03-04,0.5301
2010-03-05,0.5277
2010-03-08,0.5305
2010-03-09,0.5252
2010-03-10,0.5248
2010-03-11,0.523
2010-03-12,0.5259
2010-03-15,0.5245
2010-03-16,0.5251
2010-03-17,0.5254
2010-03-18,0.5246
2010-03-19,0.5253
2010-03-22,0.5178
2010-03-23,0.5183
2010-03-24,0.5157
2010-03-25,0.5179
2010-03-26,0.5182
2010-03-31,0.513
2010-04-01,0.514
2010-04-06,0.5132
2010-04-07,0.5128
2010-04-08,0.5082
2010-04-09,0.5113
2010-04-12,0.5139
2010-04-13,0.5129
2010-04-14,0.5177
2010-04-15,0.5161
2010-04-16,0.5177
2010-04-19,0.5155
2010-04-21,0.5198
2010-04-22,0.5187
2010-04-23,0.5164
2010-04-26,0.5175
2010-04-27,0.5188
2010-04-28,0.5134
2010-04-29,0.5128
2010-04-30,0.5142
2010-05-03,0.5136
2010-05-04,0.5121
2010-05-05,0.5035
2010-05-06,0.4959
2010-05-07,0.4894
2010-05-10,0.5035
2010-05-11,0.4935
2010-05-12,0.4958
2010-05-13,0.4961
2010-05-14,0.4935
2010-05-17,0.4845
2010-05-18,0.4867
2010-05-20,0.4851
2010-05-21,0.4844
2010-05-24,0.481
2010-05-25,0.4801
2010-05-26,0.4868
2010-05-27,0.4872
2010-05-28,0.4918
2010-06-01,0.4894
2010-06-02,0.4925
2010-06-03,0.4947
2010-06-04,0.4945
2010-06-07,0.4816
2010-06-08,0.4778
2010-06-09,0.4827
2010-06-10,0.4844
2010-06-11,0.4887
2010-06-14,0.49
2010-06-15,0.4862
2010-06-16,0.489
2010-06-17,0.4934
2010-06-18,0.4951
2010-06-21,0.4969
2010-06-22,0.4935
2010-06-23,0.4978
2010-06-24,0.4952
2010-06-25,0.4969
2010-06-28,0.5024
2010-06-29,0.4972
2010-06-30,0.4996
2010-07-01,0.5005
2010-07-02,0.5072
2010-07-05,0.5063
2010-07-06,0.5079
2010-07-07,0.5113
2010-07-08,0.5117
2010-07-09,0.5161
2010-07-12,0.5129
2010-07-13,0.5151
2010-07-14,0.5199
2010-07-15,0.5253
2010-07-16,0.5283
2010-07-19,0.5251
2010-07-21,0.5225
2010-07-22,0.5266
2010-07-23,0.5287
2010-07-26,0.5258
2010-07-27,0.5243
2010-07-28,0.5216
2010-07-29,0.5234
2010-07-30,0.5209
2010-08-02,0.5262
2010-08-03,0.5313
2010-08-04,0.5314
2010-08-05,0.529
2010-08-06,0.5305
2010-08-09,0.5302
2010-08-10,0.5278
2010-08-11,0.5197
2010-08-12,0.5145
2010-08-13,0.5137
2010-08-16,0.5133
2010-08-17,0.5151
2010-08-18,0.5153
2010-08-19,0.5145
2010-08-20,0.5111
2010-08-23,0.5136
2010-08-24,0.5123
2010-08-25,0.5093
2010-08-26,0.5153
2010-08-27,0.5189
2010-08-30,0.5169
2010-08-31,0.5169
2010-09-01,0.5202
2010-09-02,0.5214
2010-09-03,0.5216
2010-09-06,0.5222
2010-09-07,0.5174
2010-09-13,0.5266
2010-09-14,0.5257
2010-09-15,0.5293
2010-09-16,0.5283
2010-09-20,0.5289
2010-09-21,0.5336
2010-09-22,0.5405
2010-09-24,0.5374
2010-09-27,0.5403
2010-09-28,0.5375
2010-09-29,0.5452
2010-10-01,0.5452
2010-10-04,0.5386
2010-10-05,0.5382
2010-10-06,0.5353
2010-10-07,0.5393
2010-10-08,0.5387
2010-10-11,0.5409
2010-10-12,0.5411
2010-10-13,0.541
2010-10-14,0.5462
2010-10-15,0.5451
2010-10-18,0.5356
2010-10-19,0.5327
2010-10-20,0.5374
2010-10-21,0.5467
2010-10-22,0.5453
2010-10-25,0.5489
2010-10-26,0.5439
2010-10-27,0.5379
2010-10-28,0.5425
2010-10-29,0.5362
2010-11-01,0.5457
2010-11-02,0.5453
2010-11-03,0.5439
2010-11-04,0.5519
2010-11-05,0.5443
2010-11-08,0.5415
2010-11-09,0.5434
2010-11-10,0.5398
2010-11-11,0.5381
2010-11-12,0.5355
2010-11-15,0.5345
2010-11-16,0.5335
2010-11-17,0.5292
2010-11-18,0.5329
2010-11-19,0.5317
2010-11-22,0.529
2010-11-23,0.5264
2010-11-24,0.5242
2010-11-25,0.5244
2010-11-26,0.5241
2010-11-29,0.5246
2010-11-30,0.5223
2010-12-01,0.5254
2010-12-02,0.5249
2010-12-03,0.5271
2010-12-06,0.5297
2010-12-07,0.5312
2010-12-08,0.5259
2010-12-09,0.5249
2010-12-10,0.5244
2010-12-13,0.5243
2010-12-14,0.5296
2010-12-15,0.5278
2010-12-16,0.5272
2010-12-17,0.5304
2010-12-20,0.5284
2010-12-21,0.5268
2010-12-22,0.5247
2010-12-23,0.5254
2010-12-24,0.5257
2010-12-27,0.5246
2010-12-28,0.5268
2010-12-29,0.5229
2010-12-30,0.5232
2010-12-31,0.5288
2011-01-03,0.5284
2011-01-04,0.5265
2011-01-05,0.5233
2011-01-06,0.5229
2011-01-07,0.5205
2011-01-10,0.518
2011-01-11,0.518
2011-01-12,0.5182
2011-01-13,0.5288
2011-01-14,0.5301
2011-01-17,0.5297
2011-01-18,0.5301
2011-01-19,0.535
2011-01-20,0.5429
2011-01-21,0.547
2011-01-24,0.5493
2011-01-25,0.5528
2011-01-26,0.5559
2011-01-27,0.5675
2011-01-28,0.5696
2011-01-31,0.5728
2011-02-01,0.5767
2011-02-02,0.572
2011-02-03,0.5706
2011-02-04,0.5748
2011-02-07,0.5654
2011-02-08,0.5721
2011-02-09,0.5683
2011-02-10,0.5696
2011-02-11,0.5667
2011-02-14,0.5627
2011-02-15,0.5652
2011-02-16,0.5581
2011-02-17,0.5594
2011-02-18,0.565
2011-02-21,0.5619
2011-02-22,0.5651
2011-02-23,0.5678
2011-02-24,0.5714
2011-02-25,0.5724
2011-02-28,0.5704
2011-03-01,0.575
2011-03-02,0.5753
2011-03-03,0.5715
2011-03-04,0.5715
2011-03-07,0.5684
2011-03-08,0.5643
2011-03-09,0.5648
2011-03-10,0.5601
2011-03-11,0.5598
2011-03-14,0.5605
2011-03-15,0.5519
2011-03-16,0.5531
2011-03-17,0.5551
2011-03-18,0.5544
2011-03-22,0.5616
2011-03-23,0.5605
2011-03-24,0.5602
2011-03-25,0.5619
2011-03-28,0.5531
2011-03-29,0.5522
2011-03-30,0.5549
2011-03-31,0.5537
2011-04-01,0.5505
2011-04-04,0.5481
2011-04-05,0.5449
2011-04-06,0.5488
2011-04-07,0.5439
2011-04-08,0.5497
2011-04-11,0.5527
2011-04-12,0.5485
2011-04-13,0.5482
2011-04-14,0.5466
2011-04-15,0.5516
2011-04-20,0.5552
2011-04-21,0.56
2011-04-26,0.5592
2011-04-27,0.5623
2011-04-28,0.5653
2011-04-29,0.5654
2011-05-02,0.5613
2011-05-03,0.5608
2011-05-04,0.5593
2011-05-05,0.5571
2011-05-06,0.555
2011-05-09,0.5517
2011-05-11,0.5569
2011-05-12,0.5545
2011-05-13,0.5559
2011-05-16,0.554
2011-05-17,0.5564
2011-05-18,0.5598
2011-05-19,0.5555
2011-05-20,0.5573
2011-05-23,0.5532
2011-05-24,0.552
2011-05-25,0.552
2011-05-26,0.5523
2011-05-27,0.5569
2011-05-31,0.5566
2011-06-01,0.5545
2011-06-02,0.5497
2011-06-03,0.5468
2011-06-06,0.5488
2011-06-07,0.5472
2011-06-09,0.5445
2011-06-10,0.5417
2011-06-13,0.5405
2011-06-14,0.5374
2011-06-15,0.5351
2011-06-16,0.5338
2011-06-17,0.5331
2011-06-20,0.537
2011-06-21,0.5347
2011-06-22,0.5366
2011-06-23,0.5347
2011-06-24,0.5346
2011-06-27,0.5328
2011-06-28,0.5341
2011-06-29,0.5369
2011-06-30,0.5396
2011-07-01,0.5385
2011-07-04,0.541
2011-07-05,0.5444
2011-07-06,0.539
2011-07-07,0.5336
2011-07-08,0.5366
2011-07-11,0.5284
2011-07-12,0.5248
2011-07-13,0.5253
2011-07-14,0.5275
2011-07-15,0.5268
2011-07-18,0.5239
2011-07-19,0.5292
2011-07-20,0.5302
2011-07-21,0.5317
2011-07-22,0.54
2011-07-25,0.5375
2011-07-26,0.5426
2011-07-27,0.5419
2011-07-28,0.54
2011-07-29,0.5385
2011-08-01,0.5466
2011-08-02,0.5432
2011-08-03,0.5467
2011-08-04,0.5439
2011-08-05,0.5394
2011-08-08,0.5478
2011-08-10,0.5485
2011-08-11,0.5409
2011-08-12,0.5438
2011-08-15,0.5422
2011-08-16,0.5498
2011-08-17,0.5536
2011-08-18,0.5586
2011-08-19,0.5553
2011-08-22,0.5643
2011-08-23,0.5682
2011-08-24,0.572
2011-08-25,0.572
2011-08-26,0.5755
2011-08-29,0.5734
2011-08-30,0.5597
2011-08-31,0.5611
2011-09-01,0.5606
2011-09-02,0.5581
2011-09-05,0.5642
2011-09-06,0.5689
2011-09-07,0.5756
2011-09-08,0.5776
2011-09-09,0.5761
2011-09-12,0.5657
2011-09-13,0.5578
2011-09-14,0.5552
2011-09-15,0.5537
2011-09-16,0.5529
2011-09-19,0.5508
2011-09-20,0.5525
2011-09-21,0.5531
2011-09-22,0.5403
2011-09-23,0.5428
2011-09-26,0.5447
2011-09-27,0.5495
2011-10-03,0.5458
2011-10-04,0.5433
2011-10-05,0.5455
2011-10-06,0.54
2011-10-10,0.5462
2011-10-11,0.5503
2011-10-12,0.554
2011-10-14,0.5515
2011-10-17,0.5523
2011-10-18,0.5456
2011-10-19,0.5515
2011-10-21,0.5524
2011-10-24,0.5539
2011-10-25,0.5566
2011-10-26,0.5587
2011-10-27,0.5655
2011-10-28,0.567
2011-10-31,0.5587
2011-11-01,0.5533
2011-11-02,0.5541
2011-11-03,0.5576
2011-11-04,0.5581
2011-11-07,0.5568
2011-11-08,0.561
2011-11-09,0.5578
2011-11-10,0.5571
2011-11-11,0.559
2011-11-14,0.5575
2011-11-15,0.5519
2011-11-16,0.5505
2011-11-17,0.5479
2011-11-18,0.5511
2011-11-21,0.5482
2011-11-22,0.5499
2011-11-23,0.5458
2011-11-24,0.5461
2011-11-25,0.5437
2011-11-28,0.5485
2011-11-29,0.5476
2011-11-30,0.551
2011-12-01,0.5523
2011-12-02,0.5526
2011-12-05,0.5535
2011-12-06,0.5524
2011-12-07,0.5546
2011-12-08,0.5558
2011-12-09,0.5541
2011-12-12,0.5515
2011-12-13,0.5496
2011-12-14,0.5442
2011-12-15,0.5436
2011-12-16,0.5469
2011-12-19,0.5493
2011-12-20,0.5505
2011-12-21,0.5476
2011-12-22,0.5486
2011-12-23,0.5521
2011-12-27,0.5494
2011-12-28,0.5534
2011-12-29,0.5503
2011-12-30,0.5535
2012-01-03,0.5563
2012-01-04,0.5613
2012-01-05,0.5586
2012-01-06,0.556
2012-01-09,0.5541
2012-01-10,0.5549
2012-01-11,0.5552
2012-01-12,0.5521
2012-01-13,0.5536
2012-01-16,0.5501
2012-01-17,0.5551
2012-01-18,0.5537
2012-01-19,0.5577
2012-01-20,0.5584
2012-01-23,0.5589
2012-01-24,0.56
2012-01-25,0.5546
2012-01-26,0.5573
2012-01-27,0.5559
2012-01-30,0.5553
2012-01-31,0.5532
2012-02-01,0.5522
2012-02-02,0.5531
2012-02-03,0.5519
2012-02-06,0.5512
2012-02-07,0.555
2012-02-08,0.5564
2012-02-09,0.5596
2012-02-10,0.5588
2012-02-13,0.5588
2012-02-14,0.5612
2012-02-15,0.5593
2012-02-16,0.5558
2012-02-17,0.5582
2012-02-20,0.5607
2012-02-21,0.5605
2012-02-22,0.5638
2012-02-23,0.5662
2012-02-24,0.5697
2012-02-27,0.5769
2012-02-28,0.5764
2012-02-29,0.5746
2012-03-01,0.5714
2012-03-02,0.5701
2012-03-05,0.568
2012-03-06,0.5635
2012-03-07,0.5616
2012-03-12,0.556
2012-03-13,0.5552
2012-03-14,0.5572
2012-03-15,0.5549
2012-03-16,0.5548
2012-03-19,0.5573
2012-03-20,0.5561
2012-03-21,0.5568
2012-03-22,0.5546
2012-03-23,0.5546
2012-03-26,0.5545
2012-03-27,0.5577
2012-03-28,0.559
2012-03-29,0.5603
2012-03-30,0.56
2012-04-02,0.5631
2012-04-03,0.5651
2012-04-04,0.5589
2012-04-05,0.5558
2012-04-10,0.552
2012-04-11,0.5539
2012-04-12,0.5535
2012-04-16,0.5508
2012-04-17,0.5553
2012-04-18,0.5571
2012-04-19,0.5584
2012-04-20,0.558
2012-04-23,0.5581
2012-04-24,0.557
2012-04-25,0.5577
2012-04-27,0.5584
2012-04-30,0.556
2012-05-01,0.5604
2012-05-02,0.5598
2012-05-03,0.5594
2012-05-04,0.5577
2012-05-07,0.5564
2012-05-08,0.5569
2012-05-09,0.5571
2012-05-10,0.5529
2012-05-11,0.5486
2012-05-14,0.5474
2012-05-15,0.5432
2012-05-16,0.5352
2012-05-17,0.531
2012-05-18,0.5325
2012-05-21,0.536
2012-05-22,0.5358
2012-05-23,0.5377
2012-05-24,0.5374
2012-05-25,0.5376
2012-05-28,0.5391
2012-05-29,0.5409
2012-05-30,0.5389
2012-05-31,0.5364
2012-06-01,0.5362
2012-06-04,0.5374
2012-06-05,0.5398
2012-06-06,0.5402
2012-06-07,0.5417
2012-06-08,0.5378
2012-06-11,0.5465
2012-06-12,0.549
2012-06-13,0.5504
2012-06-14,0.5517
2012-06-15,0.5519
2012-06-18,0.551
2012-06-19,0.5507
2012-06-20,0.556
2012-06-21,0.5568
2012-06-22,0.5561
2012-06-25,0.5549
2012-06-26,0.5575
2012-06-27,0.5583
2012-06-28,0.557
2012-06-29,0.5627
2012-07-02,0.5645
2012-07-03,0.566
2012-07-04,0.5656
2012-07-05,0.5661
2012-07-06,0.5644
2012-07-09,0.5643
2012-07-10,0.5671
2012-07-11,0.5692
2012-07-12,0.5659
2012-07-13,0.5651
2012-07-16,0.5633
2012-07-17,0.5683
2012-07-18,0.5777
2012-07-19,0.5835
2012-07-20,0.5764
2012-07-23,0.579
2012-07-24,0.5839
2012-07-25,0.5838
2012-07-26,0.5894
2012-07-27,0.5961
2012-07-30,0.5918
2012-07-31,0.5873
2012-08-01,0.5884
2012-08-02,0.5879
2012-08-03,0.5903
2012-08-06,0.5899
2012-08-07,0.5958
2012-08-08,0.597
2012-08-09,0.5938
2012-08-10,0.5971
2012-08-13,0.606
2012-08-14,0.6038
2012-08-15,0.6032
2012-08-16,0.6027
2012-08-17,0.5992
2012-08-20,0.6026
2012-08-21,0.6054
2012-08-22,0.6027
2012-08-23,0.6039
2012-08-24,0.6094
2012-08-27,0.6122
2012-08-28,0.6111
2012-08-29,0.6045
2012-08-30,0.6077
2012-08-31,0.6035
2012-09-03,0.6012
2012-09-04,0.6006
2012-09-05,0.5989
2012-09-06,0.5978
2012-09-07,0.5948
2012-09-10,0.5997
2012-09-11,0.597
2012-09-12,0.6013
2012-09-13,0.6003
2012-09-14,0.5986
2012-09-19,0.597
2012-09-20,0.5974
2012-09-21,0.5961
2012-09-24,0.5943
2012-09-27,0.5983
2012-09-28,0.6
2012-10-02,0.5879
2012-10-03,0.5845
2012-10-04,0.5827
2012-10-05,0.5841
2012-10-09,0.5803
2012-10-10,0.5777
2012-10-11,0.5751
2012-10-12,0.5749
2012-10-15,0.5718
2012-10-16,0.5756
2012-10-17,0.5752
2012-10-18,0.5824
2012-10-19,0.5827
2012-10-22,0.5801
2012-10-23,0.5783
2012-10-24,0.5769
2012-10-25,0.5765
2012-10-26,0.5759
2012-10-29,0.5818
2012-10-30,0.5857
2012-10-31,0.5867
2012-11-01,0.5809
2012-11-02,0.5808
2012-11-05,0.5819
2012-11-06,0.5822
2012-11-07,0.581
2012-11-08,0.5841
2012-11-09,0.5802
2012-11-12,0.5817
2012-11-13,0.5794
2012-11-14,0.5778
2012-11-15,0.5835
2012-11-16,0.5835
2012-11-19,0.5821
2012-11-20,0.5816
2012-11-21,0.5804
2012-11-22,0.5787
2012-11-23,0.5809
2012-11-26,0.5838
2012-11-27,0.5781
2012-11-28,0.5783
2012-11-29,0.5778
2012-11-30,0.5726
2012-12-03,0.5718
2012-12-04,0.5789
2012-12-05,0.5752
2012-12-06,0.5775
2012-12-07,0.5755
2012-12-10,0.5735
2012-12-11,0.5714
2012-12-12,0.5715
2012-12-13,0.5653
2012-12-14,0.5687
2012-12-17,0.5679
2012-12-18,0.5688
2012-12-19,0.5741
2012-12-20,0.5752
2012-12-21,0.5744
2012-12-24,0.5746
2012-12-26,0.5751
2012-12-27,0.5734
2012-12-28,0.5715
2012-12-31,0.5733
2013-01-02,0.5746
2013-01-03,0.5736
2013-01-04,0.5774
2013-01-07,0.5802
2013-01-08,0.5758
2013-01-09,0.5757
2013-01-10,0.5778
2013-01-11,0.5766
2013-01-14,0.578
2013-01-15,0.578
2013-01-16,0.5741
2013-01-17,0.5756
2013-01-18,0.5725
2013-01-21,0.5723
2013-01-23,0.5716
2013-01-24,0.5706
2013-01-25,0.5744
2013-01-28,0.5775
2013-01-29,0.5816
2013-01-30,0.5857
2013-01-31,0.5862
2013-02-01,0.5835
2013-02-04,0.582
2013-02-05,0.5836
2013-02-06,0.5824
2013-02-07,0.581
2013-02-08,0.5764
2013-02-11,0.5769
2013-02-12,0.5797
2013-02-13,0.5867
2013-02-14,0.5807
2013-02-15,0.5818
2013-02-18,0.581
2013-02-19,0.5819
2013-02-20,0.5816
2013-02-21,0.5718
2013-02-22,0.5795
2013-02-26,0.5781
2013-02-27,0.579
2013-02-28,0.5751
2013-03-01,0.5812
2013-03-04,0.5793
2013-03-05,0.5834
2013-03-06,0.5848
2013-03-07,0.5842
2013-03-08,0.5814
2013-03-11,0.5756
2013-03-12,0.5757
2013-03-13,0.5778
2013-03-14,0.5712
2013-03-15,0.5748
2013-03-18,0.5729
2013-03-19,0.5713
2013-03-20,0.5706
2013-03-21,0.5681
2013-03-22,0.5628
2013-03-27,0.5598
2013-03-28,0.5588
2013-04-02,0.5586
2013-04-03,0.5571
2013-04-04,0.5538
2013-04-05,0.5582
2013-04-08,0.5637
2013-04-09,0.5654
2013-04-10,0.5705
2013-04-11,0.5718
2013-04-12,0.5704
2013-04-15,0.5673
2013-04-17,0.5617
2013-04-18,0.5573
2013-04-19,0.5564
2013-04-22,0.556
2013-04-23,0.5486
2013-04-24,0.5483
2013-04-25,0.5484
2013-04-26,0.5479
2013-04-29,0.5496
2013-04-30,0.5491
2013-05-01,0.5547
2013-05-02,0.5513
2013-05-03,0.5475
2013-05-06,0.5469
2013-05-07,0.5476
2013-05-08,0.5474
2013-05-09,0.5474
2013-05-10,0.5416
2013-05-13,0.541
2013-05-14,0.5482
2013-05-16,0.5467
2013-05-17,0.5458
2013-05-20,0.5491
2013-05-21,0.5513
2013-05-22,0.5549
2013-05-23,0.5552
2013-05-24,0.5563
2013-05-28,0.5584
2013-05-29,0.555
2013-05-30,0.5572
2013-05-31,0.5597
2013-06-03,0.5593
2013-06-04,0.5611
2013-06-05,0.5574
2013-06-06,0.5551
2013-06-07,0.5551
2013-06-10,0.5506
2013-06-11,0.5527
2013-06-12,0.5544
2013-06-13,0.5548
2013-06-14,0.5564
2013-06-17,0.5587
2013-06-18,0.5544
2013-06-19,0.5608
2013-06-20,0.5533
2013-06-21,0.5516
2013-06-24,0.5379
2013-06-25,0.5398
2013-06-26,0.5373
2013-06-27,0.542
2013-06-28,0.54
2013-07-01,0.5458
2013-07-02,0.5436
2013-07-03,0.5438
2013-07-04,0.5425
2013-07-05,0.5435
2013-07-08,0.5351
2013-07-09,0.5394
2013-07-10,0.5386
2013-07-11,0.5426
2013-07-12,0.5414
2013-07-15,0.5376
2013-07-17,0.5431
2013-07-18,0.5479
2013-07-19,0.5465
2013-07-22,0.5494
2013-07-23,0.5513
2013-07-24,0.5539
2013-07-25,0.5517
2013-07-26,0.5532
2013-07-29,0.5566
2013-07-30,0.5451
2013-07-31,0.5426
2013-08-01,0.5426
2013-08-02,0.541
2013-08-05,0.5402
2013-08-06,0.5407
2013-08-07,0.5413
2013-08-08,0.5447
2013-08-09,0.5444
2013-08-12,0.5435
2013-08-13,0.5447
2013-08-14,0.5475
2013-08-15,0.5493
2013-08-16,0.5466
2013-08-19,0.5474
2013-08-20,0.5486
2013-08-21,0.5474
2013-08-22,0.5488
2013-08-23,0.5489
2013-08-26,0.5522
2013-08-27,0.561
2013-08-28,0.5647
2013-08-29,0.5528
2013-08-30,0.5484
2013-09-02,0.5476
2013-09-03,0.5489
2013-09-09,0.546
2013-09-10,0.549
2013-09-11,0.5452
2013-09-12,0.5455
2013-09-16,0.5421
2013-09-17,0.5463
2013-09-18,0.5481
2013-09-20,0.5533
2013-09-23,0.5523
2013-09-24,0.5532
2013-09-25,0.5543
2013-09-27,0.5557
2013-09-30,0.5514
2013-10-01,0.5541
2013-10-02,0.5522
2013-10-03,0.5574
2013-10-04,0.5585
2013-10-07,0.5494
2013-10-08,0.5553
2013-10-09,0.5524
2013-10-10,0.5463
2013-10-11,0.5468
2013-10-14,0.5453
2013-10-15,0.5461
2013-10-16,0.546
2013-10-17,0.5495
2013-10-18,0.551
2013-10-21,0.55
2013-10-22,0.5505
2013-10-23,0.5514
2013-10-24,0.5558
2013-10-25,0.5571
2013-10-28,0.5579
2013-10-29,0.5531
2013-10-30,0.5524
2013-10-31,0.5459
2013-11-01,0.5419
2013-11-04,0.5433
2013-11-05,0.542
2013-11-06,0.5429
2013-11-07,0.5465
2013-11-08,0.5412
2013-11-11,0.5368
2013-11-12,0.5313
2013-11-13,0.5273
2013-11-14,0.5288
2013-11-15,0.5296
2013-11-18,0.533
2013-11-19,0.5312
2013-11-20,0.5369
2013-11-21,0.5383
2013-11-22,0.5402
2013-11-25,0.5416
2013-11-26,0.5395
2013-11-27,0.5402
2013-11-28,0.5379
2013-11-29,0.5374
2013-12-02,0.5383
2013-12-03,0.539
2013-12-04,0.5411
2013-12-05,0.5403
2013-12-06,0.5404
2013-12-09,0.5363
2013-12-10,0.5336
2013-12-11,0.5355
2013-12-12,0.5336
2013-12-13,0.5302
2013-12-16,0.5347
2013-12-17,0.5335
2013-12-18,0.5357
2013-12-19,0.5383
2013-12-20,0.5342
2013-12-23,0.5328
2013-12-24,0.53
2013-12-26,0.5319
2013-12-27,0.5362
2013-12-30,0.5376
2013-12-31,0.5409
2014-01-02,0.5375
2014-01-03,0.5381
2014-01-06,0.5374
2014-01-07,0.5391
2014-01-08,0.5356
2014-01-09,0.5335
2014-01-10,0.5363
2014-01-13,0.5372
2014-01-14,0.5408
2014-01-15,0.5399
2014-01-16,0.539
2014-01-17,0.5388
2014-01-20,0.539
2014-01-21,0.5377
2014-01-22,0.5379
2014-01-23,0.5424
2014-01-24,0.5408
2014-01-27,0.5412
2014-01-28,0.541
2014-01-29,0.54
2014-01-30,0.5378
2014-01-31,0.5362
2014-02-03,0.5378
2014-02-04,0.5413
2014-02-05,0.5412
2014-02-06,0.5455
2014-02-07,0.5422
2014-02-10,0.5438
2014-02-11,0.545
2014-02-12,0.547
2014-02-13,0.5456
2014-02-14,0.5432
2014-02-17,0.5443
2014-02-18,0.5411
2014-02-19,0.5398
2014-02-20,0.538
2014-02-21,0.5347
2014-02-24,0.5387
2014-02-25,0.5414
2014-02-26,0.5412
2014-02-27,0.5382
2014-02-28,0.5422
2014-03-03,0.5423
2014-03-04,0.5417
2014-03-05,0.5409
2014-03-06,0.5411
2014-03-07,0.542
2014-03-10,0.5436
2014-03-11,0.5448
2014-03-12,0.5434
2014-03-13,0.5459
2014-03-14,0.5437
2014-03-18,0.5455
2014-03-19,0.5456
2014-03-20,0.5422
2014-03-21,0.5422
2014-03-24,0.5414
2014-03-25,0.544
2014-03-26,0.5406
2014-03-27,0.5402
2014-03-28,0.5404
2014-03-31,0.5378
2014-04-01,0.5386
2014-04-02,0.538
2014-04-03,0.5325
2014-04-04,0.532
2014-04-07,0.5339
2014-04-08,0.5344
2014-04-09,0.5341
2014-04-10,0.5311
2014-04-11,0.5302
2014-04-16,0.5289
2014-04-17,0.5283
2014-04-22,0.5294
2014-04-23,0.5314
2014-04-24,0.5301
2014-04-25,0.5278
2014-04-28,0.5333
2014-04-29,0.5306
2014-04-30,0.5292
2014-05-01,0.5324
2014-05-02,0.5296
2014-05-05,0.5291
2014-05-07,0.5308
2014-05-08,0.5312
2014-05-09,0.5296
2014-05-12,0.5275
2014-05-13,0.5267
2014-05-14,0.527
2014-05-15,0.5255
2014-05-16,0.5268
2014-05-19,0.5233
2014-05-20,0.5263
2014-05-21,0.5305
2014-05-22,0.5296
2014-05-23,0.526
2014-05-27,0.5252
2014-05-28,0.5254
2014-05-29,0.5244
2014-05-30,0.521
2014-06-02,0.5202
2014-06-03,0.5191
2014-06-05,0.5222
2014-06-06,0.5206
2014-06-09,0.5189
2014-06-10,0.517
2014-06-11,0.5183
2014-06-12,0.5163
2014-06-13,0.5189
2014-06-16,0.5203
2014-06-17,0.5202
2014-06-18,0.5206
2014-06-19,0.5168
2014-06-20,0.5129
2014-06-23,0.514
2014-06-24,0.5114
2014-06-25,0.5104
2014-06-26,0.5093
2014-06-27,0.5087
2014-06-30,0.5114
2014-07-01,0.5114
2014-07-02,0.5117
2014-07-03,0.5014
2014-07-04,0.4988
2014-07-07,0.4996
2014-07-08,0.5016
2014-07-09,0.5048
2014-07-10,0.5067
2014-07-11,0.5057
2014-07-14,0.5045
2014-07-15,0.5005
2014-07-16,0.4986
2014-07-17,0.499
2014-07-18,0.5019
2014-07-21,0.4993
2014-07-22,0.4987
2014-07-23,0.4996
2014-07-24,0.4977
2014-07-25,0.5026
2014-07-28,0.5028
2014-07-29,0.5012
2014-07-30,0.4976
2014-07-31,0.4977
2014-08-01,0.496
2014-08-04,0.4957
2014-08-06,0.495
2014-08-07,0.5
2014-08-08,0.5021
2014-08-11,0.5059
2014-08-12,0.5058
2014-08-13,0.5079
2014-08-14,0.5052
2014-08-15,0.5057
2014-08-18,0.5117
2014-08-19,0.5139
2014-08-20,0.5117
2014-08-21,0.5118
2014-08-22,0.5108
2014-08-25,0.5113
2014-08-26,0.515
2014-08-27,0.5141
2014-08-28,0.5101
2014-08-29,0.5126
2014-09-01,0.5114
2014-09-02,0.5104
2014-09-03,0.5116
2014-09-04,0.5094
2014-09-05,0.5091
2014-09-08,0.5078
2014-09-09,0.5079
2014-09-10,0.5094
2014-09-11,0.5103
2014-09-12,0.5098
2014-09-15,0.5079
2014-09-16,0.5102
2014-09-17,0.511
2014-09-18,0.5113
2014-09-19,0.5121
2014-09-22,0.5124
2014-09-23,0.5139
2014-09-29,0.5088
2014-09-30,0.5082
2014-10-01,0.5087
2014-10-02,0.5068
2014-10-06,0.5066
2014-10-07,0.5152
2014-10-08,0.5182
2014-10-10,0.5155
2014-10-13,0.5182
2014-10-14,0.5192
2014-10-15,0.513
2014-10-17,0.5175
2014-10-20,0.5199
2014-10-21,0.5171
2014-10-22,0.5157
2014-10-23,0.5191
2014-10-24,0.5216
2014-10-27,0.5197
2014-10-28,0.5102
2014-10-29,0.5126
2014-10-30,0.5123
2014-10-31,0.5149
2014-11-03,0.5134
2014-11-04,0.513
2014-11-05,0.5141
2014-11-06,0.5152
2014-11-07,0.5127
2014-11-10,0.5128
2014-11-11,0.5157
2014-11-12,0.5157
2014-11-13,0.5141
2014-11-14,0.5143
2014-11-17,0.5168
2014-11-18,0.52
2014-11-19,0.5199
2014-11-20,0.5201
2014-11-21,0.5183
2014-11-24,0.5186
2014-11-25,0.518
2014-11-26,0.5207
2014-11-27,0.5234
2014-11-28,0.522
2014-12-01,0.5271
2014-12-02,0.5315
2014-12-03,0.5308
2014-12-04,0.5283
2014-12-05,0.5275
2014-12-08,0.5258
2014-12-09,0.5242
2014-12-10,0.5239
2014-12-11,0.5227
2014-12-12,0.5165
2014-12-15,0.5188
2014-12-16,0.5181
2014-12-17,0.5135
2014-12-18,0.5142
2014-12-19,0.5087
2014-12-22,0.5056
2014-12-23,0.5034
2014-12-24,0.501
2014-12-29,0.5005
2014-12-30,0.501
2014-12-31,0.5036
2015-01-02,0.5
2015-01-05,0.4966
2015-01-06,0.5004
2015-01-07,0.4985
2015-01-08,0.4965
2015-01-09,0.4917
2015-01-12,0.4888
2015-01-13,0.4913
2015-01-14,0.4881
2015-01-15,0.4824
2015-01-16,0.4821
2015-01-19,0.4852
2015-01-20,0.4826
2015-01-21,0.4834
2015-01-22,0.4848
2015-01-23,0.4778
2015-01-26,0.4795
2015-01-27,0.483
2015-01-28,0.4825
2015-01-29,0.4764
2015-01-30,0.4752
2015-02-02,0.4769
2015-02-03,0.4742
2015-02-04,0.473
2015-02-05,0.4681
2015-02-06,0.4691
2015-02-09,0.4627
2015-02-10,0.4637
2015-02-11,0.4623
2015-02-12,0.4594
2015-02-13,0.4605
2015-02-16,0.4637
2015-02-17,0.4631
2015-02-18,0.459
2015-02-19,0.4569
2015-02-20,0.4585
2015-02-23,0.4559
2015-02-24,0.4707
2015-02-25,0.4714
2015-02-26,0.4744
2015-02-27,0.4752
2015-03-02,0.4779
2015-03-03,0.4795
2015-03-04,0.4795
2015-03-09,0.4744
2015-03-10,0.4732
2015-03-11,0.4705
2015-03-12,0.4695
2015-03-13,0.4663
2015-03-16,0.4631
2015-03-18,0.4646
2015-03-19,0.4596
2015-03-20,0.4661
2015-03-23,0.4702
2015-03-24,0.4638
2015-03-25,0.4658
2015-03-26,0.465
2015-03-27,0.4625
2015-03-30,0.4619
2015-03-31,0.46
2015-04-01,0.4611
2015-04-02,0.4577
2015-04-07,0.4578
2015-04-08,0.4567
2015-04-09,0.4535
2015-04-13,0.452
2015-04-14,0.4512
2015-04-15,0.4526
2015-04-16,0.4549
2015-04-17,0.4586
2015-04-20,0.4531
2015-04-21,0.4533
2015-04-22,0.4574
2015-04-24,0.4563
2015-04-27,0.4554
2015-04-28,0.4532
2015-04-29,0.4608
2015-04-30,0.4657
2015-05-01,0.4654
2015-05-04,0.4638
2015-05-05,0.4629
2015-05-06,0.4662
2015-05-07,0.4704
2015-05-08,0.4676
2015-05-11,0.466
2015-05-12,0.4662
2015-05-13,0.4647
2015-05-14,0.4644
2015-05-15,0.463
2015-05-18,0.4648
2015-05-19,0.4635
2015-05-20,0.4635
2015-05-21,0.465
2015-05-22,0.4678
2015-05-26,0.4604
2015-05-27,0.4544
2015-05-28,0.458
2015-05-29,0.4571
2015-06-01,0.4521
2015-06-02,0.4533
2015-06-03,0.4571
2015-06-04,0.4651
2015-06-05,0.462
2015-06-08,0.4602
2015-06-09,0.4607
2015-06-10,0.4608
2015-06-11,0.4664
2015-06-12,0.4659
2015-06-15,0.4687
2015-06-16,0.4688
2015-06-17,0.4697
2015-06-18,0.4735
2015-06-19,0.47
2015-06-22,0.4713
2015-06-23,0.4596
2015-06-24,0.4578
2015-06-25,0.4578
2015-06-26,0.4596
2015-06-29,0.4567
2015-06-30,0.4576
2015-07-01,0.4543
2015-07-02,0.4481
2015-07-03,0.4471
2015-07-06,0.4437
2015-07-07,0.4444
2015-07-08,0.4453
2015-07-09,0.4469
2015-07-10,0.4467
2015-07-13,0.4461
2015-07-14,0.4428
2015-07-15,0.4428
2015-07-16,0.4443
2015-07-17,0.4425
2015-07-20,0.4423
2015-07-21,0.4416
2015-07-22,0.4436
2015-07-23,0.4452
2015-07-24,0.4453
2015-07-27,0.4454
2015-07-28,0.4415
2015-07-29,0.4414
2015-07-30,0.4372
2015-07-31,0.4386
2015-08-03,0.4363
2015-08-04,0.4383
2015-08-05,0.4363
2015-08-06,0.4363
2015-08-07,0.4342
2015-08-10,0.4339
2015-08-11,0.4394
2015-08-12,0.4436
2015-08-13,0.447
2015-08-14,0.4468
2015-08-17,0.4479
2015-08-18,0.4495
2015-08-19,0.4525
2015-08-20,0.457
2015-08-21,0.4573
2015-08-24,0.469
2015-08-25,0.4663
2015-08-26,0.4629
2015-08-27,0.4628
2015-08-28,0.4651
2015-08-31,0.4634
2015-09-01,0.4654
2015-09-02,0.465
2015-09-03,0.4709
2015-09-04,0.4655
2015-09-07,0.4652
2015-09-08,0.4648
2015-09-09,0.4591
2015-09-10,0.4649
2015-09-11,0.4656
2015-09-16,0.4679
2015-09-17,0.4698
2015-09-18,0.4729
2015-09-21,0.4734
2015-09-24,0.4704
2015-09-25,0.4688
2015-09-29,0.4671
2015-09-30,0.4691
2015-10-01,0.4675
2015-10-02,0.4678
2015-10-06,0.4666
2015-10-07,0.4666
2015-10-08,0.4675
2015-10-09,0.4685
2015-10-12,0.4689
2015-10-13,0.4747
2015-10-14,0.4736
2015-10-15,0.4684
2015-10-16,0.4631
2015-10-19,0.4641
2015-10-20,0.4659
2015-10-21,0.4652
2015-10-22,0.4632
2015-10-23,0.4582
2015-10-26,0.4584
2015-10-27,0.4554
2015-10-28,0.4597
2015-10-29,0.4549
2015-10-30,0.454
2015-11-02,0.454
2015-11-03,0.4536
2015-11-04,0.4529
2015-11-05,0.4497
2015-11-06,0.4497
2015-11-09,0.4519
2015-11-10,0.4518
2015-11-11,0.4494
2015-11-12,0.4487
2015-11-13,0.449
2015-11-16,0.4486
2015-11-17,0.4468
2015-11-18,0.4475
2015-11-19,0.4474
2015-11-20,0.4461
2015-11-23,0.4471
2015-11-24,0.4451
2015-11-25,0.4431
2015-11-26,0.4446
2015-11-27,0.4456
2015-11-30,0.4455
2015-12-01,0.4465
2015-12-02,0.4461
2015-12-03,0.4464
2015-12-04,0.4529
2015-12-07,0.452
2015-12-08,0.4557
2015-12-09,0.4592
2015-12-10,0.4559
2015-12-11,0.4543
2015-12-14,0.4529
2015-12-15,0.4566
2015-12-16,0.4565
2015-12-17,0.4544
2015-12-18,0.4555
2015-12-21,0.456
2015-12-22,0.4614
2015-12-23,0.4611
2015-12-24,0.464
2015-12-28,0.4641
2015-12-29,0.4649
2015-12-30,0.4643
2015-12-31,0.4622
2016-01-04,0.4657
2016-01-05,0.4589
2016-01-06,0.4584
2016-01-07,0.4605
2016-01-08,0.4617
2016-01-11,0.4616
2016-01-12,0.462
2016-01-13,0.4603
2016-01-14,0.463
2016-01-15,0.4611
2016-01-18,0.4613
2016-01-19,0.4612
2016-01-20,0.4651
2016-01-21,0.4637
2016-01-22,0.4631
2016-01-25,0.4643
2016-01-26,0.4649
2016-01-27,0.4666
2016-01-28,0.4643
2016-01-29,0.463
2016-02-01,0.4626
2016-02-02,0.4624
2016-02-03,0.4633
2016-02-04,0.4654
2016-02-05,0.4627
2016-02-08,0.4587
2016-02-09,0.4591
2016-02-10,0.4583
2016-02-11,0.4628
2016-02-12,0.4618
2016-02-15,0.4587
2016-02-16,0.461
2016-02-17,0.459
2016-02-18,0.4607
2016-02-19,0.463
2016-02-22,0.4608
2016-02-23,0.4599
2016-02-24,0.4595
2016-02-25,0.4594
2016-02-26,0.4585
2016-02-29,0.4567
2016-03-01,0.4533
2016-03-02,0.4512
2016-03-03,0.4513
2016-03-04,0.4558
2016-03-07,0.459
2016-03-08,0.4603
2016-03-09,0.4611
2016-03-10,0.4588
2016-03-11,0.463
2016-03-14,0.4645
2016-03-15,0.4677
2016-03-16,0.468
2016-03-17,0.4694
2016-03-18,0.4695
2016-03-21,0.4693
2016-03-22,0.4676
2016-03-23,0.4647
2016-03-28,0.4626
2016-03-29,0.4622
2016-03-30,0.4641
2016-03-31,0.4646
2016-04-01,0.4669
2016-04-04,0.4654
2016-04-05,0.4665
2016-04-06,0.4673
2016-04-07,0.4656
2016-04-08,0.4643
2016-04-11,0.4641
2016-04-12,0.466
2016-04-13,0.4652
2016-04-14,0.465
2016-04-15,0.4643
2016-04-18,0.4645
2016-04-19,0.465
2016-04-20,0.4663
2016-04-21,0.4643
2016-04-25,0.4636
2016-04-26,0.464
2016-04-27,0.4644
2016-04-28,0.467
2016-05-02,0.4686
2016-05-03,0.4704
2016-05-04,0.4677
2016-05-05,0.4668
2016-05-06,0.4671
2016-05-09,0.4639
2016-05-10,0.4639
2016-05-11,0.4624
2016-05-13,0.4589
2016-05-16,0.4624
2016-05-17,0.4621
2016-05-18,0.4627
2016-05-19,0.4619
2016-05-20,0.4646
2016-05-23,0.465
2016-05-24,0.464
2016-05-25,0.4636
2016-05-26,0.462
2016-05-27,0.4637
2016-05-31,0.4622
2016-06-01,0.4627
2016-06-02,0.4641
2016-06-03,0.4655
2016-06-06,0.4702
2016-06-07,0.4696
2016-06-08,0.4716
2016-06-09,0.4718
2016-06-10,0.4682
2016-06-13,0.4681
2016-06-14,0.4648
2016-06-15,0.4659
2016-06-16,0.461
2016-06-17,0.463
2016-06-20,0.4671
2016-06-21,0.468
2016-06-22,0.465
2016-06-23,0.4675
2016-06-24,0.4584
2016-06-27,0.4578
2016-06-28,0.4565
2016-06-29,0.4535
2016-06-30,0.4542
2016-07-01,0.4536
2016-07-04,0.4566
2016-07-05,0.4574
2016-07-06,0.4554
2016-07-07,0.4531
2016-07-08,0.4534
2016-07-11,0.4527
2016-07-12,0.4551
2016-07-13,0.4543
2016-07-14,0.4545
2016-07-15,0.4528
2016-07-18,0.451
2016-07-19,0.4494
2016-07-20,0.4488
2016-07-21,0.4484
2016-07-22,0.4462
2016-07-25,0.4449
2016-07-26,0.4448
2016-07-27,0.4427
2016-07-28,0.4452
2016-07-29,0.4433
2016-08-01,0.4434
2016-08-02,0.4467
2016-08-03,0.4501
2016-08-04,0.4473
2016-08-05,0.4484
2016-08-08,0.4464
2016-08-09,0.4469
2016-08-10,0.4493
2016-08-11,0.4502
2016-08-12,0.451
2016-08-15,0.45
2016-08-16,0.4501
2016-08-17,0.4502
2016-08-18,0.4518
2016-08-19,0.4506
2016-08-22,0.4503
2016-08-23,0.451
2016-08-24,0.4494
2016-08-25,0.4482
2016-08-26,0.4469
2016-08-29,0.4465
2016-08-30,0.4446
2016-08-31,0.4435
2016-09-01,0.4407
2016-09-02,0.4397
2016-09-05,0.4402
2016-09-06,0.4411
2016-09-07,0.4455
2016-09-08,0.4463
2016-09-09,0.4448
2016-09-12,0.4427
2016-09-13,0.4447
2016-09-14,0.4454
2016-09-15,0.4447
2016-09-16,0.4423
2016-09-19,0.4405
2016-09-20,0.441
2016-09-21,0.44
2016-09-22,0.4407
2016-09-23,0.4404
2016-09-26,0.4411
2016-09-27,0.4374
2016-09-28,0.4378
2016-09-29,0.438
2016-09-30,0.4373
2016-10-05,0.4405
2016-10-06,0.4394
2016-10-07,0.4379
2016-10-10,0.4378
2016-10-13,0.4319
2016-10-14,0.433
2016-10-18,0.4338
2016-10-19,0.4332
2016-10-20,0.4342
2016-10-21,0.4321
2016-10-25,0.4314
2016-10-26,0.4305
2016-10-27,0.428
2016-10-28,0.4271
2016-10-31,0.4274
2016-11-01,0.4267
2016-11-02,0.4268
2016-11-03,0.4282
2016-11-04,0.4247
2016-11-07,0.423
2016-11-08,0.4246
2016-11-09,0.422
2016-11-10,0.4238
2016-11-11,0.423
2016-11-14,0.4226
2016-11-15,0.4204
2016-11-16,0.4192
2016-11-17,0.4197
2016-11-18,0.4177
2016-11-21,0.4187
2016-11-22,0.4189
2016-11-23,0.4191
2016-11-24,0.4189
2016-11-25,0.4191
2016-11-28,0.4177
2016-11-29,0.4175
2016-11-30,0.4187
2016-12-01,0.4158
2016-12-02,0.4158
2016-12-05,0.4175
2016-12-06,0.417
2016-12-07,0.4176
2016-12-08,0.4183
2016-12-09,0.4176
2016-12-12,0.4168
2016-12-13,0.4155
2016-12-14,0.4154
2016-12-15,0.4103
2016-12-16,0.4101
2016-12-19,0.4122
2016-12-20,0.4116
2016-12-21,0.4141
2016-12-22,0.415
2016-12-23,0.4139
2016-12-27,0.4163
2016-12-28,0.418
2016-12-29,0.4209
2016-12-30,0.4227
2017-01-03,0.4207
2017-01-04,0.4227
2017-01-05,0.4247
2017-01-06,0.4264
2017-01-09,0.4241
2017-01-10,0.4257
2017-01-11,0.423
2017-01-12,0.4287
2017-01-13,0.4279
2017-01-16,0.4272
2017-01-17,0.4297
2017-01-18,0.4273
2017-01-19,0.4258
2017-01-20,0.4268
2017-01-23,0.4285
2017-01-24,0.4286
2017-01-25,0.429
2017-01-26,0.4292
2017-01-27,0.4292
2017-01-30,0.4266
2017-01-31,0.429
2017-02-01,0.4316
2017-02-02,0.4317
2017-02-03,0.4277
2017-02-06,0.4253
2017-02-07,0.4224
2017-02-08,0.4221
2017-02-09,0.4226
2017-02-10,0.4207
2017-02-13,0.4205
2017-02-14,0.4205
2017-02-15,0.4184
2017-02-16,0.4173
2017-02-17,0.4179
2017-02-20,0.4158
2017-02-21,0.4125
2017-02-22,0.4114
2017-02-23,0.4125
2017-02-24,0.4123
2017-02-27,0.4078
2017-02-28,0.4055
2017-03-01,0.4013
2017-03-02,0.4073
2017-03-03,0.4077
2017-03-06,0.4087
2017-03-07,0.4083
2017-03-08,0.4086
2017-03-09,0.4078
2017-03-10,0.4072
2017-03-14,0.4097
2017-03-15,0.4068
2017-03-16,0.4096
2017-03-17,0.4129
2017-03-20,0.4094
2017-03-21,0.4114
2017-03-22,0.4143
2017-03-23,0.4137
2017-03-24,0.4135
2017-03-27,0.4123
2017-03-28,0.4116
2017-03-29,0.4092
2017-03-30,0.406
2017-03-31,0.4067
2017-04-03,0.4064
2017-04-04,0.4042
2017-04-05,0.4073
2017-04-06,0.4055
2017-04-07,0.4045
2017-04-12,0.4048
2017-04-13,0.4058
2017-04-18,0.408
2017-04-19,0.4092
2017-04-20,0.4091
2017-04-21,0.4098
2017-04-24,0.4143
2017-04-25,0.4138
2017-04-26,0.4144
2017-04-27,0.4116
2017-04-28,0.4093
2017-05-03,0.4092
2017-05-04,0.4101
2017-05-05,0.4088
2017-05-08,0.4087
2017-05-09,0.4065
2017-05-10,0.404
2017-05-11,0.407
2017-05-12,0.4062
2017-05-15,0.4078
2017-05-16,0.4099
2017-05-17,0.4104
2017-05-18,0.4108
2017-05-19,0.4094
2017-05-22,0.4113
2017-05-23,0.4138
2017-05-24,0.4129
2017-05-25,0.4122
2017-05-26,0.4117
2017-05-30,0.4069
2017-06-01,0.4072
2017-06-02,0.4097
2017-06-05,0.409
2017-06-06,0.4091
2017-06-07,0.4065
2017-06-08,0.4059
2017-06-09,0.4044
2017-06-12,0.4055
2017-06-13,0.4062
2017-06-14,0.406
2017-06-15,0.404
2017-06-16,0.4038
2017-06-19,0.4049
2017-06-20,0.404
2017-06-21,0.4037
2017-06-22,0.4053
2017-06-23,0.4046
2017-06-26,0.405
2017-06-27,0.4047
2017-06-28,0.4097
2017-06-29,0.4101
2017-06-30,0.413
2017-07-03,0.4123
2017-07-04,0.4119
2017-07-05,0.4146
2017-07-06,0.4174
2017-07-07,0.4178
2017-07-10,0.4203
2017-07-11,0.4228
2017-07-12,0.4224
2017-07-13,0.4227
2017-07-14,0.4238
2017-07-17,0.4258
2017-07-18,0.4302
2017-07-19,0.4327
2017-07-20,0.4291
2017-07-21,0.4313
2017-07-24,0.436
2017-07-25,0.4356
2017-07-26,0.4345
2017-07-27,0.4344
2017-07-28,0.4374
2017-07-31,0.4373
2017-08-02,0.4411
2017-08-03,0.4426
2017-08-04,0.4461
2017-08-07,0.4444
2017-08-08,0.4432
2017-08-09,0.4392
2017-08-10,0.4407
2017-08-11,0.4396
2017-08-14,0.4418
2017-08-15,0.4445
2017-08-16,0.4476
2017-08-17,0.4464
2017-08-18,0.446
2017-08-21,0.4474
2017-08-22,0.4464
2017-08-23,0.447
2017-08-24,0.4457
2017-08-25,0.446
2017-08-28,0.4489
2017-08-29,0.4506
2017-08-30,0.4494
2017-08-31,0.4492
2017-09-01,0.449
2017-09-04,0.4501
2017-09-05,0.448
2017-09-06,0.4471
2017-09-07,0.4436
2017-09-08,0.4432
2017-09-11,0.4425
2017-09-12,0.444
2017-09-13,0.4436
2017-09-14,0.4409
2017-09-15,0.4406
2017-09-18,0.4418
2017-09-19,0.4422
2017-09-25,0.4374
2017-09-26,0.4353
2017-09-27,0.4339
2017-09-28,0.4337
2017-10-02,0.4328
2017-10-03,0.4333
2017-10-04,0.4342
2017-10-06,0.4319
2017-10-09,0.4325
2017-10-10,0.4333
2017-10-11,0.4349
2017-10-13,0.4313
2017-10-16,0.4303
2017-10-17,0.4311
2017-10-18,0.4302
2017-10-19,0.4298
2017-10-20,0.4278
2017-10-23,0.4253
2017-10-24,0.4266
2017-10-25,0.4272
2017-10-26,0.4267
2017-10-27,0.423
2017-10-30,0.4225
2017-10-31,0.4206
2017-11-01,0.4183
2017-11-02,0.4185
2017-11-03,0.418
2017-11-06,0.4163
2017-11-07,0.4167
2017-11-08,0.4184
2017-11-09,0.4196
2017-11-10,0.4213
2017-11-13,0.4227
2017-11-14,0.4216
2017-11-15,0.4191
2017-11-16,0.4194
2017-11-17,0.4186
2017-11-20,0.4159
2017-11-21,0.4154
2017-11-22,0.4194
2017-11-23,0.422
2017-11-24,0.4229
2017-11-27,0.4221
2017-11-28,0.4205
2017-11-29,0.418
2017-11-30,0.4177
2017-12-01,0.4176
2017-12-04,0.4156
2017-12-05,0.415
2017-12-06,0.4179
2017-12-07,0.4163
2017-12-08,0.4141
2017-12-11,0.4144
2017-12-12,0.4198
2017-12-13,0.42
2017-12-14,0.4201
2017-12-15,0.418
2017-12-18,0.4153
2017-12-19,0.4155
2017-12-20,0.4183
2017-12-21,0.4148
2017-12-22,0.4158
2017-12-26,0.4173
2017-12-27,0.4192
2017-12-28,0.4209
2017-12-29,0.4221
2018-01-02,0.4243
2018-01-03,0.4232
2018-01-04,0.4239
2018-01-05,0.4226
2018-01-08,0.4202
2018-01-09,0.4182
2018-01-10,0.4191
2018-01-11,0.4189
2018-01-12,0.4209
2018-01-15,0.4247
2018-01-16,0.4245
2018-01-17,0.4282
2018-01-18,0.4268
2018-01-19,0.4252
2018-01-22,0.4258
2018-01-23,0.4255
2018-01-24,0.4272
2018-01-25,0.43
2018-01-26,0.4299
2018-01-29,0.4318
2018-01-30,0.4315
2018-01-31,0.4344
2018-02-01,0.4353
2018-02-02,0.4364
2018-02-05,0.4355
2018-02-06,0.436
2018-02-07,0.4364
2018-02-08,0.4329
2018-02-09,0.4335
2018-02-12,0.4358
2018-02-13,0.4384
2018-02-14,0.4396
2018-02-15,0.4437
2018-02-16,0.4471
2018-02-19,0.4413
2018-02-20,0.4335
2018-02-21,0.4323
2018-02-22,0.43
2018-02-23,0.4276
2018-02-26,0.4292
2018-02-27,0.4246
2018-02-28,0.4222
2018-03-05,0.4185
2018-03-06,0.4211
2018-03-07,0.4203
2018-03-08,0.4188
2018-03-09,0.4185
2018-03-12,0.4162
2018-03-13,0.4188
2018-03-14,0.4192
2018-03-15,0.4207
2018-03-16,0.4217
2018-03-19,0.4232
2018-03-20,0.4253
2018-03-21,0.4254
2018-03-22,0.4245
2018-03-23,0.422
2018-03-26,0.4257
2018-03-27,0.4234
2018-03-28,0.4219
2018-03-29,0.421
2018-04-03,0.4196
2018-04-04,0.4206
2018-04-05,0.4214
2018-04-09,0.4211
2018-04-10,0.421
2018-04-11,0.4233
2018-04-12,0.4177
2018-04-13,0.4172
2018-04-16,0.4163
2018-04-17,0.4186
2018-04-18,0.4179
2018-04-20,0.4189
2018-04-23,0.4176
2018-04-24,0.4188
2018-04-25,0.4196
2018-04-26,0.417
2018-04-27,0.4121
2018-04-30,0.413
2018-05-01,0.4088
2018-05-02,0.4071
2018-05-03,0.4101
2018-05-04,0.4108
2018-05-07,0.4094
2018-05-08,0.4087
2018-05-09,0.4118
2018-05-10,0.4123
2018-05-11,0.4144
2018-05-14,0.4163
2018-05-15,0.4161
2018-05-16,0.4106
2018-05-17,0.4113
2018-05-18,0.4113
2018-05-21,0.4095
2018-05-22,0.4122
2018-05-23,0.4071
2018-05-24,0.4081
2018-05-25,0.4098
2018-05-29,0.4018
2018-05-30,0.4046
2018-05-31,0.4055
2018-06-01,0.4048
2018-06-04,0.4075
2018-06-05,0.4073
2018-06-06,0.4081
2018-06-07,0.4118
2018-06-08,0.4083
2018-06-11,0.4103
2018-06-12,0.4145
2018-06-13,0.4164
2018-06-14,0.4177
2018-06-15,0.4115
2018-06-18,0.4111
2018-06-19,0.4079
2018-06-20,0.4094
2018-06-21,0.4051
2018-06-22,0.4085
2018-06-25,0.4075
2018-06-26,0.4098
2018-06-27,0.4093
2018-06-28,0.4056
2018-06-29,0.4088
2018-07-02,0.4082
2018-07-03,0.4133
2018-07-04,0.4143
2018-07-05,0.4149
2018-07-06,0.4146
2018-07-09,0.416
2018-07-10,0.4159
2018-07-11,0.4142
2018-07-12,0.4118
2018-07-13,0.4093
2018-07-16,0.4129
2018-07-17,0.4128
2018-07-18,0.4108
2018-07-19,0.4089
2018-07-20,0.4091
2018-07-23,0.4112
2018-07-24,0.4135
2018-07-25,0.4137
2018-07-26,0.4149
2018-07-27,0.4142
2018-07-30,0.4186
2018-07-31,0.419
2018-08-01,0.4171
2018-08-02,0.4161
2018-08-03,0.4141
2018-08-06,0.4153
2018-08-07,0.4147
2018-08-08,0.4118
2018-08-09,0.4107
2018-08-10,0.4057
2018-08-13,0.4056
2018-08-14,0.4065
2018-08-15,0.4019
2018-08-16,0.4005
2018-08-17,0.3991
2018-08-20,0.3986
2018-08-21,0.4002
2018-08-22,0.4015
2018-08-23,0.4008
2018-08-24,0.3997
2018-08-27,0.3985
2018-08-28,0.3976
2018-08-29,0.3974
2018-08-30,0.3961
2018-08-31,0.396
2018-09-03,0.3968
2018-09-04,0.3966
2018-09-05,0.3981
2018-09-06,0.3953
2018-09-07,0.3939
2018-09-12,0.3969
2018-09-13,0.398
2018-09-14,0.3958
2018-09-17,0.399
2018-09-20,0.4056
2018-09-21,0.4066
2018-09-25,0.408
2018-09-26,0.4065
2018-09-27,0.4078
2018-09-28,0.4094
2018-10-02,0.4047
2018-10-03,0.4051
2018-10-04,0.4029
2018-10-05,0.4008
2018-10-08,0.3974
2018-10-09,0.3993
2018-10-10,0.3985
2018-10-11,0.404
2018-10-12,0.4056
2018-10-15,0.4047
2018-10-16,0.4089
2018-10-17,0.409
2018-10-18,0.4067
2018-10-19,0.4057
2018-10-22,0.4069
2018-10-23,0.4072
2018-10-24,0.4048
2018-10-25,0.4055
2018-10-26,0.4048
2018-10-29,0.4061
2018-10-31,0.4049
2018-11-01,0.4092
2018-11-02,0.4102
2018-11-05,0.4068
2018-11-06,0.4069
2018-11-07,0.4085
2018-11-08,0.4092
2018-11-09,0.4065
2018-11-12,0.4029
2018-11-13,0.4057
2018-11-14,0.4059
2018-11-15,0.4073
2018-11-16,0.4106
2018-11-19,0.4122
2018-11-20,0.4119
2018-11-21,0.4131
2018-11-22,0.4126
2018-11-23,0.4125
2018-11-26,0.4115
2018-11-27,0.4105
2018-11-28,0.4109
2018-11-29,0.4097
2018-11-30,0.4071
2018-12-03,0.4106
2018-12-04,0.4156
2018-12-05,0.4149
2018-12-06,0.4137
2018-12-07,0.4151
2018-12-10,0.4118
2018-12-11,0.4142
2018-12-12,0.4097
2018-12-13,0.414
2018-12-14,0.4143
2018-12-17,0.4173
2018-12-18,0.4163
2018-12-19,0.4149
2018-12-20,0.4203
2018-12-21,0.4206
2018-12-24,0.4167
2018-12-26,0.4156
2018-12-27,0.4188
2018-12-28,0.4205
2018-12-31,0.4189
2019-01-02,0.4197
2019-01-03,0.4129
2019-01-04,0.4136
2019-01-07,0.4135
2019-01-08,0.4161
2019-01-09,0.4119
2019-01-10,0.4133
2019-01-11,0.4137
2019-01-14,0.4088
2019-01-15,0.4098
2019-01-16,0.409
2019-01-17,0.4089
2019-01-18,0.4101
2019-01-21,0.4101
2019-01-22,0.4086
2019-01-23,0.4082
2019-01-24,0.4063
2019-01-25,0.4054
2019-01-28,0.4059
2019-01-29,0.4061
2019-01-30,0.4037
2019-01-31,0.4037
2019-02-01,0.4012
2019-02-04,0.3998
2019-02-05,0.3967
2019-02-06,0.3954
2019-02-07,0.3924
2019-02-08,0.3917
2019-02-11,0.393
2019-02-12,0.3929
2019-02-13,0.3952
2019-02-14,0.3945
2019-02-15,0.3909
2019-02-18,0.3915
2019-02-19,0.3862
2019-02-20,0.3881
2019-02-21,0.3869
2019-02-22,0.3868
2019-02-25,0.3872
2019-02-26,0.3888
2019-02-27,0.3909
2019-02-28,0.3925
2019-03-01,0.3915
2019-03-04,0.3891
2019-03-05,0.3886
2019-03-06,0.3874
2019-03-07,0.3863
2019-03-08,0.3827
2019-03-11,0.3851
2019-03-12,0.3854
2019-03-13,0.3871
2019-03-14,0.3862
2019-03-15,0.3886
2019-03-18,0.3909
2019-03-19,0.3914
2019-03-20,0.393
2019-03-25,0.3931
2019-03-26,0.3921
2019-03-27,0.3928
2019-03-28,0.3898
2019-03-29,0.3909
2019-04-01,0.3909
2019-04-02,0.389
2019-04-03,0.3883
2019-04-04,0.3886
2019-04-05,0.3867
2019-04-08,0.3859
2019-04-10,0.3866
2019-04-11,0.3868
2019-04-12,0.3856
2019-04-15,0.385
2019-04-16,0.384
2019-04-17,0.3875
2019-04-18,0.3852
2019-04-23,0.3847
2019-04-24,0.3861
2019-04-25,0.3803
2019-04-29,0.3805
2019-04-30,0.3802
2019-05-01,0.3777
2019-05-02,0.3775
2019-05-03,0.3757
2019-05-06,0.3748
2019-05-07,0.3752
2019-05-08,0.374
2019-05-10,0.3708
2019-05-13,0.37
2019-05-14,0.3728
2019-05-15,0.3709
2019-05-16,0.3716
2019-05-17,0.371
2019-05-20,0.3704
2019-05-21,0.3722
2019-05-22,0.3748
2019-05-23,0.3748
2019-05-24,0.3757
2019-05-28,0.3782
2019-05-29,0.3769
2019-05-30,0.3792
2019-05-31,0.3805
2019-06-03,0.3831
2019-06-04,0.3828
2019-06-05,0.3826
2019-06-06,0.3815
2019-06-07,0.381
2019-06-10,0.3802
2019-06-11,0.3794
2019-06-12,0.3793
2019-06-13,0.3791
2019-06-14,0.3812
2019-06-17,0.3808
2019-06-18,0.3797
2019-06-19,0.3783
2019-06-20,0.3802
2019-06-21,0.3827
2019-06-24,0.3871
2019-06-25,0.3896
2019-06-26,0.387
2019-06-27,0.3863
2019-06-28,0.3851
2019-07-01,0.3845
2019-07-02,0.3826
2019-07-03,0.3836
2019-07-04,0.3828
2019-07-05,0.3808
2019-07-08,0.3783
2019-07-09,0.3758
2019-07-10,0.3771
2019-07-11,0.3777
2019-07-12,0.3792
2019-07-15,0.3778
2019-07-16,0.3771
2019-07-17,0.3778
2019-07-18,0.3784
2019-07-19,0.3791
2019-07-22,0.376
2019-07-23,0.3742
2019-07-24,0.3726
2019-07-25,0.373
2019-07-26,0.3721
2019-07-29,0.3709
2019-07-30,0.3665
2019-07-31,0.3657
2019-08-01,0.3643
2019-08-02,0.3629
2019-08-05,0.3626
2019-08-06,0.3643
2019-08-07,0.3633
2019-08-08,0.3628
2019-08-09,0.3633
2019-08-12,0.3635
2019-08-13,0.3658
2019-08-14,0.3636
2019-08-15,0.3659
2019-08-16,0.3658
2019-08-19,0.3669
2019-08-20,0.3629
2019-08-21,0.3659
2019-08-22,0.3644
2019-08-23,0.3627
2019-08-26,0.3644
2019-08-27,0.3654
2019-08-28,0.3636
2019-08-29,0.3618
2019-08-30,0.3606
2019-09-02,0.3608
2019-09-03,0.3591
2019-09-04,0.3615
2019-09-05,0.3637
2019-09-06,0.3638
2019-09-09,0.3652
2019-09-10,0.3635
2019-09-11,0.3657
2019-09-12,0.3667
2019-09-13,0.3678
2019-09-16,0.3659
2019-09-18,0.3646
2019-09-19,0.3631
2019-09-20,0.3629
2019-09-23,0.3602
2019-09-24,0.3607
2019-09-25,0.3604
2019-09-26,0.3606
2019-09-27,0.3562
2019-10-02,0.352
2019-10-03,0.3538
2019-10-04,0.3534
2019-10-07,0.3523
2019-10-10,0.3563
2019-10-11,0.3573
2019-10-15,0.3579
2019-10-16,0.3606
2019-10-17,0.3626
2019-10-18,0.3647
2019-10-22,0.3672
2019-10-23,0.366
2019-10-24,0.3659
2019-10-25,0.3661
2019-10-28,0.3647
2019-10-29,0.3627
2019-10-30,0.3632
2019-10-31,0.3654
2019-11-01,0.3655
2019-11-04,0.3679
2019-11-05,0.3637
2019-11-06,0.3636
2019-11-07,0.3635
2019-11-08,0.362
2019-11-11,0.3603
2019-11-12,0.362
2019-11-13,0.3583
2019-11-14,0.3586
2019-11-15,0.3595
2019-11-18,0.3591
2019-11-19,0.3594
2019-11-20,0.3579
2019-11-21,0.3595
2019-11-22,0.3607
2019-11-25,0.3593
2019-11-26,0.3606
2019-11-27,0.3617
2019-11-28,0.3619
2019-11-29,0.364
2019-12-02,0.3635
2019-12-03,0.3655
2019-12-04,0.3646
2019-12-05,0.3651
2019-12-06,0.3653
2019-12-09,0.3647
2019-12-10,0.3633
2019-12-11,0.3683
2019-12-12,0.3709
2019-12-13,0.3718
2019-12-16,0.3734
2019-12-17,0.373
2019-12-18,0.3726
2019-12-19,0.3705
2019-12-20,0.37
2019-12-23,0.3684
2019-12-24,0.3674
2019-12-26,0.3683
2019-12-27,0.3691
2019-12-30,0.3715
2019-12-31,0.3715
2020-01-02,0.3686
2020-01-03,0.3667
2020-01-06,0.3698
2020-01-07,0.3681
2020-01-08,0.3666
2020-01-09,0.3658
2020-01-10,0.3654
2020-01-13,0.365
2020-01-14,0.3669
2020-01-15,0.3654
2020-01-16,0.3651
2020-01-17,0.3641
2020-01-20,0.3629
2020-01-21,0.3634
2020-01-22,0.3628
2020-01-23,0.3639
2020-01-24,0.3622
2020-01-27,0.3603
2020-01-28,0.3588
2020-01-29,0.3597
2020-01-30,0.3574
2020-01-31,0.3568
2020-02-03,0.357
2020-02-04,0.3579
2020-02-05,0.3601
2020-02-06,0.3586
2020-02-07,0.3553
2020-02-10,0.3544
2020-02-11,0.3542
2020-02-12,0.356
2020-02-13,0.3555
2020-02-14,0.3543
2020-02-17,0.3523
2020-02-18,0.3504
2020-02-19,0.3494
2020-02-20,0.3497
2020-02-21,0.3499
2020-02-24,0.3513
2020-02-25,0.3516
2020-02-26,0.3536
2020-02-27,0.3557
2020-02-28,0.3578
2020-03-03,0.3642
2020-03-04,0.3647
2020-03-05,0.3666
2020-03-06,0.3708
2020-03-09,0.3742
2020-03-12,0.3762
2020-03-13,0.3749
2020-03-16,0.3857
2020-03-17,0.3868
2020-03-18,0.3815
2020-03-19,0.356
2020-03-20,0.351
2020-03-23,0.3541
2020-03-24,0.3586
2020-03-25,0.36
2020-03-26,0.3611
2020-03-27,0.3604
2020-03-30,0.3586
2020-03-31,0.3519
2020-04-01,0.3556
2020-04-02,0.3628
2020-04-03,0.3591
2020-04-06,0.3568
2020-04-07,0.3602
2020-04-14,0.3594
2020-04-16,0.3585
2020-04-17,0.3577
2020-04-20,0.358
2020-04-21,0.352
2020-04-22,0.3521
2020-04-23,0.3521
2020-04-24,0.3489
2020-04-27,0.3507
2020-04-28,0.3497
2020-04-30,0.3567
2020-05-01,0.3567
2020-05-04,0.3559
2020-05-05,0.3571
2020-05-06,0.3568
2020-05-07,0.3573
2020-05-11,0.3592
2020-05-12,0.359
2020-05-13,0.3605
2020-05-14,0.3586
2020-05-15,0.3606
2020-05-18,0.3599
2020-05-19,0.3652
2020-05-20,0.3633
2020-05-21,0.3667
2020-05-22,0.3641
2020-05-26,0.3651
2020-05-27,0.3656
2020-05-28,0.3648
2020-06-01,0.3725
2020-06-02,0.3728
2020-06-03,0.3711
2020-06-04,0.3734
2020-06-05,0.3773
2020-06-08,0.3753
2020-06-09,0.3726
2020-06-10,0.3753
2020-06-11,0.3734
2020-06-12,0.3742
2020-06-15,0.3729
2020-06-16,0.3727
2020-06-17,0.3694
2020-06-18,0.3697
2020-06-19,0.366
2020-06-22,0.3661
2020-06-23,0.3691
2020-06-24,0.3682
2020-06-25,0.3686
2020-06-26,0.3684
2020-06-29,0.3694
2020-06-30,0.3696
2020-07-01,0.369
2020-07-02,0.3722
2020-07-03,0.3685
2020-07-06,0.3714
2020-07-07,0.3723
2020-07-08,0.3736
2020-07-09,0.375
2020-07-10,0.3752
2020-07-13,0.3759
2020-07-14,0.3761
2020-07-15,0.3795
2020-07-16,0.3774
2020-07-17,0.3799
2020-07-20,0.3814
2020-07-21,0.3826
2020-07-22,0.3861
2020-07-23,0.3861
2020-07-24,0.386
2020-07-27,0.3896
2020-07-28,0.3894
2020-07-29,0.3887
2020-07-31,0.3924
2020-08-03,0.3889
2020-08-04,0.3913
2020-08-05,0.3924
2020-08-06,0.3914
2020-08-07,0.3911
2020-08-10,0.3903
2020-08-11,0.3904
2020-08-12,0.3904
2020-08-13,0.393
2020-08-14,0.3907
2020-08-17,0.3921
2020-08-18,0.392
2020-08-19,0.3939
2020-08-20,0.3893
2020-08-21,0.3901
2020-08-24,0.3886
2020-08-25,0.3883
2020-08-26,0.3883
2020-08-27,0.3853
2020-08-28,0.3889
2020-08-31,0.3899
2020-09-01,0.3883
2020-09-02,0.3875
2020-09-03,0.3851
2020-09-04,0.3854
2020-09-07,0.3852
2020-09-08,0.3858
2020-09-09,0.3865
2020-09-10,0.3901
2020-09-11,0.3921
2020-09-14,0.392
2020-09-15,0.3913
2020-09-16,0.389
2020-09-17,0.3877
2020-09-21,0.3898
2020-09-22,0.3887
2020-09-23,0.3862
2020-09-24,0.3824
2020-09-25,0.3812
2020-09-29,0.3839
2020-09-30,0.3808
2020-10-01,0.3833
2020-10-02,0.3853
2020-10-05,0.3844
2020-10-06,0.3831
2020-10-07,0.381
2020-10-08,0.3825
2020-10-09,0.382
2020-10-12,0.3835
2020-10-13,0.3856
2020-10-14,0.3832
2020-10-15,0.3829
2020-10-16,0.3821
2020-10-19,0.3844
2020-10-20,0.3846
2020-10-21,0.3869
2020-10-22,0.3854
2020-10-23,0.386
2020-10-26,0.387
2020-10-27,0.3875
2020-10-28,0.3844
2020-10-29,0.3833
2020-10-30,0.3837
2020-11-02,0.3818
2020-11-03,0.3852
2020-11-04,0.3861
2020-11-05,0.3879
2020-11-06,0.3888
2020-11-09,0.3913
2020-11-10,0.391
2020-11-11,0.3917
2020-11-12,0.3917
2020-11-13,0.3885
2020-11-16,0.3875
2020-11-17,0.3893
2020-11-18,0.3887
2020-11-19,0.3879
2020-11-20,0.3885
2020-11-23,0.389
2020-11-24,0.3886
2020-11-25,0.3905
2020-11-26,0.3893
2020-11-27,0.3895
2020-11-30,0.3915
2020-12-01,0.3867
2020-12-02,0.3853
2020-12-03,0.3859
2020-12-04,0.3871
2020-12-07,0.3879
2020-12-08,0.3848
2020-12-09,0.384
2020-12-10,0.3834
2020-12-11,0.3842
2020-12-14,0.3881
2020-12-15,0.3885
2020-12-16,0.3895
2020-12-17,0.3907
2020-12-18,0.3923
2020-12-21,0.3908
2020-12-22,0.391
2020-12-23,0.3884
2020-12-24,0.3891
2020-12-28,0.3884
2020-12-29,0.3905
2020-12-30,0.392
2020-12-31,0.3932
2021-01-04,0.3921
2021-01-05,0.3901
2021-01-06,0.3908
2021-01-07,0.3876
2021-01-08,0.3879
2021-01-11,0.3847
2021-01-12,0.381
2021-01-13,0.3765
2021-01-14,0.3743
2021-01-15,0.3875
2021-01-18,0.3838
2021-01-19,0.3882
2021-01-20,0.3884
2021-01-21,0.3951
2021-01-22,0.3952
2021-01-25,0.3944
2021-01-26,0.3938
2021-01-27,0.3911
2021-01-28,0.3936
2021-01-29,0.3936
2021-02-01,0.3912
2021-02-02,0.3908
2021-02-03,0.3916
2021-02-04,0.3901
2021-02-05,0.3891
2021-02-08,0.391
2021-02-09,0.3899
2021-02-10,0.3912
2021-02-11,0.3917
2021-02-12,0.3898
2021-02-15,0.3918
2021-02-16,0.3918
2021-02-17,0.391
2021-02-18,0.3927
2021-02-19,0.3941
2021-02-22,0.3953
2021-02-23,0.3938
2021-02-24,0.3932
2021-02-25,0.3988
2021-03-01,0.3911
2021-03-02,0.3914
2021-03-03,0.3919
2021-03-04,0.3923
2021-03-05,0.3885
2021-03-08,0.3886
2021-03-09,0.3905
2021-03-10,0.3895
2021-03-11,0.3908
2021-03-12,0.39
2021-03-15,0.3876
2021-03-16,0.3887
2021-03-17,0.3856
2021-03-18,0.3884
2021-03-19,0.387
2021-03-22,0.3881
2021-03-24,0.3836
2021-03-25,0.3834
2021-03-26,0.3847
2021-03-29,0.3845
2021-03-30,0.3815
2021-03-31,0.3822
2021-04-01,0.3814
2021-04-05,0.3793
2021-04-06,0.3805
2021-04-07,0.3835
2021-04-08,0.3822
2021-04-09,0.3838
2021-04-12,0.3843
2021-04-13,0.385
2021-04-14,0.3875
2021-04-16,0.3885
2021-04-19,0.3891
2021-04-20,0.3868
2021-04-21,0.3851
2021-04-22,0.3885
2021-04-23,0.3873
2021-04-26,0.3865
2021-04-27,0.3863
2021-04-28,0.3879
2021-04-29,0.3886
2021-04-30,0.3868
2021-05-03,0.3846
2021-05-04,0.3844
2021-05-05,0.385
2021-05-06,0.3857
2021-05-07,0.388
2021-05-10,0.3909
2021-05-11,0.3951
2021-05-12,0.3934
2021-05-13,0.3903
2021-05-14,0.3914
2021-05-18,0.3945
2021-05-19,0.3922
2021-05-20,0.3909
2021-05-21,0.3924
2021-05-24,0.3915
2021-05-25,0.3923
2021-05-26,0.3912
2021-05-27,0.3912
2021-05-28,0.3924
2021-06-01,0.3925
2021-06-02,0.3924
2021-06-03,0.3922
2021-06-04,0.3902
2021-06-07,0.3931
2021-06-08,0.392
2021-06-09,0.3931
2021-06-10,0.3918
2021-06-11,0.3932
2021-06-14,0.3907
2021-06-15,0.3896
2021-06-16,0.3874
2021-06-17,0.3813
2021-06-18,0.381
2021-06-21,0.3802
2021-06-22,0.3811
2021-06-23,0.3841
2021-06-24,0.384
2021-06-25,0.3832
2021-06-28,0.3834
2021-06-29,0.3824
2021-06-30,0.383
2021-07-01,0.3808
2021-07-02,0.3808
2021-07-05,0.382
2021-07-06,0.381
2021-07-07,0.3795
2021-07-08,0.3805
2021-07-09,0.3811
2021-07-12,0.3812
2021-07-13,0.3813
2021-07-14,0.3792
2021-07-15,0.377
2021-07-16,0.3781
2021-07-19,0.3784
2021-07-20,0.3791
2021-07-21,0.3786
2021-07-22,0.3769
2021-07-23,0.3769
2021-07-26,0.3768
2021-07-27,0.3779
2021-07-28,0.3762
2021-07-29,0.3783
2021-07-30,0.3782
2021-08-02,0.376
2021-08-03,0.3749
2021-08-04,0.3735
2021-08-05,0.3733
2021-08-06,0.3731
2021-08-09,0.3708
2021-08-10,0.3702
2021-08-11,0.3685
2021-08-12,0.3714
2021-08-13,0.371
2021-08-16,0.3712
2021-08-17,0.3722
2021-08-18,0.3707
2021-08-19,0.3691
2021-08-20,0.3673
2021-08-23,0.369
2021-08-24,0.3701
2021-08-25,0.3711
2021-08-26,0.3703
2021-08-27,0.3712
2021-08-30,0.3725
2021-08-31,0.3738
2021-09-01,0.371
2021-09-02,0.373
2021-09-03,0.3743
2021-09-09,0.3721
2021-09-10,0.3722
2021-09-13,0.3706
2021-09-14,0.3736
2021-09-17,0.3724
2021-09-20,0.3685
2021-09-22,0.37
2021-09-23,0.3693
2021-09-24,0.3705
2021-09-27,0.3685
2021-09-29,0.3673
2021-09-30,0.3677
2021-10-01,0.3677
2021-10-04,0.3683
2021-10-05,0.3694
2021-10-06,0.368
2021-10-07,0.3674
2021-10-08,0.3671
2021-10-11,0.3692
2021-10-12,0.3688
2021-10-13,0.3696
2021-10-14,0.374
2021-10-15,0.3727
2021-10-18,0.3728
2021-10-19,0.3739
2021-10-20,0.3733
2021-10-21,0.3731
2021-10-22,0.3739
2021-10-25,0.3728
2021-10-26,0.3723
2021-10-27,0.3709
2021-10-28,0.3709
2021-10-29,0.3707
2021-11-01,0.3657
2021-11-02,0.367
2021-11-03,0.3666
2021-11-04,0.364
2021-11-05,0.363
2021-11-08,0.36
2021-11-09,0.3631
2021-11-10,0.3604
2021-11-11,0.3587
2021-11-12,0.3563
2021-11-15,0.3548
2021-11-16,0.35
2021-11-17,0.3467
2021-11-18,0.3477
2021-11-19,0.3465
2021-11-22,0.344
2021-11-23,0.3454
2021-11-24,0.3488
2021-11-25,0.3477
2021-11-26,0.3474
2021-11-29,0.3463
2021-11-30,0.3491
2021-12-01,0.3486
2021-12-02,0.35
2021-12-03,0.3461
2021-12-06,0.3473
2021-12-07,0.3466
2021-12-08,0.3425
2021-12-09,0.3426
2021-12-10,0.3421
2021-12-13,0.3419
2021-12-14,0.3429
2021-12-15,0.3434
2021-12-16,0.3429
2021-12-17,0.3441
2021-12-20,0.3453
2021-12-21,0.3462
2021-12-22,0.3476
2021-12-23,0.3459
2021-12-24,0.3473
2021-12-27,0.3435
2021-12-28,0.3438
2021-12-29,0.3427
2021-12-30,0.3437
2021-12-31,0.3436
2022-01-03,0.3409
2022-01-04,0.3398
2022-01-05,0.3412
2022-01-06,0.3407
2022-01-07,0.3409
2022-01-10,0.3424
2022-01-11,0.3443
2022-01-12,0.3444
2022-01-13,0.3487
2022-01-14,0.3479
2022-01-17,0.344
2022-01-18,0.3449
2022-01-19,0.3427
2022-01-20,0.3432
2022-01-21,0.3428
2022-01-24,0.3421
2022-01-25,0.3418
2022-01-26,0.3431
2022-01-27,0.3412
2022-01-28,0.3384
2022-01-31,0.3399
2022-02-01,0.3421
2022-02-02,0.3435
2022-02-03,0.3465
2022-02-04,0.3509
2022-02-07,0.3499
2022-02-08,0.3524
2022-02-09,0.3531
2022-02-10,0.3504
2022-02-11,0.3472
2022-02-14,0.3456
2022-02-15,0.3461
2022-02-16,0.3432
2022-02-17,0.3429
2022-02-18,0.3431
2022-02-21,0.342
2022-02-22,0.3447
2022-02-23,0.3459
2022-02-24,0.3407
2022-02-25,0.3426
2022-02-28,0.3423
2022-03-01,0.3378
2022-03-02,0.3328
2022-03-03,0.3333
2022-03-04,0.3319
2022-03-07,0.3264
2022-03-08,0.3319
2022-03-09,0.3348
2022-03-10,0.3374
2022-03-11,0.3357
2022-03-14,0.3389
2022-03-15,0.3431
2022-03-16,0.3443
2022-03-21,0.3434
2022-03-22,0.3408
2022-03-23,0.3417
2022-03-24,0.3426
2022-03-25,0.3428
2022-03-28,0.34
2022-03-29,0.3429
2022-03-30,0.3434
2022-03-31,0.3408
2022-04-01,0.3421
2022-04-04,0.34
2022-04-05,0.3417
2022-04-06,0.3421
2022-04-07,0.3414
2022-04-08,0.3406
2022-04-11,0.3395
2022-04-12,0.3383
2022-04-13,0.3364
2022-04-14,0.3388
2022-04-19,0.3385
2022-04-20,0.3411
2022-04-21,0.3427
2022-04-25,0.3407
2022-04-26,0.3382
2022-04-27,0.3384
2022-04-28,0.3376
2022-04-29,0.34
2022-05-02,0.3391
2022-05-03,0.3402
2022-05-04,0.3399
2022-05-06,0.3413
2022-05-09,0.3436
2022-05-10,0.3445
2022-05-11,0.3434
2022-05-12,0.3431
2022-05-13,0.3379
2022-05-16,0.3394
2022-05-17,0.3382
2022-05-18,0.3365
2022-05-19,0.3393
2022-05-20,0.3381
2022-05-23,0.3418
2022-05-24,0.3415
2022-05-25,0.3404
2022-05-26,0.3407
2022-05-27,0.3414
2022-05-30,0.3397
2022-05-31,0.3403
2022-06-01,0.34
2022-06-02,0.3409
2022-06-06,0.3416
2022-06-07,0.3392
2022-06-08,0.3416
2022-06-09,0.3414
2022-06-10,0.3405
2022-06-13,0.3393
2022-06-14,0.3382
2022-06-15,0.3408
2022-06-16,0.3366
2022-06-17,0.3404
2022-06-20,0.341
2022-06-21,0.3433
2022-06-22,0.3414
2022-06-23,0.3382
2022-06-24,0.339
2022-06-27,0.337
2022-06-28,0.3413
2022-06-29,0.3396
2022-06-30,0.3388
2022-07-01,0.3421
2022-07-04,0.34
2022-07-05,0.3363
2022-07-06,0.3331
2022-07-07,0.3318
2022-07-08,0.3288
2022-07-11,0.3282
2022-07-12,0.3289
2022-07-13,0.3288
2022-07-14,0.328
2022-07-15,0.3295
2022-07-18,0.3324
2022-07-19,0.3356
2022-07-20,0.336
2022-07-21,0.3373
2022-07-22,0.3364
2022-07-25,0.339
2022-07-26,0.3341
2022-07-27,0.3328
2022-07-28,0.3337
2022-07-29,0.3343
2022-08-01,0.3338
2022-08-02,0.3316
2022-08-03,0.3299
2022-08-04,0.3288
2022-08-05,0.3286
2022-08-08,0.3271
2022-08-09,0.3258
2022-08-10,0.3244
2022-08-11,0.3251
2022-08-12,0.3211
2022-08-15,0.3172
2022-08-16,0.3148
2022-08-17,0.3136
2022-08-18,0.3117
2022-08-19,0.3096
2022-08-22,0.3081
2022-08-23,0.3071
2022-08-24,0.3073
2022-08-25,0.3106
2022-08-26,0.3075
2022-08-29,0.3122
2022-08-30,0.3113
2022-08-31,0.3122
2022-09-01,0.314
2022-09-02,0.3137
2022-09-05,0.3157
2022-09-06,0.3175
2022-09-07,0.3179
2022-09-08,0.3205
2022-09-09,0.3241
2022-09-12,0.3232
2022-09-13,0.3217
2022-09-14,0.3218
2022-09-15,0.3214
2022-09-16,0.3192
2022-09-19,0.3189
2022-09-20,0.3178
2022-09-21,0.3147
2022-09-22,0.3151
2022-09-23,0.3131
2022-09-28,0.3105
2022-09-29,0.3125
2022-09-30,0.319
2022-10-03,0.3218
2022-10-06,0.3225
2022-10-07,0.3171
2022-10-11,0.3165
2022-10-12,0.3141
2022-10-13,0.3148
2022-10-14,0.3145
2022-10-18,0.3185
2022-10-19,0.3161
2022-10-20,0.3162
2022-10-21,0.3148
2022-10-24,0.3159
2022-10-25,0.3192
2022-10-26,0.321
2022-10-27,0.3236
2022-10-28,0.3218
2022-10-31,0.3209
2022-11-02,0.3213
2022-11-03,0.3184
2022-11-04,0.3204
2022-11-07,0.3269
2022-11-08,0.3259
2022-11-09,0.3288
2022-11-10,0.3258
2022-11-11,0.3284
2022-11-14,0.3294
2022-11-15,0.3312
2022-11-16,0.3278
2022-11-17,0.3264
2022-11-18,0.3274
2022-11-21,0.3231
2022-11-22,0.3254
2022-11-23,0.3272
2022-11-24,0.327
2022-11-25,0.3281
2022-11-28,0.3304
2022-11-29,0.3267
2022-11-30,0.3261
2022-12-01,0.3269
2022-12-02,0.3279
2022-12-05,0.3289
2022-12-06,0.3287
2022-12-07,0.3316
2022-12-08,0.3317
2022-12-09,0.3312
2022-12-12,0.332
2022-12-13,0.3327
2022-12-14,0.3339
2022-12-15,0.3342
2022-12-16,0.3334
2022-12-19,0.3321
2022-12-20,0.3322
2022-12-21,0.3339
2022-12-22,0.3345
2022-12-23,0.3338
2022-12-27,0.3351
2022-12-28,0.3381
2022-12-29,0.3369
2022-12-30,0.3373
2023-01-03,0.3342
2023-01-04,0.3353
2023-01-05,0.3349
2023-01-06,0.3312
2023-01-09,0.334
2023-01-10,0.333
2023-01-11,0.3293
2023-01-12,0.3269
2023-01-13,0.3285
2023-01-16,0.3284
2023-01-17,0.3277
2023-01-18,0.3282
2023-01-19,0.3313
2023-01-20,0.3307
2023-01-23,0.3301
2023-01-24,0.3298
2023-01-25,0.329
2023-01-26,0.3318
2023-01-27,0.3337
2023-01-30,0.3355
2023-01-31,0.332
2023-02-01,0.3317
2023-02-02,0.3312
2023-02-03,0.3276
2023-02-06,0.3284
2023-02-07,0.3267
2023-02-08,0.3296
2023-02-09,0.3372
2023-02-10,0.3375
2023-02-13,0.3391
2023-02-14,0.3396
2023-02-15,0.3399
2023-02-16,0.3402
2023-02-17,0.3387
2023-02-20,0.3444
2023-02-21,0.3532
2023-02-22,0.3532
2023-02-23,0.3469
2023-02-24,0.3516
2023-02-27,0.3506
2023-02-28,0.3512
2023-03-01,0.35
2023-03-02,0.3472
2023-03-03,0.349
2023-03-06,0.3419
2023-03-09,0.3366
2023-03-10,0.3342
2023-03-13,0.3382
2023-03-14,0.3454
2023-03-15,0.3441
2023-03-16,0.3474
2023-03-17,0.3499
2023-03-20,0.3524
2023-03-21,0.3541
2023-03-22,0.3523
2023-03-23,0.3502
2023-03-24,0.35
2023-03-27,0.342
2023-03-28,0.3413
2023-03-29,0.3424
2023-03-30,0.3449
2023-03-31,0.3491
2023-04-03,0.3459
2023-04-04,0.3453
2023-04-11,0.346
2023-04-13,0.3539
2023-04-14,0.357
2023-04-17,0.353
2023-04-18,0.354
2023-04-19,0.3532
2023-04-20,0.3542
2023-04-21,0.3537
2023-04-24,0.3558
2023-04-25,0.355
2023-04-27,0.3526
2023-04-28,0.3539
2023-05-01,0.3519
2023-05-02,0.3519
2023-05-03,0.3543
2023-05-04,0.355
2023-05-05,0.3575
2023-05-08,0.358
2023-05-09,0.3593
2023-05-10,0.3592
2023-05-11,0.3545
2023-05-12,0.3534
2023-05-15,0.3514
2023-05-16,0.3536
2023-05-17,0.3493
2023-05-18,0.3465
2023-05-19,0.3456
2023-05-22,0.3474
2023-05-23,0.3458
2023-05-24,0.3487
2023-05-25,0.3467
2023-05-30,0.3423
2023-05-31,0.3401
2023-06-01,0.3432
2023-06-02,0.3475
2023-06-05,0.3431
2023-06-06,0.3422
2023-06-07,0.3371
2023-06-08,0.3371
2023-06-09,0.3355
2023-06-12,0.3326
2023-06-13,0.3297
2023-06-14,0.3381
2023-06-15,0.3339
2023-06-16,0.3348
2023-06-19,0.3367
2023-06-20,0.3355
2023-06-21,0.3348
2023-06-22,0.3399
2023-06-23,0.3366
2023-06-26,0.3384
2023-06-27,0.3394
2023-06-28,0.3427
2023-06-29,0.3423
2023-06-30,0.3409
2023-07-03,0.3419
2023-07-04,0.3422
2023-07-05,0.34
2023-07-06,0.3384
2023-07-07,0.3398
2023-07-10,0.3423
2023-07-11,0.3467
2023-07-12,0.3448
2023-07-13,0.3499
2023-07-14,0.3529
2023-07-17,0.3552
2023-07-18,0.3565
2023-07-19,0.35
2023-07-20,0.3508
2023-07-21,0.3482
2023-07-24,0.348
2023-07-25,0.3574
2023-07-26,0.3567
2023-07-28,0.3521
2023-07-31,0.3519
2023-08-01,0.3446
2023-08-02,0.3435
2023-08-03,0.3432
2023-08-04,0.3447
2023-08-07,0.3458
2023-08-08,0.3456
2023-08-09,0.3483
2023-08-10,0.3504
2023-08-11,0.3476
2023-08-14,0.3447
2023-08-15,0.3468
2023-08-16,0.346
2023-08-17,0.3466
2023-08-18,0.3455
2023-08-21,0.3476
2023-08-22,0.3463
2023-08-23,0.3435
2023-08-24,0.3439
2023-08-25,0.3447
2023-08-28,0.3443
2023-08-29,0.346
2023-08-30,0.3493
2023-08-31,0.3487
2023-09-01,0.3462
2023-09-04,0.3457
2023-09-05,0.3417
2023-09-06,0.3433
2023-09-07,0.3458
2023-09-08,0.3459
2023-09-11,0.3469
2023-09-12,0.3425
2023-09-13,0.3432
2023-09-14,0.3441
2023-09-18,0.3411
2023-09-19,0.3425
2023-09-20,0.3434
2023-09-21,0.3408
2023-09-22,0.3416
2023-09-26,0.3471
2023-09-27,0.3483
2023-09-28,0.3496
2023-09-29,0.3527
2023-10-02,0.3494
2023-10-03,0.3484
2023-10-04,0.3484
2023-10-05,0.3489
2023-10-06,0.3505
2023-10-09,0.3551
2023-10-10,0.3601
2023-10-11,0.3629
2023-10-12,0.3641
2023-10-13,0.3627
2023-10-16,0.3639
2023-10-17,0.3675
2023-10-18,0.3675
2023-10-19,0.3651
2023-10-20,0.3678
2023-10-23,0.3683
2023-10-24,0.3678
2023-10-25,0.3645
2023-10-26,0.364
2023-10-27,0.3655
2023-10-30,0.3636
2023-10-31,0.362
2023-11-01,0.3594
2023-11-02,0.3578
2023-11-03,0.3599
2023-11-06,0.3572
2023-11-07,0.3537
2023-11-08,0.3523
2023-11-09,0.3541
2023-11-10,0.3543
2023-11-13,0.3553
2023-11-14,0.3526
2023-11-15,0.3571
2023-11-16,0.3575
2023-11-17,0.3529
2023-11-20,0.3561
2023-11-21,0.356
2023-11-22,0.3569
2023-11-23,0.3563
2023-11-24,0.3567
2023-11-27,0.3573
2023-11-28,0.3556
2023-11-29,0.3551
2023-11-30,0.3549
2023-12-01,0.3576
2023-12-04,0.3558
2023-12-05,0.3565
2023-12-06,0.3539
2023-12-07,0.3539
2023-12-08,0.3558
2023-12-11,0.3546
2023-12-12,0.3551
2023-12-13,0.3546
2023-12-14,0.3598
2023-12-15,0.3577
2023-12-18,0.3576
2023-12-19,0.3571
2023-12-20,0.3586
2023-12-21,0.3576
2023-12-22,0.3584
2023-12-26,0.3607
2023-12-27,0.3628
2023-12-28,0.3644
2023-12-29,0.3627
2024-01-02,0.3582
2024-01-03,0.356
2024-01-04,0.3568
2024-01-05,0.3565
2024-01-08,0.3615
2024-01-09,0.3625
2024-01-10,0.3671
2024-01-11,0.3661
2024-01-12,0.3631
2024-01-15,0.3645
2024-01-16,0.3622
2024-01-17,0.3615
2024-01-18,0.3608
2024-01-19,0.3576
2024-01-22,0.3612
2024-01-23,0.3609
2024-01-24,0.3563
2024-01-25,0.3553
2024-01-26,0.3553
2024-01-29,0.3519
2024-01-30,0.3507
2024-01-31,0.3494
2024-02-01,0.3492
2024-02-02,0.3515
2024-02-05,0.3472
2024-02-06,0.3434
2024-02-07,0.3478
2024-02-08,0.3499
2024-02-09,0.352
2024-02-12,0.3531
2024-02-13,0.3496
2024-02-14,0.3462
2024-02-15,0.3462
2024-02-16,0.3453
2024-02-19,0.3474
2024-02-20,0.3518
2024-02-21,0.3545
2024-02-22,0.3536
2024-02-23,0.3514
2024-02-26,0.3548
2024-02-28,0.3485
2024-02-29,0.3466
2024-03-01,0.3441
2024-03-04,0.3449
2024-03-05,0.3455
2024-03-06,0.3483
2024-03-07,0.3495
2024-03-08,0.3505
2024-03-11,0.353
2024-03-12,0.3577
2024-03-13,0.3576
2024-03-14,0.3534
2024-03-15,0.3523
2024-03-18,0.3518
2024-03-19,0.3509
2024-03-20,0.3508
2024-03-21,0.3453
2024-03-22,0.3436
2024-03-26,0.3467
2024-03-27,0.3454
2024-03-28,0.3451
2024-04-01,0.3421
2024-04-02,0.3434
2024-04-03,0.3474
2024-04-04,0.3511
2024-04-05,0.3519
2024-04-08,0.35
2024-04-09,0.3495
2024-04-10,0.3524
2024-04-11,0.3503
2024-04-12,0.3484
2024-04-15,0.3428
2024-04-16,0.3446
2024-04-17,0.3442
2024-04-18,0.3469
2024-04-19,0.3447
2024-04-24,0.3463
2024-04-25,0.3494
2024-04-26,0.3519
2024-04-30,0.3417
2024-05-01,0.3403
2024-05-02,0.3422
2024-05-03,0.3427
2024-05-06,0.3469
2024-05-07,0.3431
2024-05-08,0.3399
2024-05-09,0.3425
2024-05-10,0.3432
2024-05-13,0.343
2024-05-15,0.3425
2024-05-16,0.3442
2024-05-17,0.3459
2024-05-20,0.3466
2024-05-21,0.3443
2024-05-22,0.3421
2024-05-23,0.3435
2024-05-24,0.3424
2024-05-28,0.3485
2024-05-29,0.3482
2024-05-30,0.3503
2024-05-31,0.3515
2024-06-03,0.3482
2024-06-04,0.3521
2024-06-05,0.3554
2024-06-06,0.3584
2024-06-07,0.3599
2024-06-10,0.3551
2024-06-11,0.3546
2024-06-13,0.3571
2024-06-14,0.3541
2024-06-17,0.354
2024-06-18,0.3545
2024-06-19,0.3565
2024-06-20,0.3564
2024-06-21,0.3563
2024-06-24,0.3548
2024-06-25,0.356
2024-06-26,0.355
2024-06-27,0.3543
2024-06-28,0.3528
2024-07-01,0.355
2024-07-02,0.3532
2024-07-03,0.3565
2024-07-04,0.3562
2024-07-05,0.3547
2024-07-08,0.3512
2024-07-09,0.3479
2024-07-10,0.3473
2024-07-11,0.3458
2024-07-12,0.3458
2024-07-15,0.3413
2024-07-16,0.3428
2024-07-17,0.3449
2024-07-18,0.3447
2024-07-19,0.3434
2024-07-22,0.3404
2024-07-23,0.3374
2024-07-24,0.3364
2024-07-25,0.3372
2024-07-26,0.3405
2024-07-29,0.3453
2024-07-30,0.3457
2024-07-31,0.3513
2024-08-01,0.3547
2024-08-02,0.3548
2024-08-05,0.3617
2024-08-06,0.3629
2024-08-07,0.3628
2024-08-08,0.3609
2024-08-09,0.3561
2024-08-12,0.3585
2024-08-14,0.3584
2024-08-15,0.3551
2024-08-16,0.3503
2024-08-19,0.3552
2024-08-20,0.3595
2024-08-21,0.3632
2024-08-22,0.3644
2024-08-23,0.3606
2024-08-26,0.3587
2024-08-27,0.3615
2024-08-28,0.3601
2024-08-29,0.3588
2024-08-30,0.358
2024-09-02,0.3561
2024-09-03,0.3563
2024-09-04,0.3608
2024-09-05,0.3593
2024-09-06,0.3622
2024-09-09,0.3615
2024-09-10,0.3634
2024-09-11,0.3636
2024-09-12,0.3621
2024-09-13,0.3616
2024-09-16,0.3677
2024-09-17,0.3684
2024-09-18,0.3708
2024-09-19,0.3702
2024-09-20,0.3703
2024-09-23,0.3693
2024-09-24,0.372
2024-09-25,0.3717
2024-09-26,0.3648
2024-09-27,0.3646
2024-09-30,0.3672
2024-10-01,0.3646
2024-10-07,0.3656
2024-10-08,0.3649
2024-10-09,0.3624
2024-10-10,0.3628
2024-10-14,0.3606
2024-10-15,0.3612
2024-10-16,0.3612
2024-10-18,0.3531
2024-10-21,0.3546
2024-10-22,0.3584
2024-10-23,0.358
2024-10-25,0.3578
2024-10-28,0.3515
2024-10-29,0.3501
2024-10-30,0.3478
2024-10-31,0.3476
2024-11-01,0.3521
2024-11-04,0.3511
2024-11-05,0.3501
2024-11-06,0.3441
2024-11-07,0.3456
2024-11-08,0.3469
2024-11-11,0.3434
2024-11-12,0.3447
2024-11-13,0.3432
2024-11-14,0.3392
2024-11-15,0.3409
2024-11-18,0.3391
2024-11-19,0.3408
2024-11-20,0.3399
2024-11-21,0.3385
2024-11-22,0.3336
2024-11-25,0.3343
2024-11-26,0.3322
2024-11-27,0.3338
2024-11-28,0.3334
2024-11-29,0.3339
2024-12-02,0.3312
2024-12-03,0.33
2024-12-04,0.327
2024-12-05,0.3292
2024-12-06,0.3313
2024-12-09,0.3266
2024-12-10,0.3266
2024-12-11,0.3265
2024-12-12,0.3256
2024-12-13,0.3264
2024-12-16,0.3291
2024-12-17,0.3294
2024-12-18,0.3275
2024-12-19,0.3283
2024-12-20,0.3309
2024-12-23,0.3302
2024-12-24,0.331
2024-12-26,0.3317
2024-12-27,0.3336
2024-12-30,0.3315
2024-12-31,0.3315
2025-01-02,0.3295
2025-01-03,0.3284
2025-01-06,0.3301
2025-01-07,0.329
2025-01-08,0.3271
2025-01-09,0.328
2025-01-10,0.3289
2025-01-13,0.3254
2025-01-14,0.3238
2025-01-15,0.3243
2025-01-16,0.3242
2025-01-17,0.3225
2025-01-20,0.3214
2025-01-21,0.3234
2025-01-22,0.3223
2025-01-23,0.3228
2025-01-24,0.3275
2025-01-27,0.3304
2025-01-28,0.3285
2025-01-29,0.3266
2025-01-30,0.325
2025-01-31,0.3233
2025-02-03,0.3221
2025-02-04,0.3237
2025-02-05,0.326
2025-02-06,0.3258
2025-02-07,0.3264
2025-02-10,0.3265
2025-02-11,0.3286
2025-02-12,0.3302
2025-02-13,0.3296
2025-02-14,0.3329
2025-02-17,0.3322
2025-02-18,0.3317
2025-02-19,0.3299
2025-02-20,0.3311
2025-02-21,0.3348
2025-02-24,0.3351
2025-02-25,0.3372
2025-02-26,0.3366
2025-02-27,0.3328
2025-02-28,0.3338
2025-03-03,0.3374
2025-03-04,0.3422
2025-03-05,0.3518
2025-03-06,0.3565
2025-03-07,0.3578
2025-03-10,0.359
2025-03-11,0.3625
2025-03-12,0.36
2025-03-13,0.3584
2025-03-17,0.3621
2025-03-18,0.3636
2025-03-19,0.3641
2025-03-20,0.3603
2025-03-21,0.3657
2025-03-24,0.3663
2025-03-25,0.3663
2025-03-26,0.3651
2025-03-27,0.3661
2025-03-28,0.3678
2025-03-31,0.3705
2025-04-01,0.3697
2025-04-02,0.3705
2025-04-03,0.3817
2025-04-04,0.3747
2025-04-07,0.3734
2025-04-08,0.375
2025-04-09,0.3814
2025-04-10,0.3763
2025-04-11,0.3792
2025-04-14,0.3803
2025-04-15,0.3787
2025-04-16,0.3755
2025-04-17,0.3789
2025-04-21,0.3886
2025-04-22,0.3915
2025-04-23,0.3825
2025-04-24,0.3801
2025-04-25,0.3757
2025-04-28,0.3751
2025-04-29,0.3757
2025-04-30,0.378
2025-05-02,0.3729
2025-05-05,0.3756
2025-05-06,0.3766
2025-05-07,0.3741
2025-05-08,0.3708
2025-05-09,0.3681
2025-05-12,0.3609
2025-05-13,0.367
2025-05-14,0.3682
2025-05-15,0.3635
2025-05-16,0.3648
2025-05-19,0.367
2025-05-20,0.3642
2025-05-21,0.3711
2025-05-22,0.3716
2025-05-23,0.3773
2025-05-27,0.3693
2025-05-28,0.3688
2025-05-29,0.3641
2025-05-30,0.3667
2025-06-03,0.3678
2025-06-04,0.3657
2025-06-05,0.3644
2025-06-06,0.3652
2025-06-09,0.3625
2025-06-10,0.3647
2025-06-11,0.3647
2025-06-12,0.3784
2025-06-13,0.3794
2025-06-16,0.3735
2025-06-17,0.3704
2025-06-18,0.3651
2025-06-19,0.3612
2025-06-20,0.3621
2025-06-23,0.3571
2025-06-24,0.3567
2025-06-25,0.358
2025-06-26,0.3592
2025-06-27,0.3582
2025-06-30,0.355
2025-07-01,0.3571
2025-07-02,0.354
2025-07-03,0.3525
2025-07-04,0.3498
2025-07-07,0.3502
2025-07-08,0.3524
2025-07-09,0.349
2025-07-10,0.3477
2025-07-11,0.3499
2025-07-14,0.3508
2025-07-15,0.3464
2025-07-16,0.3442
2025-07-17,0.3435
2025-07-18,0.347
2025-07-21,0.3487
2025-07-22,0.3502
2025-07-23,0.3506
2025-07-24,0.3506
2025-07-25,0.3523
2025-07-28,0.3503
2025-07-29,0.3488
2025-07-30,0.3485
2025-07-31,0.3474
2025-08-01,0.3483
2025-08-04,0.3517
2025-08-05,0.3559
2025-08-06,0.3576
2025-08-07,0.3561
2025-08-08,0.3587
2025-08-11,0.3552
2025-08-12,0.3556
2025-08-13,0.3558
2025-08-14,0.3539
2025-08-15,0.3536
2025-08-18,0.3546
2025-08-19,0.3544
2025-08-20,0.3549
2025-08-21,0.3567
2025-08-22,0.3533
2025-08-25,0.3549
2025-08-26,0.3514
2025-08-27,0.3487
2025-08-28,0.3503
2025-08-29,0.3519
2025-09-01,0.3567
2025-09-02,0.358
2025-09-03,0.3568
2025-09-04,0.356
2025-09-05,0.3547
2025-09-08,0.3544
2025-09-09,0.3563
2025-09-10,0.357
2025-09-11,0.3561
2025-09-12,0.3571
2025-09-15,0.3597
2025-09-16,0.3612
2025-09-17,0.3607
2025-09-18,0.3605
2025-09-19,0.3559
2025-09-25,0.3553
2025-09-26,0.3561
2025-09-29,0.3531
2025-09-30,0.351
2025-10-03,0.3532
2025-10-06,0.349
2025-10-08,0.3477
2025-10-09,0.342
2025-10-10,0.3418
2025-10-13,0.3452
2025-10-15,0.3471
2025-10-16,0.3491
2025-10-17,0.351
2025-10-20,0.3511
2025-10-21,0.3494
2025-10-22,0.3494
2025-10-23,0.3512
2025-10-24,0.3508
2025-10-27,0.3474
2025-10-28,0.3476
2025-10-29,0.3471
2025-10-30,0.3442
2025-10-31,0.3437
2025-11-03,0.3425
2025-11-04,0.3418
2025-11-05,0.3411
2025-11-06,0.3407
2025-11-07,0.3406
2025-11-10,0.34
2025-11-11,0.3392
2025-11-12,0.3387
2025-11-13,0.3409
2025-11-14,0.3423
2025-11-17,0.3431
2025-11-18,0.3446
2025-11-19,0.3441
2025-11-20,0.3412
2025-11-21,0.3433
2025-11-24,0.3439
2025-11-25,0.3415
2025-11-26,0.3441
2025-11-27,0.3453
2025-11-28,0.3434
2025-12-01,0.3461
2025-12-02,0.3442
2025-12-03,0.3439
2025-12-04,0.3448
2025-12-05,0.3431
2025-12-08,0.3417
2025-12-09,0.3431
2025-12-10,0.3456
2025-12-11,0.3471
2025-12-12,0.3452
2025-12-15,0.3453
2025-12-16,0.3463
2025-12-17,0.3452
2025-12-18,0.3459
2025-12-19,0.3445
2025-12-22,0.3468
2025-12-23,0.3479
2025-12-24,0.3479
2025-12-29,0.349
2025-12-30,0.3464
2025-12-31,0.3467
2026-01-02,0.3449
2026-01-05,0.3421
2026-01-06,0.3441
2026-01-07,0.3457
2026-01-08,0.3443
2026-01-09,0.3435
2026-01-12,0.3435
2026-01-13,0.3428
2026-01-14,0.3422
2026-01-15,0.3429
2026-01-16,0.34
2026-01-19,0.3425
2026-01-20,0.3469
2026-01-21,0.3485
2026-01-22,0.3468
2026-01-23,0.3472
2026-01-26,0.3503
2026-01-27,0.3488
2026-01-28,0.35
2026-01-29,0.349
2026-01-30,0.3506
2026-02-02,0.3479
2026-02-03,0.345
2026-02-04,0.3449
2026-02-05,0.3457
2026-02-06,0.3446
2026-02-09,0.3452
2026-02-10,0.3455
2026-02-11,0.3476
2026-02-12,0.3454
2026-02-13,0.3449
2026-02-16,0.3447
2026-02-17,0.3448
2026-02-18,0.3452
2026-02-19,0.3454
2026-02-20,0.3446
2026-02-23,0.3437
2026-02-24,0.3433
2026-02-25,0.3416
2026-02-26,0.344
2026-02-27,0.3458
2026-03-02,0.3374
2026-03-05,0.3342
2026-03-06,0.3342
2026-03-09,0.337
2026-03-10,0.3385
2026-03-11,0.338
2026-03-12,0.3357
2026-03-13,0.3336
2026-03-16,0.3325
2026-03-17,0.3343
2026-03-18,0.3317
2026-03-19,0.3316
2026-03-20,0.3341
2026-03-23,0.3321
2026-03-24,0.3348
2026-03-25,0.3353
2026-03-26,0.3326
2026-03-27,0.334
2026-03-30,0.3339
2026-03-31,0.3321
2026-04-07,0.3319
2026-04-09,0.3315
2026-04-10,0.3282
2026-04-13,0.3288
2026-04-14,0.3294
2026-04-15,0.3271
2026-04-16,0.3259
2026-04-17,0.326
2026-04-20,0.3277
2026-04-21,0.3262
2026-04-23,0.3253
2026-04-24,0.324
2026-04-27,0.3242
2026-04-28,0.3226
2026-04-29,0.3196
2026-04-30,0.3194
2026-05-01,0.3189
2026-05-04,0.3197
2026-05-05,0.3173
2026-05-06,0.316
2026-05-07,0.3162
2026-05-08,0.3151
2026-05-11,0.3147
2026-05-12,0.3136
2026-05-13,0.3122
2026-05-14,0.3115
2026-05-15,0.3092
2026-05-18,0.3097
2026-05-19,0.3099
2026-05-20,0.3108
2026-05-21,0.3109
2026-05-26,0.3073
2026-05-27,0.3068
2026-05-28,0.3042
2026-05-29,0.3036
2026-06-01,0.3036
2026-06-02,0.3041
2026-06-03,0.3067
2026-06-04,0.3097
2026-06-05,0.3108
2026-06-08,0.3115
2026-06-09,0.3123
2026-06-10,0.3132
2026-06-11,0.3109
2026-06-12,0.3103
2026-06-15,0.31
2026-06-16,0.31
2026-06-17,0.3104
2026-06-18,0.3072
2026-06-19,0.3086
2026-06-22,0.3091
2026-06-23,0.3091
2026-06-24,0.3058
2026-06-25,0.3051
2026-06-26,0.3086
2026-06-29,0.3066
2026-06-30,0.3062
2026-07-01,0.3061
2026-07-02,0.3092
2026-07-03,0.3105
2026-07-06,0.3112
2026-07-07,0.3135
2026-07-08,0.3139
2026-07-09,0.3126
2026-07-10,0.3112
2026-07-13,0.3135
2026-07-14,0.3111
2026-07-15,0.3094
2026-07-16,0.3126
2026-07-17,0.316
2026-07-20,0.3155
2026-07-21,0.3151
2026-07-22,0.3151
2026-07-24,0.3146
2026-07-27,0.3132
2026-07-28,0.3141
2026-07-29,0.315
2026-07-30,0.3198
2026-07-31,0.3205
2026-08-03,0.3205
2026-08-04,0.3175
2026-08-05,0.3159
2026-08-06,0.3183
2026-08-07,0.3162
2026-08-10,0.3163
2026-08-11,0.3161
2026-08-12,0.3136
2026-08-13,0.312
2026-08-14,0.3098
2026-08-17,0.3107
2026-08-18,0.3134
2026-08-19,0.3141
2026-08-20,0.3154
2026-08-21,0.3163
2026-08-24,0.3151
2026-08-25,0.3145
2026-08-26,0.3131
2026-08-27,0.3126
2026-08-28,0.3119
2026-08-31,0.3117
2026-09-01,0.3142
2026-09-02,0.3149
2026-09-03,0.3156
2026-09-04,0.315
2026-09-07,0.3136
2026-09-08,0.3142
2026-09-09,0.3151
2026-09-10,0.3146
2026-09-14,0.312
2026-09-15,0.3121
