date,rate
1948-05-15,0.000025
1949-09-19,0.0000357
1954-01-01,0.00018
1962-02-10,0.0003
1967-11-19,0.00035
1971-08-22,0.00042
1974-11-10,0.0006
1975-06-18,0.000612
1975-08-05,0.000624
1975-09-09,0.000636
1975-09-28,0.0007
1975-11-24,0.00071
1976-01-04,0.000724
1976-02-11,0.000738
1976-03-15,0.000752
1976-04-19,0.000767
1976-05-20,0.000782
1976-06-24,0.000797
1976-07-19,0.000812
1976-07-20,0.00081305
1976-07-21,0.00081144
1976-07-22,0.00081186
1976-07-23,0.00081214
1976-07-26,0.00081296
1976-07-27,0.0008128
1976-07-28,0.00081145
1976-07-29,0.0008097
1976-07-30,0.00080975
1976-08-01,0.0008078
1976-08-02,0.00080835
1976-08-03,0.00080812
1976-08-04,0.00080815
1976-08-06,0.0008099
1976-08-08,0.0008091
1976-08-09,0.00080885
1976-08-10,0.00080888
1976-08-11,0.00080973
1976-08-12,0.00080945
1976-08-13,0.00081018
1976-08-15,0.00081063
1976-08-16,0.0008109
1976-08-17,0.000809
1976-08-18,0.000807
1976-08-19,0.0008082
1976-08-20,0.00080833
1976-08-22,0.0008088
1976-08-23,0.0008079
1976-08-24,0.00080714
1976-08-25,0.00082075
1976-08-26,0.00082052
1976-08-27,0.00081974
1976-08-29,0.00082013
1976-08-30,0.00081927
1976-08-31,0.00081913
1976-09-01,0.00081934
1976-09-02,0.00081929
1976-09-03,0.00081971
1976-09-05,0.00081928
1976-09-06,0.00081938
1976-09-07,0.00081913
1976-09-08,0.00081941
1976-09-09,0.00082212
1976-09-10,0.00082168
1976-09-12,0.00082047
1976-09-13,0.00082038
1976-09-14,0.00082139
1976-09-15,0.00082053
1976-09-16,0.00081872
1976-09-17,0.00081898
1976-09-19,0.0008195
1976-09-20,0.00082012
1976-09-21,0.00082121
1976-09-22,0.00082014
1976-09-23,0.00081967
1976-09-24,0.00082186
1976-09-27,0.00082248
1976-09-28,0.00082525
1976-09-29,0.00084024
1976-09-30,0.00083927
1976-10-02,0.00083748
1976-10-05,0.00083896
1976-10-06,0.00083935
1976-10-07,0.00083872
1976-10-08,0.00083811
1976-10-10,0.00083922
1976-10-11,0.00083971
1976-10-12,0.00084019
1976-10-13,0.0008408
1976-10-14,0.00084108
1976-10-15,0.00084252
1976-10-17,0.00084163
1976-10-18,0.00084281
1976-10-19,0.00084144
1976-10-20,0.00084003
1976-10-21,0.00083938
1976-10-22,0.00083992
1976-10-24,0.00083925
1976-10-25,0.00084492
1976-10-26,0.00084483
1976-10-27,0.00084563
1976-10-28,0.00084543
1976-10-29,0.00084212
1976-10-31,0.0008601
1976-11-01,0.00085947
1976-11-02,0.00086036
1976-11-03,0.00085928
1976-11-04,0.00085743
1976-11-05,0.00085655
1976-11-07,0.00085774
1976-11-08,0.00085792
1976-11-09,0.00085685
1976-11-10,0.00085636
1976-11-11,0.00085648
1976-11-12,0.000857
1976-11-14,0.00085623
1976-11-15,0.00085547
1976-11-16,0.00085553
1976-11-17,0.00085465
1976-11-18,0.0008534
1976-11-19,0.0008514
1976-11-21,0.00085178
1976-11-22,0.0008507
1976-11-23,0.00085326
1976-11-24,0.00086934
1976-11-25,0.00087018
1976-11-26,0.00086975
1976-11-28,0.00086977
1976-11-29,0.00087014
1976-11-30,0.00087024
1976-12-01,0.00086957
1976-12-02,0.00086936
1976-12-03,0.00086894
1976-12-05,0.00086909
1976-12-06,0.00086882
1976-12-07,0.00086834
1976-12-08,0.00086739
1976-12-09,0.000867
1976-12-10,0.00086664
1976-12-12,0.00086648
1976-12-13,0.00086588
1976-12-14,0.00086494
1976-12-15,0.00086526
1976-12-16,0.000867
1976-12-17,0.00086624
1976-12-19,0.0008648
1976-12-20,0.00086417
1976-12-21,0.00086183
1976-12-22,0.00086207
1976-12-23,0.00086148
1976-12-24,0.00087854
1976-12-26,0.00087818
1976-12-27,0.00087807
1976-12-28,0.00087571
1976-12-29,0.00087617
1976-12-30,0.00087527
1976-12-31,0.00087524
1977-01-03,0.0008734
1977-01-04,0.00087211
1977-01-05,0.00087243
1977-01-06,0.00087305
1977-01-07,0.00087468
1977-01-09,0.00087574
1977-01-10,0.00087756
1977-01-11,0.00087654
1977-01-12,0.00087714
1977-01-13,0.00087777
1977-01-14,0.00087883
1977-01-16,0.00087943
1977-01-17,0.00089656
1977-01-18,0.0008956
1977-01-19,0.00089627
1977-01-20,0.00089609
1977-01-21,0.00089547
1977-01-23,0.00089585
1977-01-24,0.0008954
1977-01-25,0.00089816
1977-01-26,0.00089884
1977-01-27,0.00089806
1977-01-28,0.000898
1977-01-30,0.00089882
1977-01-31,0.00089813
1977-02-01,0.00089665
1977-02-02,0.00089741
1977-02-03,0.0008979
1977-02-04,0.00089767
1977-02-06,0.00089786
1977-02-07,0.00089813
1977-02-08,0.00089711
1977-02-09,0.00089666
1977-02-10,0.00089586
1977-02-11,0.00089662
1977-02-13,0.00089631
1977-02-14,0.00089595
1977-02-15,0.00089709
1977-02-16,0.00089667
1977-02-17,0.00089648
1977-02-18,0.00089664
1977-02-20,0.00089605
1977-02-21,0.00089618
1977-02-22,0.00089582
1977-02-23,0.0008964
1977-02-24,0.00089741
1977-02-25,0.00089634
1977-02-27,0.00089574
1977-02-28,0.00089597
1977-03-01,0.0008943
1977-03-02,0.00091279
1977-03-04,0.00091201
1977-03-07,0.00091268
1977-03-08,0.00091258
1977-03-09,0.0009128
1977-03-10,0.00091285
1977-03-11,0.00091295
1977-03-13,0.00091278
1977-03-14,0.0009124
1977-03-15,0.00091263
1977-03-16,0.0009125
1977-03-17,0.00091225
1977-03-18,0.00091204
1977-03-20,0.00091208
1977-03-21,0.00092891
1977-03-22,0.00092891
1977-03-25,0.00092868
1977-03-27,0.00092857
1977-03-28,0.00092854
1977-03-29,0.00092803
1977-03-30,0.00092833
1977-03-31,0.00092784
1977-04-01,0.00092803
1977-04-04,0.00092785
1977-04-05,0.00092789
1977-04-06,0.00092773
1977-04-07,0.00092774
1977-04-08,0.00092734
1977-04-10,0.00092737
1977-04-11,0.0009273
1977-04-12,0.00092686
1977-04-13,0.0009259
1977-04-14,0.00092511
1977-04-15,0.00092596
1977-04-17,0.00092532
1977-04-18,0.00092483
1977-04-19,0.00092538
1977-04-20,0.00092524
1977-04-22,0.00092592
1977-04-24,0.0009258
1977-04-25,0.000925
1977-04-26,0.00092549
1977-04-27,0.00092533
1977-04-28,0.0009238
1977-04-29,0.00092416
1977-05-01,0.00092286
1977-05-02,0.00092361
1977-05-03,0.00092369
1977-05-04,0.00092372
1977-05-05,0.00092224
1977-05-06,0.00092285
1977-05-08,0.00092277
1977-05-09,0.00092374
1977-05-10,0.00092389
1977-05-11,0.00092556
1977-05-12,0.00092547
1977-05-13,0.00092358
1977-05-15,0.00092454
1977-05-16,0.00092445
1977-05-18,0.00092349
1977-05-19,0.00092347
1977-05-20,0.00092431
1977-05-22,0.00092432
1977-05-23,0.00092497
1977-05-25,0.00094145
1977-05-26,0.00094166
1977-05-27,0.00094147
1977-05-29,0.000942
1977-05-30,0.00094167
1977-05-31,0.0009419
1977-06-01,0.0009419
1977-06-02,0.00094143
1977-06-03,0.00094154
1977-06-05,0.00094182
1977-06-06,0.00094139
1977-06-07,0.00094202
1977-06-08,0.00094191
1977-06-09,0.00094158
1977-06-10,0.00094186
1977-06-12,0.000942
1977-06-13,0.00094156
1977-06-14,0.00094178
1977-06-15,0.00094178
1977-06-16,0.00094172
1977-06-17,0.00094196
1977-06-19,0.00094204
1977-06-20,0.00094252
1977-06-21,0.00094262
1977-06-22,0.00094213
1977-06-23,0.00094217
1977-06-24,0.00094223
1977-06-26,0.00094152
1977-06-27,0.00094166
1977-06-28,0.00094188
1977-06-29,0.00094075
1977-06-30,0.00093928
1977-07-01,0.00093962
1977-07-03,0.00093965
1977-07-04,0.00095647
1977-07-05,0.0009539
1977-07-06,0.00095491
1977-07-07,0.00095347
1977-07-08,0.00095357
1977-07-10,0.0009529
1977-07-11,0.00095183
1977-07-12,0.00095122
1977-07-13,0.00095009
1977-07-14,0.00095056
1977-07-15,0.00095132
1977-07-17,0.0009508
1977-07-18,0.00096827
1977-07-19,0.00096656
1977-07-20,0.00096511
1977-07-21,0.0009638
1977-07-22,0.00096539
1977-07-25,0.00096315
1977-07-26,0.00096265
1977-07-27,0.00096393
1977-07-28,0.00096273
1977-07-29,0.00096644
1977-07-31,0.00096783
1977-08-01,0.00098694
1977-08-02,0.00098615
1977-08-03,0.00098427
1977-08-04,0.00098505
1977-08-05,0.00098568
1977-08-07,0.0009857
1977-08-08,0.00098738
1977-08-09,0.00098831
1977-08-10,0.00098934
1977-08-11,0.00098913
1977-08-12,0.00099081
1977-08-14,0.00099194
1977-08-15,0.00099155
1977-08-16,0.0009927
1977-08-17,0.00101026
1977-08-18,0.00101176
1977-08-19,0.00101006
1977-08-21,0.00101033
1977-08-22,0.00100932
1977-08-23,0.00100946
1977-08-24,0.00100735
1977-08-25,0.00100746
1977-08-26,0.00100866
1977-08-28,0.00100802
1977-08-29,0.00100817
1977-08-30,0.00101032
1977-08-31,0.00100925
1977-09-01,0.00100888
1977-09-02,0.00100859
1977-09-04,0.00100922
1977-09-05,0.00100973
1977-09-06,0.00100997
1977-09-07,0.00100892
1977-09-08,0.00100878
1977-09-09,0.00101039
1977-09-11,0.00101042
1977-09-12,0.00101132
1977-09-15,0.0010106
1977-09-16,0.00101052
1977-09-18,0.00101103
1977-09-19,0.00101037
1977-09-20,0.00103008
1977-09-21,0.00102952
1977-09-23,0.00103049
1977-09-25,0.00103012
1977-09-26,0.0010302
1977-09-28,0.00103055
1977-09-29,0.00102919
1977-09-30,0.00102764
1977-10-02,0.00102648
1977-10-03,0.00102305
1977-10-05,0.00102465
1977-10-06,0.00102177
1977-10-07,0.00102248
1977-10-09,0.00102196
1977-10-10,0.00102188
1977-10-11,0.00102306
1977-10-12,0.00102464
1977-10-13,0.00102151
1977-10-14,0.00101832
1977-10-16,0.00101832
1977-10-17,0.00103543
1977-10-18,0.00103695
1977-10-19,0.00103647
1977-10-20,0.00103942
1977-10-21,0.00103825
1977-10-23,0.00103784
1977-10-24,0.00103622
1977-10-25,0.00103634
1977-10-26,0.00103619
1977-10-27,0.00103522
1977-10-28,0.00103632
1977-10-31,0.001525
1977-11-01,0.0015229
1977-11-02,0.0015203
1977-11-03,0.0015194
1977-11-04,0.0015206
1977-11-07,0.0015208
1977-11-08,0.001521
1977-11-09,0.0015219
1977-11-10,0.0015228
1977-11-11,0.0015227
1977-11-14,0.0015217
1977-11-15,0.0015213
1977-11-16,0.0015213
1977-11-17,0.0015228
1977-11-18,0.0015241
1977-11-21,0.001526
1977-11-22,0.0015262
1977-11-23,0.0015264
1977-11-24,0.0015277
1977-11-25,0.0015292
1977-11-28,0.0015298
1977-11-29,0.0015303
1977-11-30,0.00153
1977-12-01,0.0015297
1977-12-02,0.0015298
1977-12-05,0.00153
1977-12-06,0.0015302
1977-12-07,0.0015303
1977-12-08,0.0015301
1977-12-09,0.0015302
1977-12-12,0.0015303
1977-12-13,0.0015303
1977-12-14,0.0015304
1977-12-15,0.0015304
1977-12-16,0.0015305
1977-12-19,0.0015308
1977-12-20,0.0015312
1977-12-21,0.0015312
1977-12-22,0.0015314
1977-12-23,0.0015319
1977-12-27,0.0015358
1977-12-28,0.0015374
1977-12-29,0.001538
1977-12-30,0.0015388
1978-01-03,0.0015421
1978-01-04,0.0015463
1978-01-05,0.0015471
1978-01-06,0.0015488
1978-01-09,0.0015586
1978-01-10,0.0015644
1978-01-11,0.0015688
1978-01-12,0.0015706
1978-01-13,0.0015716
1978-01-16,0.0015754
1978-01-17,0.0015806
1978-01-18,0.0015844
1978-01-19,0.0015858
1978-01-20,0.0015874
1978-01-23,0.0015908
1978-01-24,0.0015966
1978-01-25,0.0015987
1978-01-26,0.0016001
1978-01-27,0.0016008
1978-01-30,0.0016019
1978-01-31,0.0016028
1978-02-01,0.0016024
1978-02-02,0.0016015
1978-02-03,0.0015998
1978-02-06,0.0015997
1978-02-07,0.0015994
1978-02-08,0.0015993
1978-02-09,0.0015992
1978-02-10,0.0015993
1978-02-14,0.0015995
1978-02-15,0.0016002
1978-02-16,0.0015999
1978-02-17,0.0015992
1978-02-20,0.0016037
1978-02-21,0.0016047
1978-02-22,0.0016088
1978-02-23,0.0016117
1978-02-24,0.0016159
1978-02-27,0.0016229
1978-02-28,0.0016267
1978-03-01,0.0016333
1978-03-02,0.0016373
1978-03-03,0.0016373
1978-03-06,0.0016368
1978-03-07,0.0016334
1978-03-09,0.001633
1978-03-10,0.0016359
1978-03-13,0.0016379
1978-03-14,0.0016415
1978-03-15,0.0016471
1978-03-16,0.0016503
1978-03-17,0.0016511
1978-03-20,0.0016542
1978-03-21,0.0016533
1978-03-22,0.0016498
1978-03-23,0.0016488
1978-03-27,0.00164596
1978-03-28,0.0016431
1978-03-29,0.0016424
1978-03-30,0.0016424
1978-03-31,0.0016421
1978-04-03,0.0016411
1978-04-04,0.0016409
1978-04-05,0.0016435
1978-04-06,0.0016483
1978-04-07,0.001648
1978-04-10,0.0016463
1978-04-11,0.0016464
1978-04-12,0.0016462
1978-04-13,0.0016464
1978-04-14,0.001651
1978-04-17,0.0016534
1978-04-18,0.0016536
1978-04-19,0.0016544
1978-04-20,0.0016578
1978-04-21,0.0016626
1978-04-24,0.0016636
1978-04-25,0.0016682
1978-04-26,0.0016704
1978-04-27,0.001673
1978-05-01,0.0016747
1978-05-02,0.0016747
1978-05-03,0.0016747
1978-05-04,0.0016747
1978-05-05,0.0016746
1978-05-08,0.0016726
1978-05-09,0.0016745
1978-05-10,0.0016785
1978-05-12,0.0016831
1978-05-15,0.0016866
1978-05-16,0.0016916
1978-05-17,0.0016984
1978-05-18,0.001703
1978-05-19,0.0017047
1978-05-22,0.0017105
1978-05-23,0.0017164
1978-05-24,0.0017217
1978-05-25,0.0017246
1978-05-26,0.0017297
1978-05-29,0.001738
1978-05-30,0.0017435
1978-05-31,0.0017455
1978-06-01,0.0017456
1978-06-02,0.001743
1978-06-05,0.0017436
1978-06-06,0.0017435
1978-06-07,0.0017416
1978-06-08,0.0017407
1978-06-09,0.0017436
1978-06-12,0.0017425
1978-06-13,0.0017428
1978-06-14,0.0017431
1978-06-15,0.0017436
1978-06-16,0.0017436
1978-06-19,0.0017437
1978-06-20,0.0017446
1978-06-21,0.0017491
1978-06-22,0.0017524
1978-06-23,0.0017585
1978-06-26,0.001763
1978-06-27,0.0017677
1978-06-28,0.001774
1978-06-29,0.0017802
1978-06-30,0.0017838
1978-07-03,0.0017895
1978-07-04,0.0017856
1978-07-05,0.0017827
1978-07-06,0.001779
1978-07-07,0.0017755
1978-07-10,0.0017739
1978-07-11,0.001776
1978-07-12,0.0017779
1978-07-13,0.0017821
1978-07-14,0.0017851
1978-07-17,0.0017901
1978-07-18,0.0017966
1978-07-19,0.001801
1978-07-20,0.0018052
1978-07-21,0.0018075
1978-07-24,0.0018076
1978-07-25,0.001808
1978-07-26,0.0018102
1978-07-27,0.0018131
1978-07-28,0.0018155
1978-07-31,0.0018171
1978-08-01,0.0018176
1978-08-02,0.0018171
1978-08-03,0.0018155
1978-08-04,0.0018155
1978-08-07,0.0018159
1978-08-08,0.0018175
1978-08-09,0.0018196
1978-08-10,0.0018193
1978-08-11,0.0018179
1978-08-14,0.0018195
1978-08-15,0.0018203
1978-08-16,0.0018213
1978-08-17,0.0018203
1978-08-18,0.0018243
1978-08-21,0.0018266
1978-08-22,0.00183
1978-08-23,0.0018272
1978-08-24,0.0018265
1978-08-25,0.0018265
1978-08-28,0.0018266
1978-08-29,0.0018319
1978-08-30,0.0018339
1978-08-31,0.001837
1978-09-01,0.0018359
1978-09-04,0.0018369
1978-09-05,0.0018349
1978-09-06,0.0018303
1978-09-07,0.001829
1978-09-08,0.001826
1978-09-11,0.00183
1978-09-12,0.0018309
1978-09-13,0.0018324
1978-09-14,0.0018381
1978-09-15,0.0018449
1978-09-18,0.0018501
1978-09-19,0.001852
1978-09-20,0.001851
1978-09-21,0.0018472
1978-09-22,0.0018401
1978-09-25,0.001837
1978-09-26,0.0018361
1978-09-27,0.0018227
1978-09-28,0.0018228
1978-09-29,0.001835
1978-10-04,0.0018275
1978-10-05,0.001826
1978-10-06,0.001826
1978-10-10,0.001828
1978-10-12,0.001828
1978-10-13,0.0018281
1978-10-17,0.0018282
1978-10-18,0.0018298
1978-10-19,0.001835
1978-10-20,0.001839
1978-10-24,0.0018441
1978-10-25,0.001848
1978-10-26,0.0018501
1978-10-27,0.0018511
1978-10-30,0.0018495
1978-10-31,0.0018509
1978-11-01,0.0018509
1978-11-02,0.0018476
1978-11-03,0.00185
1978-11-06,0.001854
1978-11-08,0.0018591
1978-11-09,0.001864
1978-11-10,0.0018673
1978-11-13,0.00187
1978-11-14,0.001875
1978-11-15,0.00188
1978-11-16,0.001883
1978-11-17,0.0018859
1978-11-20,0.00189
1978-11-21,0.0018934
1978-11-22,0.0018931
1978-11-24,0.001898
1978-11-27,0.0018939
1978-11-28,0.0018928
1978-11-29,0.001889
1978-11-30,0.0018845
1978-12-01,0.0018766
1978-12-04,0.001872
1978-12-05,0.0018711
1978-12-06,0.0018689
1978-12-07,0.001867
1978-12-08,0.001866
1978-12-11,0.001866
1978-12-12,0.0018681
1978-12-13,0.001864
1978-12-14,0.001864
1978-12-15,0.001864
1978-12-18,0.001863
1978-12-19,0.001863
1978-12-20,0.0018693
1978-12-21,0.001874
1978-12-22,0.0018808
1978-12-26,0.0018864
1978-12-27,0.0018982
1978-12-28,0.0018942
1978-12-29,0.0019015
1979-01-02,0.0019036
1979-01-03,0.0019051
1979-01-04,0.0019039
1979-01-05,0.001902
1979-01-08,0.0018992
1979-01-09,0.0018779
1979-01-10,0.001872
1979-01-11,0.001867
1979-01-12,0.00187
1979-01-15,0.0018825
1979-01-16,0.0019024
1979-01-17,0.0019074
1979-01-18,0.0019093
1979-01-19,0.0019108
1979-01-22,0.0019176
1979-01-23,0.0019156
1979-01-24,0.001914
1979-01-25,0.0019102
1979-01-26,0.0019059
1979-01-29,0.0019127
1979-01-30,0.0019155
1979-01-31,0.0019114
1979-02-01,0.0019067
1979-02-02,0.0019175
1979-02-05,0.0019402
1979-02-06,0.0019401
1979-02-07,0.0019275
1979-02-08,0.0019146
1979-02-09,0.00191
1979-02-12,0.001935
1979-02-13,0.0019572
1979-02-14,0.0019702
1979-02-15,0.0019744
1979-02-16,0.0019702
1979-02-19,0.0019652
1979-02-20,0.001976
1979-02-21,0.0019752
1979-02-22,0.0019731
1979-02-23,0.0019714
1979-02-26,0.0019646
1979-02-27,0.0019358
1979-02-28,0.0019236
1979-03-01,0.0019434
1979-03-02,0.0019254
1979-03-05,0.001925
1979-03-06,0.0019264
1979-03-07,0.0019388
1979-03-08,0.001959
1979-03-09,0.0019801
1979-03-12,0.0019965
1979-03-13,0.0020066
1979-03-15,0.0020151
1979-03-16,0.0020335
1979-03-19,0.0020475
1979-03-20,0.0020576
1979-03-21,0.0020675
1979-03-22,0.0020774
1979-03-23,0.0020867
1979-03-26,0.0020943
1979-03-27,0.0021127
1979-03-28,0.0021201
1979-03-29,0.002133
1979-03-30,0.002142
1979-04-02,0.0021382
1979-04-03,0.0021479
1979-04-04,0.0021501
1979-04-05,0.0021539
1979-04-06,0.0021608
1979-04-09,0.0021685
1979-04-10,0.0021819
1979-04-11,0.0021925
1979-04-13,0.0021949
1979-04-16,0.0022007
1979-04-17,0.0022158
1979-04-19,0.0022215
1979-04-20,0.0022262
1979-04-23,0.0022316
1979-04-24,0.0022367
1979-04-25,0.0022429
1979-04-26,0.0022506
1979-04-27,0.0022584
1979-04-30,0.0022641
1979-05-01,0.0022695
1979-05-03,0.0022809
1979-05-04,0.0022793
1979-05-07,0.0022851
1979-05-08,0.0023017
1979-05-09,0.0023075
1979-05-10,0.0023199
1979-05-11,0.0023325
1979-05-14,0.0023415
1979-05-15,0.0023425
1979-05-16,0.0023495
1979-05-17,0.0023741
1979-05-18,0.0023855
1979-05-21,0.0023988
1979-05-22,0.0024095
1979-05-23,0.0024101
1979-05-24,0.0024229
1979-05-25,0.0024289
1979-05-28,0.0024315
1979-05-29,0.0024333
1979-05-30,0.0024295
1979-05-31,0.0024153
1979-06-04,0.0024118
1979-06-05,0.0024104
1979-06-06,0.0024034
1979-06-07,0.0024027
1979-06-08,0.0024067
1979-06-11,0.0024265
1979-06-12,0.0024441
1979-06-13,0.0024479
1979-06-14,0.0024555
1979-06-15,0.0024649
1979-06-18,0.0024797
1979-06-19,0.0024901
1979-06-20,0.0024983
1979-06-21,0.0025065
1979-06-22,0.0025077
1979-06-25,0.0025189
1979-06-26,0.0025345
1979-06-27,0.0025345
1979-06-28,0.0025333
1979-06-29,0.0025245
1979-07-02,0.0025217
1979-07-03,0.0025163
1979-07-04,0.0025203
1979-07-05,0.0025235
1979-07-06,0.0025321
1979-07-09,0.0025403
1979-07-10,0.0025481
1979-07-11,0.0025521
1979-07-12,0.0025601
1979-07-13,0.0025645
1979-07-16,0.0025669
1979-07-17,0.0025723
1979-07-18,0.0025783
1979-07-19,0.0025739
1979-07-20,0.0025821
1979-07-23,0.0025853
1979-07-24,0.0025913
1979-07-25,0.0025929
1979-07-26,0.0025805
1979-07-27,0.0025823
1979-07-30,0.0025906
1979-07-31,0.0025873
1979-08-01,0.0025819
1979-08-03,0.0025825
1979-08-06,0.0025895
1979-08-07,0.002596
1979-08-08,0.0026071
1979-08-09,0.002607
1979-08-10,0.002619
1979-08-13,0.0026401
1979-08-14,0.0026451
1979-08-15,0.0026499
1979-08-16,0.0026611
1979-08-17,0.002671
1979-08-20,0.00269
1979-08-21,0.002699
1979-08-22,0.00269901
1979-08-23,0.002699
1979-08-24,0.002704
1979-08-27,0.002716
1979-08-28,0.002716
1979-08-29,0.0027161
1979-08-30,0.002717
1979-08-31,0.002713
1979-09-03,0.002724
1979-09-04,0.002733
1979-09-05,0.002734
1979-09-06,0.0027441
1979-09-07,0.002747
1979-09-10,0.0027541
1979-09-11,0.0027729
1979-09-12,0.002773
1979-09-13,0.0027811
1979-09-14,0.0028051
1979-09-17,0.002835
1979-09-18,0.002854
1979-09-19,0.0028684
1979-09-20,0.002891
1979-09-21,0.002899
1979-09-24,0.002901
1979-09-25,0.0029002
1979-09-26,0.002897
1979-09-27,0.002896
1979-09-28,0.002895
1979-10-02,0.002902
1979-10-03,0.0029069
1979-10-04,0.0029171
1979-10-05,0.0029221
1979-10-08,0.0029382
1979-10-09,0.0029435
1979-10-10,0.002956
1979-10-11,0.0029659
1979-10-12,0.0029699
1979-10-15,0.0029781
1979-10-16,0.002984
1979-10-17,0.002989
1979-10-18,0.0029935
1979-10-19,0.003002
1979-10-22,0.003012
1979-10-23,0.003027
1979-10-24,0.003024
1979-10-25,0.0030361
1979-10-26,0.003047
1979-10-29,0.0030499
1979-10-30,0.0030601
1979-10-31,0.0030599
1979-11-01,0.003062
1979-11-02,0.003075
1979-11-05,0.003103
1979-11-06,0.0031329
1979-11-07,0.0031581
1979-11-08,0.003148
1979-11-09,0.003129
1979-11-12,0.0031421
1979-11-13,0.0031469
1979-11-14,0.003146
1979-11-15,0.003151
1979-11-16,0.0031672
1979-11-19,0.003179
1979-11-20,0.0031899
1979-11-21,0.003211
1979-11-22,0.003231
1979-11-23,0.0032532
1979-11-26,0.0032512
1979-11-27,0.003261
1979-11-28,0.0032792
1979-11-29,0.003278
1979-11-30,0.0032842
1979-12-03,0.003309
1979-12-04,0.003317
1979-12-05,0.0033259
1979-12-06,0.0033352
1979-12-07,0.003348
1979-12-10,0.003365
1979-12-11,0.003372
1979-12-12,0.003381
1979-12-13,0.003384
1979-12-14,0.003379
1979-12-17,0.003393
1979-12-18,0.003407
1979-12-19,0.003416
1979-12-20,0.0034321
1979-12-21,0.0034461
1979-12-24,0.0034582
1979-12-26,0.003481
1979-12-27,0.003504
1979-12-28,0.0035149
1979-12-31,0.003535
1980-01-02,0.003535
1980-01-03,0.003553
1980-01-04,0.003557
1980-01-06,0.003557
1980-01-07,0.0035772
1980-01-08,0.003588
1980-01-09,0.003597
1980-01-10,0.003599
1980-01-11,0.0036222
1980-01-13,0.0036222
1980-01-14,0.003624
1980-01-15,0.0036342
1980-01-16,0.003633
1980-01-17,0.003637
1980-01-18,0.0036502
1980-01-20,0.0036502
1980-01-21,0.0036632
1980-01-22,0.003662
1980-01-23,0.0036689
1980-01-24,0.003682
1980-01-25,0.0036841
1980-01-27,0.0036841
1980-01-28,0.0037041
1980-01-29,0.003702
1980-01-30,0.003699
1980-01-31,0.003706
1980-02-01,0.0037113
1980-02-03,0.0037113
1980-02-04,0.003729
1980-02-05,0.003743
1980-02-06,0.003749
1980-02-07,0.0037612
1980-02-08,0.003767
1980-02-10,0.003767
1980-02-11,0.0037822
1980-02-12,0.003782
1980-02-13,0.0037871
1980-02-14,0.00379
1980-02-15,0.0037952
1980-02-17,0.0037952
1980-02-18,0.003832
1980-02-19,0.003857
1980-02-20,0.003875
1980-02-21,0.0038882
1980-02-22,0.003893
1980-02-24,0.003893
1980-02-25,0.0039812
1980-02-26,0.0039829
1980-02-27,0.003951
1980-02-28,0.003952
1980-02-29,0.0039552
1980-03-04,0.003946
1980-03-05,0.0039338
1980-03-06,0.0039369
1980-03-07,0.003942
1980-03-09,0.003942
1980-03-10,0.003954
1980-03-11,0.003961
1980-03-12,0.003985
1980-03-13,0.004012
1980-03-14,0.004035
1980-03-16,0.004035
1980-03-17,0.004057
1980-03-18,0.0040722
1980-03-19,0.0040851
1980-03-20,0.0040902
1980-03-21,0.004097
1980-03-23,0.004097
1980-03-24,0.0041069
1980-03-25,0.004112
1980-03-26,0.0041125
1980-03-27,0.0041249
1980-03-28,0.0041349
1980-03-30,0.0041349
1980-03-31,0.0041478
1980-04-02,0.0041678
1980-04-03,0.004204
1980-04-04,0.0042243
1980-04-06,0.0042243
1980-04-08,0.0042302
1980-04-09,0.0042488
1980-04-10,0.0042568
1980-04-11,0.004281
1980-04-13,0.004281
1980-04-14,0.0042771
1980-04-15,0.004281
1980-04-16,0.0042828
1980-04-17,0.0042832
1980-04-18,0.0043102
1980-04-20,0.0043102
1980-04-22,0.0043132
1980-04-23,0.0043162
1980-04-24,0.0043232
1980-04-25,0.0043291
1980-04-27,0.0043291
1980-04-28,0.004324
1980-04-29,0.0042988
1980-04-30,0.0043001
1980-05-01,0.004312
1980-05-02,0.0043222
1980-05-04,0.0043222
1980-05-05,0.0043539
1980-05-06,0.0043649
1980-05-07,0.004372
1980-05-08,0.0043858
1980-05-09,0.004405
1980-05-11,0.004405
1980-05-12,0.0044252
1980-05-13,0.0044399
1980-05-14,0.0044459
1980-05-15,0.0044592
1980-05-16,0.004507
1980-05-18,0.004507
1980-05-19,0.0045541
1980-05-20,0.004544
1980-05-22,0.0045482
1980-05-23,0.0045683
1980-05-25,0.0045683
1980-05-26,0.00463
1980-05-27,0.0046418
1980-05-28,0.004621
1980-05-29,0.004617
1980-05-30,0.004598
1980-06-01,0.004598
1980-06-02,0.0046
1980-06-03,0.004596
1980-06-04,0.0046282
1980-06-05,0.004648
1980-06-06,0.004686
1980-06-08,0.004686
1980-06-09,0.0047163
1980-06-10,0.00472
1980-06-11,0.0047391
1980-06-12,0.0047521
1980-06-13,0.0047492
1980-06-15,0.0047492
1980-06-16,0.0047693
1980-06-17,0.004782
1980-06-18,0.0048058
1980-06-19,0.0048223
1980-06-20,0.004834
1980-06-22,0.004834
1980-06-23,0.0048638
1980-06-24,0.004883
1980-06-25,0.004915
1980-06-26,0.0049391
1980-06-27,0.0049551
1980-06-29,0.0049551
1980-06-30,0.004968
1980-07-01,0.0049748
1980-07-02,0.0049872
1980-07-03,0.005004
1980-07-04,0.0050182
1980-07-06,0.0050182
1980-07-07,0.0050327
1980-07-08,0.0050539
1980-07-09,0.005053
1980-07-10,0.005061
1980-07-11,0.005071
1980-07-13,0.005071
1980-07-14,0.005079
1980-07-15,0.005103
1980-07-16,0.005107
1980-07-17,0.005144
1980-07-18,0.005162
1980-07-20,0.005162
1980-07-21,0.005159
1980-07-23,0.005154
1980-07-24,0.0051501
1980-07-25,0.00515
1980-07-27,0.00515
1980-07-28,0.005171
1980-07-29,0.005184
1980-07-30,0.005199
1980-07-31,0.005238
1980-08-01,0.005248
1980-08-03,0.005248
1980-08-04,0.005258
1980-08-05,0.0052741
1980-08-06,0.005283
1980-08-07,0.0053006
1980-08-08,0.0053301
1980-08-10,0.0053301
1980-08-11,0.0053261
1980-08-12,0.00533
1980-08-13,0.005347
1980-08-14,0.005337
1980-08-15,0.005342
1980-08-17,0.005342
1980-08-18,0.005383
1980-08-19,0.005435
1980-08-20,0.005483
1980-08-21,0.005504
1980-08-22,0.005521
1980-08-24,0.005521
1980-08-25,0.005541
1980-08-26,0.0055691
1980-08-27,0.005588
1980-08-28,0.005585
1980-08-29,0.005578
1980-08-31,0.005578
1980-09-01,0.005587
1980-09-02,0.0055909
1980-09-03,0.005597
1980-09-04,0.005589
1980-09-05,0.005606
1980-09-07,0.005606
1980-09-08,0.005659
1980-09-09,0.005671
1980-09-10,0.005692
1980-09-14,0.005692
1980-09-15,0.005725
1980-09-16,0.005743
1980-09-17,0.005755
1980-09-18,0.005784
1980-09-19,0.005828
1980-09-21,0.005828
1980-09-22,0.005831
1980-09-23,0.005851
1980-09-24,0.005871
1980-09-26,0.005908
1980-09-28,0.005908
1980-09-29,0.005905
1980-10-03,0.00593
1980-10-05,0.00593
1980-10-06,0.005947
1980-10-07,0.0059698
1980-10-08,0.005979
1980-10-09,0.006004
1980-10-10,0.006017
1980-10-12,0.006017
1980-10-13,0.006033
1980-10-14,0.006044
1980-10-15,0.006062
1980-10-16,0.006064
1980-10-17,0.0060849
1980-10-19,0.0060849
1980-10-20,0.006117
1980-10-21,0.00614
1980-10-22,0.0061655
1980-10-23,0.006179
1980-10-24,0.006215
1980-10-26,0.006215
1980-10-27,0.006274
1980-10-28,0.0062849
1980-10-29,0.0063005
1980-10-30,0.006335
1980-10-31,0.0063704
1980-11-02,0.0063704
1980-11-03,0.0063774
1980-11-04,0.006398
1980-11-05,0.006428
1980-11-06,0.0064805
1980-11-07,0.0065581
1980-11-09,0.0065581
1980-11-10,0.006605
1980-11-11,0.006619
1980-11-12,0.0066305
1980-11-13,0.006631
1980-11-14,0.0066435
1980-11-16,0.0066435
1980-11-17,0.006723
1980-11-18,0.006745
1980-11-19,0.00675
1980-11-20,0.00677
1980-11-21,0.006805
1980-11-23,0.006805
1980-11-24,0.006867
1980-11-25,0.00688
1980-11-26,0.0069275
1980-11-27,0.00697
1980-11-28,0.00697
1980-11-30,0.00697
1980-12-01,0.006944
1980-12-02,0.007053
1980-12-03,0.007077
1980-12-04,0.007066
1980-12-05,0.007108
1980-12-07,0.007108
1980-12-08,0.0072
1980-12-09,0.0072589
1980-12-10,0.007352
1980-12-11,0.007351
1980-12-12,0.0074009
1980-12-14,0.0074009
1980-12-15,0.007448
1980-12-16,0.007519
1980-12-17,0.0075929
1980-12-18,0.007528
1980-12-19,0.0076099
1980-12-21,0.0076099
1980-12-22,0.0076279
1980-12-23,0.007594
1980-12-24,0.007546
1980-12-26,0.00761
1980-12-28,0.00761
1980-12-29,0.0076679
1980-12-30,0.007597
1980-12-31,0.007548
1981-01-02,0.0076129
1981-01-04,0.0076129
1981-01-05,0.007674
1981-01-06,0.007673
1981-01-07,0.0076919
1981-01-08,0.0076719
1981-01-09,0.0076879
1981-01-11,0.0076879
1981-01-12,0.007746
1981-01-13,0.007734
1981-01-14,0.007853
1981-01-15,0.0079009
1981-01-16,0.0079134
1981-01-18,0.0079134
1981-01-19,0.008011
1981-01-20,0.008001
1981-01-21,0.008019
1981-01-22,0.008084
1981-01-23,0.00811
1981-01-25,0.00811
1981-01-26,0.0081219
1981-01-27,0.008097
1981-01-28,0.0080799
1981-01-29,0.008052
1981-01-30,0.0080639
1981-02-01,0.0080639
1981-02-02,0.008136
1981-02-03,0.008076
1981-02-04,0.008024
1981-02-05,0.0080679
1981-02-06,0.008153
1981-02-08,0.008153
1981-02-09,0.008259
1981-02-10,0.008237
1981-02-11,0.0082349
1981-02-12,0.0082929
1981-02-13,0.008396
1981-02-15,0.008396
1981-02-16,0.0085219
1981-02-17,0.008584
1981-02-18,0.0086209
1981-02-19,0.00861
1981-02-20,0.0086009
1981-02-22,0.0086009
1981-02-23,0.008592
1981-02-24,0.008587
1981-02-25,0.008614
1981-02-26,0.008613
1981-02-27,0.008655
1981-03-01,0.008655
1981-03-02,0.0086558
1981-03-03,0.0086969
1981-03-04,0.008674
1981-03-05,0.008763
1981-03-06,0.008734
1981-03-08,0.008734
1981-03-09,0.008746
1981-03-10,0.0088112
1981-03-11,0.008828
1981-03-12,0.0087559
1981-03-13,0.008784
1981-03-15,0.008784
1981-03-16,0.0088149
1981-03-17,0.00883
1981-03-18,0.0088469
1981-03-19,0.008868
1981-03-20,0.008868
1981-03-23,0.008914
1981-03-24,0.0089339
1981-03-25,0.008931
1981-03-26,0.008889
1981-03-27,0.008922
1981-03-29,0.008922
1981-03-30,0.00891
1981-03-31,0.0088699
1981-04-01,0.0088819
1981-04-02,0.008948
1981-04-03,0.0090109
1981-04-05,0.0090109
1981-04-06,0.0091
1981-04-07,0.009154
1981-04-08,0.009207
1981-04-09,0.0092409
1981-04-10,0.0092329
1981-04-12,0.0092329
1981-04-13,0.009254
1981-04-14,0.009214
1981-04-15,0.009243
1981-04-16,0.009236
1981-04-17,0.009287
1981-04-20,0.009303
1981-04-21,0.009303
1981-04-22,0.009391
1981-04-23,0.009344
1981-04-24,0.0093709
1981-04-26,0.0093709
1981-04-27,0.0094569
1981-04-28,0.0094369
1981-04-29,0.0094859
1981-04-30,0.009489
1981-05-01,0.00956
1981-05-03,0.00956
1981-05-04,0.009623
1981-05-05,0.009744
1981-05-06,0.0098229
1981-05-08,0.0098519
1981-05-10,0.0098519
1981-05-11,0.0099059
1981-05-12,0.009931
1981-05-13,0.00995
1981-05-14,0.00996
1981-05-15,0.009985
1981-05-17,0.009985
1981-05-18,0.0101201
1981-05-19,0.010309
1981-05-20,0.0103739
1981-05-21,0.0104639
1981-05-22,0.0104912
1981-05-24,0.0104912
1981-05-25,0.010602
1981-05-26,0.0106369
1981-05-27,0.010707
1981-05-28,0.010831
1981-05-29,0.0107979
1981-05-31,0.0107979
1981-06-01,0.010875
1981-06-02,0.0108749
1981-06-03,0.011056
1981-06-04,0.0111749
1981-06-05,0.0111919
1981-06-07,0.0111919
1981-06-09,0.011323
1981-06-10,0.011384
1981-06-11,0.011413
1981-06-12,0.0114219
1981-06-14,0.0114219
1981-06-15,0.0114616
1981-06-16,0.0114719
1981-06-17,0.0115029
1981-06-18,0.0114629
1981-06-19,0.011522
1981-06-21,0.011522
1981-06-22,0.0115619
1981-06-23,0.0115919
1981-06-24,0.011582
1981-06-25,0.0115909
1981-06-26,0.011614
1981-06-28,0.011614
1981-06-29,0.011676
1981-07-01,0.011732
1981-07-02,0.011782
1981-07-03,0.011888
1981-07-05,0.011888
1981-07-06,0.01196
1981-07-07,0.012009
1981-07-08,0.012082
1981-07-09,0.012086
1981-07-10,0.012035
1981-07-12,0.012035
1981-07-13,0.01204
1981-07-14,0.01205
1981-07-15,0.0120299
1981-07-16,0.012045
1981-07-17,0.012053
1981-07-19,0.012053
1981-07-20,0.012058
1981-07-21,0.012078
1981-07-22,0.0121011
1981-07-23,0.012137
1981-07-24,0.0121238
1981-07-26,0.0121238
1981-07-27,0.012148
1981-07-28,0.012158
1981-07-29,0.01217
1981-07-30,0.012174
1981-07-31,0.01215
1981-08-02,0.01215
1981-08-03,0.012231
1981-08-04,0.0122709
1981-08-05,0.012294
1981-08-06,0.012311
1981-08-07,0.012269
1981-08-10,0.012261
1981-08-11,0.012389
1981-08-12,0.0124421
1981-08-13,0.0124391
1981-08-14,0.012437
1981-08-16,0.012437
1981-08-17,0.0125102
1981-08-18,0.0125702
1981-08-19,0.0125521
1981-08-20,0.012579
1981-08-21,0.0125761
1981-08-23,0.0125761
1981-08-24,0.0125391
1981-08-25,0.0125791
1981-08-26,0.0126311
1981-08-27,0.0127161
1981-08-28,0.0127521
1981-08-30,0.0127521
1981-08-31,0.0127071
1981-09-01,0.0126881
1981-09-02,0.0126561
1981-09-03,0.0126341
1981-09-04,0.0126061
1981-09-06,0.0126061
1981-09-07,0.0129473
1981-09-08,0.0130961
1981-09-09,0.0132271
1981-09-10,0.0132702
1981-09-11,0.0133053
1981-09-13,0.0133053
1981-09-14,0.0132651
1981-09-15,0.013235
1981-09-16,0.0132161
1981-09-17,0.0131893
1981-09-18,0.0131573
1981-09-20,0.0131573
1981-09-21,0.0131152
1981-09-22,0.0131052
1981-09-23,0.0131721
1981-09-24,0.0132502
1981-09-25,0.0133001
1981-09-27,0.0133001
1981-09-28,0.0134401
1981-10-01,0.0134901
1981-10-02,0.013512
1981-10-04,0.013512
1981-10-05,0.0136101
1981-10-06,0.0135902
1981-10-07,0.0137141
1981-10-09,0.0135652
1981-10-11,0.0135652
1981-10-12,0.0135191
1981-10-14,0.0136201
1981-10-15,0.0136691
1981-10-16,0.0136971
1981-10-18,0.0136971
1981-10-19,0.0137781
1981-10-21,0.0137892
1981-10-22,0.0138371
1981-10-23,0.0138372
1981-10-25,0.0138372
1981-10-26,0.0139181
1981-10-28,0.0139871
1981-10-29,0.0140651
1981-10-30,0.0141201
1981-11-01,0.0141201
1981-11-02,0.0141682
1981-11-03,0.0141601
1981-11-04,0.0141321
1981-11-05,0.0141651
1981-11-06,0.014164
1981-11-08,0.014164
1981-11-09,0.0142471
1981-11-10,0.0142661
1981-11-11,0.0143171
1981-11-12,0.0143431
1981-11-13,0.0143722
1981-11-15,0.0143722
1981-11-16,0.0144261
1981-11-17,0.0145351
1981-11-18,0.0145851
1981-11-19,0.0146281
1981-11-20,0.0146782
1981-11-22,0.0146782
1981-11-23,0.0147851
1981-11-24,0.014881
1981-11-25,0.0148527
1981-11-26,0.0149679
1981-11-27,0.0150072
1981-11-29,0.0150072
1981-11-30,0.0149602
1981-12-01,0.0149602
1981-12-02,0.0149801
1981-12-03,0.0150091
1981-12-04,0.0150181
1981-12-06,0.0150181
1981-12-07,0.0151122
1981-12-08,0.0151423
1981-12-09,0.015162
1981-12-10,0.0151331
1981-12-11,0.0151432
1981-12-13,0.0151432
1981-12-14,0.0152571
1981-12-15,0.0152661
1981-12-16,0.0153511
1981-12-17,0.0153211
1981-12-18,0.0153311
1981-12-20,0.0153311
1981-12-21,0.0154511
1981-12-22,0.0155201
1981-12-23,0.0155771
1981-12-24,0.0155631
1981-12-27,0.0155631
1981-12-28,0.0156111
1981-12-29,0.0155861
1981-12-30,0.0156001
1981-12-31,0.0156041
1982-01-03,0.0156041
1982-01-04,0.0156201
1982-01-05,0.0156351
1982-01-06,0.0157002
1982-01-07,0.0157882
1982-01-08,0.0158661
1982-01-10,0.0158661
1982-01-11,0.0159601
1982-01-12,0.0159831
1982-01-13,0.0160331
1982-01-14,0.0160551
1982-01-15,0.0160939
1982-01-17,0.0160939
1982-01-18,0.0161421
1982-01-19,0.0162659
1982-01-20,0.0162911
1982-01-21,0.0163551
1982-01-22,0.0163851
1982-01-24,0.0163851
1982-01-25,0.0165311
1982-01-26,0.0166001
1982-01-27,0.0166401
1982-01-28,0.0166641
1982-01-29,0.0167441
1982-01-31,0.0167441
1982-02-01,0.0168301
1982-02-02,0.0169001
1982-02-03,0.0169501
1982-02-04,0.0169502
1982-02-05,0.0169901
1982-02-07,0.0169901
1982-02-08,0.0170941
1982-02-09,0.0172131
1982-02-10,0.0172482
1982-02-11,0.0172831
1982-02-12,0.0172821
1982-02-14,0.0172821
1982-02-15,0.0174601
1982-02-16,0.0175831
1982-02-17,0.0176285
1982-02-18,0.0177541
1982-02-19,0.0178131
1982-02-21,0.0178131
1982-02-22,0.0179299
1982-02-23,0.017955
1982-02-24,0.0180701
1982-02-25,0.0180401
1982-02-26,0.0180851
1982-02-28,0.0180851
1982-03-01,0.0181481
1982-03-02,0.0182181
1982-03-03,0.0182681
1982-03-04,0.0182701
1982-03-05,0.0183551
1982-03-07,0.0183551
1982-03-08,0.0184351
1982-03-11,0.0185031
1982-03-12,0.0185919
1982-03-14,0.0185919
1982-03-15,0.0186421
1982-03-16,0.0187021
1982-03-17,0.0188161
1982-03-18,0.0188561
1982-03-19,0.0188752
1982-03-21,0.0188752
1982-03-22,0.0189949
1982-03-23,0.0190001
1982-03-24,0.0190751
1982-03-25,0.0190271
1982-03-26,0.0190121
1982-03-28,0.0190121
1982-03-29,0.0191141
1982-03-30,0.0191391
1982-03-31,0.019159
1982-04-01,0.0192321
1982-04-02,0.0193022
1982-04-04,0.0193022
1982-04-05,0.0194231
1982-04-06,0.0194861
1982-04-07,0.0196112
1982-04-09,0.0196621
1982-04-11,0.0196621
1982-04-12,0.0197941
1982-04-13,0.0198822
1982-04-15,0.0199393
1982-04-16,0.020015
1982-04-18,0.020015
1982-04-19,0.0201401
1982-04-20,0.0201351
1982-04-21,0.0201501
1982-04-22,0.0201421
1982-04-23,0.0202321
1982-04-25,0.0202321
1982-04-26,0.0203151
1982-04-27,0.0203751
1982-04-29,0.0204499
1982-04-30,0.0205002
1982-05-02,0.0205002
1982-05-03,0.0205281
1982-05-04,0.0205781
1982-05-05,0.0205881
1982-05-06,0.0205801
1982-05-07,0.0206351
1982-05-09,0.0206351
1982-05-10,0.0207071
1982-05-11,0.0207811
1982-05-12,0.0207561
1982-05-13,0.02085
1982-05-14,0.0210201
1982-05-16,0.0210201
1982-05-17,0.0210401
1982-05-18,0.0212951
1982-05-19,0.0213451
1982-05-20,0.0215241
1982-05-21,0.0215591
1982-05-23,0.0215591
1982-05-24,0.0216201
1982-05-25,0.0216651
1982-05-26,0.0215851
1982-05-27,0.0216801
1982-05-30,0.0216801
1982-05-31,0.0219051
1982-06-01,0.02197
1982-06-02,0.022205
1982-06-03,0.0221271
1982-06-04,0.0221321
1982-06-06,0.0221321
1982-06-07,0.0222261
1982-06-08,0.0222861
1982-06-09,0.0223661
1982-06-10,0.0224481
1982-06-11,0.0225101
1982-06-13,0.0225101
1982-06-14,0.022754
1982-06-15,0.022974
1982-06-16,0.0231602
1982-06-17,0.02343
1982-06-18,0.0235201
1982-06-20,0.0235201
1982-06-21,0.0237531
1982-06-22,0.0237651
1982-06-23,0.0239421
1982-06-24,0.0239231
1982-06-25,0.0240652
1982-06-27,0.0240652
1982-06-28,0.0241101
1982-06-29,0.0241101
1982-06-30,0.0240801
1982-07-01,0.0242401
1982-07-02,0.0242401
1982-07-04,0.0242401
1982-07-05,0.0245401
1982-07-06,0.0247601
1982-07-07,0.0249801
1982-07-08,0.0250171
1982-07-09,0.025077
1982-07-11,0.025077
1982-07-12,0.0253651
1982-07-13,0.0253901
1982-07-14,0.02537
1982-07-15,0.025295
1982-07-16,0.025402
1982-07-18,0.025402
1982-07-19,0.02552
1982-07-20,0.0254
1982-07-21,0.025415
1982-07-22,0.025272
1982-07-23,0.02515
1982-07-25,0.02515
1982-07-26,0.025405
1982-07-27,0.025625
1982-07-28,0.0256769
1982-07-30,0.0257599
1982-08-01,0.0257599
1982-08-02,0.0261099
1982-08-03,0.02629
1982-08-04,0.0264
1982-08-05,0.0267
1982-08-06,0.0268451
1982-08-08,0.0268451
1982-08-09,0.02698
1982-08-10,0.0270429
1982-08-11,0.027093
1982-08-12,0.0269549
1982-08-13,0.0270299
1982-08-15,0.0270299
1982-08-16,0.0271599
1982-08-17,0.02716
1982-08-18,0.02698
1982-08-19,0.0268403
1982-08-20,0.027
1982-08-22,0.027
1982-08-23,0.0270799
1982-08-24,0.02701
1982-08-25,0.02694
1982-08-26,0.02699
1982-08-27,0.0270799
1982-08-29,0.0270799
1982-08-30,0.02735
1982-08-31,0.0274399
1982-09-01,0.0276698
1982-09-02,0.0277299
1982-09-03,0.02815
1982-09-05,0.02815
1982-09-06,0.0285299
1982-09-07,0.02877
1982-09-08,0.02875
1982-09-09,0.0288899
1982-09-10,0.0288199
1982-09-12,0.0288199
1982-09-13,0.0288699
1982-09-14,0.0288099
1982-09-15,0.0287649
1982-09-16,0.02867
1982-09-17,0.0289199
1982-09-20,0.0290449
1982-09-21,0.0290749
1982-09-22,0.0289949
1982-09-23,0.02893
1982-09-24,0.0290399
1982-09-26,0.0290399
1982-09-28,0.0291099
1982-09-29,0.0292199
1982-09-30,0.0290599
1982-10-01,0.0292699
1982-10-03,0.0292699
1982-10-04,0.0293299
1982-10-05,0.0293899
1982-10-06,0.0293699
1982-10-07,0.0292999
1982-10-08,0.0293499
1982-10-10,0.0293499
1982-10-11,0.029427
1982-10-12,0.0294499
1982-10-13,0.0295699
1982-10-14,0.0298749
1982-10-15,0.0297549
1982-10-17,0.0297549
1982-10-18,0.0298649
1982-10-19,0.0297749
1982-10-20,0.0296649
1982-10-21,0.0296699
1982-10-22,0.0298798
1982-10-24,0.0298798
1982-10-25,0.0299999
1982-10-26,0.0301349
1982-10-27,0.0303799
1982-10-28,0.0303639
1982-10-29,0.03049
1982-10-31,0.03049
1982-11-01,0.0306118
1982-11-02,0.0306299
1982-11-03,0.0307099
1982-11-04,0.0309199
1982-11-05,0.0309999
1982-11-07,0.0309999
1982-11-08,0.03101
1982-11-09,0.0311299
1982-11-10,0.0311049
1982-11-11,0.0310498
1982-11-12,0.0311359
1982-11-14,0.0311359
1982-11-15,0.0313048
1982-11-16,0.0312849
1982-11-17,0.0313349
1982-11-18,0.0311999
1982-11-19,0.0313199
1982-11-21,0.0313199
1982-11-22,0.0313799
1982-11-23,0.0314749
1982-11-24,0.0314998
1982-11-25,0.0315998
1982-11-26,0.0317302
1982-11-28,0.0317302
1982-11-29,0.0319949
1982-11-30,0.0320149
1982-12-01,0.0322249
1982-12-02,0.0323129
1982-12-03,0.0323929
1982-12-05,0.0323929
1982-12-06,0.0322729
1982-12-07,0.0324729
1982-12-08,0.0324599
1982-12-09,0.0325348
1982-12-10,0.0327369
1982-12-12,0.0327369
1982-12-13,0.0328869
1982-12-14,0.0329649
1982-12-15,0.032905
1982-12-16,0.0328999
1982-12-17,0.0330549
1982-12-19,0.0330549
1982-12-20,0.0330339
1982-12-21,0.0330349
1982-12-22,0.0329799
1982-12-23,0.0329649
1982-12-24,0.0330649
1982-12-26,0.0330649
1982-12-27,0.0331679
1982-12-28,0.0333679
1982-12-29,0.0334479
1982-12-30,0.0334335
1982-12-31,0.03365
1983-01-03,0.0335649
1983-01-04,0.0336949
1983-01-05,0.0338049
1983-01-06,0.0339099
1983-01-07,0.0340099
1983-01-09,0.0340099
1983-01-10,0.0342719
1983-01-11,0.0342799
1983-01-12,0.0343999
1983-01-13,0.0345349
1983-01-14,0.0346748
1983-01-16,0.0346748
1983-01-17,0.0348199
1983-01-18,0.0349599
1983-01-19,0.0350499
1983-01-20,0.0351199
1983-01-21,0.0351169
1983-01-23,0.0351169
1983-01-24,0.0353139
1983-01-25,0.0353939
1983-01-26,0.035369
1983-01-27,0.0355719
1983-01-28,0.0357302
1983-01-30,0.0357302
1983-01-31,0.0358009
1983-02-01,0.0359309
1983-02-02,0.0359899
1983-02-03,0.0360818
1983-02-04,0.036244
1983-02-06,0.036244
1983-02-07,0.0365168
1983-02-08,0.0364958
1983-02-09,0.0366859
1983-02-10,0.0367899
1983-02-11,0.0366479
1983-02-13,0.0366479
1983-02-14,0.0366558
1983-02-15,0.0368459
1983-02-16,0.0368348
1983-02-17,0.0369269
1983-02-18,0.0371248
1983-02-20,0.0371248
1983-02-21,0.0371128
1983-02-22,0.0373128
1983-02-23,0.0373029
1983-02-24,0.0375948
1983-02-25,0.0375449
1983-03-01,0.0378099
1983-03-02,0.0377798
1983-03-03,0.0379569
1983-03-04,0.0380368
1983-03-06,0.0380368
1983-03-07,0.0381198
1983-03-08,0.0381999
1983-03-09,0.0381798
1983-03-10,0.0382508
1983-03-11,0.0382499
1983-03-13,0.0382499
1983-03-14,0.0384668
1983-03-15,0.0384698
1983-03-16,0.0386768
1983-03-17,0.0388299
1983-03-18,0.0388348
1983-03-20,0.0388348
1983-03-21,0.0391248
1983-03-22,0.0392038
1983-03-23,0.0391838
1983-03-24,0.0393618
1983-03-25,0.0394918
1983-03-27,0.0394918
1983-03-28,0.0395718
1983-03-30,0.0396018
1983-03-31,0.0395808
1983-04-01,0.0396738
1983-04-03,0.0396738
1983-04-05,0.0399698
1983-04-06,0.0402698
1983-04-07,0.0403598
1983-04-08,0.0401598
1983-04-10,0.0401598
1983-04-11,0.0403378
1983-04-12,0.0406098
1983-04-13,0.0405598
1983-04-14,0.0406998
1983-04-15,0.0408498
1983-04-17,0.0408498
1983-04-19,0.0410298
1983-04-20,0.0411498
1983-04-21,0.0412698
1983-04-22,0.0413301
1983-04-24,0.0413301
1983-04-25,0.0413801
1983-04-26,0.0415301
1983-04-27,0.0416701
1983-04-28,0.04182
1983-04-29,0.04192
1983-05-01,0.04192
1983-05-02,0.0420202
1983-05-03,0.0422901
1983-05-04,0.0424601
1983-05-05,0.0424701
1983-05-06,0.0424499
1983-05-08,0.0424499
1983-05-09,0.0427801
1983-05-10,0.0429401
1983-05-11,0.0431001
1983-05-12,0.0429803
1983-05-13,0.0431999
1983-05-15,0.0431999
1983-05-16,0.0433514
1983-05-17,0.0435101
1983-05-19,0.0436501
1983-05-20,0.0437813
1983-05-22,0.0437813
1983-05-23,0.0437515
1983-05-24,0.0437314
1983-05-25,0.0439601
1983-05-26,0.0441301
1983-05-27,0.0442314
1983-05-29,0.0442314
1983-05-30,0.0445501
1983-05-31,0.0446501
1983-06-01,0.0447789
1983-06-02,0.0447899
1983-06-03,0.0449701
1983-06-05,0.0449701
1983-06-06,0.0450776
1983-06-07,0.0450775
1983-06-08,0.0450901
1983-06-09,0.0453089
1983-06-10,0.0453201
1983-06-12,0.0453201
1983-06-13,0.0456801
1983-06-14,0.0459089
1983-06-15,0.0459001
1983-06-16,0.0460601
1983-06-17,0.0460602
1983-06-19,0.0460602
1983-06-20,0.0463401
1983-06-21,0.0463901
1983-06-22,0.0466301
1983-06-23,0.0467976
1983-06-24,0.0468401
1983-06-26,0.0468401
1983-06-27,0.0470001
1983-06-28,0.0471901
1983-06-29,0.0473801
1983-06-30,0.0475202
1983-07-01,0.04745
1983-07-03,0.04745
1983-07-04,0.0476088
1983-07-05,0.0479
1983-07-06,0.047925
1983-07-07,0.0482986
1983-07-08,0.0482998
1983-07-10,0.0482998
1983-07-11,0.04868
1983-07-12,0.0489301
1983-07-13,0.0492301
1983-07-14,0.0494788
1983-07-15,0.0496626
1983-07-17,0.0496626
1983-07-18,0.0498101
1983-07-20,0.0499601
1983-07-21,0.0501101
1983-07-22,0.0503401
1983-07-24,0.0503401
1983-07-25,0.0502276
1983-07-26,0.0503326
1983-07-27,0.0506401
1983-07-28,0.0505901
1983-07-29,0.0508906
1983-07-31,0.0508906
1983-08-01,0.0512701
1983-08-02,0.0515701
1983-08-03,0.0518701
1983-08-04,0.0521501
1983-08-05,0.0524101
1983-08-07,0.0524101
1983-08-08,0.0527701
1983-08-09,0.05314
1983-08-10,0.0569804
1983-08-11,0.05709
1983-08-12,0.05726
1983-08-14,0.05726
1983-08-15,0.05732
1983-08-16,0.0575475
1983-08-17,0.05738
1983-08-18,0.0576595
1983-08-19,0.057602
1983-08-21,0.057602
1983-08-22,0.0579197
1983-08-23,0.0577298
1983-08-24,0.0580197
1983-08-25,0.0577323
1983-08-26,0.0579597
1983-08-28,0.0579597
1983-08-29,0.0584797
1983-08-30,0.0586594
1983-08-31,0.0588385
1983-09-01,0.0588499
1983-09-02,0.0590297
1983-09-04,0.0590297
1983-09-05,0.0592697
1983-09-06,0.0598097
1983-09-07,0.0600495
1983-09-11,0.0600495
1983-09-12,0.060291
1983-09-13,0.0607797
1983-09-14,0.0611322
1983-09-15,0.0610697
1983-09-16,0.0613097
1983-09-18,0.0613097
1983-09-19,0.0614997
1983-09-20,0.0619297
1983-09-21,0.0621197
1983-09-23,0.0621898
1983-09-25,0.0621898
1983-09-26,0.0626897
1983-09-27,0.0631195
1983-09-28,0.0636147
1983-09-30,0.0636872
1983-10-02,0.0636872
1983-10-03,0.0642597
1983-10-04,0.0645797
1983-10-05,0.0648997
1983-10-06,0.0652197
1983-10-07,0.065631
1983-10-09,0.065631
1983-10-10,0.0692697
1983-10-11,0.0807296
1983-10-12,0.0807295
1983-10-13,0.0809696
1983-10-14,0.0812896
1983-10-16,0.0812896
1983-10-17,0.0815301
1983-10-18,0.0818464
1983-10-19,0.0820901
1983-10-20,0.0815951
1983-10-21,0.0816001
1983-10-23,0.0816001
1983-10-24,0.0820001
1983-10-26,0.0824101
1983-10-27,0.0826601
1983-10-28,0.0829101
1983-10-30,0.0829101
1983-10-31,0.0837401
1983-11-01,0.0843301
1983-11-02,0.0846901
1983-11-03,0.0854801
1983-11-04,0.0859401
1983-11-06,0.0859401
1983-11-07,0.0865601
1983-11-08,0.0869301
1983-11-09,0.0873101
1983-11-10,0.0875401
1983-11-11,0.0875402
1983-11-13,0.0875402
1983-11-14,0.0880701
1983-11-15,0.0886001
1983-11-16,0.0894901
1983-11-17,0.089843
1983-11-18,0.0905601
1983-11-20,0.0905601
1983-11-21,0.0910101
1983-11-22,0.0911101
1983-11-23,0.0920301
1983-11-24,0.0925301
1983-11-25,0.0932701
1983-11-27,0.0932701
1983-11-28,0.0942001
1983-11-29,0.0948601
1983-11-30,0.0956201
1983-12-01,0.0961001
1983-12-02,0.0966101
1983-12-04,0.0966101
1983-12-05,0.0972901
1983-12-06,0.0977001
1983-12-07,0.0979403
1983-12-08,0.0984801
1983-12-09,0.0984801
1983-12-11,0.0984801
1983-12-12,0.0994601
1983-12-13,0.1000001
1983-12-14,0.1004001
1983-12-15,0.1004801
1983-12-16,0.1008301
1983-12-18,0.1008301
1983-12-19,0.1018401
1983-12-20,0.1019501
1983-12-21,0.1027501
1983-12-22,0.1038701
1983-12-23,0.1047001
1983-12-25,0.1047001
1983-12-27,0.1062801
1983-12-28,0.1071299
1983-12-29,0.1077699
1983-12-30,0.10777
1984-01-02,0.1089301
1984-01-03,0.1097101
1984-01-04,0.1105801
1984-01-05,0.1106599
1984-01-06,0.1115001
1984-01-08,0.1115001
1984-01-09,0.1125001
1984-01-10,0.1132676
1984-01-11,0.11395
1984-01-12,0.11417
1984-01-13,0.1145
1984-01-15,0.1145
1984-01-16,0.1155
1984-01-17,0.11619
1984-01-18,0.11683
1984-01-19,0.1173
1984-01-20,0.11788
1984-01-22,0.11788
1984-01-23,0.11894
1984-01-24,0.11977
1984-01-25,0.12109
1984-01-26,0.122
1984-01-27,0.12285
1984-01-29,0.12285
1984-01-30,0.12371
1984-01-31,0.12372
1984-02-01,0.12407
1984-02-02,0.12422
1984-02-03,0.12422
1984-02-05,0.12422
1984-02-06,0.12532
1984-02-07,0.1262
1984-02-08,0.1267
1984-02-09,0.12695
1984-02-10,0.12771
1984-02-12,0.12771
1984-02-13,0.12873
1984-02-14,0.12925
1984-02-15,0.12885
1984-02-16,0.12962
1984-02-17,0.13056
1984-02-19,0.13056
1984-02-20,0.13081
1984-02-21,0.13186
1984-02-22,0.13252
1984-02-23,0.13307
1984-02-24,0.13386
1984-02-26,0.13386
1984-02-27,0.13547
1984-02-28,0.13642
1984-02-29,0.13704
1984-03-01,0.1377
1984-03-02,0.13899
1984-03-04,0.13899
1984-03-05,0.14055
1984-03-06,0.14077
1984-03-07,0.14172
1984-03-08,0.14208
1984-03-09,0.14347
1984-03-11,0.14347
1984-03-12,0.14388
1984-03-13,0.14512
1984-03-14,0.14577
1984-03-15,0.14598
1984-03-16,0.14738
1984-03-20,0.14797
1984-03-21,0.14849
1984-03-22,0.14883
1984-03-23,0.1495
1984-03-25,0.1495
1984-03-26,0.15055
1984-03-27,0.1513
1984-03-28,0.15145
1984-03-29,0.15273
1984-03-30,0.15326
1984-04-01,0.15326
1984-04-02,0.15479
1984-04-03,0.15605
1984-04-04,0.15745
1984-04-05,0.15842
1984-04-06,0.1603
1984-04-08,0.1603
1984-04-09,0.16206
1984-04-10,0.16383
1984-04-11,0.1653
1984-04-12,0.16546
1984-04-13,0.16695
1984-04-15,0.16695
1984-04-16,0.16964
1984-04-18,0.17103
1984-04-19,0.1718
1984-04-20,0.17317
1984-04-22,0.17317
1984-04-24,0.17634
1984-04-25,0.17705
1984-04-26,0.17781
1984-04-27,0.17982
1984-04-29,0.17982
1984-04-30,0.18055
1984-05-01,0.1809
1984-05-02,0.18265
1984-05-03,0.1843
1984-05-04,0.1859
1984-05-06,0.1859
1984-05-08,0.18686
1984-05-09,0.1877
1984-05-10,0.18945
1984-05-11,0.18905
1984-05-13,0.18905
1984-05-14,0.19055
1984-05-15,0.1915
1984-05-16,0.19165
1984-05-17,0.19222
1984-05-18,0.1928
1984-05-20,0.1928
1984-05-21,0.19395
1984-05-22,0.1949
1984-05-23,0.1961
1984-05-24,0.1963
1984-05-25,0.1969
1984-05-27,0.1969
1984-05-28,0.1989
1984-05-29,0.2001
1984-05-30,0.20128
1984-05-31,0.2016
1984-06-01,0.2028
1984-06-03,0.2028
1984-06-04,0.205
1984-06-05,0.206
1984-06-07,0.20725
1984-06-08,0.20873
1984-06-10,0.20873
1984-06-11,0.21025
1984-06-12,0.2111
1984-06-13,0.21215
1984-06-14,0.21235
1984-06-15,0.21315
1984-06-17,0.21315
1984-06-18,0.21615
1984-06-19,0.2166
1984-06-20,0.21753
1984-06-21,0.21945
1984-06-22,0.22205
1984-06-24,0.22205
1984-06-25,0.22781
1984-06-26,0.2303
1984-06-27,0.2324
1984-06-28,0.23425
1984-06-29,0.2364
1984-07-01,0.2364
1984-07-02,0.23885
1984-07-03,0.2407
1984-07-04,0.2417
1984-07-05,0.2433
1984-07-06,0.2455
1984-07-08,0.2455
1984-07-09,0.24855
1984-07-10,0.25005
1984-07-11,0.25028
1984-07-12,0.2521
1984-07-13,0.25395
1984-07-15,0.25395
1984-07-16,0.2556
1984-07-17,0.2587
1984-07-18,0.261
1984-07-19,0.2631
1984-07-20,0.26552
1984-07-22,0.26552
1984-07-25,0.26955
1984-07-26,0.2728
1984-07-27,0.27675
1984-07-29,0.27675
1984-07-30,0.27984
1984-07-31,0.28256
1984-08-01,0.28595
1984-08-02,0.28761
1984-08-03,0.29171
1984-08-05,0.29171
1984-08-06,0.29095
1984-08-08,0.29295
1984-08-09,0.2956
1984-08-10,0.29856
1984-08-12,0.29856
1984-08-13,0.30094
1984-08-14,0.30296
1984-08-15,0.30491
1984-08-16,0.30555
1984-08-17,0.3074
1984-08-19,0.3074
1984-08-20,0.30961
1984-08-21,0.31146
1984-08-22,0.3146
1984-08-23,0.31656
1984-08-24,0.31781
1984-08-26,0.31781
1984-08-27,0.32006
1984-08-28,0.32129
1984-08-29,0.32261
1984-08-30,0.3245
1984-08-31,0.32752
1984-09-02,0.32752
1984-09-03,0.33083
1984-09-04,0.33481
1984-09-05,0.3385
1984-09-06,0.34123
1984-09-07,0.34676
1984-09-09,0.34676
1984-09-10,0.35096
1984-09-11,0.35379
1984-09-12,0.35428
1984-09-13,0.35741
1984-09-14,0.36409
1984-09-16,0.36409
1984-09-17,0.39579
1984-09-18,0.39442
1984-09-19,0.39145
1984-09-20,0.3938
1984-09-21,0.39848
1984-09-23,0.39848
1984-09-24,0.39738
1984-09-25,0.4014
1984-09-26,0.40134
1984-09-30,0.40134
1984-10-01,0.40864
1984-10-02,0.41274
1984-10-03,0.4187
1984-10-04,0.4259
1984-10-05,0.4289
1984-10-07,0.4289
1984-10-08,0.43369
1984-10-09,0.43481
1984-10-10,0.43518
1984-10-12,0.43836
1984-10-14,0.43836
1984-10-15,0.44701
1984-10-16,0.45126
1984-10-17,0.45624
1984-10-19,0.46435
1984-10-21,0.46435
1984-10-22,0.47187
1984-10-23,0.48037
1984-10-24,0.48712
1984-10-25,0.49239
1984-10-26,0.5008
1984-10-28,0.5008
1984-10-29,0.50331
1984-10-30,0.5078
1984-10-31,0.51399
1984-11-01,0.51757
1984-11-02,0.52697
1984-11-04,0.52697
1984-11-05,0.52861
1984-11-06,0.53001
1984-11-07,0.53204
1984-11-08,0.53304
1984-11-09,0.53618
1984-11-11,0.53618
1984-11-12,0.53897
1984-11-13,0.54053
1984-11-14,0.54443
1984-11-15,0.54584
1984-11-16,0.55018
1984-11-18,0.55018
1984-11-19,0.55264
1984-11-20,0.55426
1984-11-21,0.55863
1984-11-22,0.5627
1984-11-23,0.5673
1984-11-25,0.5673
1984-11-26,0.5695
1984-11-27,0.57327
1984-11-28,0.57667
1984-11-29,0.5804
1984-11-30,0.58637
1984-12-02,0.58637
1984-12-03,0.58827
1984-12-04,0.5904
1984-12-05,0.5905
1984-12-06,0.592
1984-12-07,0.59614
1984-12-09,0.59614
1984-12-10,0.59855
1984-12-11,0.60035
1984-12-12,0.6015
1984-12-13,0.60448
1984-12-14,0.60568
1984-12-16,0.60568
1984-12-17,0.6087
1984-12-18,0.60723
1984-12-19,0.6096
1984-12-20,0.61192
1984-12-21,0.61506
1984-12-23,0.61506
1984-12-24,0.61766
1984-12-26,0.62073
1984-12-27,0.62786
1984-12-28,0.63365
1984-12-30,0.63365
1984-12-31,0.63871
1985-01-02,0.63854
1985-01-03,0.64389
1985-01-04,0.64838
1985-01-06,0.64838
1985-01-07,0.65295
1985-01-08,0.65498
1985-01-09,0.65899
1985-01-10,0.66104
1985-01-11,0.66309
1985-01-13,0.66309
1985-01-14,0.66645
1985-01-15,0.66331
1985-01-16,0.66193
1985-01-17,0.66186
1985-01-18,0.66526
1985-01-20,0.66526
1985-01-21,0.66795
1985-01-22,0.66928
1985-01-23,0.66995
1985-01-24,0.67162
1985-01-25,0.67406
1985-01-27,0.67406
1985-01-28,0.67673
1985-01-29,0.67693
1985-01-30,0.67828
1985-01-31,0.68023
1985-02-01,0.68673
1985-02-03,0.68673
1985-02-04,0.69515
1985-02-05,0.69504
1985-02-06,0.69321
1985-02-07,0.69526
1985-02-08,0.69919
1985-02-10,0.69919
1985-02-11,0.7027
1985-02-12,0.70444
1985-02-13,0.70863
1985-02-14,0.7133
1985-02-15,0.71145
1985-02-17,0.71145
1985-02-18,0.71681
1985-02-19,0.7258
1985-02-20,0.73018
1985-02-21,0.73376
1985-02-22,0.74374
1985-02-24,0.74374
1985-02-25,0.75496
1985-02-26,0.75942
1985-02-27,0.75936
1985-02-28,0.76503
1985-03-01,0.76596
1985-03-03,0.76596
1985-03-04,0.77733
1985-03-05,0.78303
1985-03-06,0.78846
1985-03-08,0.79604
1985-03-10,0.79604
1985-03-11,0.79921
1985-03-12,0.80328
1985-03-13,0.8054
1985-03-14,0.8099
1985-03-15,0.81933
1985-03-17,0.81933
1985-03-18,0.81934
1985-03-19,0.82095
1985-03-20,0.82251
1985-03-21,0.82595
1985-03-22,0.82925
1985-03-24,0.82925
1985-03-25,0.8387
1985-03-26,0.84333
1985-03-27,0.84496
1985-03-28,0.85095
1985-03-29,0.8585
1985-03-31,0.8585
1985-04-01,0.86388
1985-04-02,0.86984
1985-04-03,0.87413
1985-04-04,0.88105
1985-04-05,0.8886
1985-04-07,0.8886
1985-04-08,0.89589
1985-04-09,0.90161
1985-04-10,0.9037
1985-04-11,0.90791
1985-04-14,0.90791
1985-04-15,0.91755
1985-04-16,0.91793
1985-04-17,0.9224
1985-04-18,0.92738
1985-04-19,0.92892
1985-04-21,0.92892
1985-04-22,0.92898
1985-04-23,0.93265
1985-04-24,0.93773
1985-04-26,0.94366
1985-04-28,0.94366
1985-04-29,0.94931
1985-04-30,0.95203
1985-05-01,0.94947
1985-05-02,0.9469
1985-05-03,0.95435
1985-05-05,0.95435
1985-05-06,0.95915
1985-05-07,0.95745
1985-05-08,0.95854
1985-05-09,0.9613
1985-05-10,0.9642
1985-05-12,0.9642
1985-05-13,0.97369
1985-05-14,0.98096
1985-05-15,0.98023
1985-05-16,0.99576
1985-05-17,1.0108
1985-05-19,1.0108
1985-05-20,1.0116
1985-05-21,1.0125
1985-05-22,1.0099
1985-05-23,1.0105
1985-05-24,1.0157
1985-05-27,1.0215
1985-05-28,1.0386
1985-05-29,1.0449
1985-05-30,1.0509
1985-05-31,1.0548
1985-06-02,1.0548
1985-06-03,1.0634
1985-06-04,1.0686
1985-06-05,1.0717
1985-06-06,1.0754
1985-06-07,1.0905
1985-06-09,1.0905
1985-06-10,1.0979
1985-06-11,1.1032
1985-06-12,1.1144
1985-06-13,1.1232
1985-06-14,1.1286
1985-06-16,1.1286
1985-06-17,1.1365
1985-06-18,1.1418
1985-06-19,1.1486
1985-06-20,1.1566
1985-06-21,1.1701
1985-06-23,1.1701
1985-06-24,1.1789
1985-06-25,1.1871
1985-06-26,1.2072
1985-06-27,1.2314
1985-06-28,1.2624
1985-06-30,1.2624
1985-07-01,1.5
1985-07-03,1.4995
1985-07-04,1.498
1985-07-05,1.498
1985-07-07,1.498
1985-07-08,1.498
1985-07-09,1.498
1985-07-10,1.498
1985-07-11,1.495
1985-07-12,1.494
1985-07-14,1.494
1985-07-15,1.488
1985-07-16,1.484
1985-07-17,1.483
1985-07-18,1.4725
1985-07-19,1.478
1985-07-21,1.478
1985-07-22,1.4779
1985-07-23,1.471
1985-07-24,1.473
1985-07-25,1.474
1985-07-26,1.4763
1985-07-29,1.4854
1985-07-30,1.483
1985-07-31,1.4755
1985-08-01,1.4694
1985-08-02,1.47
1985-08-04,1.47
1985-08-05,1.4695
1985-08-06,1.4802
1985-08-07,1.4803
1985-08-08,1.485
1985-08-09,1.474
1985-08-11,1.474
1985-08-12,1.4868
1985-08-13,1.4891
1985-08-14,1.48
1985-08-15,1.4825
1985-08-16,1.4778
1985-08-18,1.4778
1985-08-19,1.48
1985-08-20,1.4783
1985-08-21,1.4905
1985-08-22,1.4804
1985-08-23,1.4874
1985-08-25,1.4874
1985-08-26,1.4928
1985-08-27,1.4933
1985-08-28,1.4984
1985-08-29,1.486
1985-08-30,1.4993
1985-09-01,1.4993
1985-09-02,1.5036
1985-09-03,1.5058
1985-09-04,1.5063
1985-09-05,1.4993
1985-09-06,1.495
1985-09-08,1.495
1985-09-09,1.4906
1985-09-10,1.4874
1985-09-11,1.4819
1985-09-12,1.4901
1985-09-13,1.4843
1985-09-15,1.4843
1985-09-18,1.4919
1985-09-19,1.4919
1985-09-20,1.4811
1985-09-22,1.4811
1985-09-23,1.4793
1985-09-24,1.4793
1985-09-26,1.4806
1985-09-27,1.4852
1985-09-29,1.4852
1985-10-01,1.4912
1985-10-02,1.479
1985-10-03,1.4786
1985-10-04,1.4794
1985-10-06,1.4794
1985-10-08,1.4859
1985-10-09,1.4764
1985-10-10,1.4754
1985-10-11,1.4723
1985-10-13,1.4723
1985-10-14,1.4726
1985-10-15,1.4704
1985-10-16,1.4708
1985-10-17,1.4827
1985-10-18,1.4772
1985-10-20,1.4772
1985-10-21,1.4756
1985-10-22,1.4755
1985-10-23,1.4715
1985-10-24,1.4728
1985-10-25,1.4856
1985-10-27,1.4856
1985-10-28,1.4875
1985-10-29,1.4872
1985-10-30,1.4803
1985-10-31,1.4883
1985-11-01,1.4894
1985-11-03,1.4894
1985-11-04,1.4806
1985-11-05,1.4795
1985-11-06,1.4845
1985-11-07,1.4793
1985-11-08,1.4775
1985-11-10,1.4775
1985-11-11,1.476
1985-11-12,1.4729
1985-11-13,1.4774
1985-11-14,1.475
1985-11-15,1.4727
1985-11-17,1.4727
1985-11-18,1.4782
1985-11-19,1.4722
1985-11-20,1.4711
1985-11-21,1.4715
1985-11-22,1.4794
1985-11-24,1.4794
1985-11-25,1.4793
1985-11-26,1.4821
1985-11-27,1.4778
1985-11-28,1.4774
1985-11-29,1.4846
1985-12-01,1.4846
1985-12-02,1.4862
1985-12-03,1.4877
1985-12-04,1.4883
1985-12-05,1.4827
1985-12-06,1.4828
1985-12-08,1.4828
1985-12-09,1.4894
1985-12-10,1.485
1985-12-11,1.4836
1985-12-12,1.492
1985-12-13,1.4861
1985-12-15,1.4861
1985-12-16,1.4833
1985-12-17,1.4879
1985-12-18,1.4834
1985-12-19,1.4804
1985-12-20,1.4807
1985-12-22,1.4807
1985-12-23,1.4875
1985-12-24,1.4823
1985-12-26,1.4828
1985-12-27,1.4953
1985-12-29,1.4953
1985-12-30,1.493
1985-12-31,1.4995
1986-01-03,1.4937
1986-01-05,1.4937
1986-01-06,1.4998
1986-01-07,1.4923
1986-01-08,1.4907
1986-01-09,1.4895
1986-01-10,1.4896
1986-01-12,1.4896
1986-01-13,1.4943
1986-01-14,1.488
1986-01-15,1.487
1986-01-16,1.4856
1986-01-17,1.4849
1986-01-19,1.4849
1986-01-20,1.4836
1986-01-21,1.4913
1986-01-22,1.4859
1986-01-23,1.4825
1986-01-24,1.4895
1986-01-26,1.4895
1986-01-27,1.4923
1986-01-28,1.4868
1986-01-29,1.4858
1986-01-30,1.4834
1986-01-31,1.484
1986-02-02,1.484
1986-02-03,1.4925
1986-02-04,1.4854
1986-02-05,1.4866
1986-02-06,1.4856
1986-02-07,1.485
1986-02-09,1.485
1986-02-10,1.494
1986-02-11,1.4888
1986-02-12,1.483
1986-02-13,1.4863
1986-02-14,1.4819
1986-02-16,1.4819
1986-02-17,1.4808
1986-02-18,1.4883
1986-02-19,1.4795
1986-02-20,1.4752
1986-02-21,1.476
1986-02-23,1.476
1986-02-24,1.4869
1986-02-25,1.4788
1986-02-26,1.4768
1986-02-27,1.4759
1986-02-28,1.4766
1986-03-02,1.4766
1986-03-03,1.476
1986-03-04,1.4826
1986-03-05,1.4811
1986-03-06,1.48
1986-03-07,1.4801
1986-03-09,1.4801
1986-03-10,1.4809
1986-03-11,1.4796
1986-03-12,1.48
1986-03-13,1.4794
1986-03-14,1.4869
1986-03-16,1.4869
1986-03-17,1.4935
1986-03-18,1.4919
1986-03-19,1.4928
1986-03-20,1.488
1986-03-21,1.488
1986-03-23,1.488
1986-03-24,1.4897
1986-03-26,1.4926
1986-03-27,1.4969
1986-03-28,1.5
1986-03-30,1.5
1986-03-31,1.4989
1986-04-01,1.4921
1986-04-02,1.4888
1986-04-03,1.4865
1986-04-04,1.4936
1986-04-06,1.4936
1986-04-07,1.4948
1986-04-08,1.4889
1986-04-09,1.4843
1986-04-10,1.4801
1986-04-11,1.4811
1986-04-13,1.4811
1986-04-14,1.4815
1986-04-15,1.478
1986-04-16,1.4779
1986-04-17,1.4755
1986-04-18,1.4758
1986-04-20,1.4758
1986-04-21,1.4769
1986-04-22,1.4742
1986-04-23,1.4728
1986-04-25,1.4836
1986-04-27,1.4836
1986-04-28,1.4835
1986-04-29,1.477
1986-05-01,1.4763
1986-05-02,1.4782
1986-05-04,1.4782
1986-05-05,1.4769
1986-05-06,1.4745
1986-05-07,1.4747
1986-05-08,1.4739
1986-05-09,1.4723
1986-05-11,1.4723
1986-05-12,1.4733
1986-05-13,1.4723
1986-05-15,1.4818
1986-05-16,1.4747
1986-05-18,1.4747
1986-05-19,1.4823
1986-05-20,1.4847
1986-05-21,1.4778
1986-05-22,1.478
1986-05-23,1.478
1986-05-25,1.478
1986-05-26,1.478
1986-05-27,1.486
1986-05-28,1.481
1986-05-29,1.4893
1986-05-30,1.4882
1986-06-01,1.4882
1986-06-02,1.4968
1986-06-03,1.4909
1986-06-04,1.4888
1986-06-05,1.494
1986-06-06,1.493
1986-06-08,1.493
1986-06-09,1.4926
1986-06-10,1.499
1986-06-11,1.496
1986-06-12,1.4993
1986-06-15,1.4993
1986-06-16,1.4945
1986-06-17,1.4986
1986-06-18,1.496
1986-06-19,1.4945
1986-06-20,1.4923
1986-06-22,1.4923
1986-06-23,1.4993
1986-06-24,1.493
1986-06-25,1.4955
1986-06-26,1.4933
1986-06-27,1.4953
1986-06-29,1.4953
1986-06-30,1.4991
1986-07-01,1.4931
1986-07-02,1.4951
1986-07-03,1.4968
1986-07-04,1.4983
1986-07-06,1.4983
1986-07-07,1.494
1986-07-08,1.493
1986-07-09,1.4968
1986-07-10,1.4918
1986-07-11,1.4958
1986-07-13,1.4958
1986-07-14,1.4995
1986-07-15,1.493
1986-07-16,1.4917
1986-07-17,1.4939
1986-07-18,1.4976
1986-07-20,1.4976
1986-07-21,1.4928
1986-07-22,1.4914
1986-07-23,1.4964
1986-07-24,1.4912
1986-07-25,1.4934
1986-07-27,1.4934
1986-07-28,1.4983
1986-07-29,1.4929
1986-07-30,1.4925
1986-07-31,1.4967
1986-08-01,1.4923
1986-08-03,1.4923
1986-08-04,1.4978
1986-08-05,1.4923
1986-08-06,1.491
1986-08-07,1.49
1986-08-08,1.4895
1986-08-10,1.4895
1986-08-11,1.487
1986-08-12,1.4891
1986-08-13,1.4866
1986-08-15,1.4931
1986-08-17,1.4931
1986-08-18,1.4863
1986-08-19,1.4911
1986-08-20,1.4914
1986-08-21,1.4911
1986-08-22,1.4858
1986-08-24,1.4858
1986-08-25,1.4915
1986-08-26,1.4859
1986-08-27,1.488
1986-08-28,1.4865
1986-08-29,1.4874
1986-08-31,1.4874
1986-09-01,1.4852
1986-09-02,1.4916
1986-09-03,1.4864
1986-09-04,1.4856
1986-09-05,1.4848
1986-09-07,1.4848
1986-09-08,1.4898
1986-09-09,1.4883
1986-09-10,1.4886
1986-09-11,1.4871
1986-09-12,1.492
1986-09-14,1.492
1986-09-15,1.4869
1986-09-16,1.4868
1986-09-17,1.4873
1986-09-18,1.482
1986-09-19,1.4841
1986-09-21,1.4841
1986-09-22,1.4878
1986-09-23,1.4866
1986-09-24,1.4867
1986-09-25,1.4868
1986-09-26,1.4866
1986-09-28,1.4866
1986-09-29,1.4878
1986-09-30,1.491
1986-10-01,1.4841
1986-10-02,1.4837
1986-10-03,1.4847
1986-10-06,1.4853
1986-10-07,1.4891
1986-10-08,1.4833
1986-10-09,1.4826
1986-10-10,1.4837
1986-10-14,1.4841
1986-10-15,1.481
1986-10-16,1.4813
1986-10-17,1.4843
1986-10-19,1.4843
1986-10-20,1.4795
1986-10-21,1.4799
1986-10-22,1.4796
1986-10-23,1.4845
1986-10-24,1.49
1986-10-26,1.49
1986-10-27,1.4895
1986-10-28,1.4924
1986-10-29,1.4905
1986-10-30,1.4883
1986-10-31,1.4954
1986-11-02,1.4954
1986-11-03,1.4953
1986-11-04,1.4951
1986-11-05,1.4968
1986-11-06,1.4961
1986-11-07,1.4976
1986-11-09,1.4976
1986-11-10,1.4965
1986-11-11,1.4936
1986-11-12,1.4976
1986-11-13,1.4924
1986-11-14,1.4917
1986-11-16,1.4917
1986-11-17,1.4936
1986-11-18,1.4914
1986-11-19,1.4911
1986-11-20,1.497
1986-11-21,1.496
1986-11-23,1.496
1986-11-24,1.4945
1986-11-25,1.493
1986-11-26,1.4908
1986-11-27,1.4901
1986-11-28,1.4921
1986-11-30,1.4921
1986-12-01,1.4847
1986-12-02,1.4838
1986-12-03,1.484
1986-12-04,1.4835
1986-12-05,1.4893
1986-12-07,1.4893
1986-12-08,1.488
1986-12-09,1.4917
1986-12-10,1.4933
1986-12-11,1.4917
1986-12-12,1.4953
1986-12-14,1.4953
1986-12-15,1.4885
1986-12-16,1.49
1986-12-17,1.494
1986-12-18,1.488
1986-12-19,1.4935
1986-12-21,1.4935
1986-12-22,1.4893
1986-12-23,1.488
1986-12-24,1.4836
1986-12-26,1.4825
1986-12-28,1.4825
1986-12-29,1.4863
1986-12-30,1.4859
1986-12-31,1.4864
1987-01-02,1.4848
1987-01-04,1.4848
1987-01-05,1.4779
1987-01-06,1.4803
1987-01-07,1.4803
1987-01-08,1.4859
1987-01-09,1.486
1987-01-11,1.486
1987-01-12,1.4946
1987-01-13,1.64
1987-01-14,1.6298
1987-01-15,1.6245
1987-01-16,1.6248
1987-01-18,1.6248
1987-01-19,1.615
1987-01-20,1.6198
1987-01-21,1.6245
1987-01-22,1.6159
1987-01-23,1.617
1987-01-25,1.617
1987-01-26,1.615
1987-01-27,1.6153
1987-01-28,1.6049
1987-01-29,1.605
1987-01-30,1.6079
1987-02-01,1.6079
1987-02-02,1.615
1987-02-03,1.6068
1987-02-04,1.6113
1987-02-05,1.6163
1987-02-06,1.622
1987-02-08,1.622
1987-02-09,1.6228
1987-02-10,1.6074
1987-02-11,1.6091
1987-02-12,1.6079
1987-02-13,1.6123
1987-02-15,1.6123
1987-02-16,1.6078
1987-02-17,1.6076
1987-02-18,1.6105
1987-02-19,1.6166
1987-02-20,1.6163
1987-02-22,1.6163
1987-02-23,1.6146
1987-02-24,1.6163
1987-02-25,1.6168
1987-02-26,1.617
1987-02-27,1.6161
1987-03-01,1.6161
1987-03-02,1.6169
1987-03-03,1.6163
1987-03-04,1.6163
1987-03-05,1.618
1987-03-06,1.6181
1987-03-08,1.6181
1987-03-09,1.6208
1987-03-10,1.6224
1987-03-11,1.6216
1987-03-12,1.6221
1987-03-13,1.6226
1987-03-16,1.6248
1987-03-17,1.6188
1987-03-18,1.6183
1987-03-19,1.6183
1987-03-20,1.6185
1987-03-22,1.6185
1987-03-23,1.6135
1987-03-24,1.6103
1987-03-25,1.6099
1987-03-26,1.61
1987-03-27,1.6123
1987-03-29,1.6123
1987-03-30,1.6133
1987-03-31,1.6065
1987-04-01,1.6064
1987-04-02,1.608
1987-04-03,1.6067
1987-04-05,1.6067
1987-04-06,1.6049
1987-04-07,1.6039
1987-04-08,1.6079
1987-04-09,1.6054
1987-04-10,1.6011
1987-04-12,1.6011
1987-04-13,1.6019
1987-04-15,1.6011
1987-04-16,1.603
1987-04-17,1.6011
1987-04-19,1.6011
1987-04-21,1.5994
1987-04-22,1.5994
1987-04-23,1.5998
1987-04-24,1.5948
1987-04-26,1.5948
1987-04-27,1.5858
1987-04-28,1.5901
1987-04-29,1.5911
1987-04-30,1.5911
1987-05-01,1.5893
1987-05-03,1.5893
1987-05-05,1.5852
1987-05-06,1.5856
1987-05-07,1.5841
1987-05-08,1.5845
1987-05-10,1.5845
1987-05-11,1.5887
1987-05-12,1.5876
1987-05-13,1.59
1987-05-14,1.587
1987-05-15,1.5844
1987-05-17,1.5844
1987-05-18,1.5841
1987-05-19,1.5821
1987-05-20,1.58
1987-05-21,1.584
1987-05-22,1.5828
1987-05-24,1.5828
1987-05-25,1.5863
1987-05-26,1.5904
1987-05-27,1.599
1987-05-28,1.5976
1987-05-29,1.6016
1987-05-31,1.6016
1987-06-01,1.6048
1987-06-02,1.6008
1987-06-04,1.5994
1987-06-05,1.5981
1987-06-07,1.5981
1987-06-08,1.597
1987-06-09,1.5975
1987-06-10,1.5934
1987-06-11,1.5943
1987-06-12,1.5969
1987-06-14,1.5969
1987-06-15,1.6032
1987-06-16,1.6024
1987-06-17,1.6054
1987-06-18,1.602
1987-06-19,1.602
1987-06-21,1.602
1987-06-22,1.6069
1987-06-23,1.6114
1987-06-24,1.6038
1987-06-25,1.605
1987-06-26,1.606
1987-06-28,1.606
1987-06-29,1.6053
1987-06-30,1.6088
1987-07-01,1.6065
1987-07-02,1.6063
1987-07-03,1.6083
1987-07-05,1.6083
1987-07-06,1.6104
1987-07-07,1.6085
1987-07-08,1.6103
1987-07-09,1.6061
1987-07-10,1.6055
1987-07-12,1.6055
1987-07-13,1.6113
1987-07-14,1.6094
1987-07-15,1.613
1987-07-16,1.6075
1987-07-17,1.6115
1987-07-19,1.6115
1987-07-20,1.6156
1987-07-21,1.6168
1987-07-22,1.6158
1987-07-23,1.6146
1987-07-24,1.6158
1987-07-26,1.6158
1987-07-27,1.6153
1987-07-28,1.6183
1987-07-29,1.6153
1987-07-30,1.6156
1987-07-31,1.6153
1987-08-02,1.6153
1987-08-03,1.6145
1987-08-05,1.6171
1987-08-06,1.6183
1987-08-07,1.6178
1987-08-09,1.6178
1987-08-10,1.6212
1987-08-11,1.6218
1987-08-12,1.6241
1987-08-13,1.6284
1987-08-14,1.6277
1987-08-16,1.6277
1987-08-17,1.6234
1987-08-18,1.6169
1987-08-19,1.6146
1987-08-20,1.6089
1987-08-21,1.6095
1987-08-23,1.6095
1987-08-24,1.6076
1987-08-25,1.6055
1987-08-26,1.605
1987-08-27,1.6004
1987-08-28,1.5984
1987-08-30,1.5984
1987-08-31,1.5989
1987-09-01,1.5983
1987-09-02,1.5967
1987-09-03,1.5943
1987-09-04,1.5948
1987-09-06,1.5948
1987-09-07,1.593
1987-09-08,1.5913
1987-09-09,1.5889
1987-09-10,1.5948
1987-09-11,1.5938
1987-09-13,1.5938
1987-09-14,1.6003
1987-09-15,1.5998
1987-09-16,1.597
1987-09-17,1.5984
1987-09-18,1.5966
1987-09-20,1.5966
1987-09-21,1.5964
1987-09-22,1.5979
1987-09-23,1.603
1987-09-27,1.603
1987-09-28,1.604
1987-09-29,1.6055
1987-09-30,1.6093
1987-10-01,1.6079
1987-10-04,1.6079
1987-10-05,1.6093
1987-10-06,1.6097
1987-10-07,1.605
1987-10-09,1.6013
1987-10-11,1.6013
1987-10-12,1.5985
1987-10-13,1.6035
1987-10-14,1.6033
1987-10-16,1.5963
1987-10-18,1.5963
1987-10-19,1.59
1987-10-20,1.593
1987-10-21,1.5968
1987-10-22,1.5993
1987-10-23,1.5983
1987-10-25,1.5983
1987-10-26,1.5855
1987-10-27,1.5865
1987-10-28,1.581
1987-10-29,1.5765
1987-10-30,1.5743
1987-11-01,1.5743
1987-11-02,1.5679
1987-11-03,1.5648
1987-11-04,1.5668
1987-11-05,1.5629
1987-11-06,1.5606
1987-11-08,1.5606
1987-11-09,1.5609
1987-11-10,1.5593
1987-11-11,1.5608
1987-11-12,1.5699
1987-11-13,1.5691
1987-11-15,1.5691
1987-11-16,1.5775
1987-11-17,1.5761
1987-11-18,1.5768
1987-11-19,1.5753
1987-11-20,1.5756
1987-11-22,1.5756
1987-11-23,1.5718
1987-11-24,1.5771
1987-11-25,1.5728
1987-11-26,1.5673
1987-11-27,1.5645
1987-11-29,1.5645
1987-11-30,1.557
1987-12-01,1.5632
1987-12-02,1.5663
1987-12-03,1.56
1987-12-04,1.5633
1987-12-06,1.5633
1987-12-07,1.5706
1987-12-08,1.5665
1987-12-09,1.5638
1987-12-10,1.5663
1987-12-11,1.5525
1987-12-13,1.5525
1987-12-14,1.5528
1987-12-15,1.5523
1987-12-16,1.5529
1987-12-17,1.5506
1987-12-18,1.5479
1987-12-20,1.5479
1987-12-21,1.552
1987-12-22,1.5516
1987-12-23,1.5515
1987-12-24,1.5517
1987-12-27,1.5517
1987-12-28,1.5393
1987-12-29,1.537
1987-12-30,1.5416
1987-12-31,1.5386
1988-01-03,1.5386
1988-01-04,1.5378
1988-01-05,1.5499
1988-01-06,1.5603
1988-01-07,1.565
1988-01-08,1.573
1988-01-10,1.573
1988-01-11,1.5613
1988-01-12,1.5621
1988-01-13,1.5583
1988-01-14,1.5614
1988-01-15,1.5593
1988-01-17,1.5593
1988-01-18,1.584
1988-01-19,1.5812
1988-01-20,1.5712
1988-01-21,1.5691
1988-01-22,1.5753
1988-01-24,1.5753
1988-01-25,1.5775
1988-01-26,1.5785
1988-01-27,1.5775
1988-01-28,1.5749
1988-01-29,1.5798
1988-01-31,1.5798
1988-02-01,1.5859
1988-02-02,1.584
1988-02-03,1.5802
1988-02-04,1.5858
1988-02-05,1.5831
1988-02-07,1.5831
1988-02-08,1.5886
1988-02-09,1.5894
1988-02-10,1.5845
1988-02-11,1.5848
1988-02-12,1.5851
1988-02-14,1.5851
1988-02-15,1.5895
1988-02-16,1.5923
1988-02-17,1.5909
1988-02-18,1.5894
1988-02-19,1.5898
1988-02-21,1.5898
1988-02-22,1.5872
1988-02-23,1.584
1988-02-24,1.5836
1988-02-25,1.5851
1988-02-26,1.5823
1988-02-28,1.5823
1988-02-29,1.5826
1988-03-01,1.5806
1988-03-02,1.5815
1988-03-04,1.5824
1988-03-06,1.5824
1988-03-07,1.5809
1988-03-08,1.5726
1988-03-09,1.5701
1988-03-10,1.5713
1988-03-11,1.5688
1988-03-13,1.5688
1988-03-14,1.565
1988-03-15,1.5666
1988-03-16,1.5675
1988-03-17,1.5705
1988-03-18,1.5776
1988-03-20,1.5776
1988-03-21,1.5783
1988-03-22,1.5765
1988-03-23,1.5758
1988-03-24,1.5738
1988-03-25,1.5713
1988-03-27,1.5713
1988-03-28,1.5671
1988-03-29,1.5664
1988-03-30,1.5648
1988-03-31,1.5596
1988-04-01,1.5595
1988-04-03,1.5595
1988-04-04,1.5599
1988-04-05,1.5615
1988-04-06,1.5638
1988-04-07,1.5693
1988-04-10,1.5693
1988-04-11,1.5725
1988-04-12,1.5733
1988-04-13,1.576
1988-04-14,1.5751
1988-04-15,1.5642
1988-04-17,1.5642
1988-04-18,1.5608
1988-04-19,1.5623
1988-04-20,1.5625
1988-04-22,1.564
1988-04-24,1.564
1988-04-25,1.5651
1988-04-26,1.5661
1988-04-27,1.5678
1988-04-28,1.5658
1988-04-29,1.565
1988-05-01,1.565
1988-05-02,1.5718
1988-05-03,1.5685
1988-05-04,1.5704
1988-05-05,1.5679
1988-05-06,1.5698
1988-05-08,1.5698
1988-05-09,1.5698
1988-05-10,1.5658
1988-05-11,1.565
1988-05-12,1.5673
1988-05-13,1.5663
1988-05-15,1.5663
1988-05-16,1.5665
1988-05-17,1.568
1988-05-18,1.5761
1988-05-19,1.5725
1988-05-20,1.5743
1988-05-23,1.5737
1988-05-24,1.5728
1988-05-25,1.5723
1988-05-26,1.5758
1988-05-27,1.576
1988-05-29,1.576
1988-05-30,1.5783
1988-05-31,1.5836
1988-06-01,1.581
1988-06-02,1.5849
1988-06-03,1.5861
1988-06-05,1.5861
1988-06-06,1.5856
1988-06-07,1.5819
1988-06-08,1.5825
1988-06-09,1.5843
1988-06-10,1.5858
1988-06-12,1.5858
1988-06-13,1.5835
1988-06-14,1.5855
1988-06-15,1.5936
1988-06-16,1.5938
1988-06-17,1.5985
1988-06-19,1.5985
1988-06-20,1.596
1988-06-21,1.597
1988-06-22,1.599
1988-06-23,1.608
1988-06-24,1.6122
1988-06-26,1.6122
1988-06-27,1.6197
1988-06-28,1.6158
1988-06-29,1.6241
1988-06-30,1.6228
1988-07-01,1.6245
1988-07-03,1.6245
1988-07-04,1.6284
1988-07-05,1.6278
1988-07-06,1.6222
1988-07-07,1.62
1988-07-08,1.6219
1988-07-10,1.6219
1988-07-11,1.629
1988-07-12,1.6293
1988-07-13,1.6305
1988-07-14,1.6339
1988-07-15,1.6365
1988-07-17,1.6365
1988-07-18,1.6475
1988-07-19,1.637
1988-07-20,1.6303
1988-07-21,1.6295
1988-07-22,1.6206
1988-07-25,1.6248
1988-07-26,1.6285
1988-07-27,1.6343
1988-07-28,1.6283
1988-07-29,1.6365
1988-07-31,1.6365
1988-08-01,1.6377
1988-08-02,1.634
1988-08-03,1.6365
1988-08-04,1.6388
1988-08-05,1.6401
1988-08-07,1.6401
1988-08-08,1.6468
1988-08-09,1.6433
1988-08-10,1.6505
1988-08-11,1.643
1988-08-12,1.6396
1988-08-14,1.6396
1988-08-15,1.6376
1988-08-16,1.6396
1988-08-17,1.6449
1988-08-18,1.6471
1988-08-19,1.642
1988-08-21,1.642
1988-08-22,1.6461
1988-08-23,1.647
1988-08-24,1.6456
1988-08-25,1.6411
1988-08-26,1.6376
1988-08-28,1.6376
1988-08-29,1.6401
1988-08-30,1.6401
1988-08-31,1.6453
1988-09-01,1.6454
1988-09-02,1.6468
1988-09-04,1.6468
1988-09-05,1.6367
1988-09-06,1.6375
1988-09-07,1.6325
1988-09-08,1.6345
1988-09-09,1.6348
1988-09-11,1.6348
1988-09-14,1.636
1988-09-15,1.6408
1988-09-16,1.6442
1988-09-18,1.6442
1988-09-19,1.6445
1988-09-22,1.6442
1988-09-23,1.645
1988-09-25,1.645
1988-09-27,1.6449
1988-09-28,1.642
1988-09-29,1.6444
1988-09-30,1.6432
1988-10-02,1.6432
1988-10-04,1.638
1988-10-05,1.6381
1988-10-06,1.6388
1988-10-07,1.6376
1988-10-09,1.6376
1988-10-10,1.6335
1988-10-11,1.6307
1988-10-12,1.6275
1988-10-13,1.6235
1988-10-14,1.619
1988-10-16,1.619
1988-10-17,1.6144
1988-10-18,1.618
1988-10-19,1.615
1988-10-20,1.614
1988-10-21,1.611
1988-10-23,1.611
1988-10-24,1.611
1988-10-25,1.613
1988-10-26,1.611
1988-10-27,1.605
1988-10-28,1.6049
1988-10-30,1.6049
1988-10-31,1.599
1988-11-02,1.605
1988-11-03,1.6016
1988-11-04,1.6038
1988-11-06,1.6038
1988-11-07,1.6055
1988-11-08,1.6049
1988-11-09,1.6028
1988-11-10,1.597
1988-11-11,1.589
1988-11-13,1.589
1988-11-14,1.593
1988-11-15,1.5908
1988-11-16,1.59
1988-11-17,1.581
1988-11-18,1.59
1988-11-20,1.59
1988-11-21,1.588
1988-11-22,1.585
1988-11-23,1.5815
1988-11-24,1.5795
1988-11-25,1.58
1988-11-27,1.58
1988-11-28,1.583
1988-11-29,1.5818
1988-11-30,1.5855
1988-12-01,1.5798
1988-12-02,1.5836
1988-12-04,1.5836
1988-12-05,1.5778
1988-12-06,1.58
1988-12-07,1.5856
1988-12-08,1.5874
1988-12-09,1.585
1988-12-11,1.585
1988-12-12,1.5858
1988-12-13,1.5873
1988-12-14,1.5894
1988-12-15,1.5867
1988-12-16,1.592
1988-12-18,1.592
1988-12-19,1.5945
1988-12-20,1.5994
1988-12-21,1.599
1988-12-22,1.5984
1988-12-23,1.599
1988-12-25,1.599
1988-12-27,1.68
1988-12-28,1.686
1988-12-29,1.685
1988-12-30,1.8065
1989-01-03,1.8065
1989-01-04,1.808
1989-01-05,1.81
1989-01-06,1.814
1989-01-08,1.814
1989-01-09,1.826
1989-01-10,1.821
1989-01-11,1.817
1989-01-12,1.8125
1989-01-13,1.8175
1989-01-15,1.8175
1989-01-16,1.821
1989-01-17,1.8185
1989-01-18,1.822
1989-01-19,1.826
1989-01-20,1.816
1989-01-22,1.816
1989-01-23,1.817
1989-01-24,1.8085
1989-01-25,1.8125
1989-01-26,1.8115
1989-01-27,1.813
1989-01-29,1.813
1989-01-30,1.817
1989-01-31,1.814
1989-02-01,1.8175
1989-02-02,1.813
1989-02-03,1.8145
1989-02-05,1.8145
1989-02-06,1.817
1989-02-07,1.81
1989-02-08,1.812
1989-02-09,1.808
1989-02-10,1.8
1989-02-12,1.8
1989-02-13,1.811
1989-02-14,1.806
1989-02-15,1.7965
1989-02-16,1.797
1989-02-17,1.7947
1989-02-19,1.7947
1989-02-20,1.7945
1989-02-21,1.799
1989-02-22,1.795
1989-02-23,1.789
1989-02-24,1.79
1989-02-26,1.79
1989-02-27,1.787
1989-03-01,1.795
1989-03-02,1.796
1989-03-03,1.797
1989-03-05,1.797
1989-03-06,1.795
1989-03-07,1.8045
1989-03-08,1.8035
1989-03-09,1.805
1989-03-10,1.8064
1989-03-12,1.8064
1989-03-13,1.807
1989-03-14,1.807
1989-03-15,1.808
1989-03-16,1.8075
1989-03-17,1.8065
1989-03-19,1.8065
1989-03-20,1.8131
1989-03-22,1.817
1989-03-23,1.813
1989-03-24,1.8145
1989-03-26,1.8145
1989-03-27,1.814
1989-03-28,1.8183
1989-03-29,1.823
1989-03-30,1.818
1989-03-31,1.8195
1989-04-02,1.8195
1989-04-03,1.818
1989-04-04,1.81
1989-04-05,1.8138
1989-04-06,1.8137
1989-04-07,1.8115
1989-04-09,1.8115
1989-04-10,1.8185
1989-04-11,1.821
1989-04-12,1.819
1989-04-13,1.812
1989-04-14,1.8135
1989-04-16,1.8135
1989-04-17,1.8125
1989-04-18,1.81
1989-04-19,1.8073
1989-04-21,1.81
1989-04-23,1.81
1989-04-24,1.8091
1989-04-25,1.82
1989-04-27,1.824
1989-04-28,1.8204
1989-04-30,1.8204
1989-05-01,1.8302
1989-05-02,1.8366
1989-05-03,1.8396
1989-05-04,1.8356
1989-05-05,1.8382
1989-05-07,1.8382
1989-05-08,1.8418
1989-05-09,1.8465
1989-05-11,1.8473
1989-05-12,1.853
1989-05-14,1.853
1989-05-15,1.8635
1989-05-16,1.8627
1989-05-17,1.872
1989-05-18,1.8825
1989-05-19,1.8835
1989-05-21,1.8835
1989-05-22,1.9055
1989-05-23,1.9043
1989-05-24,1.911
1989-05-25,1.9065
1989-05-26,1.9028
1989-05-28,1.9028
1989-05-29,1.9143
1989-05-30,1.9217
1989-05-31,1.9133
1989-06-01,1.9115
1989-06-02,1.9085
1989-06-04,1.9085
1989-06-05,1.893
1989-06-06,1.9131
1989-06-07,1.9052
1989-06-08,1.911
1989-06-11,1.911
1989-06-12,1.941
1989-06-13,1.9392
1989-06-14,1.9425
1989-06-15,1.9527
1989-06-16,1.936
1989-06-18,1.936
1989-06-19,1.9366
1989-06-20,1.9272
1989-06-21,1.9377
1989-06-22,1.9325
1989-06-23,2.0175
1989-06-25,2.0175
1989-06-26,2.014
1989-06-27,2.0156
1989-06-28,2.012
1989-06-29,2.01
1989-06-30,2.0111
1989-07-02,2.0111
1989-07-03,1.9946
1989-07-04,1.9852
1989-07-05,1.979
1989-07-06,1.968
1989-07-07,1.9695
1989-07-09,1.9695
1989-07-10,1.965
1989-07-11,1.9665
1989-07-12,1.9683
1989-07-13,1.9658
1989-07-14,1.97
1989-07-16,1.97
1989-07-17,1.9838
1989-07-18,1.9852
1989-07-19,1.9738
1989-07-20,1.98
1989-07-21,1.9757
1989-07-23,1.9757
1989-07-24,1.9845
1989-07-25,1.9833
1989-07-26,1.9765
1989-07-27,1.9697
1989-07-28,1.9735
1989-07-30,1.9735
1989-07-31,1.9655
1989-08-01,1.9633
1989-08-02,1.958
1989-08-03,1.9595
1989-08-04,1.9732
1989-08-06,1.9732
1989-08-07,1.9943
1989-08-08,1.9845
1989-08-09,1.98
1989-08-11,1.9913
1989-08-13,1.9913
1989-08-14,1.9988
1989-08-15,1.995
1989-08-16,1.9983
1989-08-17,1.9975
1989-08-18,2.0035
1989-08-20,2.0035
1989-08-21,2.0041
1989-08-22,2.0047
1989-08-23,1.9983
1989-08-24,2.0077
1989-08-25,2.011
1989-08-27,2.011
1989-08-28,2.0178
1989-08-29,2.0182
1989-08-30,2.0135
1989-08-31,2.0106
1989-09-01,2.0101
1989-09-03,2.0101
1989-09-04,2.007
1989-09-05,2.018
1989-09-06,2.0222
1989-09-07,2.0278
1989-09-08,2.0171
1989-09-10,2.0171
1989-09-11,2.0175
1989-09-12,2.023
1989-09-13,2.021
1989-09-14,2.0202
1989-09-15,2.0283
1989-09-17,2.0283
1989-09-18,2.0298
1989-09-19,2.023
1989-09-20,2.0262
1989-09-21,2.027
1989-09-22,2.0215
1989-09-24,2.0215
1989-09-25,1.997
1989-09-26,1.9963
1989-09-27,1.984
1989-09-28,1.9953
1989-09-29,1.983
1989-10-02,1.9915
1989-10-03,1.996
1989-10-04,1.9953
1989-10-05,1.998
1989-10-06,2.0055
1989-10-10,2.0165
1989-10-11,2.021
1989-10-12,2.014
1989-10-13,2.0113
1989-10-15,2.0113
1989-10-16,1.997
1989-10-17,2.002
1989-10-18,1.9926
1989-10-19,1.9899
1989-10-20,1.994
1989-10-22,1.994
1989-10-23,1.996
1989-10-24,1.995
1989-10-25,1.988
1989-10-26,1.997
1989-10-27,2.0051
1989-10-29,2.0051
1989-10-30,2.0007
1989-10-31,1.9924
1989-11-01,1.985
1989-11-02,1.9872
1989-11-03,1.9848
1989-11-05,1.9848
1989-11-06,1.9925
1989-11-07,1.99
1989-11-08,1.9945
1989-11-09,1.989
1989-11-10,1.9935
1989-11-12,1.9935
1989-11-13,2.005
1989-11-14,1.9983
1989-11-15,1.994
1989-11-16,1.9925
1989-11-17,1.9907
1989-11-19,1.9907
1989-11-20,2.003
1989-11-21,1.9875
1989-11-22,1.9804
1989-11-23,1.991
1989-11-24,1.9855
1989-11-26,1.9855
1989-11-27,1.9867
1989-11-28,1.9823
1989-11-29,1.968
1989-11-30,1.9635
1989-12-01,1.9606
1989-12-03,1.9606
1989-12-04,1.9655
1989-12-05,1.9684
1989-12-06,1.973
1989-12-07,1.9638
1989-12-08,1.978
1989-12-10,1.978
1989-12-11,1.978
1989-12-12,1.964
1989-12-13,1.9473
1989-12-14,1.952
1989-12-15,1.951
1989-12-17,1.951
1989-12-18,1.9444
1989-12-19,1.9442
1989-12-20,1.962
1989-12-21,1.949
1989-12-22,1.9485
1989-12-24,1.9485
1989-12-27,1.955
1989-12-28,1.9463
1989-12-29,1.963
1989-12-31,1.963
1990-01-02,1.947
1990-01-03,1.9575
1990-01-04,1.9527
1990-01-05,1.9455
1990-01-07,1.9455
1990-01-08,1.936
1990-01-09,1.928
1990-01-10,1.9265
1990-01-11,1.942
1990-01-12,1.9405
1990-01-14,1.9405
1990-01-15,1.9367
1990-01-16,1.9432
1990-01-17,1.9474
1990-01-18,1.9485
1990-01-19,1.9595
1990-01-21,1.9595
1990-01-22,1.9576
1990-01-23,1.953
1990-01-24,1.948
1990-01-25,1.944
1990-01-26,1.948
1990-01-28,1.948
1990-01-29,1.94
1990-01-30,1.9455
1990-01-31,1.942
1990-02-01,1.9365
1990-02-02,1.9368
1990-02-04,1.9368
1990-02-05,1.938
1990-02-06,1.9305
1990-02-07,1.932
1990-02-08,1.9345
1990-02-09,1.939
1990-02-11,1.939
1990-02-12,1.945
1990-02-13,1.9505
1990-02-14,1.948
1990-02-15,1.938
1990-02-16,1.942
1990-02-18,1.942
1990-02-19,1.94
1990-02-20,1.942
1990-02-21,1.949
1990-02-22,1.954
1990-02-23,1.958
1990-02-25,1.958
1990-02-26,1.9575
1990-02-27,1.953
1990-02-28,1.958
1990-03-01,1.9626
1990-03-02,2.0094
1990-03-04,2.0094
1990-03-05,2.0431
1990-03-06,2.0185
1990-03-07,2.018
1990-03-08,2.0049
1990-03-09,2.0133
1990-03-12,2.022
1990-03-13,2.025
1990-03-14,2.0215
1990-03-15,2.015
1990-03-16,2.0072
1990-03-18,2.0072
1990-03-19,2.009
1990-03-20,2.005
1990-03-21,2.0215
1990-03-22,2.0205
1990-03-23,2.024
1990-03-25,2.024
1990-03-26,2.018
1990-03-27,2.013
1990-03-28,2.012
1990-03-29,2.001
1990-03-30,1.994
1990-04-01,1.994
1990-04-02,1.999
1990-04-03,2.0
1990-04-04,2.0
1990-04-05,1.995
1990-04-06,1.996
1990-04-08,1.996
1990-04-09,2.006
1990-04-11,2.004
1990-04-12,2.0
1990-04-13,2.0016
1990-04-15,2.0016
1990-04-17,2.0145
1990-04-18,2.006
1990-04-19,2.0
1990-04-20,2.008
1990-04-22,2.008
1990-04-23,2.02
1990-04-24,2.0195
1990-04-25,2.0225
1990-04-26,2.011
1990-04-27,2.009
1990-04-29,2.009
1990-05-01,2.012
1990-05-02,2.019
1990-05-03,2.013
1990-05-04,2.02
1990-05-06,2.02
1990-05-07,2.017
1990-05-08,2.007
1990-05-09,2.007
1990-05-10,2.008
1990-05-11,2.012
1990-05-13,2.012
1990-05-14,2.008
1990-05-15,2.013
1990-05-16,2.0188
1990-05-17,2.009
1990-05-18,2.0222
1990-05-20,2.0222
1990-05-21,2.0324
1990-05-22,2.0283
1990-05-23,2.0275
1990-05-24,2.02
1990-05-25,2.025
1990-05-27,2.025
1990-05-28,2.022
1990-05-29,2.031
1990-05-31,2.027
1990-06-01,2.022
1990-06-03,2.022
1990-06-04,2.022
1990-06-05,2.023
1990-06-06,2.041
1990-06-07,2.056
1990-06-08,2.069
1990-06-10,2.069
1990-06-11,2.073
1990-06-12,2.064
1990-06-13,2.071
1990-06-15,2.064
1990-06-17,2.064
1990-06-18,2.058
1990-06-19,2.043
1990-06-20,2.05
1990-06-21,2.059
1990-06-22,2.069
1990-06-24,2.069
1990-06-25,2.098
1990-06-26,2.099
1990-06-27,2.09
1990-06-28,2.06
1990-06-29,2.078
1990-07-01,2.078
1990-07-02,2.054
1990-07-03,2.07
1990-07-04,2.063
1990-07-05,2.073
1990-07-06,2.074
1990-07-08,2.074
1990-07-09,2.061
1990-07-10,2.054
1990-07-11,2.061
1990-07-12,2.063
1990-07-13,2.05
1990-07-15,2.05
1990-07-16,2.069
1990-07-17,2.056
1990-07-18,2.052
1990-07-19,2.061
1990-07-20,2.067
1990-07-22,2.067
1990-07-23,2.067
1990-07-24,2.067
1990-07-25,2.069
1990-07-26,2.072
1990-07-27,2.063
1990-07-29,2.063
1990-07-30,2.051
1990-08-01,2.031
1990-08-02,2.04
1990-08-03,2.027
1990-08-05,2.027
1990-08-06,2.018
1990-08-07,2.03
1990-08-08,2.04
1990-08-09,2.032
1990-08-10,2.045
1990-08-12,2.045
1990-08-13,2.035
1990-08-14,2.02
1990-08-15,2.001
1990-08-16,2.012
1990-08-17,2.014
1990-08-19,2.014
1990-08-20,2.023
1990-08-21,2.03
1990-08-22,2.02
1990-08-23,2.017
1990-08-24,2.016
1990-08-26,2.016
1990-08-27,2.03
1990-08-28,2.047
1990-08-29,2.057
1990-08-30,2.064
1990-08-31,2.043
1990-09-02,2.043
1990-09-03,2.042
1990-09-04,2.027
1990-09-05,2.026
1990-09-06,2.018
1990-09-07,2.023
1990-09-09,2.023
1990-09-10,2.08
1990-09-11,2.084
1990-09-12,2.071
1990-09-13,2.067
1990-09-14,2.055
1990-09-16,2.055
1990-09-17,2.047
1990-09-18,2.047
1990-09-19,2.045
1990-09-23,2.045
1990-09-24,2.061
1990-09-25,2.05
1990-09-26,2.058
1990-09-27,2.057
1990-09-30,2.057
1990-10-01,2.047
1990-10-02,2.05
1990-10-03,2.047
1990-10-05,2.037
1990-10-07,2.037
1990-10-08,2.025
1990-10-09,2.021
1990-10-10,2.023
1990-10-12,2.022
1990-10-14,2.022
1990-10-15,2.021
1990-10-16,2.024
1990-10-17,2.01
1990-10-18,2.01
1990-10-19,2.013
1990-10-21,2.013
1990-10-22,2.015
1990-10-23,2.022
1990-10-24,2.028
1990-10-25,2.013
1990-10-26,2.028
1990-10-28,2.028
1990-10-29,2.016
1990-10-30,2.022
1990-10-31,2.022
1990-11-01,2.028
1990-11-02,2.015
1990-11-04,2.015
1990-11-05,2.009
1990-11-06,2.006
1990-11-07,2.004
1990-11-08,2.009
1990-11-09,2.011
1990-11-11,2.011
1990-11-12,2.003
1990-11-13,2.003
1990-11-14,2.004
1990-11-15,2.004
1990-11-16,2.006
1990-11-18,2.006
1990-11-19,1.998
1990-11-20,2.002
1990-11-21,2.0
1990-11-22,2.002
1990-11-23,2.011
1990-11-25,2.011
1990-11-26,2.012
1990-11-27,2.021
1990-11-28,2.007
1990-11-29,2.007
1990-11-30,2.023
1990-12-02,2.023
1990-12-03,2.022
1990-12-04,2.026
1990-12-05,2.018
1990-12-06,2.025
1990-12-07,2.012
1990-12-09,2.012
1990-12-10,2.003
1990-12-11,2.018
1990-12-12,2.018
1990-12-13,2.016
1990-12-14,2.018
1990-12-16,2.018
1990-12-17,2.02
1990-12-18,2.023
1990-12-19,2.018
1990-12-20,2.035
1990-12-21,2.05
1990-12-23,2.05
1990-12-24,2.072
1990-12-27,2.078
1990-12-28,2.074
1990-12-30,2.074
1990-12-31,2.048
1991-01-02,2.033
1991-01-03,2.024
1991-01-04,2.028
1991-01-06,2.028
1991-01-07,2.042
1991-01-08,2.046
1991-01-09,2.046
1991-01-10,2.036
1991-01-11,2.04
1991-01-13,2.04
1991-01-14,2.048
1991-01-15,2.043
1991-01-16,2.045
1991-01-17,2.032
1991-01-18,2.028
1991-01-20,2.028
1991-01-21,2.023
1991-01-22,2.018
1991-01-23,2.025
1991-01-24,2.011
1991-01-25,2.015
1991-01-27,2.015
1991-01-28,2.011
1991-01-29,2.009
1991-01-30,2.014
1991-01-31,2.012
1991-02-01,2.006
1991-02-03,2.006
1991-02-04,2.002
1991-02-05,1.998
1991-02-06,1.998
1991-02-07,1.996
1991-02-08,1.998
1991-02-10,1.998
1991-02-11,1.994
1991-02-12,1.994
1991-02-13,1.996
1991-02-14,1.999
1991-02-15,2.002
1991-02-17,2.002
1991-02-18,2.007
1991-02-19,2.014
1991-02-20,2.014
1991-02-21,2.02
1991-02-22,2.017
1991-02-24,2.017
1991-02-25,2.026
1991-02-26,2.031
1991-02-27,2.034
1991-03-01,2.039
1991-03-03,2.039
1991-03-04,2.046
1991-03-05,2.042
1991-03-06,2.053
1991-03-07,2.048
1991-03-08,2.055
1991-03-10,2.055
1991-03-11,2.192
1991-03-12,2.182
1991-03-13,2.183
1991-03-14,2.183
1991-03-15,2.192
1991-03-17,2.192
1991-03-18,2.203
1991-03-19,2.218
1991-03-20,2.226
1991-03-21,2.215
1991-03-22,2.216
1991-03-24,2.216
1991-03-25,2.23
1991-03-26,2.249
1991-03-27,2.243
1991-03-28,2.261
1991-03-31,2.261
1991-04-02,2.246
1991-04-03,2.237
1991-04-04,2.242
1991-04-07,2.242
1991-04-08,2.247
1991-04-09,2.244
1991-04-10,2.232
1991-04-11,2.241
1991-04-12,2.234
1991-04-14,2.234
1991-04-15,2.235
1991-04-16,2.228
1991-04-17,2.23
1991-04-19,2.263
1991-04-21,2.263
1991-04-22,2.283
1991-04-23,2.297
1991-04-24,2.29
1991-04-25,2.296
1991-04-26,2.3
1991-04-28,2.3
1991-04-29,2.322
1991-04-30,2.3
1991-05-01,2.273
1991-05-02,2.28
1991-05-03,2.289
1991-05-05,2.289
1991-05-06,2.315
1991-05-07,2.322
1991-05-08,2.362
1991-05-09,2.34
1991-05-10,2.36
1991-05-12,2.36
1991-05-13,2.36
1991-05-14,2.367
1991-05-15,2.36
1991-05-16,2.364
1991-05-17,2.379
1991-05-20,2.403
1991-05-21,2.407
1991-05-22,2.4
1991-05-23,2.415
1991-05-24,2.409
1991-05-26,2.409
1991-05-27,2.396
1991-05-28,2.4
1991-05-29,2.385
1991-05-30,2.369
1991-05-31,2.386
1991-06-02,2.386
1991-06-03,2.408
1991-06-04,2.411
1991-06-05,2.401
1991-06-06,2.401
1991-06-07,2.393
1991-06-09,2.393
1991-06-10,2.401
1991-06-11,2.402
1991-06-12,2.406
1991-06-13,2.408
1991-06-14,2.393
1991-06-16,2.393
1991-06-17,2.403
1991-06-18,2.412
1991-06-19,2.398
1991-06-20,2.386
1991-06-21,2.398
1991-06-23,2.398
1991-06-24,2.393
1991-06-25,2.387
1991-06-26,2.389
1991-06-27,2.387
1991-06-28,2.395
1991-06-30,2.395
1991-07-01,2.398
1991-07-02,2.397
1991-07-03,2.405
1991-07-04,2.397
1991-07-05,2.402
1991-07-07,2.402
1991-07-08,2.393
1991-07-09,2.383
1991-07-10,2.389
1991-07-11,2.388
1991-07-12,2.399
1991-07-14,2.399
1991-07-15,2.377
1991-07-16,2.379
1991-07-17,2.379
1991-07-18,2.374
1991-07-19,2.368
1991-07-22,2.375
1991-07-23,2.375
1991-07-24,2.359
1991-07-25,2.353
1991-07-26,2.361
1991-07-28,2.361
1991-07-29,2.364
1991-07-30,2.354
1991-07-31,2.359
1991-08-01,2.346
1991-08-02,2.351
1991-08-04,2.351
1991-08-05,2.347
1991-08-06,2.335
1991-08-07,2.331
1991-08-08,2.321
1991-08-09,2.323
1991-08-11,2.323
1991-08-12,2.33
1991-08-13,2.325
1991-08-14,2.32
1991-08-15,2.319
1991-08-16,2.331
1991-08-18,2.331
1991-08-19,2.373
1991-08-20,2.378
1991-08-21,2.362
1991-08-22,2.346
1991-08-23,2.345
1991-08-25,2.345
1991-08-26,2.345
1991-08-27,2.342
1991-08-28,2.343
1991-08-29,2.324
1991-08-30,2.332
1991-09-01,2.332
1991-09-02,2.327
1991-09-03,2.333
1991-09-04,2.325
1991-09-05,2.327
1991-09-06,2.317
1991-09-08,2.317
1991-09-11,2.306
1991-09-12,2.31
1991-09-13,2.304
1991-09-15,2.304
1991-09-16,2.311
1991-09-19,2.325
1991-09-20,2.339
1991-09-22,2.339
1991-09-24,2.341
1991-09-25,2.348
1991-09-26,2.358
1991-09-27,2.393
1991-09-29,2.393
1991-10-01,2.385
1991-10-02,2.383
1991-10-03,2.381
1991-10-04,2.38
1991-10-06,2.38
1991-10-07,2.39
1991-10-08,2.393
1991-10-09,2.409
1991-10-10,2.405
1991-10-11,2.412
1991-10-13,2.412
1991-10-14,2.415
1991-10-15,2.43
1991-10-16,2.435
1991-10-17,2.436
1991-10-18,2.435
1991-10-20,2.435
1991-10-21,2.436
1991-10-22,2.445
1991-10-23,2.454
1991-10-24,2.456
1991-10-25,2.452
1991-10-27,2.452
1991-10-28,2.451
1991-10-29,2.439
1991-10-30,2.414
1991-10-31,2.402
1991-11-01,2.395
1991-11-03,2.395
1991-11-04,2.377
1991-11-05,2.374
1991-11-06,2.373
1991-11-07,2.37
1991-11-08,2.369
1991-11-10,2.369
1991-11-11,2.369
1991-11-12,2.359
1991-11-13,2.359
1991-11-14,2.353
1991-11-15,2.35
1991-11-17,2.35
1991-11-18,2.334
1991-11-19,2.332
1991-11-20,2.326
1991-11-21,2.325
1991-11-22,2.321
1991-11-24,2.321
1991-11-25,2.314
1991-11-26,2.319
1991-11-27,2.329
1991-11-28,2.335
1991-11-29,2.345
1991-12-01,2.345
1991-12-02,2.336
1991-12-03,2.337
1991-12-04,2.334
1991-12-05,2.327
1991-12-06,2.321
1991-12-08,2.321
1991-12-09,2.311
1991-12-10,2.306
1991-12-11,2.319
1991-12-12,2.312
1991-12-13,2.313
1991-12-15,2.313
1991-12-16,2.312
1991-12-17,2.31
1991-12-18,2.307
1991-12-19,2.312
1991-12-20,2.304
1991-12-22,2.304
1991-12-23,2.287
1991-12-24,2.28
1991-12-27,2.277
1991-12-29,2.277
1991-12-30,2.285
1991-12-31,2.283
1992-01-02,2.281
1992-01-03,2.287
1992-01-05,2.287
1992-01-06,2.282
1992-01-07,2.271
1992-01-08,2.267
1992-01-09,2.268
1992-01-10,2.288
1992-01-12,2.288
1992-01-13,2.297
1992-01-14,2.293
1992-01-15,2.313
1992-01-16,2.315
1992-01-17,2.325
1992-01-19,2.325
1992-01-20,2.295
1992-01-21,2.298
1992-01-22,2.302
1992-01-23,2.305
1992-01-24,2.316
1992-01-26,2.316
1992-01-27,2.313
1992-01-28,2.316
1992-01-29,2.304
1992-01-30,2.313
1992-01-31,2.316
1992-02-02,2.316
1992-02-03,2.312
1992-02-04,2.309
1992-02-05,2.302
1992-02-06,2.292
1992-02-07,2.298
1992-02-09,2.298
1992-02-10,2.29
1992-02-11,2.308
1992-02-12,2.313
1992-02-13,2.315
1992-02-14,2.328
1992-02-16,2.328
1992-02-17,2.32
1992-02-18,2.339
1992-02-19,2.344
1992-02-20,2.357
1992-02-21,2.353
1992-02-23,2.353
1992-02-24,2.369
1992-02-25,2.364
1992-02-26,2.374
1992-02-27,2.366
1992-02-28,2.359
1992-03-01,2.359
1992-03-02,2.365
1992-03-03,2.377
1992-03-04,2.384
1992-03-05,2.395
1992-03-06,2.398
1992-03-08,2.398
1992-03-09,2.399
1992-03-10,2.397
1992-03-11,2.408
1992-03-12,2.403
1992-03-13,2.401
1992-03-15,2.401
1992-03-16,2.405
1992-03-17,2.399
1992-03-18,2.402
1992-03-22,2.402
1992-03-23,2.422
1992-03-24,2.422
1992-03-25,2.416
1992-03-26,2.413
1992-03-27,2.417
1992-03-29,2.417
1992-03-30,2.41
1992-03-31,2.404
1992-04-01,2.399
1992-04-02,2.396
1992-04-03,2.384
1992-04-05,2.384
1992-04-06,2.383
1992-04-07,2.393
1992-04-08,2.388
1992-04-09,2.391
1992-04-10,2.381
1992-04-12,2.381
1992-04-13,2.395
1992-04-14,2.398
1992-04-15,2.4
1992-04-16,2.401
1992-04-19,2.401
1992-04-21,2.418
1992-04-22,2.421
1992-04-23,2.423
1992-04-26,2.423
1992-04-27,2.424
1992-04-28,2.428
1992-04-29,2.427
1992-04-30,2.429
1992-05-01,2.418
1992-05-03,2.418
1992-05-04,2.426
1992-05-05,2.426
1992-05-06,2.428
1992-05-08,2.421
1992-05-10,2.421
1992-05-11,2.439
1992-05-12,2.432
1992-05-13,2.426
1992-05-14,2.431
1992-05-15,2.437
1992-05-17,2.437
1992-05-18,2.42
1992-05-19,2.414
1992-05-20,2.421
1992-05-21,2.436
1992-05-22,2.446
1992-05-24,2.446
1992-05-25,2.447
1992-05-26,2.451
1992-05-27,2.47
1992-05-28,2.472
1992-05-29,2.459
1992-05-31,2.459
1992-06-01,2.451
1992-06-02,2.463
1992-06-03,2.46
1992-06-04,2.459
1992-06-05,2.451
1992-06-08,2.451
1992-06-09,2.448
1992-06-10,2.458
1992-06-11,2.457
1992-06-12,2.452
1992-06-14,2.452
1992-06-15,2.448
1992-06-16,2.453
1992-06-17,2.45
1992-06-18,2.463
1992-06-19,2.454
1992-06-21,2.454
1992-06-22,2.463
1992-06-24,2.456
1992-06-25,2.452
1992-06-26,2.449
1992-06-28,2.449
1992-06-29,2.441
1992-06-30,2.444
1992-07-01,2.437
1992-07-02,2.44
1992-07-03,2.438
1992-07-05,2.438
1992-07-06,2.45
1992-07-07,2.438
1992-07-08,2.428
1992-07-09,2.432
1992-07-10,2.451
1992-07-12,2.451
1992-07-13,2.431
1992-07-14,2.442
1992-07-15,2.449
1992-07-16,2.445
1992-07-17,2.441
1992-07-19,2.441
1992-07-20,2.428
1992-07-21,2.459
1992-07-22,2.458
1992-07-23,2.459
1992-07-24,2.457
1992-07-26,2.457
1992-07-27,2.461
1992-07-28,2.453
1992-07-29,2.451
1992-07-30,2.46
1992-07-31,2.446
1992-08-02,2.446
1992-08-03,2.446
1992-08-04,2.45
1992-08-05,2.452
1992-08-06,2.461
1992-08-07,2.456
1992-08-10,2.451
1992-08-11,2.449
1992-08-12,2.457
1992-08-13,2.453
1992-08-14,2.449
1992-08-16,2.449
1992-08-17,2.454
1992-08-18,2.446
1992-08-19,2.446
1992-08-20,2.442
1992-08-21,2.442
1992-08-23,2.442
1992-08-24,2.423
1992-08-25,2.414
1992-08-26,2.415
1992-08-27,2.419
1992-08-28,2.413
1992-08-30,2.413
1992-08-31,2.414
1992-09-01,2.408
1992-09-02,2.4
1992-09-03,2.402
1992-09-04,2.422
1992-09-06,2.422
1992-09-07,2.409
1992-09-08,2.404
1992-09-09,2.411
1992-09-10,2.423
1992-09-11,2.429
1992-09-13,2.429
1992-09-14,2.467
1992-09-15,2.453
1992-09-16,2.463
1992-09-17,2.491
1992-09-18,2.49
1992-09-20,2.49
1992-09-21,2.491
1992-09-22,2.486
1992-09-23,2.503
1992-09-24,2.493
1992-09-25,2.487
1992-09-27,2.487
1992-09-30,2.439
1992-10-01,2.441
1992-10-02,2.445
1992-10-04,2.445
1992-10-05,2.445
1992-10-08,2.486
1992-10-09,2.489
1992-10-11,2.489
1992-10-13,2.49
1992-10-14,2.477
1992-10-15,2.473
1992-10-16,2.48
1992-10-18,2.48
1992-10-20,2.514
1992-10-21,2.521
1992-10-22,2.52
1992-10-23,2.509
1992-10-25,2.509
1992-10-26,2.538
1992-10-27,2.542
1992-10-28,2.544
1992-10-29,2.553
1992-10-30,2.555
1992-11-01,2.555
1992-11-02,2.573
1992-11-03,2.608
1992-11-04,2.603
1992-11-05,2.609
1992-11-06,2.618
1992-11-08,2.618
1992-11-09,2.635
1992-11-10,2.643
1992-11-11,2.635
1992-11-12,2.635
1992-11-13,2.635
1992-11-15,2.635
1992-11-16,2.642
1992-11-17,2.652
1992-11-18,2.647
1992-11-19,2.647
1992-11-20,2.649
1992-11-22,2.649
1992-11-23,2.681
1992-11-24,2.688
1992-11-25,2.696
1992-11-26,2.696
1992-11-27,2.706
1992-11-29,2.706
1992-11-30,2.708
1992-12-01,2.7
1992-12-02,2.69
1992-12-03,2.69
1992-12-04,2.68
1992-12-06,2.68
1992-12-07,2.69
1992-12-08,2.672
1992-12-09,2.676
1992-12-10,2.685
1992-12-11,2.689
1992-12-13,2.689
1992-12-14,2.683
1992-12-15,2.685
1992-12-16,2.678
1992-12-17,2.675
1992-12-18,2.683
1992-12-20,2.683
1992-12-21,2.686
1992-12-22,2.7
1992-12-23,2.712
1992-12-24,2.715
1992-12-27,2.715
1992-12-28,2.737
1992-12-29,2.751
1992-12-30,2.757
1992-12-31,2.764
1993-01-03,2.764
1993-01-04,2.788
1993-01-05,2.792
1993-01-06,2.783
1993-01-07,2.79
1993-01-08,2.801
1993-01-10,2.801
1993-01-11,2.793
1993-01-12,2.787
1993-01-13,2.795
1993-01-14,2.788
1993-01-15,2.789
1993-01-17,2.789
1993-01-18,2.792
1993-01-19,2.782
1993-01-20,2.777
1993-01-21,2.777
1993-01-22,2.78
1993-01-24,2.78
1993-01-25,2.766
1993-01-26,2.753
1993-01-27,2.764
1993-01-28,2.76
1993-01-29,2.765
1993-01-31,2.765
1993-02-01,2.796
1993-02-02,2.794
1993-02-03,2.804
1993-02-04,2.808
1993-02-05,2.813
1993-02-07,2.813
1993-02-08,2.81
1993-02-09,2.818
1993-02-10,2.811
1993-02-11,2.814
1993-02-12,2.811
1993-02-14,2.811
1993-02-15,2.815
1993-02-16,2.807
1993-02-17,2.797
1993-02-18,2.808
1993-02-19,2.803
1993-02-21,2.803
1993-02-22,2.798
1993-02-23,2.793
1993-02-24,2.789
1993-02-25,2.787
1993-02-26,2.795
1993-02-28,2.795
1993-03-01,2.796
1993-03-02,2.792
1993-03-03,2.779
1993-03-04,2.788
1993-03-05,2.789
1993-03-08,2.803
1993-03-09,2.8
1993-03-10,2.803
1993-03-11,2.805
1993-03-12,2.803
1993-03-14,2.803
1993-03-15,2.803
1993-03-16,2.796
1993-03-17,2.795
1993-03-18,2.797
1993-03-19,2.781
1993-03-21,2.781
1993-03-22,2.777
1993-03-23,2.776
1993-03-24,2.776
1993-03-25,2.783
1993-03-26,2.788
1993-03-28,2.788
1993-03-29,2.779
1993-03-30,2.778
1993-03-31,2.768
1993-04-01,2.764
1993-04-02,2.745
1993-04-04,2.745
1993-04-05,2.755
1993-04-07,2.76
1993-04-08,2.761
1993-04-11,2.761
1993-04-13,2.743
1993-04-14,2.739
1993-04-15,2.744
1993-04-16,2.747
1993-04-18,2.747
1993-04-19,2.751
1993-04-20,2.736
1993-04-21,2.74
1993-04-22,2.738
1993-04-23,2.734
1993-04-25,2.734
1993-04-27,2.721
1993-04-28,2.741
1993-04-29,2.733
1993-04-30,2.728
1993-05-02,2.728
1993-05-03,2.729
1993-05-04,2.723
1993-05-05,2.72
1993-05-06,2.724
1993-05-07,2.718
1993-05-09,2.718
1993-05-10,2.725
1993-05-11,2.74
1993-05-12,2.745
1993-05-13,2.743
1993-05-14,2.738
1993-05-16,2.738
1993-05-17,2.732
1993-05-18,2.748
1993-05-19,2.742
1993-05-20,2.739
1993-05-21,2.736
1993-05-23,2.736
1993-05-24,2.749
1993-05-25,2.747
1993-05-27,2.735
1993-05-28,2.729
1993-05-30,2.729
1993-06-01,2.721
1993-06-02,2.72
1993-06-03,2.727
1993-06-04,2.726
1993-06-06,2.726
1993-06-07,2.747
1993-06-08,2.744
1993-06-09,2.747
1993-06-10,2.751
1993-06-11,2.747
1993-06-13,2.747
1993-06-14,2.741
1993-06-15,2.744
1993-06-16,2.757
1993-06-17,2.767
1993-06-18,2.772
1993-06-20,2.772
1993-06-21,2.799
1993-06-22,2.8
1993-06-23,2.81
1993-06-24,2.814
1993-06-25,2.805
1993-06-27,2.805
1993-06-28,2.82
1993-06-29,2.811
1993-06-30,2.805
1993-07-01,2.813
1993-07-02,2.802
1993-07-04,2.802
1993-07-05,2.811
1993-07-06,2.811
1993-07-07,2.807
1993-07-08,2.81
1993-07-09,2.811
1993-07-11,2.811
1993-07-12,2.829
1993-07-13,2.823
1993-07-14,2.82
1993-07-15,2.811
1993-07-16,2.817
1993-07-18,2.817
1993-07-19,2.808
1993-07-20,2.804
1993-07-21,2.797
1993-07-22,2.8
1993-07-23,2.805
1993-07-25,2.805
1993-07-26,2.865
1993-07-28,2.871
1993-07-29,2.864
1993-07-30,2.872
1993-08-01,2.872
1993-08-02,2.874
1993-08-03,2.859
1993-08-04,2.858
1993-08-05,2.858
1993-08-06,2.859
1993-08-08,2.859
1993-08-09,2.852
1993-08-10,2.856
1993-08-11,2.862
1993-08-12,2.862
1993-08-13,2.86
1993-08-15,2.86
1993-08-16,2.856
1993-08-17,2.842
1993-08-18,2.846
1993-08-19,2.843
1993-08-20,2.853
1993-08-22,2.853
1993-08-23,2.85
1993-08-24,2.859
1993-08-25,2.864
1993-08-26,2.873
1993-08-27,2.865
1993-08-29,2.865
1993-08-30,2.874
1993-08-31,2.873
1993-09-01,2.875
1993-09-02,2.863
1993-09-03,2.866
1993-09-05,2.866
1993-09-06,2.849
1993-09-07,2.849
1993-09-08,2.853
1993-09-09,2.853
1993-09-10,2.843
1993-09-12,2.843
1993-09-13,2.844
1993-09-14,2.852
1993-09-15,2.845
1993-09-19,2.845
1993-09-20,2.85
1993-09-21,2.844
1993-09-22,2.86
1993-09-23,2.863
1993-09-26,2.863
1993-09-27,2.876
1993-09-28,2.875
1993-09-29,2.864
1993-10-01,2.881
1993-10-03,2.881
1993-10-04,2.876
1993-10-05,2.863
1993-10-06,2.875
1993-10-08,2.865
1993-10-10,2.865
1993-10-11,2.851
1993-10-12,2.855
1993-10-13,2.859
1993-10-14,2.863
1993-10-15,2.872
1993-10-17,2.872
1993-10-18,2.874
1993-10-19,2.884
1993-10-20,2.887
1993-10-21,2.889
1993-10-22,2.902
1993-10-24,2.902
1993-10-25,2.91
1993-10-26,2.92
1993-10-27,2.916
1993-10-28,2.93
1993-10-29,2.923
1993-10-31,2.923
1993-11-01,2.929
1993-11-02,2.935
1993-11-03,2.94
1993-11-04,2.935
1993-11-05,2.938
1993-11-07,2.938
1993-11-08,2.934
1993-11-09,2.936
1993-11-10,2.945
1993-11-11,2.942
1993-11-12,2.944
1993-11-14,2.944
1993-11-15,2.936
1993-11-16,2.943
1993-11-17,2.951
1993-11-18,2.945
1993-11-19,2.954
1993-11-21,2.954
1993-11-22,2.959
1993-11-23,2.958
1993-11-24,2.948
1993-11-25,2.951
1993-11-26,2.96
1993-11-28,2.96
1993-11-29,2.97
1993-11-30,2.971
1993-12-01,2.974
1993-12-02,2.969
1993-12-03,2.969
1993-12-05,2.969
1993-12-06,2.966
1993-12-07,2.959
1993-12-08,2.964
1993-12-09,2.964
1993-12-10,2.962
1993-12-12,2.962
1993-12-13,2.961
1993-12-14,2.968
1993-12-15,2.97
1993-12-16,2.97
1993-12-17,2.968
1993-12-19,2.968
1993-12-20,2.976
1993-12-21,2.974
1993-12-22,2.978
1993-12-23,2.974
1993-12-24,2.974
1993-12-26,2.974
1993-12-27,2.981
1993-12-28,2.983
1993-12-29,2.984
1993-12-30,2.998
1993-12-31,2.986
1994-01-02,2.986
1994-01-03,2.986
1994-01-04,2.995
1994-01-05,2.987
1994-01-06,2.987
1994-01-07,2.987
1994-01-09,2.987
1994-01-10,2.979
1994-01-11,2.986
1994-01-12,2.982
1994-01-13,2.975
1994-01-14,2.978
1994-01-16,2.978
1994-01-17,2.977
1994-01-18,2.978
1994-01-19,2.975
1994-01-20,2.983
1994-01-21,2.979
1994-01-23,2.979
1994-01-24,2.989
1994-01-25,2.987
1994-01-26,2.985
1994-01-27,2.999
1994-01-28,2.996
1994-01-30,2.996
1994-01-31,2.987
1994-02-01,2.976
1994-02-02,2.975
1994-02-03,2.974
1994-02-04,2.979
1994-02-06,2.979
1994-02-07,2.99
1994-02-08,2.988
1994-02-09,2.987
1994-02-10,2.991
1994-02-11,2.987
1994-02-13,2.987
1994-02-14,2.978
1994-02-15,2.962
1994-02-16,2.963
1994-02-17,2.963
1994-02-18,2.958
1994-02-20,2.958
1994-02-21,2.963
1994-02-22,2.972
1994-02-23,2.976
1994-02-24,2.993
1994-02-27,2.993
1994-02-28,2.975
1994-03-01,2.965
1994-03-02,2.966
1994-03-03,2.965
1994-03-04,2.968
1994-03-06,2.968
1994-03-07,2.986
1994-03-08,2.981
1994-03-09,2.975
1994-03-10,2.972
1994-03-11,2.969
1994-03-13,2.969
1994-03-14,2.972
1994-03-15,2.975
1994-03-16,2.973
1994-03-17,2.97
1994-03-18,2.973
1994-03-20,2.973
1994-03-21,2.981
1994-03-22,2.973
1994-03-23,2.974
1994-03-24,2.97
1994-03-25,2.962
1994-03-28,2.962
1994-03-29,2.974
1994-03-30,2.983
1994-03-31,2.969
1994-04-03,2.969
1994-04-05,2.986
1994-04-06,2.994
1994-04-07,2.993
1994-04-08,2.994
1994-04-10,2.994
1994-04-11,2.99
1994-04-12,2.993
1994-04-13,2.991
1994-04-15,2.987
1994-04-17,2.987
1994-04-18,2.991
1994-04-19,2.988
1994-04-20,2.98
1994-04-21,2.972
1994-04-22,2.991
1994-04-24,2.991
1994-04-25,2.995
1994-04-26,3.007
1994-04-27,3.013
1994-04-28,3.009
1994-04-29,3.0
1994-05-01,3.0
1994-05-02,2.998
1994-05-03,3.001
1994-05-04,3.004
1994-05-05,3.012
1994-05-06,3.019
1994-05-08,3.019
1994-05-09,3.009
1994-05-10,3.012
1994-05-11,3.021
1994-05-12,3.009
1994-05-13,3.011
1994-05-15,3.011
1994-05-17,3.009
1994-05-18,3.01
1994-05-19,3.009
1994-05-20,3.013
1994-05-22,3.013
1994-05-23,3.007
1994-05-24,3.019
1994-05-25,3.024
1994-05-26,3.023
1994-05-27,3.031
1994-05-29,3.031
1994-05-30,3.04
1994-05-31,3.037
1994-06-01,3.035
1994-06-02,3.038
1994-06-03,3.044
1994-06-05,3.044
1994-06-06,3.06
1994-06-07,3.059
1994-06-08,3.053
1994-06-09,3.051
1994-06-10,3.054
1994-06-12,3.054
1994-06-13,3.056
1994-06-14,3.044
1994-06-15,3.046
1994-06-16,3.037
1994-06-17,3.057
1994-06-19,3.057
1994-06-20,3.052
1994-06-21,3.05
1994-06-22,3.052
1994-06-23,3.057
1994-06-24,3.044
1994-06-26,3.044
1994-06-27,3.042
1994-06-28,3.044
1994-06-29,3.032
1994-06-30,3.033
1994-07-01,3.035
1994-07-03,3.035
1994-07-04,3.033
1994-07-05,3.031
1994-07-06,3.013
1994-07-07,3.016
1994-07-08,3.015
1994-07-10,3.015
1994-07-11,3.002
1994-07-12,2.988
1994-07-13,2.994
1994-07-14,3.003
1994-07-15,3.007
1994-07-18,3.01
1994-07-19,3.02
1994-07-20,3.044
1994-07-21,3.037
1994-07-22,3.058
1994-07-24,3.058
1994-07-25,3.054
1994-07-26,3.059
1994-07-27,3.051
1994-07-28,3.047
1994-07-29,3.057
1994-07-31,3.057
1994-08-01,3.043
1994-08-02,3.047
1994-08-03,3.053
1994-08-04,3.043
1994-08-05,3.053
1994-08-07,3.053
1994-08-08,3.045
1994-08-09,3.049
1994-08-10,3.042
1994-08-11,3.044
1994-08-12,3.028
1994-08-14,3.028
1994-08-15,3.027
1994-08-16,3.032
1994-08-17,3.037
1994-08-18,3.028
1994-08-19,3.018
1994-08-21,3.018
1994-08-22,3.019
1994-08-23,3.019
1994-08-24,3.022
1994-08-25,3.024
1994-08-26,3.019
1994-08-28,3.019
1994-08-29,3.043
1994-08-30,3.04
1994-08-31,3.032
1994-09-01,3.031
1994-09-02,3.029
1994-09-04,3.029
1994-09-05,3.024
1994-09-08,3.024
1994-09-09,3.029
1994-09-11,3.029
1994-09-12,3.017
1994-09-13,3.02
1994-09-16,3.025
1994-09-18,3.025
1994-09-19,3.018
1994-09-21,3.021
1994-09-22,3.017
1994-09-23,3.02
1994-09-25,3.02
1994-09-26,3.03
1994-09-28,3.029
1994-09-29,3.022
1994-09-30,3.013
1994-10-02,3.013
1994-10-03,3.02
1994-10-04,3.016
1994-10-05,3.014
1994-10-06,3.017
1994-10-07,3.012
1994-10-09,3.012
1994-10-10,3.02
1994-10-11,3.021
1994-10-12,3.03
1994-10-13,3.033
1994-10-14,3.022
1994-10-16,3.022
1994-10-17,3.013
1994-10-18,3.021
1994-10-19,3.018
1994-10-20,3.019
1994-10-21,3.017
1994-10-23,3.017
1994-10-24,3.025
1994-10-25,3.015
1994-10-26,3.018
1994-10-27,3.008
1994-10-28,3.009
1994-10-30,3.009
1994-10-31,3.009
1994-11-01,2.999
1994-11-02,3.003
1994-11-03,3.008
1994-11-04,3.01
1994-11-06,3.01
1994-11-07,3.004
1994-11-08,2.996
1994-11-09,3.01
1994-11-10,3.002
1994-11-11,2.998
1994-11-13,2.998
1994-11-14,2.998
1994-11-15,2.993
1994-11-16,2.999
1994-11-17,2.995
1994-11-18,3.026
1994-11-20,3.026
1994-11-21,3.034
1994-11-22,3.036
1994-11-23,3.023
1994-11-24,3.037
1994-11-25,3.049
1994-11-27,3.049
1994-11-28,3.053
1994-11-29,3.037
1994-11-30,3.031
1994-12-01,3.021
1994-12-02,3.025
1994-12-04,3.025
1994-12-05,3.023
1994-12-06,3.018
1994-12-07,3.012
1994-12-08,3.015
1994-12-09,3.023
1994-12-11,3.023
1994-12-12,3.022
1994-12-13,3.016
1994-12-14,3.016
1994-12-15,3.016
1994-12-16,3.014
1994-12-18,3.014
1994-12-19,3.02
1994-12-20,3.036
1994-12-21,3.058
1994-12-22,3.055
1994-12-23,3.05
1994-12-25,3.05
1994-12-27,3.039
1994-12-28,3.04
1994-12-29,3.026
1994-12-30,3.018
1995-01-01,3.018
1995-01-03,3.024
1995-01-04,3.028
1995-01-05,3.024
1995-01-06,3.022
1995-01-08,3.022
1995-01-09,3.029
1995-01-10,3.015
1995-01-11,3.013
1995-01-12,3.016
1995-01-13,3.01
1995-01-15,3.01
1995-01-16,3.013
1995-01-17,3.012
1995-01-18,3.01
1995-01-19,3.017
1995-01-20,3.002
1995-01-22,3.002
1995-01-23,3.003
1995-01-24,2.999
1995-01-25,2.996
1995-01-26,3.005
1995-01-27,3.006
1995-01-29,3.006
1995-01-30,3.004
1995-01-31,2.998
1995-02-01,3.012
1995-02-02,3.009
1995-02-03,3.011
1995-02-05,3.011
1995-02-06,3.021
1995-02-07,3.022
1995-02-08,3.029
1995-02-09,3.022
1995-02-10,3.024
1995-02-12,3.024
1995-02-13,3.017
1995-02-14,3.022
1995-02-15,3.014
1995-02-16,3.007
1995-02-17,2.996
1995-02-19,2.996
1995-02-20,3.003
1995-02-21,3.006
1995-02-22,3.008
1995-02-23,3.003
1995-02-24,2.993
1995-02-26,2.993
1995-02-27,2.984
1995-02-28,2.988
1995-03-01,2.986
1995-03-02,2.988
1995-03-03,2.983
1995-03-05,2.983
1995-03-06,2.968
1995-03-07,2.97
1995-03-08,2.961
1995-03-09,2.98
1995-03-10,2.983
1995-03-12,2.983
1995-03-13,2.991
1995-03-14,2.983
1995-03-15,2.967
1995-03-19,2.967
1995-03-20,2.986
1995-03-21,2.953
1995-03-22,2.967
1995-03-23,2.975
1995-03-24,2.986
1995-03-26,2.986
1995-03-27,2.993
1995-03-28,2.983
1995-03-29,2.964
1995-03-30,2.964
1995-03-31,2.968
1995-04-02,2.968
1995-04-03,2.958
1995-04-04,2.963
1995-04-05,2.954
1995-04-06,2.955
1995-04-07,2.952
1995-04-09,2.952
1995-04-10,2.965
1995-04-11,2.975
1995-04-12,2.97
1995-04-13,2.964
1995-04-16,2.964
1995-04-18,2.948
1995-04-19,2.946
1995-04-20,2.96
1995-04-23,2.96
1995-04-24,2.956
1995-04-25,2.954
1995-04-26,2.963
1995-04-27,2.958
1995-04-28,2.961
1995-04-30,2.961
1995-05-01,2.974
1995-05-02,2.966
1995-05-03,2.961
1995-05-05,2.966
1995-05-07,2.966
1995-05-08,2.96
1995-05-09,2.965
1995-05-10,2.975
1995-05-11,3.003
1995-05-12,3.026
1995-05-14,3.026
1995-05-15,3.027
1995-05-16,3.034
1995-05-17,3.02
1995-05-18,3.034
1995-05-19,3.034
1995-05-21,3.034
1995-05-22,3.039
1995-05-23,3.036
1995-05-24,3.037
1995-05-25,3.028
1995-05-26,3.004
1995-05-28,3.004
1995-05-30,2.995
1995-05-31,3.005
1995-06-01,3.027
1995-06-02,3.003
1995-06-05,3.009
1995-06-06,3.008
1995-06-07,2.998
1995-06-08,2.994
1995-06-09,2.988
1995-06-11,2.988
1995-06-12,2.99
1995-06-13,2.983
1995-06-14,2.977
1995-06-15,2.974
1995-06-16,2.969
1995-06-18,2.969
1995-06-19,2.962
1995-06-20,2.971
1995-06-21,2.976
1995-06-22,2.967
1995-06-23,2.971
1995-06-25,2.971
1995-06-26,2.966
1995-06-27,2.966
1995-06-28,2.968
1995-06-29,2.964
1995-06-30,2.951
1995-07-02,2.951
1995-07-03,2.955
1995-07-04,2.952
1995-07-05,2.949
1995-07-06,2.948
1995-07-07,2.953
1995-07-09,2.953
1995-07-10,2.953
1995-07-11,2.957
1995-07-12,2.956
1995-07-13,2.95
1995-07-14,2.939
1995-07-16,2.939
1995-07-17,2.946
1995-07-18,2.942
1995-07-19,2.94
1995-07-20,2.941
1995-07-21,2.948
1995-07-23,2.948
1995-07-24,2.943
1995-07-25,2.952
1995-07-26,2.98
1995-07-27,2.976
1995-07-28,2.992
1995-07-30,2.992
1995-07-31,2.989
1995-08-01,2.998
1995-08-02,2.994
1995-08-03,3.01
1995-08-04,3.013
1995-08-07,3.016
1995-08-08,3.02
1995-08-09,3.02
1995-08-10,3.015
1995-08-11,3.022
1995-08-13,3.022
1995-08-14,3.024
1995-08-15,3.025
1995-08-16,3.038
1995-08-17,3.045
1995-08-18,3.042
1995-08-20,3.042
1995-08-21,3.042
1995-08-22,3.041
1995-08-23,3.046
1995-08-24,3.057
1995-08-25,3.052
1995-08-27,3.052
1995-08-28,3.048
1995-08-29,3.048
1995-08-30,3.05
1995-08-31,3.042
1995-09-01,3.044
1995-09-03,3.044
1995-09-04,3.044
1995-09-05,3.041
1995-09-06,3.044
1995-09-07,3.043
1995-09-08,3.05
1995-09-10,3.05
1995-09-11,3.04
1995-09-12,3.041
1995-09-13,3.046
1995-09-14,3.046
1995-09-15,3.046
1995-09-17,3.046
1995-09-18,3.043
1995-09-19,3.043
1995-09-20,3.037
1995-09-21,3.031
1995-09-22,3.028
1995-09-24,3.028
1995-09-27,3.013
1995-09-28,3.001
1995-09-29,2.995
1995-10-01,2.995
1995-10-02,3.006
1995-10-05,3.01
1995-10-06,3.001
1995-10-08,3.001
1995-10-10,3.0
1995-10-11,2.999
1995-10-12,3.0
1995-10-13,2.999
1995-10-15,2.999
1995-10-17,2.996
1995-10-18,2.994
1995-10-19,2.991
1995-10-20,3.002
1995-10-22,3.002
1995-10-23,3.006
1995-10-24,3.018
1995-10-25,3.035
1995-10-26,3.03
1995-10-27,3.034
1995-10-29,3.034
1995-10-30,3.035
1995-10-31,3.029
1995-11-01,3.019
1995-11-02,3.011
1995-11-03,3.03
1995-11-05,3.03
1995-11-06,3.019
1995-11-07,3.02
1995-11-08,3.016
1995-11-09,3.016
1995-11-10,3.016
1995-11-12,3.016
1995-11-13,3.009
1995-11-14,3.017
1995-11-15,3.011
1995-11-16,3.03
1995-11-17,3.053
1995-11-19,3.053
1995-11-20,3.098
1995-11-21,3.076
1995-11-22,3.054
1995-11-23,3.063
1995-11-24,3.079
1995-11-26,3.079
1995-11-27,3.074
1995-11-28,3.076
1995-11-29,3.065
1995-11-30,3.072
1995-12-01,3.093
1995-12-03,3.093
1995-12-04,3.078
1995-12-05,3.08
1995-12-06,3.089
1995-12-07,3.094
1995-12-08,3.1
1995-12-10,3.1
1995-12-11,3.112
1995-12-12,3.116
1995-12-13,3.119
1995-12-14,3.116
1995-12-15,3.117
1995-12-17,3.117
1995-12-18,3.119
1995-12-19,3.128
1995-12-20,3.141
1995-12-21,3.174
1995-12-22,3.175
1995-12-24,3.175
1995-12-27,3.145
1995-12-28,3.144
1995-12-29,3.135
1995-12-31,3.135
1996-01-02,3.127
1996-01-03,3.128
1996-01-04,3.134
1996-01-05,3.133
1996-01-07,3.133
1996-01-08,3.137
1996-01-09,3.128
1996-01-10,3.121
1996-01-11,3.12
1996-01-12,3.122
1996-01-14,3.122
1996-01-15,3.118
1996-01-16,3.121
1996-01-17,3.12
1996-01-18,3.121
1996-01-19,3.123
1996-01-21,3.123
1996-01-22,3.122
1996-01-23,3.128
1996-01-24,3.131
1996-01-25,3.135
1996-01-26,3.156
1996-01-28,3.156
1996-01-29,3.145
1996-01-30,3.14
1996-01-31,3.14
1996-02-01,3.133
1996-02-02,3.142
1996-02-04,3.142
1996-02-05,3.132
1996-02-06,3.128
1996-02-07,3.126
1996-02-08,3.13
1996-02-09,3.122
1996-02-11,3.122
1996-02-12,3.117
1996-02-13,3.109
1996-02-14,3.113
1996-02-15,3.107
1996-02-16,3.105
1996-02-18,3.105
1996-02-19,3.095
1996-02-20,3.083
1996-02-21,3.097
1996-02-22,3.111
1996-02-23,3.118
1996-02-25,3.118
1996-02-26,3.106
1996-02-27,3.101
1996-02-28,3.1
1996-02-29,3.101
1996-03-01,3.104
1996-03-03,3.104
1996-03-04,3.1
1996-03-07,3.099
1996-03-08,3.097
1996-03-10,3.097
1996-03-11,3.1
1996-03-12,3.094
1996-03-13,3.087
1996-03-14,3.091
1996-03-15,3.092
1996-03-17,3.092
1996-03-18,3.09
1996-03-19,3.09
1996-03-20,3.08
1996-03-21,3.102
1996-03-22,3.092
1996-03-24,3.092
1996-03-25,3.085
1996-03-26,3.108
1996-03-27,3.128
1996-03-28,3.133
1996-03-29,3.111
1996-03-31,3.111
1996-04-01,3.107
1996-04-02,3.124
1996-04-07,3.124
1996-04-09,3.131
1996-04-11,3.149
1996-04-12,3.151
1996-04-14,3.151
1996-04-15,3.156
1996-04-16,3.175
1996-04-17,3.176
1996-04-18,3.195
1996-04-19,3.19
1996-04-21,3.19
1996-04-22,3.18
1996-04-23,3.17
1996-04-25,3.18
1996-04-26,3.174
1996-04-28,3.174
1996-04-29,3.189
1996-04-30,3.191
1996-05-01,3.201
1996-05-02,3.212
1996-05-03,3.214
1996-05-05,3.214
1996-05-06,3.262
1996-05-07,3.284
1996-05-08,3.257
1996-05-09,3.237
1996-05-10,3.232
1996-05-12,3.232
1996-05-13,3.226
1996-05-14,3.223
1996-05-15,3.242
1996-05-16,3.254
1996-05-17,3.244
1996-05-19,3.244
1996-05-20,3.27
1996-05-21,3.275
1996-05-22,3.261
1996-05-23,3.271
1996-05-26,3.271
1996-05-28,3.29
1996-05-30,3.301
1996-05-31,3.299
1996-06-02,3.299
1996-06-03,3.285
1996-06-04,3.284
1996-06-05,3.277
1996-06-06,3.272
1996-06-07,3.265
1996-06-09,3.265
1996-06-10,3.253
1996-06-11,3.271
1996-06-12,3.273
1996-06-13,3.267
1996-06-14,3.267
1996-06-16,3.267
1996-06-17,3.261
1996-06-18,3.261
1996-06-19,3.26
1996-06-20,3.263
1996-06-21,3.266
1996-06-23,3.266
1996-06-24,3.231
1996-06-25,3.231
1996-06-26,3.222
1996-06-27,3.198
1996-06-28,3.203
1996-06-30,3.203
1996-07-01,3.203
1996-07-02,3.201
1996-07-03,3.193
1996-07-04,3.192
1996-07-05,3.193
1996-07-07,3.193
1996-07-08,3.184
1996-07-09,3.17
1996-07-10,3.173
1996-07-11,3.192
1996-07-12,3.187
1996-07-14,3.187
1996-07-15,3.177
1996-07-16,3.185
1996-07-18,3.185
1996-07-19,3.184
1996-07-21,3.184
1996-07-22,3.173
1996-07-23,3.165
1996-07-24,3.162
1996-07-26,3.168
1996-07-28,3.168
1996-07-29,3.167
1996-07-30,3.162
1996-07-31,3.153
1996-08-01,3.143
1996-08-02,3.147
1996-08-04,3.147
1996-08-05,3.147
1996-08-06,3.151
1996-08-07,3.15
1996-08-08,3.144
1996-08-09,3.144
1996-08-11,3.144
1996-08-12,3.14
1996-08-13,3.139
1996-08-14,3.145
1996-08-15,3.158
1996-08-16,3.151
1996-08-18,3.151
1996-08-19,3.15
1996-08-20,3.148
1996-08-21,3.147
1996-08-22,3.156
1996-08-23,3.155
1996-08-25,3.155
1996-08-26,3.141
1996-08-27,3.137
1996-08-28,3.141
1996-08-29,3.139
1996-08-30,3.142
1996-09-01,3.142
1996-09-02,3.144
1996-09-03,3.148
1996-09-04,3.147
1996-09-05,3.144
1996-09-06,3.147
1996-09-08,3.147
1996-09-09,3.153
1996-09-10,3.161
1996-09-11,3.168
1996-09-12,3.169
1996-09-16,3.171
1996-09-17,3.171
1996-09-18,3.17
1996-09-19,3.168
1996-09-20,3.174
1996-09-24,3.173
1996-09-25,3.171
1996-09-26,3.18
1996-09-27,3.192
1996-09-29,3.192
1996-09-30,3.22
1996-10-01,3.192
1996-10-02,3.185
1996-10-03,3.189
1996-10-04,3.189
1996-10-06,3.189
1996-10-07,3.191
1996-10-08,3.188
1996-10-09,3.191
1996-10-10,3.192
1996-10-11,3.191
1996-10-13,3.191
1996-10-14,3.192
1996-10-15,3.197
1996-10-16,3.203
1996-10-17,3.235
1996-10-18,3.269
1996-10-20,3.269
1996-10-21,3.27
1996-10-22,3.246
1996-10-23,3.251
1996-10-24,3.28
1996-10-25,3.281
1996-10-27,3.281
1996-10-28,3.255
1996-10-29,3.256
1996-10-30,3.267
1996-10-31,3.273
1996-11-01,3.267
1996-11-03,3.267
1996-11-04,3.249
1996-11-05,3.248
1996-11-06,3.246
1996-11-07,3.248
1996-11-08,3.245
1996-11-10,3.245
1996-11-11,3.243
1996-11-12,3.238
1996-11-13,3.234
1996-11-14,3.235
1996-11-15,3.235
1996-11-17,3.235
1996-11-18,3.227
1996-11-19,3.231
1996-11-20,3.232
1996-11-21,3.256
1996-11-22,3.247
1996-11-24,3.247
1996-11-25,3.247
1996-11-26,3.242
1996-11-27,3.252
1996-11-28,3.257
1996-11-29,3.253
1996-12-01,3.253
1996-12-02,3.273
1996-12-03,3.292
1996-12-04,3.29
1996-12-05,3.277
1996-12-06,3.273
1996-12-08,3.273
1996-12-09,3.282
1996-12-10,3.282
1996-12-11,3.286
1996-12-12,3.282
1996-12-13,3.283
1996-12-15,3.283
1996-12-16,3.281
1996-12-17,3.28
1996-12-18,3.277
1996-12-19,3.278
1996-12-20,3.27
1996-12-22,3.27
1996-12-23,3.269
1996-12-24,3.266
1996-12-25,3.266
1996-12-26,3.266
1996-12-27,3.261
1996-12-29,3.261
1996-12-31,3.251
1997-01-02,3.242
1997-01-03,3.242
1997-01-05,3.242
1997-01-06,3.247
1997-01-07,3.244
1997-01-08,3.247
1997-01-09,3.248
1997-01-10,3.249
1997-01-13,3.262
1997-01-14,3.259
1997-01-15,3.268
1997-01-16,3.263
1997-01-17,3.27
1997-01-20,3.287
1997-01-21,3.284
1997-01-22,3.297
1997-01-23,3.303
1997-01-24,3.3
1997-01-27,3.306
1997-01-28,3.319
1997-01-29,3.312
1997-01-30,3.312
1997-01-31,3.314
1997-02-03,3.321
1997-02-04,3.316
1997-02-05,3.322
1997-02-06,3.321
1997-02-07,3.326
1997-02-10,3.323
1997-02-11,3.331
1997-02-12,3.342
1997-02-13,3.341
1997-02-17,3.351
1997-02-18,3.359
1997-02-19,3.352
1997-02-20,3.351
1997-02-24,3.342
1997-02-25,3.339
1997-02-26,3.338
1997-02-27,3.348
1997-03-03,3.353
1997-03-04,3.363
1997-03-05,3.367
1997-03-06,3.37
1997-03-07,3.369
1997-03-10,3.37
1997-03-11,3.368
1997-03-12,3.373
1997-03-13,3.365
1997-03-14,3.373
1997-03-17,3.366
1997-03-18,3.367
1997-03-19,3.365
1997-03-20,3.36
1997-03-21,3.372
1997-03-25,3.366
1997-03-26,3.37
1997-03-27,3.361
1997-04-01,3.357
1997-04-02,3.357
1997-04-03,3.358
1997-04-04,3.361
1997-04-07,3.381
1997-04-08,3.389
1997-04-09,3.39
1997-04-10,3.393
1997-04-11,3.394
1997-04-14,3.403
1997-04-15,3.403
1997-04-16,3.398
1997-04-17,3.404
1997-04-18,3.402
1997-04-23,3.399
1997-04-24,3.402
1997-04-25,3.401
1997-04-29,3.41
1997-04-30,3.407
1997-05-01,3.41
1997-05-02,3.41
1997-05-05,3.411
1997-05-06,3.41
1997-05-07,3.404
1997-05-08,3.403
1997-05-09,3.399
1997-05-13,3.401
1997-05-14,3.399
1997-05-15,3.392
1997-05-16,3.394
1997-05-19,3.392
1997-05-20,3.391
1997-05-21,3.388
1997-05-22,3.396
1997-05-23,3.398
1997-05-27,3.394
1997-05-28,3.395
1997-05-29,3.395
1997-05-30,3.394
1997-06-02,3.406
1997-06-03,3.407
1997-06-04,3.413
1997-06-05,3.411
1997-06-06,3.415
1997-06-09,3.401
1997-06-10,3.401
1997-06-12,3.411
1997-06-13,3.413
1997-06-16,3.416
1997-06-17,3.417
1997-06-18,3.42
1997-06-19,3.419
1997-06-20,3.437
1997-06-23,3.484
1997-06-24,3.506
1997-06-25,3.524
1997-06-26,3.58
1997-06-27,3.592
1997-06-30,3.587
1997-07-01,3.549
1997-07-02,3.505
1997-07-03,3.517
1997-07-04,3.553
1997-07-07,3.569
1997-07-08,3.573
1997-07-09,3.569
1997-07-10,3.552
1997-07-11,3.552
1997-07-14,3.558
1997-07-15,3.567
1997-07-16,3.556
1997-07-17,3.552
1997-07-18,3.532
1997-07-21,3.524
1997-07-22,3.53
1997-07-23,3.514
1997-07-24,3.522
1997-07-25,3.553
1997-07-28,3.545
1997-07-29,3.534
1997-07-30,3.546
1997-07-31,3.54
1997-08-01,3.537
1997-08-04,3.541
1997-08-05,3.544
1997-08-06,3.541
1997-08-07,3.529
1997-08-08,3.533
1997-08-11,3.53
1997-08-13,3.534
1997-08-14,3.529
1997-08-15,3.52
1997-08-18,3.522
1997-08-19,3.532
1997-08-20,3.534
1997-08-21,3.54
1997-08-22,3.536
1997-08-25,3.531
1997-08-26,3.515
1997-08-27,3.523
1997-08-28,3.516
1997-08-29,3.514
1997-09-01,3.512
1997-09-02,3.516
1997-09-03,3.515
1997-09-04,3.52
1997-09-05,3.523
1997-09-08,3.519
1997-09-09,3.514
1997-09-10,3.514
1997-09-11,3.509
1997-09-12,3.5
1997-09-15,3.502
1997-09-16,3.503
1997-09-17,3.498
1997-09-18,3.498
1997-09-19,3.502
1997-09-22,3.507
1997-09-23,3.511
1997-09-24,3.5
1997-09-25,3.503
1997-09-26,3.504
1997-09-29,3.507
1997-09-30,3.497
1997-10-06,3.495
1997-10-07,3.485
1997-10-08,3.49
1997-10-09,3.482
1997-10-13,3.495
1997-10-14,3.501
1997-10-15,3.52
1997-10-17,3.53
1997-10-20,3.52
1997-10-21,3.525
1997-10-22,3.545
1997-10-24,3.562
1997-10-27,3.541
1997-10-28,3.552
1997-10-29,3.542
1997-10-30,3.543
1997-10-31,3.542
1997-11-03,3.532
1997-11-04,3.538
1997-11-05,3.538
1997-11-06,3.528
1997-11-07,3.533
1997-11-10,3.537
1997-11-11,3.534
1997-11-12,3.534
1997-11-13,3.534
1997-11-14,3.537
1997-11-17,3.527
1997-11-18,3.527
1997-11-19,3.526
1997-11-20,3.532
1997-11-21,3.535
1997-11-24,3.527
1997-11-25,3.533
1997-11-26,3.536
1997-11-27,3.539
1997-11-28,3.54
1997-12-01,3.532
1997-12-02,3.527
1997-12-08,3.543
1997-12-09,3.534
1997-12-10,3.533
1997-12-11,3.531
1997-12-12,3.53
1997-12-15,3.538
1997-12-16,3.542
1997-12-17,3.537
1997-12-18,3.535
1997-12-19,3.532
1997-12-22,3.538
1997-12-23,3.536
1997-12-24,3.534
1997-12-29,3.527
1997-12-30,3.534
1997-12-31,3.536
1998-01-02,3.548
1998-01-05,3.552
1998-01-06,3.563
1998-01-07,3.564
1998-01-08,3.565
1998-01-09,3.554
1998-01-12,3.561
1998-01-13,3.561
1998-01-14,3.586
1998-01-15,3.583
1998-01-16,3.612
1998-01-19,3.602
1998-01-20,3.605
1998-01-21,3.582
1998-01-22,3.576
1998-01-23,3.586
1998-01-26,3.573
1998-01-27,3.575
1998-01-28,3.577
1998-01-29,3.585
1998-01-30,3.611
1998-02-02,3.589
1998-02-03,3.587
1998-02-04,3.586
1998-02-05,3.58
1998-02-06,3.578
1998-02-09,3.592
1998-02-10,3.601
1998-02-11,3.604
1998-02-12,3.598
1998-02-13,3.597
1998-02-16,3.598
1998-02-17,3.601
1998-02-18,3.602
1998-02-19,3.611
1998-02-20,3.609
1998-02-23,3.605
1998-02-24,3.594
1998-02-25,3.586
1998-02-26,3.586
1998-02-27,3.582
1998-03-02,3.578
1998-03-03,3.576
1998-03-04,3.576
1998-03-05,3.578
1998-03-06,3.587
1998-03-09,3.585
1998-03-10,3.586
1998-03-11,3.589
1998-03-16,3.578
1998-03-17,3.578
1998-03-18,3.58
1998-03-19,3.591
1998-03-20,3.595
1998-03-23,3.603
1998-03-24,3.595
1998-03-25,3.588
1998-03-26,3.588
1998-03-27,3.585
1998-03-30,3.592
1998-03-31,3.597
1998-04-01,3.602
1998-04-02,3.617
1998-04-03,3.635
1998-04-06,3.701
1998-04-07,3.69
1998-04-08,3.679
1998-04-09,3.692
1998-04-14,3.758
1998-04-15,3.728
1998-04-16,3.728
1998-04-20,3.737
1998-04-21,3.751
1998-04-22,3.756
1998-04-23,3.737
1998-04-24,3.747
1998-04-27,3.705
1998-04-28,3.721
1998-04-29,3.707
1998-05-04,3.698
1998-05-05,3.697
1998-05-06,3.691
1998-05-07,3.688
1998-05-08,3.688
1998-05-11,3.671
1998-05-12,3.676
1998-05-13,3.668
1998-05-14,3.67
1998-05-15,3.665
1998-05-18,3.654
1998-05-19,3.656
1998-05-20,3.655
1998-05-21,3.648
1998-05-22,3.642
1998-05-26,3.637
1998-05-27,3.64
1998-05-28,3.644
1998-05-29,3.656
1998-06-01,3.648
1998-06-02,3.646
1998-06-03,3.649
1998-06-04,3.653
1998-06-05,3.651
1998-06-08,3.658
1998-06-09,3.667
1998-06-10,3.662
1998-06-11,3.662
1998-06-12,3.683
1998-06-15,3.687
1998-06-16,3.686
1998-06-17,3.675
1998-06-18,3.669
1998-06-19,3.669
1998-06-22,3.664
1998-06-23,3.654
1998-06-24,3.657
1998-06-25,3.671
1998-06-26,3.67
1998-06-29,3.665
1998-06-30,3.667
1998-07-01,3.665
1998-07-02,3.671
1998-07-03,3.673
1998-07-06,3.669
1998-07-07,3.67
1998-07-08,3.666
1998-07-09,3.667
1998-07-10,3.668
1998-07-13,3.666
1998-07-14,3.659
1998-07-15,3.658
1998-07-16,3.645
1998-07-17,3.647
1998-07-20,3.648
1998-07-21,3.654
1998-07-22,3.65
1998-07-23,3.663
1998-07-24,3.666
1998-07-27,3.659
1998-07-28,3.659
1998-07-29,3.655
1998-07-30,3.653
1998-07-31,3.65
1998-08-03,3.645
1998-08-04,3.65
1998-08-05,3.648
1998-08-06,3.651
1998-08-07,3.716
1998-08-10,3.685
1998-08-11,3.684
1998-08-12,3.684
1998-08-13,3.684
1998-08-14,3.683
1998-08-17,3.687
1998-08-18,3.69
1998-08-19,3.695
1998-08-20,3.704
1998-08-21,3.717
1998-08-24,3.727
1998-08-25,3.724
1998-08-26,3.736
1998-08-27,3.773
1998-08-28,3.875
1998-08-31,3.801
1998-09-01,3.837
1998-09-02,3.81
1998-09-03,3.838
1998-09-04,3.854
1998-09-07,3.864
1998-09-08,3.857
1998-09-09,3.851
1998-09-10,3.852
1998-09-11,3.86
1998-09-14,3.837
1998-09-15,3.841
1998-09-16,3.837
1998-09-17,3.852
1998-09-18,3.842
1998-09-23,3.844
1998-09-24,3.843
1998-09-25,3.844
1998-09-28,3.845
1998-10-01,3.873
1998-10-02,3.931
1998-10-06,4.011
1998-10-07,4.096
1998-10-08,4.311
1998-10-09,4.26
1998-10-13,4.188
1998-10-14,4.185
1998-10-15,4.201
1998-10-16,4.189
1998-10-19,4.237
1998-10-20,4.316
1998-10-21,4.355
1998-10-22,4.367
1998-10-23,4.249
1998-10-26,4.189
1998-10-27,4.191
1998-10-28,4.188
1998-10-29,4.293
1998-10-30,4.25
1998-11-02,4.296
1998-11-03,4.302
1998-11-04,4.314
1998-11-05,4.309
1998-11-06,4.323
1998-11-09,4.316
1998-11-10,4.301
1998-11-11,4.263
1998-11-12,4.258
1998-11-13,4.194
1998-11-16,4.16
1998-11-17,4.152
1998-11-18,4.138
1998-11-19,4.159
1998-11-20,4.191
1998-11-23,4.19
1998-11-24,4.169
1998-11-25,4.157
1998-11-26,4.164
1998-11-27,4.206
1998-11-30,4.191
1998-12-01,4.185
1998-12-02,4.183
1998-12-03,4.19
1998-12-04,4.188
1998-12-07,4.19
1998-12-08,4.18
1998-12-09,4.162
1998-12-10,4.159
1998-12-11,4.159
1998-12-14,4.162
1998-12-15,4.164
1998-12-16,4.172
1998-12-17,4.186
1998-12-18,4.197
1998-12-21,4.191
1998-12-22,4.187
1998-12-23,4.183
1998-12-24,4.181
1998-12-28,4.175
1998-12-29,4.163
1998-12-30,4.164
1998-12-31,4.16
1999-01-04,4.15
1999-01-05,4.105
1999-01-06,4.066
1999-01-07,4.065
1999-01-08,4.079
1999-01-11,4.063
1999-01-12,4.058
1999-01-13,4.084
1999-01-14,4.075
1999-01-15,4.085
1999-01-18,4.048
1999-01-19,4.064
1999-01-20,4.054
1999-01-21,4.075
1999-01-22,4.082
1999-01-25,4.079
1999-01-26,4.079
1999-01-27,4.079
1999-01-28,4.103
1999-01-29,4.103
1999-02-01,4.079
1999-02-02,4.076
1999-02-03,4.086
1999-02-04,4.079
1999-02-05,4.087
1999-02-08,4.081
1999-02-09,4.082
1999-02-10,4.075
1999-02-11,4.075
1999-02-12,4.065
1999-02-15,4.051
1999-02-16,4.051
1999-02-17,4.057
1999-02-18,4.069
1999-02-19,4.065
1999-02-22,4.066
1999-02-23,4.056
1999-02-24,4.05
1999-02-25,4.056
1999-02-26,4.047
1999-03-01,4.047
1999-03-04,4.045
1999-03-05,4.031
1999-03-08,4.028
1999-03-09,4.031
1999-03-10,4.013
1999-03-11,4.013
1999-03-12,4.015
1999-03-15,4.02
1999-03-16,4.037
1999-03-17,4.022
1999-03-18,4.021
1999-03-19,4.023
1999-03-22,4.025
1999-03-23,4.032
1999-03-24,4.033
1999-03-25,4.06
1999-03-26,4.055
1999-03-29,4.032
1999-03-30,4.034
1999-04-06,4.04
1999-04-08,4.035
1999-04-09,4.034
1999-04-12,4.028
1999-04-13,4.032
1999-04-14,4.031
1999-04-15,4.034
1999-04-16,4.027
1999-04-19,4.029
1999-04-20,4.038
1999-04-22,4.042
1999-04-23,4.049
1999-04-26,4.074
1999-04-27,4.099
1999-04-28,4.138
1999-04-29,4.152
1999-04-30,4.155
1999-05-03,4.136
1999-05-04,4.127
1999-05-05,4.094
1999-05-06,4.105
1999-05-07,4.118
1999-05-10,4.134
1999-05-11,4.155
1999-05-12,4.137
1999-05-13,4.138
1999-05-14,4.105
1999-05-18,4.077
1999-05-19,4.089
1999-05-20,4.097
1999-05-24,4.11
1999-05-25,4.13
1999-05-26,4.13
1999-05-27,4.114
1999-05-28,4.121
1999-06-01,4.096
1999-06-02,4.087
1999-06-03,4.103
1999-06-04,4.098
1999-06-07,4.089
1999-06-08,4.088
1999-06-09,4.086
1999-06-10,4.087
1999-06-11,4.085
1999-06-14,4.076
1999-06-15,4.071
1999-06-16,4.078
1999-06-17,4.071
1999-06-18,4.078
1999-06-21,4.084
1999-06-22,4.092
1999-06-23,4.115
1999-06-24,4.125
1999-06-25,4.117
1999-06-28,4.087
1999-06-29,4.074
1999-06-30,4.076
1999-07-01,4.067
1999-07-02,4.075
1999-07-05,4.097
1999-07-06,4.082
1999-07-07,4.083
1999-07-08,4.089
1999-07-09,4.096
1999-07-12,4.09
1999-07-13,4.099
1999-07-14,4.09
1999-07-15,4.084
1999-07-16,4.082
1999-07-19,4.078
1999-07-20,4.082
1999-07-21,4.092
1999-07-23,4.106
1999-07-26,4.102
1999-07-27,4.122
1999-07-28,4.121
1999-07-29,4.133
1999-07-30,4.159
1999-08-02,4.182
1999-08-03,4.157
1999-08-04,4.164
1999-08-05,4.18
1999-08-06,4.172
1999-08-09,4.17
1999-08-10,4.198
1999-08-11,4.191
1999-08-12,4.179
1999-08-13,4.195
1999-08-16,4.192
1999-08-17,4.201
1999-08-18,4.199
1999-08-19,4.208
1999-08-20,4.234
1999-08-23,4.215
1999-08-24,4.213
1999-08-25,4.25
1999-08-26,4.246
1999-08-27,4.234
1999-08-30,4.236
1999-08-31,4.241
1999-09-01,4.229
1999-09-02,4.229
1999-09-03,4.226
1999-09-06,4.214
1999-09-07,4.212
1999-09-08,4.23
1999-09-09,4.23
1999-09-13,4.241
1999-09-14,4.237
1999-09-15,4.235
1999-09-16,4.238
1999-09-17,4.24
1999-09-21,4.248
1999-09-22,4.254
1999-09-23,4.274
1999-09-24,4.288
1999-09-27,4.278
1999-09-28,4.278
1999-09-29,4.277
1999-09-30,4.276
1999-10-01,4.265
1999-10-04,4.262
1999-10-05,4.257
1999-10-06,4.261
1999-10-07,4.26
1999-10-08,4.262
1999-10-11,4.258
1999-10-12,4.261
1999-10-13,4.271
1999-10-14,4.264
1999-10-15,4.267
1999-10-18,4.274
1999-10-19,4.271
1999-10-20,4.268
1999-10-21,4.27
1999-10-22,4.271
1999-10-25,4.268
1999-10-26,4.26
1999-10-27,4.261
1999-10-28,4.263
1999-10-29,4.251
1999-11-01,4.242
1999-11-02,4.237
1999-11-03,4.234
1999-11-04,4.222
1999-11-05,4.222
1999-11-08,4.219
1999-11-09,4.215
1999-11-10,4.212
1999-11-11,4.205
1999-11-12,4.208
1999-11-15,4.236
1999-11-16,4.231
1999-11-17,4.212
1999-11-18,4.229
1999-11-19,4.231
1999-11-22,4.239
1999-11-23,4.234
1999-11-24,4.227
1999-11-25,4.233
1999-11-26,4.233
1999-11-29,4.229
1999-11-30,4.227
1999-12-01,4.23
1999-12-02,4.227
1999-12-03,4.225
1999-12-06,4.222
1999-12-07,4.229
1999-12-08,4.238
1999-12-09,4.225
1999-12-10,4.223
1999-12-13,4.204
1999-12-14,4.185
1999-12-15,4.187
1999-12-16,4.191
1999-12-17,4.188
1999-12-20,4.17
1999-12-21,4.18
1999-12-22,4.175
1999-12-23,4.169
1999-12-24,4.162
1999-12-27,4.166
1999-12-28,4.142
1999-12-29,4.151
1999-12-30,4.153
2000-01-03,4.124
2000-01-04,4.137
2000-01-05,4.148
2000-01-06,4.152
2000-01-07,4.139
2000-01-10,4.115
2000-01-11,4.11
2000-01-12,4.119
2000-01-13,4.115
2000-01-14,4.102
2000-01-17,4.082
2000-01-18,4.058
2000-01-19,4.088
2000-01-20,4.092
2000-01-21,4.096
2000-01-24,4.096
2000-01-25,4.103
2000-01-26,4.08
2000-01-27,4.086
2000-01-28,4.078
2000-01-31,4.082
2000-02-01,4.075
2000-02-02,4.066
2000-02-03,4.053
2000-02-04,4.053
2000-02-07,4.069
2000-02-08,4.066
2000-02-09,4.064
2000-02-10,4.068
2000-02-11,4.064
2000-02-14,4.051
2000-02-15,4.056
2000-02-16,4.043
2000-02-17,4.045
2000-02-18,4.048
2000-02-21,4.052
2000-02-22,4.051
2000-02-23,4.046
2000-02-24,4.041
2000-02-25,4.042
2000-02-28,4.04
2000-02-29,4.032
2000-03-01,4.03
2000-03-02,4.024
2000-03-03,4.023
2000-03-06,4.001
2000-03-07,3.999
2000-03-08,4.013
2000-03-09,3.99
2000-03-10,3.972
2000-03-13,3.972
2000-03-14,3.97
2000-03-15,3.975
2000-03-16,3.98
2000-03-17,3.967
2000-03-20,3.985
2000-03-23,4.056
2000-03-24,4.047
2000-03-27,4.023
2000-03-28,3.992
2000-03-29,4.008
2000-03-30,4.034
2000-03-31,4.026
2000-04-03,4.051
2000-04-04,4.031
2000-04-05,4.059
2000-04-06,4.038
2000-04-07,4.031
2000-04-10,4.026
2000-04-11,4.041
2000-04-12,4.034
2000-04-13,4.038
2000-04-14,4.033
2000-04-17,4.072
2000-04-18,4.05
2000-04-25,4.026
2000-04-27,4.039
2000-04-28,4.035
2000-05-02,4.083
2000-05-03,4.084
2000-05-04,4.095
2000-05-05,4.11
2000-05-08,4.119
2000-05-09,4.127
2000-05-11,4.151
2000-05-12,4.146
2000-05-15,4.136
2000-05-16,4.14
2000-05-17,4.138
2000-05-18,4.159
2000-05-19,4.165
2000-05-22,4.192
2000-05-23,4.197
2000-05-24,4.198
2000-05-25,4.165
2000-05-26,4.168
2000-05-30,4.17
2000-05-31,4.168
2000-06-01,4.157
2000-06-02,4.138
2000-06-05,4.129
2000-06-06,4.129
2000-06-07,4.143
2000-06-08,4.14
2000-06-12,4.104
2000-06-13,4.108
2000-06-14,4.104
2000-06-15,4.095
2000-06-16,4.097
2000-06-19,4.084
2000-06-20,4.098
2000-06-21,4.102
2000-06-22,4.092
2000-06-23,4.093
2000-06-26,4.091
2000-06-27,4.082
2000-06-28,4.093
2000-06-29,4.082
2000-06-30,4.084
2000-07-03,4.069
2000-07-04,4.074
2000-07-05,4.075
2000-07-06,4.077
2000-07-07,4.09
2000-07-10,4.106
2000-07-11,4.095
2000-07-12,4.089
2000-07-13,4.086
2000-07-14,4.098
2000-07-17,4.092
2000-07-18,4.092
2000-07-19,4.103
2000-07-20,4.105
2000-07-21,4.095
2000-07-24,4.09
2000-07-25,4.085
2000-07-26,4.094
2000-07-27,4.089
2000-07-28,4.09
2000-07-31,4.085
2000-08-01,4.08
2000-08-02,4.08
2000-08-03,4.081
2000-08-04,4.081
2000-08-07,4.074
2000-08-08,4.072
2000-08-09,4.064
2000-08-11,4.065
2000-08-14,4.051
2000-08-15,4.041
2000-08-16,4.046
2000-08-17,4.037
2000-08-18,4.04
2000-08-21,4.031
2000-08-22,4.024
2000-08-23,4.038
2000-08-24,4.034
2000-08-25,4.041
2000-08-28,4.036
2000-08-29,4.028
2000-08-30,4.008
2000-08-31,4.004
2000-09-01,4.012
2000-09-04,4.022
2000-09-05,4.019
2000-09-06,4.029
2000-09-07,4.034
2000-09-08,4.029
2000-09-11,4.034
2000-09-12,4.046
2000-09-13,4.043
2000-09-14,4.03
2000-09-15,4.039
2000-09-18,4.053
2000-09-19,4.062
2000-09-20,4.049
2000-09-21,4.057
2000-09-22,4.071
2000-09-25,4.047
2000-09-26,4.041
2000-09-27,4.03
2000-09-28,4.024
2000-10-02,4.035
2000-10-03,4.038
2000-10-04,4.035
2000-10-05,4.042
2000-10-06,4.051
2000-10-10,4.093
2000-10-11,4.078
2000-10-12,4.137
2000-10-13,4.12
2000-10-16,4.108
2000-10-17,4.142
2000-10-18,4.104
2000-10-19,4.11
2000-10-20,4.121
2000-10-23,4.142
2000-10-24,4.159
2000-10-25,4.147
2000-10-26,4.136
2000-10-27,4.14
2000-10-30,4.135
2000-10-31,4.137
2000-11-01,4.12
2000-11-02,4.108
2000-11-03,4.113
2000-11-06,4.108
2000-11-07,4.105
2000-11-08,4.117
2000-11-09,4.114
2000-11-10,4.116
2000-11-13,4.114
2000-11-14,4.113
2000-11-15,4.119
2000-11-16,4.112
2000-11-17,4.104
2000-11-20,4.095
2000-11-21,4.107
2000-11-22,4.119
2000-11-23,4.12
2000-11-24,4.107
2000-11-27,4.105
2000-11-28,4.1
2000-11-29,4.104
2000-11-30,4.093
2000-12-01,4.1
2000-12-04,4.103
2000-12-05,4.092
2000-12-06,4.09
2000-12-07,4.09
2000-12-08,4.09
2000-12-11,4.095
2000-12-12,4.093
2000-12-13,4.091
2000-12-14,4.095
2000-12-15,4.095
2000-12-18,4.08
2000-12-19,4.08
2000-12-20,4.071
2000-12-21,4.071
2000-12-22,4.062
2000-12-27,4.053
2000-12-28,4.05
2000-12-29,4.041
2001-01-02,4.077
2001-01-03,4.094
2001-01-04,4.067
2001-01-05,4.092
2001-01-08,4.123
2001-01-09,4.118
2001-01-10,4.111
2001-01-11,4.113
2001-01-12,4.106
2001-01-15,4.107
2001-01-16,4.113
2001-01-17,4.108
2001-01-18,4.125
2001-01-19,4.128
2001-01-22,4.144
2001-01-23,4.141
2001-01-24,4.15
2001-01-25,4.134
2001-01-26,4.136
2001-01-29,4.148
2001-01-30,4.153
2001-01-31,4.137
2001-02-01,4.143
2001-02-02,4.143
2001-02-05,4.136
2001-02-07,4.137
2001-02-08,4.136
2001-02-09,4.115
2001-02-12,4.11
2001-02-13,4.101
2001-02-14,4.1
2001-02-15,4.103
2001-02-16,4.105
2001-02-19,4.115
2001-02-20,4.118
2001-02-21,4.124
2001-02-22,4.137
2001-02-23,4.128
2001-02-26,4.131
2001-02-27,4.115
2001-02-28,4.112
2001-03-01,4.118
2001-03-02,4.115
2001-03-05,4.125
2001-03-06,4.12
2001-03-07,4.118
2001-03-08,4.125
2001-03-12,4.129
2001-03-13,4.134
2001-03-14,4.142
2001-03-15,4.174
2001-03-16,4.174
2001-03-19,4.175
2001-03-20,4.181
2001-03-21,4.212
2001-03-22,4.213
2001-03-23,4.216
2001-03-26,4.181
2001-03-27,4.184
2001-03-28,4.212
2001-03-29,4.217
2001-03-30,4.192
2001-04-02,4.216
2001-04-03,4.226
2001-04-04,4.212
2001-04-05,4.186
2001-04-06,4.187
2001-04-09,4.186
2001-04-10,4.167
2001-04-11,4.168
2001-04-12,4.177
2001-04-16,4.175
2001-04-17,4.202
2001-04-18,4.171
2001-04-19,4.163
2001-04-20,4.153
2001-04-23,4.153
2001-04-24,4.152
2001-04-25,4.157
2001-04-27,4.154
2001-04-30,4.139
2001-05-01,4.141
2001-05-02,4.144
2001-05-03,4.146
2001-05-04,4.149
2001-05-07,4.149
2001-05-08,4.146
2001-05-09,4.145
2001-05-10,4.144
2001-05-11,4.148
2001-05-14,4.15
2001-05-15,4.152
2001-05-16,4.147
2001-05-17,4.137
2001-05-18,4.138
2001-05-21,4.142
2001-05-22,4.138
2001-05-23,4.133
2001-05-24,4.127
2001-05-25,4.128
2001-05-29,4.122
2001-05-30,4.122
2001-05-31,4.133
2001-06-01,4.142
2001-06-04,4.162
2001-06-05,4.155
2001-06-06,4.142
2001-06-07,4.147
2001-06-08,4.147
2001-06-11,4.148
2001-06-12,4.155
2001-06-13,4.152
2001-06-14,4.164
2001-06-15,4.176
2001-06-18,4.171
2001-06-19,4.17
2001-06-20,4.167
2001-06-21,4.174
2001-06-22,4.18
2001-06-25,4.177
2001-06-26,4.178
2001-06-27,4.175
2001-06-28,4.167
2001-06-29,4.165
2001-07-02,4.175
2001-07-03,4.181
2001-07-04,4.182
2001-07-05,4.189
2001-07-06,4.195
2001-07-09,4.204
2001-07-10,4.194
2001-07-11,4.2
2001-07-12,4.197
2001-07-13,4.206
2001-07-16,4.204
2001-07-17,4.211
2001-07-18,4.215
2001-07-19,4.205
2001-07-20,4.205
2001-07-23,4.194
2001-07-24,4.191
2001-07-25,4.198
2001-07-26,4.198
2001-07-27,4.205
2001-07-30,4.204
2001-07-31,4.209
2001-08-01,4.211
2001-08-02,4.217
2001-08-03,4.216
2001-08-06,4.22
2001-08-07,4.235
2001-08-08,4.232
2001-08-09,4.234
2001-08-10,4.24
2001-08-13,4.232
2001-08-14,4.235
2001-08-15,4.24
2001-08-16,4.235
2001-08-17,4.228
2001-08-20,4.235
2001-08-21,4.235
2001-08-22,4.232
2001-08-23,4.23
2001-08-24,4.232
2001-08-27,4.23
2001-08-28,4.238
2001-08-29,4.254
2001-08-30,4.244
2001-08-31,4.262
2001-09-03,4.261
2001-09-04,4.267
2001-09-05,4.293
2001-09-06,4.299
2001-09-07,4.295
2001-09-10,4.314
2001-09-11,4.345
2001-09-12,4.338
2001-09-13,4.334
2001-09-14,4.319
2001-09-20,4.337
2001-09-21,4.361
2001-09-24,4.363
2001-09-25,4.356
2001-09-28,4.355
2001-10-01,4.358
2001-10-03,4.37
2001-10-04,4.359
2001-10-05,4.345
2001-10-08,4.329
2001-10-10,4.328
2001-10-11,4.312
2001-10-12,4.32
2001-10-15,4.309
2001-10-16,4.292
2001-10-17,4.304
2001-10-18,4.301
2001-10-19,4.316
2001-10-22,4.293
2001-10-23,4.287
2001-10-24,4.311
2001-10-25,4.308
2001-10-26,4.296
2001-10-29,4.295
2001-10-30,4.296
2001-10-31,4.281
2001-11-01,4.275
2001-11-02,4.27
2001-11-05,4.257
2001-11-06,4.261
2001-11-07,4.265
2001-11-08,4.249
2001-11-09,4.234
2001-11-12,4.219
2001-11-13,4.216
2001-11-14,4.231
2001-11-15,4.233
2001-11-16,4.237
2001-11-19,4.227
2001-11-20,4.228
2001-11-21,4.224
2001-11-22,4.228
2001-11-23,4.231
2001-11-26,4.246
2001-11-27,4.241
2001-11-28,4.226
2001-11-29,4.224
2001-11-30,4.233
2001-12-03,4.241
2001-12-04,4.251
2001-12-05,4.236
2001-12-06,4.224
2001-12-07,4.225
2001-12-10,4.22
2001-12-11,4.223
2001-12-12,4.223
2001-12-13,4.229
2001-12-14,4.237
2001-12-17,4.232
2001-12-18,4.237
2001-12-19,4.26
2001-12-20,4.272
2001-12-21,4.323
2001-12-24,4.335
2001-12-26,4.373
2001-12-27,4.371
2001-12-28,4.385
2001-12-31,4.416
2002-01-02,4.437
2002-01-03,4.473
2002-01-04,4.491
2002-01-07,4.513
2002-01-08,4.489
2002-01-09,4.462
2002-01-10,4.469
2002-01-11,4.498
2002-01-14,4.487
2002-01-15,4.507
2002-01-16,4.535
2002-01-17,4.535
2002-01-18,4.515
2002-01-21,4.553
2002-01-22,4.583
2002-01-23,4.603
2002-01-24,4.6
2002-01-25,4.596
2002-01-28,4.612
2002-01-29,4.637
2002-01-30,4.619
2002-01-31,4.602
2002-02-01,4.588
2002-02-04,4.602
2002-02-05,4.623
2002-02-06,4.633
2002-02-07,4.667
2002-02-08,4.667
2002-02-11,4.744
2002-02-12,4.72
2002-02-13,4.648
2002-02-14,4.635
2002-02-15,4.631
2002-02-18,4.678
2002-02-19,4.722
2002-02-20,4.701
2002-02-21,4.692
2002-02-22,4.7
2002-02-25,4.642
2002-02-28,4.623
2002-03-01,4.675
2002-03-04,4.677
2002-03-05,4.694
2002-03-06,4.716
2002-03-07,4.693
2002-03-08,4.663
2002-03-11,4.664
2002-03-12,4.67
2002-03-13,4.676
2002-03-14,4.665
2002-03-15,4.658
2002-03-18,4.648
2002-03-19,4.628
2002-03-20,4.622
2002-03-21,4.635
2002-03-22,4.642
2002-03-25,4.665
2002-03-26,4.668
2002-04-02,4.781
2002-04-04,4.776
2002-04-05,4.74
2002-04-08,4.76
2002-04-09,4.775
2002-04-10,4.767
2002-04-11,4.765
2002-04-12,4.799
2002-04-15,4.793
2002-04-16,4.794
2002-04-18,4.791
2002-04-19,4.786
2002-04-22,4.784
2002-04-23,4.787
2002-04-24,4.864
2002-04-25,4.883
2002-04-26,4.876
2002-04-29,4.904
2002-04-30,4.893
2002-05-01,4.878
2002-05-02,4.857
2002-05-03,4.829
2002-05-06,4.844
2002-05-07,4.868
2002-05-08,4.904
2002-05-09,4.918
2002-05-10,4.932
2002-05-13,4.919
2002-05-14,4.899
2002-05-15,4.89
2002-05-16,4.872
2002-05-20,4.854
2002-05-21,4.873
2002-05-22,4.865
2002-05-23,4.906
2002-05-24,4.913
2002-05-27,4.882
2002-05-28,4.944
2002-05-29,4.968
2002-05-30,4.938
2002-05-31,4.916
2002-06-03,4.928
2002-06-04,4.942
2002-06-05,4.978
2002-06-06,4.967
2002-06-07,4.991
2002-06-10,4.978
2002-06-11,4.994
2002-06-12,4.964
2002-06-13,4.96
2002-06-14,4.954
2002-06-17,4.944
2002-06-18,4.929
2002-06-19,4.955
2002-06-20,4.983
2002-06-21,4.982
2002-06-24,4.942
2002-06-25,4.919
2002-06-26,4.882
2002-06-27,4.826
2002-06-28,4.769
2002-07-01,4.762
2002-07-02,4.766
2002-07-03,4.767
2002-07-04,4.775
2002-07-05,4.807
2002-07-08,4.788
2002-07-09,4.753
2002-07-10,4.726
2002-07-11,4.715
2002-07-12,4.728
2002-07-15,4.67
2002-07-16,4.686
2002-07-17,4.661
2002-07-19,4.668
2002-07-22,4.637
2002-07-23,4.665
2002-07-24,4.694
2002-07-25,4.722
2002-07-26,4.741
2002-07-29,4.731
2002-07-30,4.71
2002-07-31,4.689
2002-08-01,4.698
2002-08-02,4.717
2002-08-05,4.722
2002-08-06,4.705
2002-08-07,4.71
2002-08-08,4.702
2002-08-09,4.678
2002-08-12,4.672
2002-08-13,4.688
2002-08-14,4.685
2002-08-15,4.674
2002-08-16,4.666
2002-08-19,4.639
2002-08-20,4.623
2002-08-21,4.639
2002-08-22,4.66
2002-08-23,4.664
2002-08-26,4.673
2002-08-27,4.669
2002-08-28,4.666
2002-08-29,4.666
2002-08-30,4.66
2002-09-02,4.679
2002-09-03,4.684
2002-09-04,4.719
2002-09-05,4.744
2002-09-09,4.736
2002-09-10,4.741
2002-09-11,4.767
2002-09-12,4.743
2002-09-13,4.731
2002-09-17,4.717
2002-09-18,4.746
2002-09-19,4.792
2002-09-20,4.815
2002-09-23,4.827
2002-09-24,4.831
2002-09-25,4.89
2002-09-26,4.845
2002-09-27,4.847
2002-09-30,4.871
2002-10-01,4.862
2002-10-02,4.828
2002-10-03,4.841
2002-10-04,4.842
2002-10-07,4.859
2002-10-08,4.852
2002-10-09,4.839
2002-10-10,4.827
2002-10-11,4.821
2002-10-14,4.827
2002-10-15,4.827
2002-10-16,4.819
2002-10-17,4.76
2002-10-18,4.762
2002-10-21,4.745
2002-10-22,4.769
2002-10-23,4.741
2002-10-24,4.738
2002-10-25,4.746
2002-10-28,4.766
2002-10-29,4.779
2002-10-30,4.746
2002-10-31,4.765
2002-11-01,4.756
2002-11-04,4.747
2002-11-05,4.737
2002-11-06,4.701
2002-11-07,4.701
2002-11-08,4.71
2002-11-11,4.689
2002-11-12,4.709
2002-11-13,4.696
2002-11-14,4.668
2002-11-15,4.664
2002-11-18,4.669
2002-11-19,4.68
2002-11-20,4.683
2002-11-21,4.68
2002-11-22,4.679
2002-11-25,4.677
2002-11-26,4.652
2002-11-27,4.634
2002-11-28,4.645
2002-11-29,4.643
2002-12-02,4.632
2002-12-03,4.64
2002-12-04,4.649
2002-12-05,4.656
2002-12-06,4.698
2002-12-09,4.694
2002-12-10,4.673
2002-12-11,4.662
2002-12-12,4.667
2002-12-13,4.652
2002-12-16,4.635
2002-12-17,4.647
2002-12-18,4.663
2002-12-19,4.729
2002-12-20,4.736
2002-12-23,4.732
2002-12-24,4.744
2002-12-26,4.762
2002-12-27,4.791
2002-12-30,4.769
2002-12-31,4.737
2003-01-02,4.785
2003-01-03,4.8
2003-01-06,4.787
2003-01-07,4.769
2003-01-08,4.823
2003-01-09,4.822
2003-01-10,4.81
2003-01-13,4.825
2003-01-14,4.825
2003-01-15,4.836
2003-01-16,4.826
2003-01-17,4.84
2003-01-20,4.855
2003-01-21,4.877
2003-01-22,4.898
2003-01-23,4.887
2003-01-24,4.887
2003-01-27,4.887
2003-01-29,4.881
2003-01-30,4.828
2003-01-31,4.814
2003-02-03,4.837
2003-02-04,4.872
2003-02-05,4.888
2003-02-06,4.87
2003-02-07,4.868
2003-02-10,4.872
2003-02-11,4.862
2003-02-12,4.859
2003-02-13,4.894
2003-02-14,4.924
2003-02-17,4.858
2003-02-18,4.846
2003-02-19,4.859
2003-02-20,4.876
2003-02-21,4.88
2003-02-24,4.869
2003-02-25,4.875
2003-02-26,4.858
2003-02-27,4.841
2003-02-28,4.81
2003-03-03,4.834
2003-03-04,4.844
2003-03-05,4.858
2003-03-06,4.84
2003-03-07,4.849
2003-03-10,4.849
2003-03-11,4.842
2003-03-12,4.832
2003-03-13,4.787
2003-03-14,4.795
2003-03-17,4.815
2003-03-20,4.744
2003-03-21,4.747
2003-03-24,4.718
2003-03-25,4.702
2003-03-26,4.687
2003-03-27,4.698
2003-03-28,4.71
2003-03-31,4.687
2003-04-01,4.658
2003-04-02,4.671
2003-04-03,4.664
2003-04-04,4.661
2003-04-07,4.644
2003-04-08,4.647
2003-04-09,4.63
2003-04-10,4.638
2003-04-11,4.658
2003-04-14,4.59
2003-04-15,4.579
2003-04-22,4.616
2003-04-24,4.564
2003-04-25,4.583
2003-04-28,4.572
2003-04-29,4.521
2003-05-02,4.486
2003-05-05,4.481
2003-05-06,4.46
2003-05-08,4.484
2003-05-09,4.46
2003-05-12,4.465
2003-05-13,4.501
2003-05-14,4.489
2003-05-19,4.518
2003-05-20,4.542
2003-05-21,4.577
2003-05-22,4.551
2003-05-23,4.454
2003-05-27,4.432
2003-05-28,4.443
2003-05-29,4.408
2003-05-30,4.373
2003-06-02,4.409
2003-06-03,4.376
2003-06-04,4.374
2003-06-05,4.434
2003-06-09,4.399
2003-06-10,4.414
2003-06-11,4.414
2003-06-12,4.402
2003-06-13,4.399
2003-06-16,4.354
2003-06-17,4.353
2003-06-18,4.377
2003-06-19,4.372
2003-06-20,4.382
2003-06-23,4.395
2003-06-24,4.371
2003-06-25,4.358
2003-06-26,4.333
2003-06-27,4.332
2003-06-30,4.312
2003-07-01,4.314
2003-07-02,4.304
2003-07-03,4.294
2003-07-04,4.3
2003-07-07,4.283
2003-07-08,4.334
2003-07-09,4.347
2003-07-10,4.322
2003-07-11,4.363
2003-07-14,4.38
2003-07-15,4.384
2003-07-16,4.425
2003-07-17,4.445
2003-07-18,4.439
2003-07-21,4.426
2003-07-22,4.392
2003-07-23,4.376
2003-07-24,4.387
2003-07-25,4.401
2003-07-28,4.379
2003-07-29,4.387
2003-07-30,4.421
2003-07-31,4.429
2003-08-01,4.435
2003-08-04,4.465
2003-08-05,4.457
2003-08-06,4.433
2003-08-08,4.431
2003-08-11,4.437
2003-08-12,4.444
2003-08-13,4.44
2003-08-14,4.446
2003-08-15,4.443
2003-08-18,4.438
2003-08-19,4.437
2003-08-20,4.45
2003-08-21,4.466
2003-08-22,4.49
2003-08-25,4.479
2003-08-26,4.471
2003-08-27,4.472
2003-08-28,4.467
2003-08-29,4.443
2003-09-01,4.448
2003-09-02,4.458
2003-09-03,4.453
2003-09-04,4.44
2003-09-05,4.442
2003-09-08,4.46
2003-09-09,4.451
2003-09-10,4.467
2003-09-11,4.489
2003-09-12,4.532
2003-09-15,4.51
2003-09-16,4.485
2003-09-17,4.479
2003-09-18,4.467
2003-09-19,4.484
2003-09-22,4.454
2003-09-23,4.441
2003-09-24,4.452
2003-09-25,4.454
2003-09-29,4.455
2003-09-30,4.441
2003-10-01,4.434
2003-10-02,4.423
2003-10-03,4.414
2003-10-07,4.43
2003-10-08,4.432
2003-10-09,4.413
2003-10-10,4.421
2003-10-13,4.41
2003-10-14,4.413
2003-10-15,4.41
2003-10-16,4.428
2003-10-17,4.433
2003-10-20,4.441
2003-10-21,4.463
2003-10-22,4.465
2003-10-23,4.477
2003-10-24,4.487
2003-10-27,4.477
2003-10-28,4.48
2003-10-29,4.509
2003-10-30,4.504
2003-10-31,4.492
2003-11-03,4.498
2003-11-04,4.479
2003-11-05,4.48
2003-11-06,4.494
2003-11-07,4.493
2003-11-10,4.503
2003-11-11,4.537
2003-11-12,4.522
2003-11-13,4.507
2003-11-14,4.525
2003-11-17,4.526
2003-11-18,4.518
2003-11-19,4.491
2003-11-20,4.476
2003-11-21,4.488
2003-11-24,4.493
2003-11-25,4.476
2003-11-26,4.468
2003-11-27,4.451
2003-11-28,4.448
2003-12-01,4.434
2003-12-02,4.431
2003-12-03,4.423
2003-12-04,4.441
2003-12-05,4.441
2003-12-08,4.435
2003-12-09,4.388
2003-12-10,4.394
2003-12-11,4.389
2003-12-12,4.394
2003-12-15,4.352
2003-12-16,4.369
2003-12-17,4.374
2003-12-18,4.38
2003-12-19,4.387
2003-12-22,4.384
2003-12-23,4.363
2003-12-24,4.366
2003-12-29,4.368
2003-12-30,4.357
2003-12-31,4.379
2004-01-02,4.414
2004-01-05,4.406
2004-01-06,4.371
2004-01-07,4.395
2004-01-08,4.394
2004-01-09,4.383
2004-01-12,4.384
2004-01-13,4.395
2004-01-14,4.405
2004-01-15,4.415
2004-01-16,4.401
2004-01-19,4.421
2004-01-20,4.427
2004-01-21,4.422
2004-01-22,4.453
2004-01-23,4.438
2004-01-26,4.457
2004-01-27,4.465
2004-01-28,4.483
2004-01-29,4.482
2004-01-30,4.483
2004-02-02,4.493
2004-02-03,4.456
2004-02-04,4.474
2004-02-05,4.481
2004-02-06,4.468
2004-02-09,4.469
2004-02-10,4.474
2004-02-11,4.482
2004-02-12,4.469
2004-02-13,4.437
2004-02-16,4.44
2004-02-17,4.446
2004-02-18,4.44
2004-02-19,4.449
2004-02-20,4.453
2004-02-23,4.461
2004-02-24,4.46
2004-02-25,4.457
2004-02-26,4.481
2004-02-27,4.485
2004-03-01,4.484
2004-03-02,4.486
2004-03-03,4.51
2004-03-04,4.504
2004-03-05,4.504
2004-03-09,4.499
2004-03-10,4.495
2004-03-11,4.505
2004-03-12,4.512
2004-03-15,4.501
2004-03-16,4.484
2004-03-17,4.489
2004-03-18,4.483
2004-03-19,4.483
2004-03-22,4.497
2004-03-23,4.501
2004-03-24,4.509
2004-03-25,4.523
2004-03-26,4.521
2004-03-29,4.535
2004-03-30,4.516
2004-03-31,4.528
2004-04-01,4.521
2004-04-02,4.515
2004-04-07,4.524
2004-04-08,4.52
2004-04-13,4.523
2004-04-14,4.525
2004-04-15,4.542
2004-04-16,4.541
2004-04-19,4.536
2004-04-20,4.555
2004-04-21,4.582
2004-04-22,4.573
2004-04-23,4.569
2004-04-26,4.583
2004-04-28,4.599
2004-04-29,4.593
2004-04-30,4.588
2004-05-03,4.588
2004-05-04,4.587
2004-05-05,4.567
2004-05-06,4.573
2004-05-07,4.587
2004-05-10,4.634
2004-05-11,4.629
2004-05-12,4.624
2004-05-13,4.629
2004-05-14,4.618
2004-05-17,4.598
2004-05-18,4.604
2004-05-19,4.59
2004-05-20,4.594
2004-05-21,4.588
2004-05-24,4.584
2004-05-25,4.57
2004-05-28,4.555
2004-06-01,4.552
2004-06-02,4.551
2004-06-03,4.542
2004-06-04,4.552
2004-06-07,4.532
2004-06-08,4.517
2004-06-09,4.524
2004-06-10,4.524
2004-06-11,4.527
2004-06-14,4.532
2004-06-15,4.528
2004-06-16,4.507
2004-06-17,4.499
2004-06-18,4.499
2004-06-21,4.49
2004-06-22,4.491
2004-06-23,4.501
2004-06-24,4.509
2004-06-25,4.501
2004-06-28,4.498
2004-06-29,4.493
2004-06-30,4.497
2004-07-01,4.481
2004-07-02,4.474
2004-07-05,4.471
2004-07-06,4.481
2004-07-07,4.484
2004-07-08,4.486
2004-07-09,4.48
2004-07-12,4.478
2004-07-13,4.485
2004-07-14,4.492
2004-07-15,4.495
2004-07-16,4.495
2004-07-19,4.486
2004-07-20,4.486
2004-07-21,4.488
2004-07-22,4.492
2004-07-23,4.495
2004-07-26,4.499
2004-07-28,4.525
2004-07-29,4.527
2004-07-30,4.516
2004-08-02,4.518
2004-08-03,4.526
2004-08-04,4.527
2004-08-05,4.549
2004-08-06,4.555
2004-08-09,4.531
2004-08-10,4.523
2004-08-11,4.535
2004-08-12,4.534
2004-08-13,4.545
2004-08-16,4.537
2004-08-17,4.537
2004-08-18,4.532
2004-08-19,4.538
2004-08-20,4.531
2004-08-23,4.527
2004-08-24,4.525
2004-08-25,4.536
2004-08-26,4.54
2004-08-27,4.546
2004-08-30,4.532
2004-08-31,4.526
2004-09-01,4.511
2004-09-02,4.509
2004-09-03,4.513
2004-09-06,4.517
2004-09-07,4.508
2004-09-08,4.504
2004-09-09,4.511
2004-09-10,4.505
2004-09-13,4.495
2004-09-14,4.479
2004-09-20,4.478
2004-09-23,4.484
2004-09-27,4.486
2004-09-28,4.48
2004-09-29,4.482
2004-10-01,4.476
2004-10-04,4.468
2004-10-05,4.466
2004-10-06,4.465
2004-10-08,4.468
2004-10-11,4.452
2004-10-12,4.46
2004-10-13,4.463
2004-10-14,4.466
2004-10-15,4.464
2004-10-18,4.475
2004-10-19,4.467
2004-10-20,4.453
2004-10-21,4.442
2004-10-22,4.443
2004-10-25,4.43
2004-10-26,4.432
2004-10-27,4.453
2004-10-28,4.481
2004-10-29,4.468
2004-11-01,4.441
2004-11-02,4.453
2004-11-03,4.45
2004-11-04,4.437
2004-11-05,4.434
2004-11-08,4.426
2004-11-09,4.428
2004-11-10,4.411
2004-11-11,4.433
2004-11-12,4.429
2004-11-15,4.413
2004-11-16,4.384
2004-11-17,4.388
2004-11-18,4.388
2004-11-19,4.393
2004-11-22,4.379
2004-11-23,4.383
2004-11-24,4.372
2004-11-25,4.365
2004-11-26,4.371
2004-11-29,4.374
2004-11-30,4.363
2004-12-01,4.367
2004-12-02,4.363
2004-12-03,4.367
2004-12-06,4.351
2004-12-07,4.323
2004-12-08,4.339
2004-12-09,4.344
2004-12-10,4.36
2004-12-13,4.36
2004-12-14,4.324
2004-12-15,4.33
2004-12-16,4.321
2004-12-17,4.34
2004-12-20,4.332
2004-12-21,4.333
2004-12-22,4.341
2004-12-23,4.336
2004-12-24,4.331
2004-12-27,4.339
2004-12-28,4.34
2004-12-29,4.374
2004-12-30,4.339
2004-12-31,4.308
2005-01-03,4.356
2005-01-04,4.376
2005-01-05,4.4
2005-01-06,4.398
2005-01-07,4.385
2005-01-10,4.371
2005-01-11,4.36
2005-01-12,4.365
2005-01-13,4.352
2005-01-14,4.367
2005-01-17,4.362
2005-01-18,4.361
2005-01-19,4.364
2005-01-20,4.373
2005-01-21,4.369
2005-01-24,4.377
2005-01-25,4.405
2005-01-26,4.414
2005-01-27,4.412
2005-01-28,4.402
2005-01-31,4.383
2005-02-01,4.383
2005-02-02,4.392
2005-02-03,4.376
2005-02-04,4.365
2005-02-07,4.371
2005-02-08,4.387
2005-02-09,4.385
2005-02-10,4.38
2005-02-11,4.379
2005-02-14,4.37
2005-02-15,4.366
2005-02-16,4.362
2005-02-17,4.362
2005-02-18,4.357
2005-02-21,4.367
2005-02-22,4.36
2005-02-23,4.364
2005-02-24,4.357
2005-02-25,4.365
2005-02-28,4.357
2005-03-01,4.337
2005-03-02,4.334
2005-03-03,4.335
2005-03-04,4.342
2005-03-07,4.331
2005-03-08,4.304
2005-03-09,4.299
2005-03-10,4.313
2005-03-11,4.302
2005-03-14,4.308
2005-03-15,4.313
2005-03-16,4.314
2005-03-17,4.314
2005-03-18,4.311
2005-03-21,4.318
2005-03-22,4.314
2005-03-23,4.334
2005-03-24,4.346
2005-03-28,4.356
2005-03-29,4.373
2005-03-30,4.379
2005-03-31,4.361
2005-04-01,4.361
2005-04-04,4.372
2005-04-05,4.373
2005-04-06,4.362
2005-04-07,4.366
2005-04-08,4.371
2005-04-11,4.364
2005-04-12,4.372
2005-04-13,4.385
2005-04-14,4.388
2005-04-15,4.395
2005-04-18,4.381
2005-04-19,4.374
2005-04-20,4.371
2005-04-21,4.368
2005-04-25,4.362
2005-04-26,4.36
2005-04-27,4.368
2005-04-28,4.367
2005-04-29,4.369
2005-05-02,4.372
2005-05-03,4.373
2005-05-04,4.363
2005-05-05,4.359
2005-05-06,4.359
2005-05-09,4.361
2005-05-10,4.348
2005-05-11,4.361
2005-05-13,4.378
2005-05-16,4.381
2005-05-17,4.373
2005-05-18,4.372
2005-05-19,4.361
2005-05-20,4.363
2005-05-23,4.379
2005-05-24,4.375
2005-05-25,4.387
2005-05-26,4.391
2005-05-27,4.401
2005-05-31,4.416
2005-06-01,4.421
2005-06-02,4.413
2005-06-03,4.412
2005-06-06,4.412
2005-06-07,4.406
2005-06-08,4.405
2005-06-09,4.431
2005-06-10,4.432
2005-06-14,4.461
2005-06-15,4.482
2005-06-16,4.495
2005-06-17,4.5
2005-06-20,4.54
2005-06-21,4.539
2005-06-22,4.517
2005-06-23,4.527
2005-06-24,4.538
2005-06-27,4.541
2005-06-28,4.567
2005-06-29,4.57
2005-06-30,4.574
2005-07-01,4.582
2005-07-04,4.593
2005-07-05,4.593
2005-07-06,4.604
2005-07-07,4.61
2005-07-08,4.61
2005-07-11,4.574
2005-07-12,4.528
2005-07-13,4.532
2005-07-14,4.536
2005-07-15,4.541
2005-07-18,4.564
2005-07-19,4.583
2005-07-20,4.57
2005-07-21,4.525
2005-07-22,4.533
2005-07-25,4.542
2005-07-26,4.544
2005-07-27,4.548
2005-07-28,4.532
2005-07-29,4.526
2005-08-01,4.517
2005-08-02,4.502
2005-08-03,4.484
2005-08-04,4.483
2005-08-05,4.475
2005-08-08,4.517
2005-08-09,4.517
2005-08-10,4.515
2005-08-11,4.516
2005-08-12,4.526
2005-08-15,4.532
2005-08-16,4.524
2005-08-17,4.482
2005-08-18,4.477
2005-08-19,4.489
2005-08-22,4.502
2005-08-23,4.493
2005-08-24,4.491
2005-08-25,4.505
2005-08-26,4.523
2005-08-29,4.539
2005-08-30,4.559
2005-08-31,4.545
2005-09-01,4.498
2005-09-02,4.488
2005-09-05,4.478
2005-09-06,4.491
2005-09-07,4.495
2005-09-08,4.506
2005-09-09,4.507
2005-09-12,4.512
2005-09-13,4.523
2005-09-14,4.527
2005-09-15,4.526
2005-09-16,4.531
2005-09-19,4.548
2005-09-20,4.55
2005-09-21,4.574
2005-09-22,4.583
2005-09-23,4.587
2005-09-26,4.595
2005-09-27,4.566
2005-09-28,4.579
2005-09-29,4.582
2005-09-30,4.598
2005-10-06,4.596
2005-10-07,4.59
2005-10-10,4.599
2005-10-11,4.62
2005-10-14,4.653
2005-10-17,4.631
2005-10-19,4.65
2005-10-20,4.633
2005-10-21,4.625
2005-10-24,4.636
2005-10-26,4.626
2005-10-27,4.621
2005-10-28,4.641
2005-10-31,4.636
2005-11-01,4.64
2005-11-02,4.651
2005-11-03,4.67
2005-11-04,4.666
2005-11-07,4.688
2005-11-08,4.691
2005-11-09,4.686
2005-11-10,4.704
2005-11-11,4.718
2005-11-14,4.736
2005-11-15,4.74
2005-11-16,4.735
2005-11-17,4.726
2005-11-18,4.731
2005-11-21,4.728
2005-11-22,4.741
2005-11-23,4.727
2005-11-24,4.704
2005-11-25,4.7
2005-11-28,4.694
2005-11-29,4.656
2005-11-30,4.663
2005-12-01,4.662
2005-12-02,4.654
2005-12-05,4.653
2005-12-06,4.629
2005-12-07,4.636
2005-12-08,4.635
2005-12-09,4.631
2005-12-12,4.608
2005-12-13,4.606
2005-12-14,4.588
2005-12-15,4.582
2005-12-16,4.579
2005-12-19,4.588
2005-12-20,4.598
2005-12-21,4.599
2005-12-22,4.621
2005-12-23,4.582
2005-12-27,4.609
2005-12-28,4.591
2005-12-29,4.592
2005-12-30,4.603
2006-01-03,4.595
2006-01-04,4.577
2006-01-05,4.628
2006-01-06,4.62
2006-01-09,4.615
2006-01-10,4.632
2006-01-11,4.637
2006-01-12,4.622
2006-01-13,4.619
2006-01-16,4.602
2006-01-17,4.613
2006-01-18,4.625
2006-01-19,4.621
2006-01-20,4.622
2006-01-23,4.612
2006-01-24,4.612
2006-01-25,4.6
2006-01-26,4.613
2006-01-27,4.632
2006-01-30,4.64
2006-01-31,4.658
2006-02-01,4.664
2006-02-02,4.692
2006-02-03,4.69
2006-02-06,4.699
2006-02-07,4.719
2006-02-08,4.708
2006-02-09,4.694
2006-02-10,4.694
2006-02-13,4.704
2006-02-14,4.718
2006-02-15,4.723
2006-02-16,4.705
2006-02-17,4.693
2006-02-20,4.687
2006-02-21,4.71
2006-02-22,4.725
2006-02-23,4.707
2006-02-24,4.713
2006-02-27,4.712
2006-02-28,4.706
2006-03-01,4.703
2006-03-02,4.702
2006-03-03,4.695
2006-03-06,4.696
2006-03-07,4.709
2006-03-08,4.712
2006-03-09,4.711
2006-03-10,4.712
2006-03-13,4.717
2006-03-16,4.694
2006-03-17,4.666
2006-03-20,4.658
2006-03-21,4.659
2006-03-22,4.67
2006-03-23,4.671
2006-03-24,4.681
2006-03-27,4.685
2006-03-29,4.703
2006-03-30,4.673
2006-03-31,4.665
2006-04-03,4.671
2006-04-04,4.64
2006-04-05,4.612
2006-04-06,4.597
2006-04-07,4.604
2006-04-10,4.612
2006-04-11,4.6
2006-04-18,4.587
2006-04-20,4.563
2006-04-21,4.561
2006-04-24,4.545
2006-04-25,4.527
2006-04-26,4.542
2006-04-27,4.532
2006-04-28,4.503
2006-05-01,4.484
2006-05-02,4.491
2006-05-04,4.496
2006-05-05,4.471
2006-05-08,4.433
2006-05-09,4.448
2006-05-10,4.428
2006-05-11,4.445
2006-05-12,4.43
2006-05-15,4.459
2006-05-16,4.452
2006-05-17,4.433
2006-05-18,4.464
2006-05-19,4.459
2006-05-22,4.486
2006-05-23,4.492
2006-05-24,4.513
2006-05-25,4.522
2006-05-26,4.513
2006-05-30,4.517
2006-05-31,4.518
2006-06-01,4.524
2006-06-05,4.478
2006-06-06,4.469
2006-06-07,4.477
2006-06-08,4.468
2006-06-09,4.48
2006-06-12,4.478
2006-06-13,4.5
2006-06-14,4.494
2006-06-15,4.46
2006-06-16,4.436
2006-06-19,4.445
2006-06-20,4.458
2006-06-21,4.465
2006-06-22,4.461
2006-06-23,4.466
2006-06-26,4.476
2006-06-27,4.49
2006-06-28,4.477
2006-06-29,4.477
2006-06-30,4.44
2006-07-03,4.419
2006-07-04,4.391
2006-07-05,4.378
2006-07-06,4.401
2006-07-07,4.384
2006-07-10,4.391
2006-07-11,4.387
2006-07-12,4.434
2006-07-13,4.496
2006-07-14,4.521
2006-07-17,4.492
2006-07-18,4.455
2006-07-19,4.462
2006-07-20,4.446
2006-07-21,4.461
2006-07-24,4.462
2006-07-25,4.428
2006-07-26,4.437
2006-07-27,4.423
2006-07-28,4.428
2006-07-31,4.393
2006-08-01,4.4
2006-08-02,4.408
2006-08-04,4.405
2006-08-07,4.396
2006-08-08,4.364
2006-08-09,4.363
2006-08-10,4.389
2006-08-11,4.388
2006-08-14,4.377
2006-08-15,4.371
2006-08-16,4.368
2006-08-17,4.359
2006-08-18,4.366
2006-08-21,4.361
2006-08-22,4.357
2006-08-23,4.366
2006-08-24,4.375
2006-08-25,4.392
2006-08-28,4.4
2006-08-29,4.396
2006-08-30,4.38
2006-08-31,4.364
2006-09-01,4.373
2006-09-04,4.369
2006-09-05,4.36
2006-09-06,4.368
2006-09-07,4.387
2006-09-08,4.386
2006-09-11,4.394
2006-09-12,4.388
2006-09-13,4.375
2006-09-14,4.377
2006-09-15,4.368
2006-09-18,4.354
2006-09-19,4.348
2006-09-20,4.339
2006-09-21,4.328
2006-09-25,4.323
2006-09-26,4.316
2006-09-27,4.303
2006-09-28,4.297
2006-09-29,4.302
2006-10-03,4.294
2006-10-04,4.283
2006-10-05,4.255
2006-10-06,4.238
2006-10-09,4.258
2006-10-10,4.256
2006-10-11,4.269
2006-10-12,4.269
2006-10-13,4.248
2006-10-16,4.265
2006-10-17,4.265
2006-10-18,4.273
2006-10-19,4.273
2006-10-20,4.278
2006-10-23,4.282
2006-10-24,4.283
2006-10-25,4.287
2006-10-26,4.285
2006-10-27,4.294
2006-10-30,4.288
2006-10-31,4.288
2006-11-01,4.261
2006-11-02,4.283
2006-11-03,4.29
2006-11-06,4.31
2006-11-07,4.331
2006-11-08,4.33
2006-11-09,4.324
2006-11-10,4.289
2006-11-13,4.289
2006-11-14,4.288
2006-11-15,4.292
2006-11-16,4.319
2006-11-17,4.308
2006-11-20,4.312
2006-11-21,4.325
2006-11-22,4.321
2006-11-23,4.313
2006-11-24,4.296
2006-11-27,4.3
2006-11-28,4.291
2006-11-30,4.247
2006-12-01,4.234
2006-12-04,4.23
2006-12-05,4.225
2006-12-06,4.2
2006-12-07,4.198
2006-12-08,4.195
2006-12-11,4.202
2006-12-12,4.202
2006-12-13,4.182
2006-12-14,4.176
2006-12-15,4.178
2006-12-18,4.193
2006-12-19,4.193
2006-12-20,4.178
2006-12-21,4.181
2006-12-22,4.186
2006-12-26,4.222
2006-12-27,4.225
2006-12-28,4.207
2006-12-29,4.225
2007-01-02,4.205
2007-01-03,4.187
2007-01-04,4.204
2007-01-05,4.235
2007-01-08,4.238
2007-01-09,4.234
2007-01-10,4.249
2007-01-11,4.238
2007-01-12,4.225
2007-01-15,4.222
2007-01-16,4.219
2007-01-17,4.228
2007-01-18,4.222
2007-01-19,4.219
2007-01-22,4.22
2007-01-23,4.221
2007-01-24,4.226
2007-01-25,4.225
2007-01-26,4.243
2007-01-29,4.251
2007-01-30,4.251
2007-01-31,4.26
2007-02-01,4.242
2007-02-02,4.247
2007-02-05,4.254
2007-02-06,4.248
2007-02-07,4.237
2007-02-08,4.233
2007-02-09,4.226
2007-02-12,4.238
2007-02-13,4.241
2007-02-14,4.229
2007-02-15,4.22
2007-02-16,4.203
2007-02-19,4.183
2007-02-20,4.184
2007-02-21,4.188
2007-02-22,4.183
2007-02-23,4.19
2007-02-26,4.199
2007-02-27,4.204
2007-02-28,4.211
2007-03-01,4.218
2007-03-02,4.209
2007-03-06,4.222
2007-03-07,4.222
2007-03-08,4.211
2007-03-09,4.196
2007-03-12,4.2
2007-03-13,4.206
2007-03-14,4.212
2007-03-15,4.212
2007-03-16,4.209
2007-03-19,4.208
2007-03-20,4.211
2007-03-21,4.197
2007-03-22,4.19
2007-03-23,4.191
2007-03-26,4.203
2007-03-27,4.181
2007-03-28,4.179
2007-03-29,4.17
2007-03-30,4.155
2007-04-04,4.135
2007-04-05,4.129
2007-04-10,4.124
2007-04-11,4.107
2007-04-12,4.066
2007-04-13,4.069
2007-04-16,4.046
2007-04-17,4.064
2007-04-18,4.069
2007-04-19,4.076
2007-04-20,4.07
2007-04-23,4.067
2007-04-25,4.029
2007-04-26,4.014
2007-04-27,4.018
2007-04-30,4.024
2007-05-01,4.035
2007-05-02,4.065
2007-05-03,4.044
2007-05-04,4.042
2007-05-07,3.998
2007-05-08,3.99
2007-05-09,3.974
2007-05-10,3.954
2007-05-11,3.977
2007-05-14,3.96
2007-05-15,3.973
2007-05-16,3.932
2007-05-17,3.952
2007-05-18,3.996
2007-05-21,3.998
2007-05-22,3.991
2007-05-24,3.999
2007-05-25,4.032
2007-05-29,4.023
2007-05-30,4.052
2007-05-31,4.033
2007-06-01,4.071
2007-06-04,4.062
2007-06-05,4.063
2007-06-06,4.098
2007-06-07,4.14
2007-06-08,4.197
2007-06-11,4.187
2007-06-12,4.187
2007-06-13,4.214
2007-06-14,4.183
2007-06-15,4.175
2007-06-18,4.142
2007-06-19,4.168
2007-06-20,4.187
2007-06-21,4.23
2007-06-22,4.222
2007-06-25,4.251
2007-06-26,4.262
2007-06-27,4.291
2007-06-28,4.257
2007-06-29,4.249
2007-07-02,4.237
2007-07-03,4.192
2007-07-04,4.183
2007-07-05,4.213
2007-07-06,4.236
2007-07-09,4.226
2007-07-10,4.231
2007-07-11,4.256
2007-07-12,4.264
2007-07-13,4.272
2007-07-16,4.283
2007-07-17,4.288
2007-07-18,4.285
2007-07-19,4.243
2007-07-20,4.227
2007-07-23,4.241
2007-07-25,4.221
2007-07-26,4.275
2007-07-27,4.321
2007-07-30,4.342
2007-07-31,4.305
2007-08-01,4.337
2007-08-02,4.337
2007-08-03,4.312
2007-08-06,4.296
2007-08-07,4.296
2007-08-08,4.278
2007-08-09,4.272
2007-08-10,4.292
2007-08-13,4.238
2007-08-14,4.222
2007-08-15,4.241
2007-08-16,4.251
2007-08-17,4.238
2007-08-20,4.202
2007-08-21,4.202
2007-08-22,4.17
2007-08-23,4.157
2007-08-24,4.176
2007-08-27,4.155
2007-08-28,4.125
2007-08-29,4.128
2007-08-30,4.113
2007-08-31,4.124
2007-09-03,4.131
2007-09-04,4.137
2007-09-05,4.117
2007-09-06,4.134
2007-09-07,4.129
2007-09-10,4.132
2007-09-11,4.102
2007-09-17,4.093
2007-09-18,4.103
2007-09-19,4.058
2007-09-20,4.06
2007-09-24,4.035
2007-09-25,4.034
2007-09-26,4.03
2007-09-28,4.013
2007-10-01,3.98
2007-10-02,4.002
2007-10-03,4.01
2007-10-05,4.013
2007-10-08,3.999
2007-10-09,4.045
2007-10-10,4.022
2007-10-11,4.041
2007-10-12,4.027
2007-10-15,4.036
2007-10-16,4.047
2007-10-17,4.029
2007-10-18,4.013
2007-10-19,4.018
2007-10-22,4.034
2007-10-23,4.025
2007-10-24,4.03
2007-10-25,4.006
2007-10-26,3.992
2007-10-29,3.992
2007-10-30,3.978
2007-10-31,3.966
2007-11-01,3.964
2007-11-02,3.969
2007-11-05,3.958
2007-11-06,3.941
2007-11-07,3.923
2007-11-08,3.927
2007-11-09,3.927
2007-11-12,3.962
2007-11-13,3.956
2007-11-14,3.931
2007-11-15,3.934
2007-11-16,3.935
2007-11-19,3.932
2007-11-20,3.898
2007-11-21,3.903
2007-11-22,3.891
2007-11-23,3.862
2007-11-26,3.866
2007-11-27,3.861
2007-11-28,3.875
2007-11-29,3.849
2007-11-30,3.83
2007-12-03,3.841
2007-12-04,3.841
2007-12-05,3.845
2007-12-06,3.881
2007-12-07,3.875
2007-12-10,3.893
2007-12-11,3.921
2007-12-12,3.938
2007-12-13,3.927
2007-12-14,3.971
2007-12-17,4.008
2007-12-18,3.974
2007-12-19,3.942
2007-12-20,3.943
2007-12-21,3.914
2007-12-24,3.876
2007-12-26,3.92
2007-12-27,3.871
2007-12-28,3.857
2007-12-31,3.846
2008-01-02,3.861
2008-01-03,3.838
2008-01-04,3.807
2008-01-07,3.828
2008-01-08,3.799
2008-01-09,3.791
2008-01-10,3.805
2008-01-11,3.775
2008-01-14,3.725
2008-01-15,3.711
2008-01-16,3.737
2008-01-17,3.744
2008-01-18,3.78
2008-01-21,3.801
2008-01-22,3.795
2008-01-23,3.712
2008-01-24,3.682
2008-01-25,3.71
2008-01-28,3.709
2008-01-29,3.639
2008-01-30,3.646
2008-01-31,3.625
2008-02-01,3.594
2008-02-04,3.578
2008-02-05,3.607
2008-02-06,3.626
2008-02-07,3.655
2008-02-08,3.611
2008-02-11,3.618
2008-02-12,3.581
2008-02-13,3.608
2008-02-14,3.615
2008-02-15,3.591
2008-02-18,3.602
2008-02-19,3.591
2008-02-20,3.622
2008-02-21,3.614
2008-02-22,3.592
2008-02-25,3.58
2008-02-26,3.628
2008-02-27,3.608
2008-02-28,3.621
2008-02-29,3.635
2008-03-03,3.656
2008-03-04,3.626
2008-03-05,3.591
2008-03-06,3.599
2008-03-07,3.6
2008-03-10,3.577
2008-03-11,3.515
2008-03-12,3.482
2008-03-13,3.403
2008-03-14,3.474
2008-03-17,3.426
2008-03-18,3.38
2008-03-19,3.377
2008-03-20,3.399
2008-03-24,3.523
2008-03-25,3.513
2008-03-26,3.504
2008-03-27,3.5
2008-03-28,3.519
2008-03-31,3.553
2008-04-01,3.544
2008-04-02,3.554
2008-04-03,3.577
2008-04-04,3.614
2008-04-07,3.64
2008-04-08,3.613
2008-04-09,3.597
2008-04-10,3.613
2008-04-11,3.6
2008-04-14,3.565
2008-04-15,3.489
2008-04-16,3.477
2008-04-17,3.465
2008-04-18,3.425
2008-04-21,3.452
2008-04-22,3.468
2008-04-23,3.442
2008-04-24,3.453
2008-04-25,3.486
2008-04-28,3.463
2008-04-29,3.467
2008-04-30,3.429
2008-05-01,3.424
2008-05-02,3.45
2008-05-05,3.437
2008-05-06,3.416
2008-05-07,3.443
2008-05-09,3.461
2008-05-12,3.45
2008-05-13,3.434
2008-05-14,3.428
2008-05-15,3.424
2008-05-16,3.362
2008-05-19,3.368
2008-05-20,3.378
2008-05-21,3.362
2008-05-22,3.338
2008-05-23,3.333
2008-05-27,3.285
2008-05-28,3.288
2008-05-29,3.262
2008-05-30,3.233
2008-06-02,3.26
2008-06-03,3.268
2008-06-04,3.325
2008-06-05,3.376
2008-06-06,3.333
2008-06-10,3.375
2008-06-11,3.399
2008-06-12,3.426
2008-06-13,3.422
2008-06-16,3.418
2008-06-17,3.34
2008-06-18,3.345
2008-06-19,3.366
2008-06-20,3.354
2008-06-23,3.373
2008-06-24,3.373
2008-06-25,3.388
2008-06-26,3.375
2008-06-27,3.378
2008-06-30,3.352
2008-07-01,3.338
2008-07-02,3.284
2008-07-03,3.253
2008-07-04,3.273
2008-07-07,3.246
2008-07-08,3.266
2008-07-09,3.23
2008-07-10,3.314
2008-07-11,3.38
2008-07-14,3.329
2008-07-15,3.302
2008-07-16,3.344
2008-07-17,3.373
2008-07-18,3.384
2008-07-21,3.427
2008-07-22,3.465
2008-07-23,3.473
2008-07-24,3.489
2008-07-25,3.486
2008-07-28,3.477
2008-07-29,3.464
2008-07-30,3.469
2008-07-31,3.47
2008-08-01,3.515
2008-08-04,3.543
2008-08-05,3.556
2008-08-06,3.55
2008-08-07,3.538
2008-08-08,3.588
2008-08-11,3.566
2008-08-12,3.589
2008-08-13,3.594
2008-08-14,3.585
2008-08-15,3.59
2008-08-18,3.569
2008-08-19,3.576
2008-08-20,3.576
2008-08-21,3.536
2008-08-22,3.476
2008-08-25,3.514
2008-08-26,3.533
2008-08-27,3.566
2008-08-28,3.581
2008-08-29,3.592
2008-09-01,3.618
2008-09-02,3.635
2008-09-03,3.602
2008-09-04,3.582
2008-09-05,3.586
2008-09-08,3.582
2008-09-09,3.592
2008-09-10,3.598
2008-09-11,3.625
2008-09-12,3.621
2008-09-15,3.59
2008-09-16,3.554
2008-09-17,3.549
2008-09-18,3.521
2008-09-19,3.532
2008-09-22,3.486
2008-09-23,3.402
2008-09-24,3.421
2008-09-25,3.396
2008-09-26,3.421
2008-10-02,3.494
2008-10-03,3.465
2008-10-06,3.465
2008-10-07,3.503
2008-10-10,3.595
2008-10-13,3.607
2008-10-15,3.629
2008-10-16,3.705
2008-10-17,3.739
2008-10-20,3.749
2008-10-22,3.834
2008-10-23,3.841
2008-10-24,3.879
2008-10-27,3.824
2008-10-28,3.777
2008-10-29,3.767
2008-10-30,3.713
2008-10-31,3.783
2008-11-03,3.752
2008-11-04,3.778
2008-11-05,3.827
2008-11-06,3.837
2008-11-07,3.816
2008-11-10,3.776
2008-11-11,3.796
2008-11-12,3.876
2008-11-13,3.928
2008-11-14,3.883
2008-11-17,3.915
2008-11-18,3.964
2008-11-19,3.969
2008-11-20,3.998
2008-11-21,4.022
2008-11-24,3.993
2008-11-25,3.969
2008-11-26,3.89
2008-11-27,3.899
2008-11-28,3.92
2008-12-01,3.99
2008-12-02,3.955
2008-12-03,3.978
2008-12-04,3.964
2008-12-05,3.981
2008-12-08,3.935
2008-12-09,3.931
2008-12-10,3.904
2008-12-11,3.911
2008-12-12,3.898
2008-12-15,3.863
2008-12-16,3.833
2008-12-17,3.755
2008-12-18,3.677
2008-12-19,3.736
2008-12-22,3.835
2008-12-23,3.835
2008-12-24,3.873
2008-12-29,3.848
2008-12-30,3.765
2008-12-31,3.802
2009-01-02,3.783
2009-01-05,3.853
2009-01-06,3.861
2009-01-07,3.857
2009-01-08,3.888
2009-01-09,3.861
2009-01-12,3.895
2009-01-13,3.915
2009-01-14,3.889
2009-01-15,3.885
2009-01-16,3.861
2009-01-19,3.84
2009-01-20,3.888
2009-01-21,3.903
2009-01-22,3.945
2009-01-23,3.974
2009-01-26,3.995
2009-01-27,3.98
2009-01-28,4.025
2009-01-29,4.017
2009-01-30,4.065
2009-02-02,4.065
2009-02-03,4.074
2009-02-04,4.074
2009-02-05,4.067
2009-02-06,4.012
2009-02-09,4.037
2009-02-11,4.061
2009-02-12,4.054
2009-02-13,4.045
2009-02-16,4.074
2009-02-17,4.135
2009-02-18,4.142
2009-02-19,4.123
2009-02-20,4.16
2009-02-23,4.148
2009-02-24,4.161
2009-02-25,4.191
2009-02-26,4.173
2009-02-27,4.162
2009-03-02,4.209
2009-03-03,4.206
2009-03-04,4.211
2009-03-05,4.235
2009-03-06,4.234
2009-03-09,4.245
2009-03-12,4.215
2009-03-13,4.171
2009-03-16,4.135
2009-03-17,4.144
2009-03-18,4.124
2009-03-19,4.05
2009-03-20,4.024
2009-03-23,4.052
2009-03-24,4.066
2009-03-25,4.101
2009-03-26,4.148
2009-03-27,4.196
2009-03-30,4.226
2009-03-31,4.188
2009-04-01,4.209
2009-04-02,4.175
2009-04-03,4.165
2009-04-06,4.125
2009-04-07,4.172
2009-04-14,4.166
2009-04-16,4.189
2009-04-17,4.179
2009-04-20,4.207
2009-04-21,4.214
2009-04-22,4.205
2009-04-23,4.229
2009-04-24,4.248
2009-04-27,4.233
2009-04-28,4.256
2009-04-30,4.163
2009-05-01,4.161
2009-05-04,4.161
2009-05-05,4.125
2009-05-06,4.141
2009-05-07,4.134
2009-05-08,4.101
2009-05-11,4.1
2009-05-12,4.102
2009-05-13,4.109
2009-05-14,4.154
2009-05-15,4.145
2009-05-18,4.169
2009-05-19,4.121
2009-05-20,4.091
2009-05-21,4.017
2009-05-22,3.96
2009-05-26,4.0
2009-05-27,3.992
2009-05-28,3.958
2009-06-01,3.887
2009-06-02,3.911
2009-06-03,3.932
2009-06-04,3.967
2009-06-05,3.931
2009-06-08,4.005
2009-06-09,3.967
2009-06-10,3.914
2009-06-11,3.921
2009-06-12,3.916
2009-06-15,3.965
2009-06-16,3.932
2009-06-17,3.95
2009-06-18,3.958
2009-06-19,3.958
2009-06-22,3.955
2009-06-23,3.968
2009-06-24,3.933
2009-06-25,3.962
2009-06-26,3.973
2009-06-29,3.936
2009-06-30,3.919
2009-07-01,3.89
2009-07-02,3.866
2009-07-03,3.884
2009-07-06,3.916
2009-07-07,3.91
2009-07-08,3.964
2009-07-09,3.956
2009-07-10,3.965
2009-07-13,3.987
2009-07-14,3.96
2009-07-15,3.919
2009-07-16,3.902
2009-07-17,3.904
2009-07-20,3.902
2009-07-21,3.888
2009-07-22,3.886
2009-07-23,3.881
2009-07-24,3.867
2009-07-27,3.811
2009-07-28,3.781
2009-07-29,3.803
2009-07-31,3.79
2009-08-03,3.743
2009-08-04,3.866
2009-08-05,3.889
2009-08-06,3.931
2009-08-07,3.912
2009-08-10,3.873
2009-08-11,3.87
2009-08-12,3.857
2009-08-13,3.818
2009-08-14,3.789
2009-08-17,3.811
2009-08-18,3.824
2009-08-19,3.832
2009-08-20,3.811
2009-08-21,3.818
2009-08-24,3.804
2009-08-25,3.796
2009-08-26,3.797
2009-08-27,3.799
2009-08-28,3.822
2009-08-31,3.811
2009-09-01,3.796
2009-09-02,3.807
2009-09-03,3.796
2009-09-04,3.762
2009-09-07,3.757
2009-09-08,3.78
2009-09-09,3.781
2009-09-10,3.788
2009-09-11,3.782
2009-09-14,3.779
2009-09-15,3.761
2009-09-16,3.74
2009-09-17,3.75
2009-09-21,3.742
2009-09-22,3.729
2009-09-23,3.732
2009-09-24,3.733
2009-09-25,3.77
2009-09-29,3.774
2009-09-30,3.758
2009-10-01,3.78
2009-10-02,3.766
2009-10-05,3.76
2009-10-06,3.733
2009-10-07,3.734
2009-10-08,3.732
2009-10-09,3.737
2009-10-12,3.728
2009-10-13,3.714
2009-10-14,3.709
2009-10-15,3.718
2009-10-16,3.709
2009-10-19,3.708
2009-10-20,3.7
2009-10-21,3.704
2009-10-22,3.698
2009-10-23,3.692
2009-10-26,3.69
2009-10-27,3.709
2009-10-28,3.745
2009-10-29,3.764
2009-10-30,3.746
2009-11-02,3.775
2009-11-03,3.806
2009-11-04,3.793
2009-11-05,3.792
2009-11-06,3.771
2009-11-09,3.741
2009-11-10,3.759
2009-11-11,3.749
2009-11-12,3.769
2009-11-13,3.774
2009-11-16,3.753
2009-11-17,3.768
2009-11-18,3.77
2009-11-19,3.793
2009-11-20,3.811
2009-11-23,3.801
2009-11-24,3.777
2009-11-25,3.762
2009-11-26,3.776
2009-11-27,3.826
2009-11-30,3.792
2009-12-01,3.775
2009-12-02,3.777
2009-12-03,3.772
2009-12-04,3.774
2009-12-07,3.815
2009-12-08,3.797
2009-12-09,3.806
2009-12-10,3.781
2009-12-11,3.775
2009-12-14,3.78
2009-12-15,3.787
2009-12-16,3.783
2009-12-17,3.803
2009-12-18,3.793
2009-12-21,3.801
2009-12-22,3.801
2009-12-23,3.808
2009-12-24,3.797
2009-12-28,3.793
2009-12-29,3.79
2009-12-30,3.789
2009-12-31,3.775
2010-01-04,3.765
2010-01-05,3.736
2010-01-06,3.74
2010-01-07,3.727
2010-01-08,3.718
2010-01-11,3.683
2010-01-12,3.691
2010-01-13,3.667
2010-01-14,3.683
2010-01-15,3.682
2010-01-18,3.687
2010-01-19,3.69
2010-01-20,3.704
2010-01-21,3.715
2010-01-22,3.727
2010-01-25,3.722
2010-01-26,3.733
2010-01-27,3.729
2010-01-28,3.728
2010-01-29,3.724
2010-02-01,3.735
2010-02-02,3.707
2010-02-03,3.704
2010-02-04,3.722
2010-02-05,3.747
2010-02-08,3.732
2010-02-09,3.728
2010-02-10,3.749
2010-02-11,3.739
2010-02-12,3.739
2010-02-15,3.752
2010-02-16,3.744
2010-02-17,3.738
2010-02-18,3.749
2010-02-19,3.76
2010-02-22,3.766
2010-02-23,3.767
2010-02-24,3.772
2010-02-25,3.785
2010-02-26,3.796
2010-03-02,3.787
2010-03-03,3.769
2010-03-04,3.778
2010-03-05,3.771
2010-03-08,3.763
2010-03-09,3.766
2010-03-10,3.748
2010-03-11,3.731
2010-03-12,3.718
2010-03-15,3.715
2010-03-16,3.722
2010-03-17,3.714
2010-03-18,3.729
2010-03-19,3.733
2010-03-22,3.739
2010-03-23,3.741
2010-03-24,3.742
2010-03-25,3.749
2010-03-26,3.75
2010-03-31,3.713
2010-04-01,3.697
2010-04-06,3.7
2010-04-07,3.707
2010-04-08,3.699
2010-04-09,3.692
2010-04-12,3.682
2010-04-13,3.684
2010-04-14,3.705
2010-04-15,3.701
2010-04-16,3.701
2010-04-19,3.724
2010-04-21,3.719
2010-04-22,3.738
2010-04-23,3.743
2010-04-26,3.719
2010-04-27,3.735
2010-04-28,3.749
2010-04-29,3.728
2010-04-30,3.716
2010-05-03,3.73
2010-05-04,3.737
2010-05-05,3.75
2010-05-06,3.772
2010-05-07,3.803
2010-05-10,3.748
2010-05-11,3.757
2010-05-12,3.748
2010-05-13,3.753
2010-05-14,3.759
2010-05-17,3.778
2010-05-18,3.759
2010-05-20,3.819
2010-05-21,3.822
2010-05-24,3.811
2010-05-25,3.87
2010-05-26,3.845
2010-05-27,3.834
2010-05-28,3.829
2010-06-01,3.879
2010-06-02,3.853
2010-06-03,3.845
2010-06-04,3.853
2010-06-07,3.875
2010-06-08,3.873
2010-06-09,3.884
2010-06-10,3.849
2010-06-11,3.848
2010-06-14,3.825
2010-06-15,3.819
2010-06-16,3.819
2010-06-17,3.818
2010-06-18,3.814
2010-06-21,3.814
2010-06-22,3.841
2010-06-23,3.86
2010-06-24,3.867
2010-06-25,3.864
2010-06-28,3.888
2010-06-29,3.888
2010-06-30,3.875
2010-07-01,3.883
2010-07-02,3.89
2010-07-05,3.886
2010-07-06,3.888
2010-07-07,3.894
2010-07-08,3.866
2010-07-09,3.866
2010-07-12,3.866
2010-07-13,3.86
2010-07-14,3.859
2010-07-15,3.859
2010-07-16,3.858
2010-07-19,3.859
2010-07-21,3.862
2010-07-22,3.864
2010-07-23,3.849
2010-07-26,3.859
2010-07-27,3.802
2010-07-28,3.805
2010-07-29,3.789
2010-07-30,3.779
2010-08-02,3.769
2010-08-03,3.753
2010-08-04,3.774
2010-08-05,3.761
2010-08-06,3.775
2010-08-09,3.756
2010-08-10,3.772
2010-08-11,3.791
2010-08-12,3.8
2010-08-13,3.79
2010-08-16,3.803
2010-08-17,3.78
2010-08-18,3.778
2010-08-19,3.785
2010-08-20,3.794
2010-08-23,3.8
2010-08-24,3.817
2010-08-25,3.821
2010-08-26,3.815
2010-08-27,3.829
2010-08-30,3.818
2010-08-31,3.817
2010-09-01,3.798
2010-09-02,3.788
2010-09-03,3.779
2010-09-06,3.772
2010-09-07,3.782
2010-09-13,3.77
2010-09-14,3.772
2010-09-15,3.754
2010-09-16,3.733
2010-09-20,3.728
2010-09-21,3.716
2010-09-22,3.694
2010-09-24,3.693
2010-09-27,3.681
2010-09-28,3.677
2010-09-29,3.665
2010-10-01,3.645
2010-10-04,3.628
2010-10-05,3.618
2010-10-06,3.601
2010-10-07,3.591
2010-10-08,3.601
2010-10-11,3.599
2010-10-12,3.62
2010-10-13,3.593
2010-10-14,3.58
2010-10-15,3.569
2010-10-18,3.581
2010-10-19,3.589
2010-10-20,3.619
2010-10-21,3.61
2010-10-22,3.638
2010-10-25,3.599
2010-10-26,3.632
2010-10-27,3.642
2010-10-28,3.645
2010-10-29,3.636
2010-11-01,3.627
2010-11-02,3.622
2010-11-03,3.613
2010-11-04,3.58
2010-11-05,3.582
2010-11-08,3.613
2010-11-09,3.622
2010-11-10,3.64
2010-11-11,3.658
2010-11-12,3.68
2010-11-15,3.672
2010-11-16,3.677
2010-11-17,3.684
2010-11-18,3.653
2010-11-19,3.643
2010-11-22,3.62
2010-11-23,3.643
2010-11-24,3.654
2010-11-25,3.651
2010-11-26,3.679
2010-11-29,3.677
2010-11-30,3.683
2010-12-01,3.665
2010-12-02,3.652
2010-12-03,3.635
2010-12-06,3.631
2010-12-07,3.623
2010-12-08,3.642
2010-12-09,3.628
2010-12-10,3.616
2010-12-13,3.611
2010-12-14,3.592
2010-12-15,3.584
2010-12-16,3.598
2010-12-17,3.588
2010-12-20,3.606
2010-12-21,3.598
2010-12-22,3.596
2010-12-23,3.595
2010-12-24,3.592
2010-12-27,3.583
2010-12-28,3.57
2010-12-29,3.577
2010-12-30,3.56
2010-12-31,3.549
2011-01-03,3.544
2011-01-04,3.528
2011-01-05,3.542
2011-01-06,3.558
2011-01-07,3.576
2011-01-10,3.577
2011-01-11,3.552
2011-01-12,3.536
2011-01-13,3.566
2011-01-14,3.55
2011-01-17,3.548
2011-01-18,3.529
2011-01-19,3.544
2011-01-20,3.599
2011-01-21,3.632
2011-01-24,3.625
2011-01-25,3.618
2011-01-26,3.6
2011-01-27,3.656
2011-01-28,3.68
2011-01-31,3.71
2011-02-01,3.691
2011-02-02,3.675
2011-02-03,3.683
2011-02-04,3.713
2011-02-07,3.676
2011-02-08,3.678
2011-02-09,3.665
2011-02-10,3.688
2011-02-11,3.693
2011-02-14,3.667
2011-02-15,3.65
2011-02-16,3.611
2011-02-17,3.613
2011-02-18,3.624
2011-02-21,3.602
2011-02-22,3.634
2011-02-23,3.634
2011-02-24,3.658
2011-02-25,3.656
2011-02-28,3.622
2011-03-01,3.623
2011-03-02,3.635
2011-03-03,3.611
2011-03-04,3.611
2011-03-07,3.598
2011-03-08,3.583
2011-03-09,3.565
2011-03-10,3.567
2011-03-11,3.579
2011-03-14,3.553
2011-03-15,3.56
2011-03-16,3.561
2011-03-17,3.562
2011-03-18,3.554
2011-03-22,3.524
2011-03-23,3.536
2011-03-24,3.546
2011-03-25,3.555
2011-03-28,3.54
2011-03-29,3.525
2011-03-30,3.511
2011-03-31,3.481
2011-04-01,3.473
2011-04-04,3.465
2011-04-05,3.468
2011-04-06,3.46
2011-04-07,3.451
2011-04-08,3.438
2011-04-11,3.441
2011-04-12,3.446
2011-04-13,3.417
2011-04-14,3.431
2011-04-15,3.416
2011-04-20,3.424
2011-04-21,3.405
2011-04-26,3.413
2011-04-27,3.42
2011-04-28,3.411
2011-04-29,3.395
2011-05-02,3.377
2011-05-03,3.397
2011-05-04,3.392
2011-05-05,3.407
2011-05-06,3.447
2011-05-09,3.448
2011-05-11,3.465
2011-05-12,3.504
2011-05-13,3.485
2011-05-16,3.538
2011-05-17,3.52
2011-05-18,3.529
2011-05-19,3.49
2011-05-20,3.474
2011-05-23,3.516
2011-05-24,3.496
2011-05-25,3.499
2011-05-26,3.469
2011-05-27,3.472
2011-05-31,3.437
2011-06-01,3.42
2011-06-02,3.406
2011-06-03,3.387
2011-06-06,3.383
2011-06-07,3.363
2011-06-09,3.377
2011-06-10,3.393
2011-06-13,3.434
2011-06-14,3.395
2011-06-15,3.418
2011-06-16,3.485
2011-06-17,3.463
2011-06-20,3.459
2011-06-21,3.416
2011-06-22,3.421
2011-06-23,3.45
2011-06-24,3.445
2011-06-27,3.451
2011-06-28,3.463
2011-06-29,3.426
2011-06-30,3.415
2011-07-01,3.399
2011-07-04,3.389
2011-07-05,3.411
2011-07-06,3.42
2011-07-07,3.406
2011-07-08,3.398
2011-07-11,3.434
2011-07-12,3.465
2011-07-13,3.437
2011-07-14,3.431
2011-07-15,3.439
2011-07-18,3.452
2011-07-19,3.439
2011-07-20,3.419
2011-07-21,3.428
2011-07-22,3.391
2011-07-25,3.408
2011-07-26,3.398
2011-07-27,3.4
2011-07-28,3.43
2011-07-29,3.43
2011-08-01,3.412
2011-08-02,3.449
2011-08-03,3.464
2011-08-04,3.489
2011-08-05,3.52
2011-08-08,3.552
2011-08-10,3.515
2011-08-11,3.548
2011-08-12,3.548
2011-08-15,3.52
2011-08-16,3.538
2011-08-17,3.519
2011-08-18,3.557
2011-08-19,3.586
2011-08-22,3.578
2011-08-23,3.578
2011-08-24,3.608
2011-08-25,3.609
2011-08-26,3.626
2011-08-29,3.606
2011-08-30,3.572
2011-08-31,3.558
2011-09-01,3.574
2011-09-02,3.584
2011-09-05,3.633
2011-09-06,3.656
2011-09-07,3.673
2011-09-08,3.681
2011-09-09,3.7
2011-09-12,3.725
2011-09-13,3.712
2011-09-14,3.714
2011-09-15,3.686
2011-09-16,3.654
2011-09-19,3.698
2011-09-20,3.682
2011-09-21,3.689
2011-09-22,3.721
2011-09-23,3.712
2011-09-26,3.725
2011-09-27,3.712
2011-10-03,3.755
2011-10-04,3.763
2011-10-05,3.734
2011-10-06,3.725
2011-10-10,3.675
2011-10-11,3.688
2011-10-12,3.66
2011-10-14,3.66
2011-10-17,3.635
2011-10-18,3.651
2011-10-19,3.634
2011-10-21,3.646
2011-10-24,3.644
2011-10-25,3.643
2011-10-26,3.65
2011-10-27,3.62
2011-10-28,3.602
2011-10-31,3.604
2011-11-01,3.65
2011-11-02,3.651
2011-11-03,3.665
2011-11-04,3.665
2011-11-07,3.682
2011-11-08,3.674
2011-11-09,3.712
2011-11-10,3.723
2011-11-11,3.721
2011-11-14,3.723
2011-11-15,3.732
2011-11-16,3.726
2011-11-17,3.728
2011-11-18,3.731
2011-11-21,3.741
2011-11-22,3.732
2011-11-23,3.761
2011-11-24,3.774
2011-11-25,3.795
2011-11-28,3.8
2011-11-29,3.781
2011-11-30,3.793
2011-12-01,3.741
2011-12-02,3.732
2011-12-05,3.727
2011-12-06,3.736
2011-12-07,3.74
2011-12-08,3.741
2011-12-09,3.771
2011-12-12,3.762
2011-12-13,3.774
2011-12-14,3.805
2011-12-15,3.8
2011-12-16,3.792
2011-12-19,3.797
2011-12-20,3.783
2011-12-21,3.775
2011-12-22,3.784
2011-12-23,3.783
2011-12-27,3.775
2011-12-28,3.796
2011-12-29,3.817
2011-12-30,3.821
2012-01-03,3.814
2012-01-04,3.847
2012-01-05,3.854
2012-01-06,3.839
2012-01-09,3.839
2012-01-10,3.833
2012-01-11,3.849
2012-01-12,3.836
2012-01-13,3.83
2012-01-16,3.851
2012-01-17,3.834
2012-01-18,3.813
2012-01-19,3.784
2012-01-20,3.783
2012-01-23,3.775
2012-01-24,3.787
2012-01-25,3.789
2012-01-26,3.764
2012-01-27,3.768
2012-01-30,3.766
2012-01-31,3.733
2012-02-01,3.737
2012-02-02,3.727
2012-02-03,3.717
2012-02-06,3.719
2012-02-07,3.732
2012-02-08,3.7
2012-02-09,3.721
2012-02-10,3.713
2012-02-13,3.717
2012-02-14,3.736
2012-02-15,3.734
2012-02-16,3.771
2012-02-17,3.753
2012-02-20,3.725
2012-02-21,3.738
2012-02-22,3.752
2012-02-23,3.755
2012-02-24,3.756
2012-02-27,3.803
2012-02-28,3.785
2012-02-29,3.766
2012-03-01,3.784
2012-03-02,3.791
2012-03-05,3.8
2012-03-06,3.814
2012-03-07,3.808
2012-03-12,3.786
2012-03-13,3.775
2012-03-14,3.787
2012-03-15,3.784
2012-03-16,3.769
2012-03-19,3.762
2012-03-20,3.749
2012-03-21,3.743
2012-03-22,3.755
2012-03-23,3.735
2012-03-26,3.734
2012-03-27,3.715
2012-03-28,3.724
2012-03-29,3.734
2012-03-30,3.715
2012-04-02,3.723
2012-04-03,3.723
2012-04-04,3.745
2012-04-05,3.744
2012-04-10,3.744
2012-04-11,3.758
2012-04-12,3.76
2012-04-16,3.754
2012-04-17,3.754
2012-04-18,3.769
2012-04-19,3.762
2012-04-20,3.757
2012-04-23,3.764
2012-04-24,3.758
2012-04-25,3.75
2012-04-27,3.757
2012-04-30,3.75
2012-05-01,3.768
2012-05-02,3.786
2012-05-03,3.778
2012-05-04,3.781
2012-05-07,3.804
2012-05-08,3.802
2012-05-09,3.815
2012-05-10,3.822
2012-05-11,3.823
2012-05-14,3.83
2012-05-15,3.827
2012-05-16,3.835
2012-05-17,3.828
2012-05-18,3.84
2012-05-21,3.826
2012-05-22,3.816
2012-05-23,3.859
2012-05-24,3.847
2012-05-25,3.849
2012-05-28,3.856
2012-05-29,3.876
2012-05-30,3.88
2012-05-31,3.881
2012-06-01,3.915
2012-06-04,3.892
2012-06-05,3.896
2012-06-06,3.887
2012-06-07,3.871
2012-06-08,3.882
2012-06-11,3.864
2012-06-12,3.889
2012-06-13,3.882
2012-06-14,3.881
2012-06-15,3.867
2012-06-18,3.856
2012-06-19,3.856
2012-06-20,3.865
2012-06-21,3.875
2012-06-22,3.905
2012-06-25,3.914
2012-06-26,3.939
2012-06-27,3.947
2012-06-28,3.942
2012-06-29,3.923
2012-07-02,3.92
2012-07-03,3.926
2012-07-04,3.918
2012-07-05,3.913
2012-07-06,3.93
2012-07-09,3.964
2012-07-10,3.956
2012-07-11,3.963
2012-07-12,3.978
2012-07-13,3.968
2012-07-16,3.984
2012-07-17,3.982
2012-07-18,4.008
2012-07-19,4.035
2012-07-20,3.997
2012-07-23,4.041
2012-07-24,4.064
2012-07-25,4.062
2012-07-26,4.079
2012-07-27,4.084
2012-07-30,4.035
2012-07-31,3.997
2012-08-01,3.97
2012-08-02,3.977
2012-08-03,4.007
2012-08-06,3.979
2012-08-07,3.998
2012-08-08,3.997
2012-08-09,3.987
2012-08-10,4.004
2012-08-13,4.041
2012-08-14,4.035
2012-08-15,4.033
2012-08-16,4.043
2012-08-17,4.028
2012-08-20,4.034
2012-08-21,4.024
2012-08-22,4.03
2012-08-23,4.003
2012-08-24,4.025
2012-08-27,4.025
2012-08-28,4.013
2012-08-29,4.029
2012-08-30,4.043
2012-08-31,4.028
2012-09-03,4.02
2012-09-04,4.018
2012-09-05,4.029
2012-09-06,4.025
2012-09-07,3.998
2012-09-10,3.98
2012-09-11,3.961
2012-09-12,3.95
2012-09-13,3.966
2012-09-14,3.919
2012-09-19,3.91
2012-09-20,3.92
2012-09-21,3.887
2012-09-24,3.918
2012-09-27,3.925
2012-09-28,3.912
2012-10-02,3.888
2012-10-03,3.884
2012-10-04,3.879
2012-10-05,3.856
2012-10-09,3.862
2012-10-10,3.865
2012-10-11,3.852
2012-10-12,3.84
2012-10-15,3.816
2012-10-16,3.813
2012-10-17,3.792
2012-10-18,3.809
2012-10-19,3.823
2012-10-22,3.816
2012-10-23,3.83
2012-10-24,3.855
2012-10-25,3.858
2012-10-26,3.874
2012-10-29,3.889
2012-10-30,3.895
2012-10-31,3.878
2012-11-01,3.872
2012-11-02,3.884
2012-11-05,3.904
2012-11-06,3.894
2012-11-07,3.879
2012-11-08,3.903
2012-11-09,3.896
2012-11-12,3.927
2012-11-13,3.927
2012-11-14,3.918
2012-11-15,3.952
2012-11-16,3.952
2012-11-19,3.94
2012-11-20,3.924
2012-11-21,3.916
2012-11-22,3.867
2012-11-23,3.874
2012-11-26,3.865
2012-11-27,3.857
2012-11-28,3.865
2012-11-29,3.83
2012-11-30,3.81
2012-12-03,3.807
2012-12-04,3.815
2012-12-05,3.805
2012-12-06,3.813
2012-12-07,3.835
2012-12-10,3.828
2012-12-11,3.806
2012-12-12,3.78
2012-12-13,3.783
2012-12-14,3.799
2012-12-17,3.777
2012-12-18,3.769
2012-12-19,3.75
2012-12-20,3.747
2012-12-21,3.747
2012-12-24,3.746
2012-12-26,3.747
2012-12-27,3.726
2012-12-28,3.729
2012-12-31,3.733
2013-01-02,3.714
2013-01-03,3.735
2013-01-04,3.775
2013-01-07,3.791
2013-01-08,3.764
2013-01-09,3.783
2013-01-10,3.777
2013-01-11,3.742
2013-01-14,3.733
2013-01-15,3.734
2013-01-16,3.733
2013-01-17,3.723
2013-01-18,3.717
2013-01-21,3.738
2013-01-23,3.722
2013-01-24,3.719
2013-01-25,3.714
2013-01-28,3.732
2013-01-29,3.729
2013-01-30,3.725
2013-01-31,3.728
2013-02-01,3.682
2013-02-04,3.685
2013-02-05,3.691
2013-02-06,3.696
2013-02-07,3.687
2013-02-08,3.695
2013-02-11,3.701
2013-02-12,3.697
2013-02-13,3.687
2013-02-14,3.68
2013-02-15,3.684
2013-02-18,3.678
2013-02-19,3.683
2013-02-20,3.663
2013-02-21,3.673
2013-02-22,3.71
2013-02-26,3.733
2013-02-27,3.728
2013-02-28,3.708
2013-03-01,3.723
2013-03-04,3.733
2013-03-05,3.732
2013-03-06,3.726
2013-03-07,3.723
2013-03-08,3.695
2013-03-11,3.69
2013-03-12,3.682
2013-03-13,3.693
2013-03-14,3.7
2013-03-15,3.681
2013-03-18,3.693
2013-03-19,3.682
2013-03-20,3.68
2013-03-21,3.676
2013-03-22,3.666
2013-03-27,3.637
2013-03-28,3.648
2013-04-02,3.62
2013-04-03,3.618
2013-04-04,3.631
2013-04-05,3.627
2013-04-08,3.618
2013-04-09,3.629
2013-04-10,3.633
2013-04-11,3.623
2013-04-12,3.628
2013-04-15,3.627
2013-04-17,3.624
2013-04-18,3.623
2013-04-19,3.629
2013-04-22,3.629
2013-04-23,3.625
2013-04-24,3.619
2013-04-25,3.606
2013-04-26,3.604
2013-04-29,3.592
2013-04-30,3.594
2013-05-01,3.587
2013-05-02,3.574
2013-05-03,3.569
2013-05-06,3.57
2013-05-07,3.56
2013-05-08,3.564
2013-05-09,3.556
2013-05-10,3.558
2013-05-13,3.571
2013-05-14,3.638
2013-05-16,3.647
2013-05-17,3.644
2013-05-20,3.66
2013-05-21,3.675
2013-05-22,3.665
2013-05-23,3.702
2013-05-24,3.696
2013-05-28,3.707
2013-05-29,3.694
2013-05-30,3.682
2013-05-31,3.683
2013-06-03,3.687
2013-06-04,3.676
2013-06-05,3.671
2013-06-06,3.649
2013-06-07,3.629
2013-06-10,3.632
2013-06-11,3.642
2013-06-12,3.627
2013-06-13,3.615
2013-06-14,3.601
2013-06-17,3.602
2013-06-18,3.594
2013-06-19,3.595
2013-06-20,3.63
2013-06-21,3.628
2013-06-24,3.634
2013-06-25,3.605
2013-06-26,3.616
2013-06-27,3.648
2013-06-28,3.618
2013-07-01,3.637
2013-07-02,3.629
2013-07-03,3.651
2013-07-04,3.633
2013-07-05,3.645
2013-07-08,3.661
2013-07-09,3.65
2013-07-10,3.646
2013-07-11,3.615
2013-07-12,3.607
2013-07-15,3.597
2013-07-17,3.576
2013-07-18,3.601
2013-07-19,3.582
2013-07-22,3.571
2013-07-23,3.571
2013-07-24,3.577
2013-07-25,3.594
2013-07-26,3.577
2013-07-29,3.594
2013-07-30,3.569
2013-07-31,3.566
2013-08-01,3.559
2013-08-02,3.577
2013-08-05,3.561
2013-08-06,3.553
2013-08-07,3.556
2013-08-08,3.539
2013-08-09,3.53
2013-08-12,3.545
2013-08-13,3.55
2013-08-14,3.573
2013-08-15,3.572
2013-08-16,3.562
2013-08-19,3.572
2013-08-20,3.568
2013-08-21,3.567
2013-08-22,3.587
2013-08-23,3.588
2013-08-26,3.603
2013-08-27,3.657
2013-08-28,3.666
2013-08-29,3.63
2013-08-30,3.614
2013-09-02,3.616
2013-09-03,3.632
2013-09-09,3.625
2013-09-10,3.604
2013-09-11,3.565
2013-09-12,3.564
2013-09-16,3.533
2013-09-17,3.537
2013-09-18,3.537
2013-09-20,3.504
2013-09-23,3.515
2013-09-24,3.526
2013-09-25,3.559
2013-09-27,3.571
2013-09-30,3.537
2013-10-01,3.532
2013-10-02,3.534
2013-10-03,3.537
2013-10-04,3.547
2013-10-07,3.541
2013-10-08,3.561
2013-10-09,3.567
2013-10-10,3.559
2013-10-11,3.547
2013-10-14,3.537
2013-10-15,3.546
2013-10-16,3.554
2013-10-17,3.535
2013-10-18,3.533
2013-10-21,3.535
2013-10-22,3.528
2013-10-23,3.52
2013-10-24,3.532
2013-10-25,3.526
2013-10-28,3.529
2013-10-29,3.524
2013-10-30,3.518
2013-10-31,3.519
2013-11-01,3.527
2013-11-04,3.533
2013-11-05,3.532
2013-11-06,3.531
2013-11-07,3.537
2013-11-08,3.536
2013-11-11,3.535
2013-11-12,3.534
2013-11-13,3.531
2013-11-14,3.532
2013-11-15,3.519
2013-11-18,3.524
2013-11-19,3.522
2013-11-20,3.544
2013-11-21,3.569
2013-11-22,3.559
2013-11-25,3.563
2013-11-26,3.542
2013-11-27,3.541
2013-11-28,3.534
2013-11-29,3.523
2013-12-02,3.53
2013-12-03,3.523
2013-12-04,3.522
2013-12-05,3.524
2013-12-06,3.517
2013-12-09,3.503
2013-12-10,3.495
2013-12-11,3.503
2013-12-12,3.507
2013-12-13,3.503
2013-12-16,3.507
2013-12-17,3.511
2013-12-18,3.505
2013-12-19,3.514
2013-12-20,3.518
2013-12-23,3.503
2013-12-24,3.488
2013-12-26,3.492
2013-12-27,3.492
2013-12-30,3.478
2013-12-31,3.471
2014-01-02,3.486
2014-01-03,3.504
2014-01-06,3.502
2014-01-07,3.501
2014-01-08,3.507
2014-01-09,3.503
2014-01-10,3.497
2014-01-13,3.488
2014-01-14,3.489
2014-01-15,3.483
2014-01-16,3.492
2014-01-17,3.489
2014-01-20,3.493
2014-01-21,3.498
2014-01-22,3.49
2014-01-23,3.486
2014-01-24,3.483
2014-01-27,3.489
2014-01-28,3.494
2014-01-29,3.49
2014-01-30,3.492
2014-01-31,3.498
2014-02-03,3.521
2014-02-04,3.531
2014-02-05,3.539
2014-02-06,3.549
2014-02-07,3.533
2014-02-10,3.525
2014-02-11,3.516
2014-02-12,3.523
2014-02-13,3.513
2014-02-14,3.506
2014-02-17,3.509
2014-02-18,3.512
2014-02-19,3.511
2014-02-20,3.517
2014-02-21,3.51
2014-02-24,3.505
2014-02-25,3.517
2014-02-26,3.521
2014-02-27,3.517
2014-02-28,3.496
2014-03-03,3.492
2014-03-04,3.488
2014-03-05,3.487
2014-03-06,3.475
2014-03-07,3.459
2014-03-10,3.474
2014-03-11,3.473
2014-03-12,3.471
2014-03-13,3.465
2014-03-14,3.471
2014-03-18,3.462
2014-03-19,3.462
2014-03-20,3.484
2014-03-21,3.479
2014-03-24,3.488
2014-03-25,3.49
2014-03-26,3.489
2014-03-27,3.504
2014-03-28,3.498
2014-03-31,3.487
2014-04-01,3.476
2014-04-02,3.475
2014-04-03,3.472
2014-04-04,3.476
2014-04-07,3.493
2014-04-08,3.48
2014-04-09,3.482
2014-04-10,3.467
2014-04-11,3.461
2014-04-16,3.47
2014-04-17,3.474
2014-04-22,3.484
2014-04-23,3.489
2014-04-24,3.477
2014-04-25,3.47
2014-04-28,3.484
2014-04-29,3.468
2014-04-30,3.466
2014-05-01,3.454
2014-05-02,3.458
2014-05-05,3.458
2014-05-07,3.449
2014-05-08,3.447
2014-05-09,3.452
2014-05-12,3.456
2014-05-13,3.457
2014-05-14,3.457
2014-05-15,3.455
2014-05-16,3.461
2014-05-19,3.454
2014-05-20,3.468
2014-05-21,3.488
2014-05-22,3.487
2014-05-23,3.49
2014-05-27,3.478
2014-05-28,3.487
2014-05-29,3.476
2014-05-30,3.475
2014-06-02,3.476
2014-06-03,3.473
2014-06-05,3.472
2014-06-06,3.464
2014-06-09,3.461
2014-06-10,3.462
2014-06-11,3.461
2014-06-12,3.461
2014-06-13,3.452
2014-06-16,3.459
2014-06-17,3.453
2014-06-18,3.458
2014-06-19,3.445
2014-06-20,3.443
2014-06-23,3.453
2014-06-24,3.433
2014-06-25,3.441
2014-06-26,3.432
2014-06-27,3.434
2014-06-30,3.438
2014-07-01,3.426
2014-07-02,3.426
2014-07-03,3.424
2014-07-04,3.419
2014-07-07,3.422
2014-07-08,3.429
2014-07-09,3.436
2014-07-10,3.429
2014-07-11,3.428
2014-07-14,3.423
2014-07-15,3.405
2014-07-16,3.408
2014-07-17,3.41
2014-07-18,3.421
2014-07-21,3.421
2014-07-22,3.418
2014-07-23,3.411
2014-07-24,3.402
2014-07-25,3.426
2014-07-28,3.427
2014-07-29,3.426
2014-07-30,3.429
2014-07-31,3.429
2014-08-01,3.415
2014-08-04,3.419
2014-08-06,3.427
2014-08-07,3.45
2014-08-08,3.476
2014-08-11,3.472
2014-08-12,3.483
2014-08-13,3.493
2014-08-14,3.47
2014-08-15,3.467
2014-08-18,3.503
2014-08-19,3.523
2014-08-20,3.533
2014-08-21,3.536
2014-08-22,3.519
2014-08-25,3.543
2014-08-26,3.572
2014-08-27,3.571
2014-08-28,3.56
2014-08-29,3.568
2014-09-01,3.579
2014-09-02,3.578
2014-09-03,3.579
2014-09-04,3.582
2014-09-05,3.606
2014-09-08,3.6
2014-09-09,3.609
2014-09-10,3.614
2014-09-11,3.628
2014-09-12,3.636
2014-09-15,3.626
2014-09-16,3.641
2014-09-17,3.649
2014-09-18,3.649
2014-09-19,3.643
2014-09-22,3.658
2014-09-23,3.658
2014-09-29,3.686
2014-09-30,3.695
2014-10-01,3.672
2014-10-02,3.644
2014-10-06,3.67
2014-10-07,3.708
2014-10-08,3.737
2014-10-10,3.722
2014-10-13,3.737
2014-10-14,3.743
2014-10-15,3.729
2014-10-17,3.71
2014-10-20,3.746
2014-10-21,3.731
2014-10-22,3.742
2014-10-23,3.767
2014-10-24,3.793
2014-10-27,3.788
2014-10-28,3.765
2014-10-29,3.754
2014-10-30,3.777
2014-10-31,3.784
2014-11-03,3.789
2014-11-04,3.796
2014-11-05,3.8
2014-11-06,3.787
2014-11-07,3.81
2014-11-10,3.782
2014-11-11,3.815
2014-11-12,3.819
2014-11-13,3.812
2014-11-14,3.815
2014-11-17,3.824
2014-11-18,3.841
2014-11-19,3.838
2014-11-20,3.846
2014-11-21,3.833
2014-11-24,3.864
2014-11-25,3.863
2014-11-26,3.871
2014-11-27,3.886
2014-11-28,3.889
2014-12-01,3.914
2014-12-02,3.958
2014-12-03,3.994
2014-12-04,3.985
2014-12-05,3.96
2014-12-08,3.991
2014-12-09,3.944
2014-12-10,3.948
2014-12-11,3.918
2014-12-12,3.904
2014-12-15,3.919
2014-12-16,3.935
2014-12-17,3.922
2014-12-18,3.934
2014-12-19,3.93
2014-12-22,3.923
2014-12-23,3.914
2014-12-24,3.909
2014-12-29,3.929
2014-12-30,3.908
2014-12-31,3.889
2015-01-02,3.918
2015-01-05,3.963
2015-01-06,3.971
2015-01-07,3.96
2015-01-08,3.974
2015-01-09,3.958
2015-01-12,3.956
2015-01-13,3.945
2015-01-14,3.939
2015-01-15,3.899
2015-01-16,3.914
2015-01-19,3.93
2015-01-20,3.928
2015-01-21,3.933
2015-01-22,3.935
2015-01-23,3.963
2015-01-26,3.998
2015-01-27,3.995
2015-01-28,3.945
2015-01-29,3.926
2015-01-30,3.924
2015-02-02,3.937
2015-02-03,3.93
2015-02-04,3.894
2015-02-05,3.875
2015-02-06,3.869
2015-02-09,3.88
2015-02-10,3.875
2015-02-11,3.864
2015-02-12,3.893
2015-02-13,3.883
2015-02-16,3.89
2015-02-17,3.865
2015-02-18,3.85
2015-02-19,3.844
2015-02-20,3.861
2015-02-23,3.858
2015-02-24,3.952
2015-02-25,3.938
2015-02-26,3.933
2015-02-27,3.966
2015-03-02,3.986
2015-03-03,3.987
2015-03-04,3.984
2015-03-09,4.017
2015-03-10,4.041
2015-03-11,4.049
2015-03-12,4.022
2015-03-13,4.015
2015-03-16,4.019
2015-03-18,4.02
2015-03-19,4.006
2015-03-20,4.053
2015-03-23,4.018
2015-03-24,3.926
2015-03-25,3.948
2015-03-26,3.944
2015-03-27,3.973
2015-03-30,3.971
2015-03-31,3.98
2015-04-01,3.974
2015-04-02,3.956
2015-04-07,3.939
2015-04-08,3.939
2015-04-09,3.943
2015-04-13,4.014
2015-04-14,3.984
2015-04-15,3.975
2015-04-16,3.935
2015-04-17,3.929
2015-04-20,3.925
2015-04-21,3.946
2015-04-22,3.951
2015-04-24,3.924
2015-04-27,3.931
2015-04-28,3.894
2015-04-29,3.872
2015-04-30,3.861
2015-05-01,3.858
2015-05-04,3.89
2015-05-05,3.879
2015-05-06,3.867
2015-05-07,3.865
2015-05-08,3.868
2015-05-11,3.872
2015-05-12,3.863
2015-05-13,3.855
2015-05-14,3.819
2015-05-15,3.825
2015-05-18,3.819
2015-05-19,3.852
2015-05-20,3.874
2015-05-21,3.86
2015-05-22,3.873
2015-05-26,3.875
2015-05-27,3.875
2015-05-28,3.88
2015-05-29,3.876
2015-06-01,3.872
2015-06-02,3.862
2015-06-03,3.864
2015-06-04,3.836
2015-06-05,3.841
2015-06-08,3.868
2015-06-09,3.833
2015-06-10,3.827
2015-06-11,3.828
2015-06-12,3.838
2015-06-15,3.842
2015-06-16,3.835
2015-06-17,3.842
2015-06-18,3.812
2015-06-19,3.834
2015-06-22,3.833
2015-06-23,3.779
2015-06-24,3.761
2015-06-25,3.77
2015-06-26,3.792
2015-06-29,3.8
2015-06-30,3.769
2015-07-01,3.777
2015-07-02,3.78
2015-07-03,3.769
2015-07-06,3.776
2015-07-07,3.78
2015-07-08,3.797
2015-07-09,3.786
2015-07-10,3.777
2015-07-13,3.776
2015-07-14,3.775
2015-07-15,3.765
2015-07-16,3.789
2015-07-17,3.789
2015-07-20,3.824
2015-07-21,3.809
2015-07-22,3.809
2015-07-23,3.818
2015-07-24,3.825
2015-07-27,3.806
2015-07-28,3.774
2015-07-29,3.782
2015-07-30,3.781
2015-07-31,3.783
2015-08-03,3.772
2015-08-04,3.783
2015-08-05,3.807
2015-08-06,3.813
2015-08-07,3.808
2015-08-10,3.813
2015-08-11,3.818
2015-08-12,3.815
2015-08-13,3.807
2015-08-14,3.789
2015-08-17,3.81
2015-08-18,3.829
2015-08-19,3.878
2015-08-20,3.883
2015-08-21,3.874
2015-08-24,3.878
2015-08-25,3.864
2015-08-26,3.921
2015-08-27,3.928
2015-08-28,3.922
2015-08-31,3.93
2015-09-01,3.923
2015-09-02,3.93
2015-09-03,3.934
2015-09-04,3.927
2015-09-07,3.933
2015-09-08,3.922
2015-09-09,3.881
2015-09-10,3.906
2015-09-11,3.866
2015-09-16,3.889
2015-09-17,3.874
2015-09-18,3.863
2015-09-21,3.923
2015-09-24,3.941
2015-09-25,3.949
2015-09-29,3.936
2015-09-30,3.923
2015-10-01,3.918
2015-10-02,3.923
2015-10-06,3.874
2015-10-07,3.85
2015-10-08,3.848
2015-10-09,3.842
2015-10-12,3.835
2015-10-13,3.866
2015-10-14,3.85
2015-10-15,3.821
2015-10-16,3.816
2015-10-19,3.842
2015-10-20,3.859
2015-10-21,3.861
2015-10-22,3.855
2015-10-23,3.881
2015-10-26,3.894
2015-10-27,3.866
2015-10-28,3.872
2015-10-29,3.883
2015-10-30,3.867
2015-11-02,3.868
2015-11-03,3.878
2015-11-04,3.877
2015-11-05,3.888
2015-11-06,3.886
2015-11-09,3.913
2015-11-10,3.921
2015-11-11,3.911
2015-11-12,3.891
2015-11-13,3.889
2015-11-16,3.892
2015-11-17,3.905
2015-11-18,3.904
2015-11-19,3.885
2015-11-20,3.878
2015-11-23,3.894
2015-11-24,3.873
2015-11-25,3.877
2015-11-26,3.88
2015-11-27,3.889
2015-11-30,3.877
2015-12-01,3.879
2015-12-02,3.879
2015-12-03,3.887
2015-12-04,3.857
2015-12-07,3.855
2015-12-08,3.878
2015-12-09,3.885
2015-12-10,3.867
2015-12-11,3.86
2015-12-14,3.856
2015-12-15,3.859
2015-12-16,3.878
2015-12-17,3.895
2015-12-18,3.896
2015-12-21,3.9
2015-12-22,3.905
2015-12-23,3.895
2015-12-24,3.892
2015-12-28,3.886
2015-12-29,3.883
2015-12-30,3.896
2015-12-31,3.902
2016-01-04,3.913
2016-01-05,3.928
2016-01-06,3.941
2016-01-07,3.937
2016-01-08,3.922
2016-01-11,3.929
2016-01-12,3.942
2016-01-13,3.943
2016-01-14,3.944
2016-01-15,3.943
2016-01-18,3.955
2016-01-19,3.953
2016-01-20,3.983
2016-01-21,3.972
2016-01-22,3.971
2016-01-25,3.982
2016-01-26,3.976
2016-01-27,3.972
2016-01-28,3.961
2016-01-29,3.951
2016-02-01,3.955
2016-02-02,3.955
2016-02-03,3.964
2016-02-04,3.909
2016-02-05,3.883
2016-02-08,3.89
2016-02-09,3.887
2016-02-10,3.871
2016-02-11,3.888
2016-02-12,3.882
2016-02-15,3.889
2016-02-16,3.913
2016-02-17,3.906
2016-02-18,3.902
2016-02-19,3.911
2016-02-22,3.907
2016-02-23,3.907
2016-02-24,3.927
2016-02-25,3.907
2016-02-26,3.906
2016-02-29,3.91
2016-03-01,3.902
2016-03-02,3.886
2016-03-03,3.887
2016-03-04,3.893
2016-03-07,3.912
2016-03-08,3.911
2016-03-09,3.906
2016-03-10,3.903
2016-03-11,3.875
2016-03-14,3.878
2016-03-15,3.891
2016-03-16,3.901
2016-03-17,3.853
2016-03-18,3.857
2016-03-21,3.855
2016-03-22,3.851
2016-03-23,3.842
2016-03-28,3.837
2016-03-29,3.826
2016-03-30,3.788
2016-03-31,3.766
2016-04-01,3.786
2016-04-04,3.784
2016-04-05,3.802
2016-04-06,3.819
2016-04-07,3.795
2016-04-08,3.786
2016-04-11,3.782
2016-04-12,3.765
2016-04-13,3.773
2016-04-14,3.789
2016-04-15,3.785
2016-04-18,3.773
2016-04-19,3.763
2016-04-20,3.758
2016-04-21,3.764
2016-04-25,3.774
2016-04-26,3.763
2016-04-27,3.768
2016-04-28,3.761
2016-05-02,3.746
2016-05-03,3.747
2016-05-04,3.777
2016-05-05,3.781
2016-05-06,3.788
2016-05-09,3.779
2016-05-10,3.784
2016-05-11,3.772
2016-05-13,3.77
2016-05-16,3.812
2016-05-17,3.818
2016-05-18,3.835
2016-05-19,3.858
2016-05-20,3.871
2016-05-23,3.879
2016-05-24,3.865
2016-05-25,3.855
2016-05-26,3.837
2016-05-27,3.845
2016-05-31,3.85
2016-06-01,3.853
2016-06-02,3.854
2016-06-03,3.87
2016-06-06,3.831
2016-06-07,3.818
2016-06-08,3.826
2016-06-09,3.846
2016-06-10,3.849
2016-06-13,3.874
2016-06-14,3.864
2016-06-15,3.875
2016-06-16,3.871
2016-06-17,3.863
2016-06-20,3.851
2016-06-21,3.859
2016-06-22,3.852
2016-06-23,3.823
2016-06-24,3.885
2016-06-27,3.9
2016-06-28,3.878
2016-06-29,3.858
2016-06-30,3.846
2016-07-01,3.844
2016-07-04,3.856
2016-07-05,3.869
2016-07-06,3.895
2016-07-07,3.878
2016-07-08,3.882
2016-07-11,3.883
2016-07-12,3.874
2016-07-13,3.871
2016-07-14,3.852
2016-07-15,3.844
2016-07-18,3.86
2016-07-19,3.856
2016-07-20,3.859
2016-07-21,3.858
2016-07-22,3.839
2016-07-25,3.846
2016-07-26,3.844
2016-07-27,3.84
2016-07-28,3.828
2016-07-29,3.828
2016-08-01,3.806
2016-08-02,3.815
2016-08-03,3.822
2016-08-04,3.826
2016-08-05,3.821
2016-08-08,3.829
2016-08-09,3.82
2016-08-10,3.811
2016-08-11,3.811
2016-08-12,3.811
2016-08-15,3.808
2016-08-16,3.775
2016-08-17,3.791
2016-08-18,3.776
2016-08-19,3.771
2016-08-22,3.781
2016-08-23,3.768
2016-08-24,3.774
2016-08-25,3.768
2016-08-26,3.754
2016-08-29,3.788
2016-08-30,3.782
2016-08-31,3.786
2016-09-01,3.775
2016-09-02,3.768
2016-09-05,3.768
2016-09-06,3.766
2016-09-07,3.766
2016-09-08,3.749
2016-09-09,3.754
2016-09-12,3.771
2016-09-13,3.772
2016-09-14,3.786
2016-09-15,3.779
2016-09-16,3.762
2016-09-19,3.775
2016-09-20,3.776
2016-09-21,3.778
2016-09-22,3.759
2016-09-23,3.76
2016-09-26,3.765
2016-09-27,3.746
2016-09-28,3.758
2016-09-29,3.755
2016-09-30,3.758
2016-10-05,3.778
2016-10-06,3.778
2016-10-07,3.794
2016-10-10,3.791
2016-10-13,3.814
2016-10-14,3.815
2016-10-18,3.817
2016-10-19,3.819
2016-10-20,3.835
2016-10-21,3.848
2016-10-25,3.85
2016-10-26,3.841
2016-10-27,3.841
2016-10-28,3.856
2016-10-31,3.849
2016-11-01,3.827
2016-11-02,3.811
2016-11-03,3.815
2016-11-04,3.807
2016-11-07,3.812
2016-11-08,3.814
2016-11-09,3.799
2016-11-10,3.842
2016-11-11,3.844
2016-11-14,3.852
2016-11-15,3.844
2016-11-16,3.858
2016-11-17,3.853
2016-11-18,3.873
2016-11-21,3.867
2016-11-22,3.866
2016-11-23,3.868
2016-11-24,3.876
2016-11-25,3.871
2016-11-28,3.857
2016-11-29,3.848
2016-11-30,3.839
2016-12-01,3.833
2016-12-02,3.827
2016-12-05,3.817
2016-12-06,3.809
2016-12-07,3.802
2016-12-08,3.787
2016-12-09,3.818
2016-12-12,3.822
2016-12-13,3.81
2016-12-14,3.802
2016-12-15,3.843
2016-12-16,3.85
2016-12-19,3.867
2016-12-20,3.856
2016-12-21,3.83
2016-12-22,3.817
2016-12-23,3.819
2016-12-27,3.85
2016-12-28,3.855
2016-12-29,3.844
2016-12-30,3.845
2017-01-03,3.86
2017-01-04,3.857
2017-01-05,3.853
2017-01-06,3.843
2017-01-09,3.849
2017-01-10,3.845
2017-01-11,3.852
2017-01-12,3.825
2017-01-13,3.818
2017-01-16,3.826
2017-01-17,3.817
2017-01-18,3.81
2017-01-19,3.81
2017-01-20,3.811
2017-01-23,3.798
2017-01-24,3.787
2017-01-25,3.786
2017-01-26,3.783
2017-01-27,3.798
2017-01-30,3.785
2017-01-31,3.769
2017-02-01,3.768
2017-02-02,3.762
2017-02-03,3.76
2017-02-06,3.747
2017-02-07,3.753
2017-02-08,3.754
2017-02-09,3.749
2017-02-10,3.747
2017-02-13,3.748
2017-02-14,3.746
2017-02-15,3.747
2017-02-16,3.716
2017-02-17,3.716
2017-02-20,3.707
2017-02-21,3.707
2017-02-22,3.71
2017-02-23,3.708
2017-02-24,3.698
2017-02-27,3.679
2017-02-28,3.659
2017-03-01,3.632
2017-03-02,3.688
2017-03-03,3.693
2017-03-06,3.679
2017-03-07,3.677
2017-03-08,3.684
2017-03-09,3.688
2017-03-10,3.678
2017-03-14,3.661
2017-03-15,3.658
2017-03-16,3.631
2017-03-17,3.63
2017-03-20,3.619
2017-03-21,3.614
2017-03-22,3.656
2017-03-23,3.645
2017-03-24,3.646
2017-03-27,3.618
2017-03-28,3.616
2017-03-29,3.625
2017-03-30,3.615
2017-03-31,3.632
2017-04-03,3.628
2017-04-04,3.646
2017-04-05,3.653
2017-04-06,3.648
2017-04-07,3.649
2017-04-12,3.654
2017-04-13,3.647
2017-04-18,3.665
2017-04-19,3.667
2017-04-20,3.664
2017-04-21,3.681
2017-04-24,3.649
2017-04-25,3.648
2017-04-26,3.634
2017-04-27,3.643
2017-04-28,3.619
2017-05-03,3.613
2017-05-04,3.616
2017-05-05,3.61
2017-05-08,3.604
2017-05-09,3.603
2017-05-10,3.605
2017-05-11,3.61
2017-05-12,3.61
2017-05-15,3.598
2017-05-16,3.606
2017-05-17,3.603
2017-05-18,3.605
2017-05-19,3.593
2017-05-22,3.582
2017-05-23,3.589
2017-05-24,3.593
2017-05-25,3.576
2017-05-26,3.574
2017-05-30,3.561
2017-06-01,3.549
2017-06-02,3.558
2017-06-05,3.548
2017-06-06,3.545
2017-06-07,3.546
2017-06-08,3.539
2017-06-09,3.532
2017-06-12,3.533
2017-06-13,3.533
2017-06-14,3.529
2017-06-15,3.521
2017-06-16,3.527
2017-06-19,3.52
2017-06-20,3.533
2017-06-21,3.543
2017-06-22,3.543
2017-06-23,3.541
2017-06-26,3.536
2017-06-27,3.518
2017-06-28,3.521
2017-06-29,3.49
2017-06-30,3.496
2017-07-03,3.493
2017-07-04,3.514
2017-07-05,3.522
2017-07-06,3.53
2017-07-07,3.528
2017-07-10,3.547
2017-07-11,3.576
2017-07-12,3.554
2017-07-13,3.534
2017-07-14,3.538
2017-07-17,3.545
2017-07-18,3.565
2017-07-19,3.588
2017-07-20,3.574
2017-07-21,3.557
2017-07-24,3.59
2017-07-25,3.569
2017-07-26,3.57
2017-07-27,3.557
2017-07-28,3.56
2017-07-31,3.558
2017-08-02,3.579
2017-08-03,3.589
2017-08-04,3.607
2017-08-07,3.621
2017-08-08,3.605
2017-08-09,3.601
2017-08-10,3.6
2017-08-11,3.586
2017-08-14,3.583
2017-08-15,3.589
2017-08-16,3.628
2017-08-17,3.627
2017-08-18,3.624
2017-08-21,3.622
2017-08-22,3.623
2017-08-23,3.618
2017-08-24,3.599
2017-08-25,3.596
2017-08-28,3.581
2017-08-29,3.577
2017-08-30,3.574
2017-08-31,3.596
2017-09-01,3.584
2017-09-04,3.583
2017-09-05,3.568
2017-09-06,3.562
2017-09-07,3.528
2017-09-08,3.504
2017-09-11,3.521
2017-09-12,3.536
2017-09-13,3.537
2017-09-14,3.538
2017-09-15,3.523
2017-09-18,3.522
2017-09-19,3.515
2017-09-25,3.512
2017-09-26,3.527
2017-09-27,3.546
2017-09-28,3.529
2017-10-02,3.542
2017-10-03,3.531
2017-10-04,3.522
2017-10-06,3.52
2017-10-09,3.51
2017-10-10,3.505
2017-10-11,3.506
2017-10-13,3.501
2017-10-16,3.496
2017-10-17,3.509
2017-10-18,3.514
2017-10-19,3.501
2017-10-20,3.493
2017-10-23,3.491
2017-10-24,3.501
2017-10-25,3.512
2017-10-26,3.51
2017-10-27,3.535
2017-10-30,3.528
2017-10-31,3.521
2017-11-01,3.513
2017-11-02,3.506
2017-11-03,3.513
2017-11-06,3.513
2017-11-07,3.516
2017-11-08,3.513
2017-11-09,3.513
2017-11-10,3.529
2017-11-13,3.543
2017-11-14,3.544
2017-11-15,3.532
2017-11-16,3.523
2017-11-17,3.519
2017-11-20,3.516
2017-11-21,3.529
2017-11-22,3.525
2017-11-23,3.512
2017-11-24,3.513
2017-11-27,3.501
2017-11-28,3.503
2017-11-29,3.504
2017-11-30,3.499
2017-12-01,3.488
2017-12-04,3.49
2017-12-05,3.492
2017-12-06,3.513
2017-12-07,3.516
2017-12-08,3.521
2017-12-11,3.519
2017-12-12,3.539
2017-12-13,3.55
2017-12-14,3.528
2017-12-15,3.523
2017-12-18,3.513
2017-12-19,3.498
2017-12-20,3.499
2017-12-21,3.489
2017-12-22,3.485
2017-12-26,3.488
2017-12-27,3.479
2017-12-28,3.472
2017-12-29,3.467
2018-01-02,3.457
2018-01-03,3.46
2018-01-04,3.448
2018-01-05,3.446
2018-01-08,3.441
2018-01-09,3.444
2018-01-10,3.429
2018-01-11,3.423
2018-01-12,3.415
2018-01-15,3.4
2018-01-16,3.41
2018-01-17,3.452
2018-01-18,3.427
2018-01-19,3.406
2018-01-22,3.421
2018-01-23,3.422
2018-01-24,3.406
2018-01-25,3.403
2018-01-26,3.388
2018-01-29,3.409
2018-01-30,3.399
2018-01-31,3.405
2018-02-01,3.427
2018-02-02,3.43
2018-02-05,3.442
2018-02-06,3.485
2018-02-07,3.486
2018-02-08,3.499
2018-02-09,3.516
2018-02-12,3.524
2018-02-13,3.527
2018-02-14,3.533
2018-02-15,3.525
2018-02-16,3.535
2018-02-19,3.521
2018-02-20,3.498
2018-02-21,3.501
2018-02-22,3.497
2018-02-23,3.485
2018-02-26,3.494
2018-02-27,3.478
2018-02-28,3.485
2018-03-05,3.456
2018-03-06,3.469
2018-03-07,3.466
2018-03-08,3.459
2018-03-09,3.453
2018-03-12,3.44
2018-03-13,3.444
2018-03-14,3.431
2018-03-15,3.434
2018-03-16,3.452
2018-03-19,3.468
2018-03-20,3.479
2018-03-21,3.495
2018-03-22,3.48
2018-03-23,3.491
2018-03-26,3.491
2018-03-27,3.487
2018-03-28,3.499
2018-03-29,3.514
2018-04-03,3.518
2018-04-04,3.528
2018-04-05,3.537
2018-04-09,3.532
2018-04-10,3.506
2018-04-11,3.518
2018-04-12,3.518
2018-04-13,3.506
2018-04-16,3.503
2018-04-17,3.527
2018-04-18,3.519
2018-04-20,3.523
2018-04-23,3.544
2018-04-24,3.561
2018-04-25,3.59
2018-04-26,3.579
2018-04-27,3.597
2018-04-30,3.588
2018-05-01,3.616
2018-05-02,3.61
2018-05-03,3.632
2018-05-04,3.622
2018-05-07,3.625
2018-05-08,3.602
2018-05-09,3.6
2018-05-10,3.583
2018-05-11,3.569
2018-05-14,3.574
2018-05-15,3.599
2018-05-16,3.593
2018-05-17,3.587
2018-05-18,3.589
2018-05-21,3.584
2018-05-22,3.564
2018-05-23,3.58
2018-05-24,3.569
2018-05-25,3.568
2018-05-29,3.594
2018-05-30,3.577
2018-05-31,3.566
2018-06-01,3.565
2018-06-04,3.566
2018-06-05,3.575
2018-06-06,3.566
2018-06-07,3.57
2018-06-08,3.574
2018-06-11,3.572
2018-06-12,3.578
2018-06-13,3.587
2018-06-14,3.596
2018-06-15,3.605
2018-06-18,3.626
2018-06-19,3.644
2018-06-20,3.639
2018-06-21,3.623
2018-06-22,3.617
2018-06-25,3.616
2018-06-26,3.631
2018-06-27,3.646
2018-06-28,3.649
2018-06-29,3.65
2018-07-02,3.661
2018-07-03,3.655
2018-07-04,3.657
2018-07-05,3.626
2018-07-06,3.636
2018-07-09,3.618
2018-07-10,3.642
2018-07-11,3.638
2018-07-12,3.652
2018-07-13,3.643
2018-07-16,3.641
2018-07-17,3.631
2018-07-18,3.642
2018-07-19,3.649
2018-07-20,3.647
2018-07-23,3.633
2018-07-24,3.649
2018-07-25,3.641
2018-07-26,3.638
2018-07-27,3.667
2018-07-30,3.667
2018-07-31,3.664
2018-08-01,3.677
2018-08-02,3.689
2018-08-03,3.7
2018-08-06,3.71
2018-08-07,3.695
2018-08-08,3.684
2018-08-09,3.683
2018-08-10,3.694
2018-08-13,3.709
2018-08-14,3.691
2018-08-15,3.693
2018-08-16,3.688
2018-08-17,3.669
2018-08-20,3.662
2018-08-21,3.655
2018-08-22,3.635
2018-08-23,3.635
2018-08-24,3.639
2018-08-27,3.639
2018-08-28,3.624
2018-08-29,3.643
2018-08-30,3.61
2018-08-31,3.604
2018-09-03,3.615
2018-09-04,3.625
2018-09-05,3.619
2018-09-06,3.595
2018-09-07,3.581
2018-09-12,3.588
2018-09-13,3.575
2018-09-14,3.564
2018-09-17,3.583
2018-09-20,3.583
2018-09-21,3.573
2018-09-25,3.582
2018-09-26,3.579
2018-09-27,3.599
2018-09-28,3.627
2018-10-02,3.65
2018-10-03,3.64
2018-10-04,3.64
2018-10-05,3.633
2018-10-08,3.62
2018-10-09,3.642
2018-10-10,3.626
2018-10-11,3.635
2018-10-12,3.628
2018-10-15,3.628
2018-10-16,3.645
2018-10-17,3.649
2018-10-18,3.652
2018-10-19,3.667
2018-10-22,3.651
2018-10-23,3.67
2018-10-24,3.68
2018-10-25,3.693
2018-10-26,3.701
2018-10-29,3.704
2018-10-31,3.721
2018-11-01,3.706
2018-11-02,3.691
2018-11-05,3.7
2018-11-06,3.691
2018-11-07,3.668
2018-11-08,3.673
2018-11-09,3.683
2018-11-12,3.676
2018-11-13,3.689
2018-11-14,3.698
2018-11-15,3.695
2018-11-16,3.717
2018-11-19,3.708
2018-11-20,3.716
2018-11-21,3.743
2018-11-22,3.728
2018-11-23,3.737
2018-11-26,3.729
2018-11-27,3.728
2018-11-28,3.733
2018-11-29,3.71
2018-11-30,3.701
2018-12-03,3.718
2018-12-04,3.727
2018-12-05,3.724
2018-12-06,3.731
2018-12-07,3.738
2018-12-10,3.727
2018-12-11,3.748
2018-12-12,3.746
2018-12-13,3.753
2018-12-14,3.771
2018-12-17,3.778
2018-12-18,3.763
2018-12-19,3.756
2018-12-20,3.757
2018-12-21,3.773
2018-12-24,3.774
2018-12-26,3.774
2018-12-27,3.781
2018-12-28,3.771
2018-12-31,3.748
2019-01-02,3.746
2019-01-03,3.742
2019-01-04,3.72
2019-01-07,3.694
2019-01-08,3.699
2019-01-09,3.682
2019-01-10,3.664
2019-01-11,3.673
2019-01-14,3.657
2019-01-15,3.67
2019-01-16,3.678
2019-01-17,3.688
2019-01-18,3.692
2019-01-21,3.698
2019-01-22,3.69
2019-01-23,3.683
2019-01-24,3.683
2019-01-25,3.685
2019-01-28,3.68
2019-01-29,3.678
2019-01-30,3.671
2019-01-31,3.642
2019-02-01,3.633
2019-02-04,3.627
2019-02-05,3.61
2019-02-06,3.619
2019-02-07,3.627
2019-02-08,3.634
2019-02-11,3.643
2019-02-12,3.643
2019-02-13,3.637
2019-02-14,3.662
2019-02-15,3.641
2019-02-18,3.62
2019-02-19,3.631
2019-02-20,3.617
2019-02-21,3.617
2019-02-22,3.613
2019-02-25,3.605
2019-02-26,3.624
2019-02-27,3.619
2019-02-28,3.604
2019-03-01,3.624
2019-03-04,3.625
2019-03-05,3.619
2019-03-06,3.616
2019-03-07,3.616
2019-03-08,3.631
2019-03-11,3.621
2019-03-12,3.623
2019-03-13,3.617
2019-03-14,3.6
2019-03-15,3.604
2019-03-18,3.601
2019-03-19,3.606
2019-03-20,3.608
2019-03-25,3.623
2019-03-26,3.617
2019-03-27,3.635
2019-03-28,3.636
2019-03-29,3.632
2019-04-01,3.626
2019-04-02,3.624
2019-04-03,3.6
2019-04-04,3.603
2019-04-05,3.587
2019-04-08,3.58
2019-04-10,3.578
2019-04-11,3.583
2019-04-12,3.578
2019-04-15,3.561
2019-04-16,3.558
2019-04-17,3.575
2019-04-18,3.589
2019-04-23,3.593
2019-04-24,3.614
2019-04-25,3.628
2019-04-29,3.618
2019-04-30,3.608
2019-05-01,3.586
2019-05-02,3.598
2019-05-03,3.601
2019-05-06,3.591
2019-05-07,3.585
2019-05-08,3.584
2019-05-10,3.567
2019-05-13,3.568
2019-05-14,3.577
2019-05-15,3.571
2019-05-16,3.568
2019-05-17,3.575
2019-05-20,3.573
2019-05-21,3.598
2019-05-22,3.611
2019-05-23,3.615
2019-05-24,3.605
2019-05-28,3.614
2019-05-29,3.617
2019-05-30,3.62
2019-05-31,3.634
2019-06-03,3.633
2019-06-04,3.612
2019-06-05,3.61
2019-06-06,3.601
2019-06-07,3.601
2019-06-10,3.585
2019-06-11,3.581
2019-06-12,3.582
2019-06-13,3.592
2019-06-14,3.6
2019-06-17,3.61
2019-06-18,3.612
2019-06-19,3.609
2019-06-20,3.579
2019-06-21,3.594
2019-06-24,3.604
2019-06-25,3.602
2019-06-26,3.591
2019-06-27,3.582
2019-06-28,3.566
2019-07-01,3.574
2019-07-02,3.575
2019-07-03,3.572
2019-07-04,3.567
2019-07-05,3.562
2019-07-08,3.573
2019-07-09,3.568
2019-07-10,3.573
2019-07-11,3.547
2019-07-12,3.551
2019-07-15,3.539
2019-07-16,3.542
2019-07-17,3.541
2019-07-18,3.543
2019-07-19,3.535
2019-07-22,3.534
2019-07-23,3.537
2019-07-24,3.521
2019-07-25,3.523
2019-07-26,3.526
2019-07-29,3.525
2019-07-30,3.5
2019-07-31,3.499
2019-08-01,3.524
2019-08-02,3.509
2019-08-05,3.494
2019-08-06,3.494
2019-08-07,3.487
2019-08-08,3.483
2019-08-09,3.479
2019-08-12,3.484
2019-08-13,3.493
2019-08-14,3.489
2019-08-15,3.519
2019-08-16,3.541
2019-08-19,3.545
2019-08-20,3.524
2019-08-21,3.527
2019-08-22,3.525
2019-08-23,3.511
2019-08-26,3.519
2019-08-27,3.52
2019-08-28,3.524
2019-08-29,3.521
2019-08-30,3.535
2019-09-02,3.538
2019-09-03,3.549
2019-09-04,3.527
2019-09-05,3.512
2019-09-06,3.517
2019-09-09,3.527
2019-09-10,3.538
2019-09-11,3.544
2019-09-12,3.541
2019-09-13,3.527
2019-09-16,3.538
2019-09-18,3.541
2019-09-19,3.521
2019-09-20,3.513
2019-09-23,3.517
2019-09-24,3.507
2019-09-25,3.501
2019-09-26,3.517
2019-09-27,3.482
2019-10-02,3.485
2019-10-03,3.493
2019-10-04,3.481
2019-10-07,3.493
2019-10-10,3.504
2019-10-11,3.51
2019-10-15,3.513
2019-10-16,3.536
2019-10-17,3.545
2019-10-18,3.533
2019-10-22,3.537
2019-10-23,3.538
2019-10-24,3.523
2019-10-25,3.539
2019-10-28,3.529
2019-10-29,3.53
2019-10-30,3.528
2019-10-31,3.529
2019-11-01,3.521
2019-11-04,3.522
2019-11-05,3.501
2019-11-06,3.49
2019-11-07,3.487
2019-11-08,3.495
2019-11-11,3.499
2019-11-12,3.511
2019-11-13,3.495
2019-11-14,3.488
2019-11-15,3.478
2019-11-18,3.463
2019-11-19,3.457
2019-11-20,3.471
2019-11-21,3.455
2019-11-22,3.46
2019-11-25,3.461
2019-11-26,3.463
2019-11-27,3.471
2019-11-28,3.471
2019-11-29,3.476
2019-12-02,3.474
2019-12-03,3.481
2019-12-04,3.471
2019-12-05,3.467
2019-12-06,3.463
2019-12-09,3.471
2019-12-10,3.465
2019-12-11,3.477
2019-12-12,3.481
2019-12-13,3.476
2019-12-16,3.498
2019-12-17,3.492
2019-12-18,3.501
2019-12-19,3.493
2019-12-20,3.477
2019-12-23,3.472
2019-12-24,3.466
2019-12-26,3.472
2019-12-27,3.468
2019-12-30,3.463
2019-12-31,3.456
2020-01-02,3.452
2020-01-03,3.467
2020-01-06,3.475
2020-01-07,3.467
2020-01-08,3.465
2020-01-09,3.471
2020-01-10,3.473
2020-01-13,3.47
2020-01-14,3.47
2020-01-15,3.459
2020-01-16,3.456
2020-01-17,3.454
2020-01-20,3.456
2020-01-21,3.455
2020-01-22,3.452
2020-01-23,3.458
2020-01-24,3.455
2020-01-27,3.458
2020-01-28,3.455
2020-01-29,3.458
2020-01-30,3.45
2020-01-31,3.448
2020-02-03,3.446
2020-02-04,3.448
2020-02-05,3.452
2020-02-06,3.439
2020-02-07,3.426
2020-02-10,3.422
2020-02-11,3.419
2020-02-12,3.423
2020-02-13,3.431
2020-02-14,3.434
2020-02-17,3.428
2020-02-18,3.416
2020-02-19,3.424
2020-02-20,3.432
2020-02-21,3.424
2020-02-24,3.437
2020-02-25,3.429
2020-02-26,3.442
2020-02-27,3.434
2020-02-28,3.467
2020-03-03,3.461
2020-03-04,3.46
2020-03-05,3.466
2020-03-06,3.486
2020-03-09,3.508
2020-03-12,3.639
2020-03-13,3.652
2020-03-16,3.728
2020-03-17,3.862
2020-03-18,3.827
2020-03-19,3.683
2020-03-20,3.597
2020-03-23,3.698
2020-03-24,3.658
2020-03-25,3.642
2020-03-26,3.624
2020-03-27,3.598
2020-03-30,3.586
2020-03-31,3.565
2020-04-01,3.556
2020-04-02,3.63
2020-04-03,3.636
2020-04-06,3.627
2020-04-07,3.604
2020-04-14,3.579
2020-04-16,3.594
2020-04-17,3.591
2020-04-20,3.58
2020-04-21,3.552
2020-04-22,3.541
2020-04-23,3.557
2020-04-24,3.524
2020-04-27,3.515
2020-04-28,3.499
2020-04-30,3.5
2020-05-01,3.491
2020-05-04,3.527
2020-05-05,3.524
2020-05-06,3.511
2020-05-07,3.516
2020-05-11,3.518
2020-05-12,3.507
2020-05-13,3.511
2020-05-14,3.546
2020-05-15,3.533
2020-05-18,3.543
2020-05-19,3.525
2020-05-20,3.504
2020-05-21,3.514
2020-05-22,3.529
2020-05-26,3.515
2020-05-27,3.499
2020-05-28,3.502
2020-06-01,3.509
2020-06-02,3.484
2020-06-03,3.468
2020-06-04,3.479
2020-06-05,3.455
2020-06-08,3.462
2020-06-09,3.457
2020-06-10,3.447
2020-06-11,3.451
2020-06-12,3.464
2020-06-15,3.495
2020-06-16,3.472
2020-06-17,3.456
2020-06-18,3.451
2020-06-19,3.447
2020-06-22,3.446
2020-06-23,3.434
2020-06-24,3.425
2020-06-25,3.442
2020-06-26,3.437
2020-06-29,3.436
2020-06-30,3.466
2020-07-01,3.454
2020-07-02,3.448
2020-07-03,3.434
2020-07-06,3.442
2020-07-07,3.45
2020-07-08,3.455
2020-07-09,3.444
2020-07-10,3.457
2020-07-13,3.442
2020-07-14,3.442
2020-07-15,3.431
2020-07-16,3.427
2020-07-17,3.447
2020-07-20,3.431
2020-07-21,3.421
2020-07-22,3.419
2020-07-23,3.421
2020-07-24,3.42
2020-07-27,3.413
2020-07-28,3.415
2020-07-29,3.409
2020-07-31,3.408
2020-08-03,3.415
2020-08-04,3.424
2020-08-05,3.412
2020-08-06,3.409
2020-08-07,3.409
2020-08-10,3.414
2020-08-11,3.402
2020-08-12,3.406
2020-08-13,3.406
2020-08-14,3.404
2020-08-17,3.409
2020-08-18,3.401
2020-08-19,3.4
2020-08-20,3.402
2020-08-21,3.404
2020-08-24,3.402
2020-08-25,3.4
2020-08-26,3.401
2020-08-27,3.369
2020-08-28,3.368
2020-08-31,3.362
2020-09-01,3.353
2020-09-02,3.366
2020-09-03,3.368
2020-09-04,3.371
2020-09-07,3.378
2020-09-08,3.392
2020-09-09,3.407
2020-09-10,3.414
2020-09-11,3.438
2020-09-14,3.435
2020-09-15,3.422
2020-09-16,3.411
2020-09-17,3.422
2020-09-21,3.442
2020-09-22,3.441
2020-09-23,3.445
2020-09-24,3.478
2020-09-25,3.467
2020-09-29,3.459
2020-09-30,3.441
2020-10-01,3.427
2020-10-02,3.431
2020-10-05,3.422
2020-10-06,3.411
2020-10-07,3.407
2020-10-08,3.394
2020-10-09,3.381
2020-10-12,3.383
2020-10-13,3.386
2020-10-14,3.384
2020-10-15,3.394
2020-10-16,3.383
2020-10-19,3.378
2020-10-20,3.379
2020-10-21,3.385
2020-10-22,3.38
2020-10-23,3.378
2020-10-26,3.381
2020-10-27,3.382
2020-10-28,3.393
2020-10-29,3.41
2020-10-30,3.422
2020-11-02,3.4
2020-11-03,3.416
2020-11-04,3.41
2020-11-05,3.381
2020-11-06,3.377
2020-11-09,3.361
2020-11-10,3.376
2020-11-11,3.386
2020-11-12,3.377
2020-11-13,3.362
2020-11-16,3.356
2020-11-17,3.356
2020-11-18,3.342
2020-11-19,3.351
2020-11-20,3.344
2020-11-23,3.339
2020-11-24,3.341
2020-11-25,3.325
2020-11-26,3.32
2020-11-27,3.319
2020-11-30,3.308
2020-12-01,3.304
2020-12-02,3.289
2020-12-03,3.275
2020-12-04,3.266
2020-12-07,3.273
2020-12-08,3.248
2020-12-09,3.256
2020-12-10,3.251
2020-12-11,3.254
2020-12-14,3.257
2020-12-15,3.255
2020-12-16,3.253
2020-12-17,3.245
2020-12-18,3.241
2020-12-21,3.251
2020-12-22,3.234
2020-12-23,3.222
2020-12-24,3.218
2020-12-28,3.216
2020-12-29,3.212
2020-12-30,3.21
2020-12-31,3.215
2021-01-04,3.206
2021-01-05,3.203
2021-01-06,3.186
2021-01-07,3.182
2021-01-08,3.187
2021-01-11,3.183
2021-01-12,3.159
2021-01-13,3.134
2021-01-14,3.116
2021-01-15,3.231
2021-01-18,3.227
2021-01-19,3.232
2021-01-20,3.254
2021-01-21,3.28
2021-01-22,3.28
2021-01-25,3.265
2021-01-26,3.268
2021-01-27,3.264
2021-01-28,3.294
2021-01-29,3.291
2021-02-01,3.288
2021-02-02,3.3
2021-02-03,3.3
2021-02-04,3.298
2021-02-05,3.286
2021-02-08,3.282
2021-02-09,3.259
2021-02-10,3.253
2021-02-11,3.26
2021-02-12,3.249
2021-02-15,3.244
2021-02-16,3.237
2021-02-17,3.257
2021-02-18,3.265
2021-02-19,3.271
2021-02-22,3.268
2021-02-23,3.264
2021-02-24,3.264
2021-02-25,3.28
2021-03-01,3.306
2021-03-02,3.299
2021-03-03,3.287
2021-03-04,3.312
2021-03-05,3.318
2021-03-08,3.332
2021-03-09,3.329
2021-03-10,3.322
2021-03-11,3.304
2021-03-12,3.316
2021-03-15,3.309
2021-03-16,3.299
2021-03-17,3.289
2021-03-18,3.297
2021-03-19,3.289
2021-03-22,3.303
2021-03-24,3.295
2021-03-25,3.31
2021-03-26,3.325
2021-03-29,3.342
2021-03-30,3.33
2021-03-31,3.334
2021-04-01,3.333
2021-04-05,3.32
2021-04-06,3.309
2021-04-07,3.299
2021-04-08,3.286
2021-04-09,3.284
2021-04-12,3.291
2021-04-13,3.304
2021-04-14,3.287
2021-04-16,3.281
2021-04-19,3.265
2021-04-20,3.252
2021-04-21,3.256
2021-04-22,3.262
2021-04-23,3.255
2021-04-26,3.24
2021-04-27,3.241
2021-04-28,3.251
2021-04-29,3.246
2021-04-30,3.247
2021-05-03,3.246
2021-05-04,3.252
2021-05-05,3.265
2021-05-06,3.261
2021-05-07,3.261
2021-05-10,3.251
2021-05-11,3.284
2021-05-12,3.279
2021-05-13,3.296
2021-05-14,3.283
2021-05-18,3.273
2021-05-19,3.264
2021-05-20,3.264
2021-05-21,3.255
2021-05-24,3.259
2021-05-25,3.242
2021-05-26,3.247
2021-05-27,3.248
2021-05-28,3.253
2021-06-01,3.238
2021-06-02,3.254
2021-06-03,3.248
2021-06-04,3.257
2021-06-07,3.251
2021-06-08,3.243
2021-06-09,3.244
2021-06-10,3.244
2021-06-11,3.242
2021-06-14,3.247
2021-06-15,3.242
2021-06-16,3.239
2021-06-17,3.26
2021-06-18,3.265
2021-06-21,3.266
2021-06-22,3.261
2021-06-23,3.257
2021-06-24,3.253
2021-06-25,3.245
2021-06-28,3.261
2021-06-29,3.261
2021-06-30,3.26
2021-07-01,3.261
2021-07-02,3.273
2021-07-05,3.264
2021-07-06,3.263
2021-07-07,3.27
2021-07-08,3.279
2021-07-09,3.278
2021-07-12,3.284
2021-07-13,3.278
2021-07-14,3.278
2021-07-15,3.266
2021-07-16,3.281
2021-07-19,3.298
2021-07-20,3.298
2021-07-21,3.294
2021-07-22,3.271
2021-07-23,3.271
2021-07-26,3.264
2021-07-27,3.254
2021-07-28,3.252
2021-07-29,3.244
2021-07-30,3.233
2021-08-02,3.227
2021-08-03,3.217
2021-08-04,3.213
2021-08-05,3.214
2021-08-06,3.217
2021-08-09,3.221
2021-08-10,3.227
2021-08-11,3.218
2021-08-12,3.221
2021-08-13,3.223
2021-08-16,3.215
2021-08-17,3.224
2021-08-18,3.239
2021-08-19,3.243
2021-08-20,3.245
2021-08-23,3.23
2021-08-24,3.218
2021-08-25,3.227
2021-08-26,3.221
2021-08-27,3.232
2021-08-30,3.222
2021-08-31,3.207
2021-09-01,3.203
2021-09-02,3.208
2021-09-03,3.204
2021-09-09,3.203
2021-09-10,3.201
2021-09-13,3.206
2021-09-14,3.211
2021-09-17,3.207
2021-09-20,3.213
2021-09-22,3.208
2021-09-23,3.203
2021-09-24,3.201
2021-09-27,3.204
2021-09-29,3.212
2021-09-30,3.229
2021-10-01,3.227
2021-10-04,3.217
2021-10-05,3.229
2021-10-06,3.245
2021-10-07,3.228
2021-10-08,3.231
2021-10-11,3.229
2021-10-12,3.226
2021-10-13,3.235
2021-10-14,3.221
2021-10-15,3.219
2021-10-18,3.229
2021-10-19,3.212
2021-10-20,3.215
2021-10-21,3.211
2021-10-22,3.211
2021-10-25,3.206
2021-10-26,3.201
2021-10-27,3.191
2021-10-28,3.185
2021-10-29,3.158
2021-11-01,3.134
2021-11-02,3.13
2021-11-03,3.138
2021-11-04,3.125
2021-11-05,3.118
2021-11-08,3.103
2021-11-09,3.106
2021-11-10,3.109
2021-11-11,3.12
2021-11-12,3.112
2021-11-15,3.102
2021-11-16,3.09
2021-11-17,3.074
2021-11-18,3.079
2021-11-19,3.087
2021-11-22,3.089
2021-11-23,3.11
2021-11-24,3.168
2021-11-25,3.157
2021-11-26,3.181
2021-11-29,3.157
2021-11-30,3.162
2021-12-01,3.15
2021-12-02,3.168
2021-12-03,3.156
2021-12-06,3.161
2021-12-07,3.155
2021-12-08,3.111
2021-12-09,3.104
2021-12-10,3.103
2021-12-13,3.101
2021-12-14,3.113
2021-12-15,3.135
2021-12-16,3.106
2021-12-17,3.115
2021-12-20,3.152
2021-12-21,3.164
2021-12-22,3.165
2021-12-23,3.15
2021-12-24,3.149
2021-12-27,3.136
2021-12-28,3.111
2021-12-29,3.111
2021-12-30,3.11
2021-12-31,3.11
2022-01-03,3.092
2022-01-04,3.094
2022-01-05,3.093
2022-01-06,3.109
2022-01-07,3.109
2022-01-10,3.116
2022-01-11,3.127
2022-01-12,3.112
2022-01-13,3.117
2022-01-14,3.111
2022-01-17,3.105
2022-01-18,3.124
2022-01-19,3.125
2022-01-20,3.134
2022-01-21,3.14
2022-01-24,3.167
2022-01-25,3.183
2022-01-26,3.176
2022-01-27,3.196
2022-01-28,3.196
2022-01-31,3.195
2022-02-01,3.169
2022-02-02,3.16
2022-02-03,3.186
2022-02-04,3.199
2022-02-07,3.195
2022-02-08,3.224
2022-02-09,3.216
2022-02-10,3.221
2022-02-11,3.235
2022-02-14,3.262
2022-02-15,3.225
2022-02-16,3.183
2022-02-17,3.189
2022-02-18,3.193
2022-02-21,3.21
2022-02-22,3.219
2022-02-23,3.223
2022-02-24,3.271
2022-02-25,3.259
2022-02-28,3.238
2022-03-01,3.23
2022-03-02,3.233
2022-03-03,3.24
2022-03-04,3.245
2022-03-07,3.282
2022-03-08,3.3
2022-03-09,3.284
2022-03-10,3.271
2022-03-11,3.264
2022-03-14,3.268
2022-03-15,3.287
2022-03-16,3.263
2022-03-21,3.239
2022-03-22,3.225
2022-03-23,3.231
2022-03-24,3.221
2022-03-25,3.223
2022-03-28,3.222
2022-03-29,3.217
2022-03-30,3.188
2022-03-31,3.176
2022-04-01,3.203
2022-04-04,3.209
2022-04-05,3.205
2022-04-06,3.225
2022-04-07,3.228
2022-04-08,3.225
2022-04-11,3.211
2022-04-12,3.215
2022-04-13,3.207
2022-04-14,3.199
2022-04-19,3.236
2022-04-20,3.235
2022-04-21,3.217
2022-04-25,3.291
2022-04-26,3.292
2022-04-27,3.325
2022-04-28,3.32
2022-04-29,3.317
2022-05-02,3.352
2022-05-03,3.369
2022-05-04,3.356
2022-05-06,3.419
2022-05-09,3.438
2022-05-10,3.463
2022-05-11,3.425
2022-05-12,3.466
2022-05-13,3.412
2022-05-16,3.419
2022-05-17,3.363
2022-05-18,3.354
2022-05-19,3.391
2022-05-20,3.359
2022-05-23,3.356
2022-05-24,3.349
2022-05-25,3.359
2022-05-26,3.363
2022-05-27,3.355
2022-05-30,3.316
2022-05-31,3.338
2022-06-01,3.325
2022-06-02,3.34
2022-06-06,3.332
2022-06-07,3.338
2022-06-08,3.339
2022-06-09,3.338
2022-06-10,3.375
2022-06-13,3.44
2022-06-14,3.446
2022-06-15,3.454
2022-06-16,3.463
2022-06-17,3.46
2022-06-20,3.455
2022-06-21,3.454
2022-06-22,3.464
2022-06-23,3.447
2022-06-24,3.442
2022-06-27,3.397
2022-06-28,3.436
2022-06-29,3.45
2022-06-30,3.5
2022-07-01,3.526
2022-07-04,3.496
2022-07-05,3.519
2022-07-06,3.513
2022-07-07,3.491
2022-07-08,3.48
2022-07-11,3.474
2022-07-12,3.484
2022-07-13,3.47
2022-07-14,3.472
2022-07-15,3.482
2022-07-18,3.455
2022-07-19,3.435
2022-07-20,3.447
2022-07-21,3.455
2022-07-22,3.441
2022-07-25,3.44
2022-07-26,3.445
2022-07-27,3.427
2022-07-28,3.433
2022-07-29,3.391
2022-08-01,3.382
2022-08-02,3.367
2022-08-03,3.366
2022-08-04,3.35
2022-08-05,3.335
2022-08-08,3.327
2022-08-09,3.307
2022-08-10,3.291
2022-08-11,3.259
2022-08-12,3.241
2022-08-15,3.265
2022-08-16,3.273
2022-08-17,3.259
2022-08-18,3.243
2022-08-19,3.256
2022-08-22,3.282
2022-08-23,3.281
2022-08-24,3.278
2022-08-25,3.287
2022-08-26,3.259
2022-08-29,3.319
2022-08-30,3.305
2022-08-31,3.341
2022-09-01,3.364
2022-09-02,3.375
2022-09-05,3.415
2022-09-06,3.416
2022-09-07,3.434
2022-09-08,3.425
2022-09-09,3.417
2022-09-12,3.392
2022-09-13,3.354
2022-09-14,3.436
2022-09-15,3.442
2022-09-16,3.444
2022-09-19,3.449
2022-09-20,3.439
2022-09-21,3.464
2022-09-22,3.474
2022-09-23,3.489
2022-09-28,3.536
2022-09-29,3.536
2022-09-30,3.543
2022-10-03,3.583
2022-10-06,3.538
2022-10-07,3.525
2022-10-11,3.58
2022-10-12,3.565
2022-10-13,3.576
2022-10-14,3.547
2022-10-18,3.533
2022-10-19,3.541
2022-10-20,3.551
2022-10-21,3.56
2022-10-24,3.557
2022-10-25,3.559
2022-10-26,3.501
2022-10-27,3.525
2022-10-28,3.544
2022-10-31,3.53
2022-11-02,3.54
2022-11-03,3.569
2022-11-04,3.564
2022-11-07,3.54
2022-11-08,3.532
2022-11-09,3.543
2022-11-10,3.563
2022-11-11,3.451
2022-11-14,3.438
2022-11-15,3.435
2022-11-16,3.421
2022-11-17,3.457
2022-11-18,3.477
2022-11-21,3.464
2022-11-22,3.475
2022-11-23,3.453
2022-11-24,3.42
2022-11-25,3.419
2022-11-28,3.438
2022-11-29,3.431
2022-11-30,3.441
2022-12-01,3.414
2022-12-02,3.379
2022-12-05,3.386
2022-12-06,3.408
2022-12-07,3.445
2022-12-08,3.441
2022-12-09,3.42
2022-12-12,3.428
2022-12-13,3.433
2022-12-14,3.41
2022-12-15,3.425
2022-12-16,3.451
2022-12-19,3.441
2022-12-20,3.469
2022-12-21,3.477
2022-12-22,3.477
2022-12-23,3.493
2022-12-27,3.512
2022-12-28,3.524
2022-12-29,3.531
2022-12-30,3.519
2023-01-03,3.532
2023-01-04,3.527
2023-01-05,3.529
2023-01-06,3.556
2023-01-09,3.496
2023-01-10,3.48
2023-01-11,3.458
2023-01-12,3.429
2023-01-13,3.41
2023-01-16,3.417
2023-01-17,3.418
2023-01-18,3.381
2023-01-19,3.408
2023-01-20,3.407
2023-01-23,3.38
2023-01-24,3.373
2023-01-25,3.37
2023-01-26,3.399
2023-01-27,3.438
2023-01-30,3.468
2023-01-31,3.475
2023-02-01,3.456
2023-02-02,3.422
2023-02-03,3.398
2023-02-06,3.474
2023-02-07,3.473
2023-02-08,3.481
2023-02-09,3.489
2023-02-10,3.507
2023-02-13,3.54
2023-02-14,3.502
2023-02-15,3.529
2023-02-16,3.538
2023-02-17,3.566
2023-02-20,3.563
2023-02-21,3.649
2023-02-22,3.663
2023-02-23,3.613
2023-02-24,3.659
2023-02-27,3.673
2023-02-28,3.668
2023-03-01,3.636
2023-03-02,3.642
2023-03-03,3.664
2023-03-06,3.589
2023-03-09,3.598
2023-03-10,3.595
2023-03-13,3.626
2023-03-14,3.627
2023-03-15,3.641
2023-03-16,3.667
2023-03-17,3.667
2023-03-20,3.677
2023-03-21,3.65
2023-03-22,3.642
2023-03-23,3.612
2023-03-24,3.628
2023-03-27,3.557
2023-03-28,3.534
2023-03-29,3.566
2023-03-30,3.586
2023-03-31,3.615
2023-04-03,3.593
2023-04-04,3.564
2023-04-11,3.624
2023-04-13,3.655
2023-04-14,3.661
2023-04-17,3.647
2023-04-18,3.647
2023-04-19,3.659
2023-04-20,3.654
2023-04-21,3.656
2023-04-24,3.661
2023-04-25,3.639
2023-04-27,3.636
2023-04-28,3.641
2023-05-01,3.619
2023-05-02,3.62
2023-05-03,3.637
2023-05-04,3.636
2023-05-05,3.647
2023-05-08,3.633
2023-05-09,3.659
2023-05-10,3.675
2023-05-11,3.643
2023-05-12,3.642
2023-05-15,3.648
2023-05-16,3.661
2023-05-17,3.65
2023-05-18,3.639
2023-05-19,3.645
2023-05-22,3.651
2023-05-23,3.672
2023-05-24,3.731
2023-05-25,3.73
2023-05-30,3.709
2023-05-31,3.715
2023-06-01,3.736
2023-06-02,3.745
2023-06-05,3.735
2023-06-06,3.715
2023-06-07,3.655
2023-06-08,3.663
2023-06-09,3.63
2023-06-12,3.588
2023-06-13,3.558
2023-06-14,3.615
2023-06-15,3.584
2023-06-16,3.553
2023-06-19,3.602
2023-06-20,3.609
2023-06-21,3.604
2023-06-22,3.628
2023-06-23,3.628
2023-06-26,3.625
2023-06-27,3.638
2023-06-28,3.679
2023-06-29,3.692
2023-06-30,3.7
2023-07-03,3.713
2023-07-04,3.706
2023-07-05,3.698
2023-07-06,3.699
2023-07-07,3.717
2023-07-10,3.71
2023-07-11,3.709
2023-07-12,3.665
2023-07-13,3.618
2023-07-14,3.609
2023-07-17,3.635
2023-07-18,3.635
2023-07-19,3.59
2023-07-20,3.593
2023-07-21,3.617
2023-07-24,3.62
2023-07-25,3.717
2023-07-26,3.71
2023-07-28,3.713
2023-07-31,3.693
2023-08-01,3.653
2023-08-02,3.654
2023-08-03,3.685
2023-08-04,3.687
2023-08-07,3.676
2023-08-08,3.7
2023-08-09,3.716
2023-08-10,3.718
2023-08-11,3.723
2023-08-14,3.724
2023-08-15,3.763
2023-08-16,3.754
2023-08-17,3.773
2023-08-18,3.793
2023-08-21,3.794
2023-08-22,3.778
2023-08-23,3.788
2023-08-24,3.772
2023-08-25,3.8
2023-08-28,3.797
2023-08-29,3.808
2023-08-30,3.798
2023-08-31,3.801
2023-09-01,3.795
2023-09-04,3.808
2023-09-05,3.792
2023-09-06,3.808
2023-09-07,3.848
2023-09-08,3.844
2023-09-11,3.845
2023-09-12,3.798
2023-09-13,3.819
2023-09-14,3.826
2023-09-18,3.825
2023-09-19,3.804
2023-09-20,3.81
2023-09-21,3.805
2023-09-22,3.816
2023-09-26,3.819
2023-09-27,3.848
2023-09-28,3.849
2023-09-29,3.824
2023-10-02,3.829
2023-10-03,3.845
2023-10-04,3.861
2023-10-05,3.859
2023-10-06,3.863
2023-10-09,3.91
2023-10-10,3.951
2023-10-11,3.956
2023-10-12,3.958
2023-10-13,3.969
2023-10-16,3.99
2023-10-17,4.008
2023-10-18,4.025
2023-10-19,4.029
2023-10-20,4.049
2023-10-23,4.062
2023-10-24,4.063
2023-10-25,4.063
2023-10-26,4.079
2023-10-27,4.081
2023-10-30,4.055
2023-10-31,4.017
2023-11-01,4.029
2023-11-02,3.962
2023-11-03,3.988
2023-11-06,3.877
2023-11-07,3.866
2023-11-08,3.848
2023-11-09,3.854
2023-11-10,3.874
2023-11-13,3.867
2023-11-14,3.833
2023-11-15,3.767
2023-11-16,3.779
2023-11-17,3.728
2023-11-20,3.728
2023-11-21,3.71
2023-11-22,3.726
2023-11-23,3.731
2023-11-24,3.739
2023-11-27,3.726
2023-11-28,3.706
2023-11-29,3.675
2023-11-30,3.714
2023-12-01,3.739
2023-12-04,3.708
2023-12-05,3.728
2023-12-06,3.709
2023-12-07,3.703
2023-12-08,3.698
2023-12-11,3.717
2023-12-12,3.708
2023-12-13,3.71
2023-12-14,3.685
2023-12-15,3.658
2023-12-18,3.653
2023-12-19,3.643
2023-12-20,3.648
2023-12-21,3.616
2023-12-22,3.599
2023-12-26,3.628
2023-12-27,3.624
2023-12-28,3.619
2023-12-29,3.627
2024-01-02,3.618
2024-01-03,3.647
2024-01-04,3.648
2024-01-05,3.656
2024-01-08,3.718
2024-01-09,3.717
2024-01-10,3.758
2024-01-11,3.735
2024-01-12,3.728
2024-01-15,3.753
2024-01-16,3.768
2024-01-17,3.784
2024-01-18,3.766
2024-01-19,3.751
2024-01-22,3.772
2024-01-23,3.771
2024-01-24,3.72
2024-01-25,3.702
2024-01-26,3.707
2024-01-29,3.687
2024-01-30,3.652
2024-01-31,3.635
2024-02-01,3.653
2024-02-02,3.644
2024-02-05,3.675
2024-02-06,3.645
2024-02-07,3.648
2024-02-08,3.667
2024-02-09,3.684
2024-02-12,3.683
2024-02-13,3.644
2024-02-14,3.661
2024-02-15,3.627
2024-02-16,3.609
2024-02-19,3.622
2024-02-20,3.656
2024-02-21,3.679
2024-02-22,3.642
2024-02-23,3.636
2024-02-26,3.649
2024-02-28,3.609
2024-02-29,3.584
2024-03-01,3.565
2024-03-04,3.575
2024-03-05,3.591
2024-03-06,3.608
2024-03-07,3.59
2024-03-08,3.578
2024-03-11,3.608
2024-03-12,3.649
2024-03-13,3.66
2024-03-14,3.625
2024-03-15,3.653
2024-03-18,3.651
2024-03-19,3.668
2024-03-20,3.681
2024-03-21,3.604
2024-03-22,3.622
2024-03-26,3.66
2024-03-27,3.66
2024-03-28,3.681
2024-04-01,3.663
2024-04-02,3.697
2024-04-03,3.732
2024-04-04,3.716
2024-04-05,3.748
2024-04-08,3.712
2024-04-09,3.687
2024-04-10,3.714
2024-04-11,3.761
2024-04-12,3.757
2024-04-15,3.716
2024-04-16,3.77
2024-04-17,3.775
2024-04-18,3.78
2024-04-19,3.783
2024-04-24,3.759
2024-04-25,3.794
2024-04-26,3.818
2024-04-30,3.741
2024-05-01,3.74
2024-05-02,3.738
2024-05-03,3.723
2024-05-06,3.741
2024-05-07,3.722
2024-05-08,3.713
2024-05-09,3.741
2024-05-10,3.721
2024-05-13,3.724
2024-05-15,3.695
2024-05-16,3.681
2024-05-17,3.716
2024-05-20,3.703
2024-05-21,3.672
2024-05-22,3.674
2024-05-23,3.672
2024-05-24,3.673
2024-05-28,3.675
2024-05-29,3.694
2024-05-30,3.721
2024-05-31,3.718
2024-06-03,3.661
2024-06-04,3.688
2024-06-05,3.709
2024-06-06,3.724
2024-06-07,3.732
2024-06-10,3.752
2024-06-11,3.723
2024-06-13,3.715
2024-06-14,3.723
2024-06-17,3.732
2024-06-18,3.722
2024-06-19,3.716
2024-06-20,3.719
2024-06-21,3.739
2024-06-24,3.724
2024-06-25,3.725
2024-06-26,3.752
2024-06-27,3.755
2024-06-28,3.759
2024-07-01,3.753
2024-07-02,3.765
2024-07-03,3.763
2024-07-04,3.741
2024-07-05,3.721
2024-07-08,3.685
2024-07-09,3.673
2024-07-10,3.663
2024-07-11,3.641
2024-07-12,3.642
2024-07-15,3.612
2024-07-16,3.639
2024-07-17,3.627
2024-07-18,3.636
2024-07-19,3.662
2024-07-22,3.631
2024-07-23,3.626
2024-07-24,3.627
2024-07-25,3.653
2024-07-26,3.68
2024-07-29,3.733
2024-07-30,3.733
2024-07-31,3.767
2024-08-01,3.792
2024-08-02,3.807
2024-08-05,3.824
2024-08-06,3.843
2024-08-07,3.784
2024-08-08,3.792
2024-08-09,3.742
2024-08-12,3.77
2024-08-14,3.731
2024-08-15,3.715
2024-08-16,3.683
2024-08-19,3.701
2024-08-20,3.694
2024-08-21,3.722
2024-08-22,3.724
2024-08-23,3.704
2024-08-26,3.666
2024-08-27,3.684
2024-08-28,3.668
2024-08-29,3.665
2024-08-30,3.656
2024-09-02,3.654
2024-09-03,3.671
2024-09-04,3.722
2024-09-05,3.693
2024-09-06,3.704
2024-09-09,3.752
2024-09-10,3.763
2024-09-11,3.768
2024-09-12,3.753
2024-09-13,3.707
2024-09-16,3.742
2024-09-17,3.745
2024-09-18,3.773
2024-09-19,3.759
2024-09-20,3.765
2024-09-23,3.779
2024-09-24,3.773
2024-09-25,3.758
2024-09-26,3.694
2024-09-27,3.704
2024-09-30,3.71
2024-10-01,3.722
2024-10-07,3.786
2024-10-08,3.772
2024-10-09,3.76
2024-10-10,3.774
2024-10-14,3.758
2024-10-15,3.747
2024-10-16,3.763
2024-10-18,3.713
2024-10-21,3.736
2024-10-22,3.777
2024-10-23,3.789
2024-10-25,3.785
2024-10-28,3.728
2024-10-29,3.744
2024-10-30,3.709
2024-10-31,3.714
2024-11-01,3.761
2024-11-04,3.749
2024-11-05,3.748
2024-11-06,3.739
2024-11-07,3.726
2024-11-08,3.722
2024-11-11,3.733
2024-11-12,3.749
2024-11-13,3.741
2024-11-14,3.748
2024-11-15,3.743
2024-11-18,3.733
2024-11-19,3.743
2024-11-20,3.739
2024-11-21,3.733
2024-11-22,3.728
2024-11-25,3.674
2024-11-26,3.643
2024-11-27,3.654
2024-11-28,3.646
2024-11-29,3.643
2024-12-02,3.63
2024-12-03,3.634
2024-12-04,3.603
2024-12-05,3.603
2024-12-06,3.595
2024-12-09,3.565
2024-12-10,3.579
2024-12-11,3.584
2024-12-12,3.571
2024-12-13,3.593
2024-12-16,3.608
2024-12-17,3.601
2024-12-18,3.585
2024-12-19,3.618
2024-12-20,3.65
2024-12-23,3.649
2024-12-24,3.663
2024-12-26,3.669
2024-12-27,3.678
2024-12-30,3.646
2024-12-31,3.647
2025-01-02,3.65
2025-01-03,3.656
2025-01-06,3.636
2025-01-07,3.627
2025-01-08,3.663
2025-01-09,3.658
2025-01-10,3.665
2025-01-13,3.672
2025-01-14,3.631
2025-01-15,3.621
2025-01-16,3.625
2025-01-17,3.602
2025-01-20,3.58
2025-01-21,3.583
2025-01-22,3.541
2025-01-23,3.557
2025-01-24,3.575
2025-01-27,3.615
2025-01-28,3.618
2025-01-29,3.6
2025-01-30,3.584
2025-01-31,3.577
2025-02-03,3.609
2025-02-04,3.578
2025-02-05,3.553
2025-02-06,3.56
2025-02-07,3.55
2025-02-10,3.562
2025-02-11,3.588
2025-02-12,3.592
2025-02-13,3.576
2025-02-14,3.563
2025-02-17,3.554
2025-02-18,3.557
2025-02-19,3.541
2025-02-20,3.542
2025-02-21,3.567
2025-02-24,3.566
2025-02-25,3.579
2025-02-26,3.576
2025-02-27,3.553
2025-02-28,3.59
2025-03-03,3.598
2025-03-04,3.611
2025-03-05,3.621
2025-03-06,3.615
2025-03-07,3.612
2025-03-10,3.628
2025-03-11,3.646
2025-03-12,3.637
2025-03-13,3.654
2025-03-17,3.663
2025-03-18,3.665
2025-03-19,3.671
2025-03-20,3.671
2025-03-21,3.697
2025-03-24,3.703
2025-03-25,3.666
2025-03-26,3.667
2025-03-27,3.675
2025-03-28,3.684
2025-03-31,3.718
2025-04-01,3.705
2025-04-02,3.699
2025-04-03,3.705
2025-04-04,3.72
2025-04-07,3.771
2025-04-08,3.766
2025-04-09,3.813
2025-04-10,3.757
2025-04-11,3.726
2025-04-14,3.685
2025-04-15,3.69
2025-04-16,3.688
2025-04-17,3.691
2025-04-21,3.692
2025-04-22,3.72
2025-04-23,3.668
2025-04-24,3.648
2025-04-25,3.612
2025-04-28,3.631
2025-04-29,3.623
2025-04-30,3.637
2025-05-02,3.614
2025-05-05,3.612
2025-05-06,3.618
2025-05-07,3.587
2025-05-08,3.579
2025-05-09,3.569
2025-05-12,3.545
2025-05-13,3.576
2025-05-14,3.559
2025-05-15,3.54
2025-05-16,3.549
2025-05-19,3.552
2025-05-20,3.525
2025-05-21,3.549
2025-05-22,3.57
2025-05-23,3.603
2025-05-27,3.537
2025-05-28,3.54
2025-05-29,3.512
2025-05-30,3.518
2025-06-03,3.526
2025-06-04,3.514
2025-06-05,3.491
2025-06-06,3.502
2025-06-09,3.484
2025-06-10,3.495
2025-06-11,3.503
2025-06-12,3.571
2025-06-13,3.6
2025-06-16,3.537
2025-06-17,3.503
2025-06-18,3.498
2025-06-19,3.484
2025-06-20,3.485
2025-06-23,3.479
2025-06-24,3.405
2025-06-25,3.409
2025-06-26,3.402
2025-06-27,3.392
2025-06-30,3.372
2025-07-01,3.369
2025-07-02,3.371
2025-07-03,3.361
2025-07-04,3.34
2025-07-07,3.337
2025-07-08,3.355
2025-07-09,3.328
2025-07-10,3.306
2025-07-11,3.334
2025-07-14,3.365
2025-07-15,3.345
2025-07-16,3.355
2025-07-17,3.359
2025-07-18,3.355
2025-07-21,3.355
2025-07-22,3.354
2025-07-23,3.332
2025-07-24,3.341
2025-07-25,3.361
2025-07-28,3.356
2025-07-29,3.367
2025-07-30,3.366
2025-07-31,3.388
2025-08-01,3.414
2025-08-04,3.404
2025-08-05,3.447
2025-08-06,3.448
2025-08-07,3.417
2025-08-08,3.435
2025-08-11,3.418
2025-08-12,3.429
2025-08-13,3.389
2025-08-14,3.385
2025-08-15,3.38
2025-08-18,3.39
2025-08-19,3.38
2025-08-20,3.4
2025-08-21,3.419
2025-08-22,3.406
2025-08-25,3.378
2025-08-26,3.369
2025-08-27,3.346
2025-08-28,3.325
2025-08-29,3.332
2025-09-01,3.354
2025-09-02,3.386
2025-09-03,3.371
2025-09-04,3.364
2025-09-05,3.343
2025-09-08,3.324
2025-09-09,3.335
2025-09-10,3.336
2025-09-11,3.339
2025-09-12,3.327
2025-09-15,3.341
2025-09-16,3.343
2025-09-17,3.34
2025-09-18,3.343
2025-09-19,3.336
2025-09-25,3.344
2025-09-26,3.366
2025-09-29,3.323
2025-09-30,3.306
2025-10-03,3.315
2025-10-06,3.281
2025-10-08,3.279
2025-10-09,3.242
2025-10-10,3.254
2025-10-13,3.284
2025-10-15,3.291
2025-10-16,3.296
2025-10-17,3.324
2025-10-20,3.311
2025-10-21,3.289
2025-10-22,3.298
2025-10-23,3.309
2025-10-24,3.29
2025-10-27,3.259
2025-10-28,3.259
2025-10-29,3.25
2025-10-30,3.257
2025-10-31,3.243
2025-11-03,3.255
2025-11-04,3.268
2025-11-05,3.272
2025-11-06,3.253
2025-11-07,3.265
2025-11-10,3.23
2025-11-11,3.217
2025-11-12,3.2
2025-11-13,3.209
2025-11-14,3.235
2025-11-17,3.241
2025-11-18,3.27
2025-11-19,3.266
2025-11-20,3.259
2025-11-21,3.28
2025-11-24,3.282
2025-11-25,3.275
2025-11-26,3.279
2025-11-27,3.277
2025-11-28,3.263
2025-12-01,3.264
2025-12-02,3.257
2025-12-03,3.229
2025-12-04,3.237
2025-12-05,3.229
2025-12-08,3.21
2025-12-09,3.213
2025-12-10,3.228
2025-12-11,3.211
2025-12-12,3.202
2025-12-15,3.209
2025-12-16,3.222
2025-12-17,3.223
2025-12-18,3.218
2025-12-19,3.208
2025-12-22,3.206
2025-12-23,3.191
2025-12-24,3.186
2025-12-29,3.203
2025-12-30,3.182
2025-12-31,3.19
2026-01-02,3.181
2026-01-05,3.158
2026-01-06,3.164
2026-01-07,3.175
2026-01-08,3.174
2026-01-09,3.17
2026-01-12,3.15
2026-01-13,3.151
2026-01-14,3.151
2026-01-15,3.156
2026-01-16,3.138
2026-01-19,3.16
2026-01-20,3.166
2026-01-21,3.174
2026-01-22,3.141
2026-01-23,3.135
2026-01-26,3.137
2026-01-27,3.104
2026-01-28,3.091
2026-01-29,3.086
2026-01-30,3.095
2026-02-02,3.101
2026-02-03,3.088
2026-02-04,3.086
2026-02-05,3.117
2026-02-06,3.125
2026-02-09,3.106
2026-02-10,3.084
2026-02-11,3.078
2026-02-12,3.068
2026-02-13,3.081
2026-02-16,3.088
2026-02-17,3.105
2026-02-18,3.098
2026-02-19,3.136
2026-02-20,3.123
2026-02-23,3.123
2026-02-24,3.114
2026-02-25,3.1
2026-02-26,3.11
2026-02-27,3.122
2026-03-02,3.073
2026-03-05,3.072
2026-03-06,3.077
2026-03-09,3.115
2026-03-10,3.091
2026-03-11,3.106
2026-03-12,3.114
2026-03-13,3.147
2026-03-16,3.119
2026-03-17,3.11
2026-03-18,3.096
2026-03-19,3.119
2026-03-20,3.109
2026-03-23,3.112
2026-03-24,3.125
2026-03-25,3.114
2026-03-26,3.129
2026-03-27,3.149
2026-03-30,3.17
2026-03-31,3.165
2026-04-07,3.142
2026-04-09,3.087
2026-04-10,3.057
2026-04-13,3.058
2026-04-14,3.019
2026-04-15,3.014
2026-04-16,2.995
2026-04-17,2.996
2026-04-20,3.003
2026-04-21,2.983
2026-04-23,3.005
2026-04-24,3.003
2026-04-27,2.979
2026-04-28,2.991
2026-04-29,2.961
2026-04-30,2.951
2026-05-01,2.948
2026-05-04,2.962
2026-05-05,2.944
2026-05-06,2.903
2026-05-07,2.907
2026-05-08,2.907
2026-05-11,2.909
2026-05-12,2.909
2026-05-13,2.908
2026-05-14,2.905
2026-05-15,2.916
2026-05-18,2.918
2026-05-19,2.908
2026-05-20,2.92
2026-05-21,2.907
2026-05-26,2.859
2026-05-27,2.84
2026-05-28,2.834
2026-05-29,2.811
2026-06-01,2.813
2026-06-02,2.825
2026-06-03,2.872
2026-06-04,2.895
2026-06-05,2.908
2026-06-08,2.943
2026-06-09,2.938
2026-06-10,2.973
2026-06-11,2.965
2026-06-12,2.935
2026-06-15,2.907
2026-06-16,2.912
2026-06-17,2.918
2026-06-18,2.944
2026-06-19,2.957
2026-06-22,2.966
2026-06-23,2.991
2026-06-24,2.992
2026-06-25,2.979
2026-06-26,3.001
2026-06-29,2.979
2026-06-30,2.978
2026-07-01,2.979
2026-07-02,3.002
2026-07-03,2.996
2026-07-06,3.006
2026-07-07,3.029
2026-07-08,3.044
2026-07-09,3.032
2026-07-10,3.006
2026-07-13,3.025
2026-07-14,3.015
2026-07-15,2.995
2026-07-16,3.005
2026-07-17,3.05
2026-07-20,3.048
2026-07-21,3.049
2026-07-22,3.061
2026-07-24,3.062
2026-07-27,3.04
2026-07-28,3.058
2026-07-29,3.058
2026-07-30,3.073
2026-07-31,3.057
2026-08-03,3.059
2026-08-04,3.03
2026-08-05,3.001
2026-08-06,3.013
2026-08-07,3.006
2026-08-10,2.998
2026-08-11,3.005
2026-08-12,2.991
2026-08-13,2.983
2026-08-14,2.954
2026-08-17,2.95
2026-08-18,2.986
2026-08-19,2.985
2026-08-20,2.992
2026-08-21,2.991
2026-08-24,2.994
2026-08-25,2.986
2026-08-26,2.972
2026-08-27,2.979
2026-08-28,2.968
2026-08-31,2.988
2026-09-01,3.012
2026-09-02,3.042
2026-09-03,3.025
2026-09-04,3.005
2026-09-07,3.012
2026-09-08,3.02
2026-09-09,3.017
2026-09-10,3.023
2026-09-14,3.049
2026-09-15,3.049
